id,name,english,source,rarity,slots
0,None,None,mhxx-romfs-game-array+mhxx-romfs-native-table,0,0
1,Leather Headgear,Leather Headgear,mhxx-romfs-game-array+mhxx-dex-1.0+mhxx-save-format-community+mhxx-romfs-native-table,1,1
2,Chainmail Headgear,Chainmail Headgear,mhxx-romfs-game-array+mhxx-dex-1.0+mhxx-save-format-community+mhxx-romfs-native-table,1,3
3,Bherna Turban,Bherna Turban,mhxx-romfs-game-array+mhxx-dex-1.0+mhxx-save-format-community+mhxx-romfs-native-table,1,1
4,Hunting Helm,Hunting Helm,mhxx-romfs-game-array+mhxx-dex-1.0+mhxx-save-format-community+mhxx-romfs-native-table,1,1
5,Hunting Cap,Hunting Cap,mhxx-romfs-game-array+mhxx-dex-1.0+mhxx-save-format-community+mhxx-romfs-native-table,1,1
6,Mafumofu Hood,Mafumofu Hood,mhxx-romfs-game-array+mhxx-dex-1.0+mhxx-save-format-community+mhxx-romfs-native-table,1,2
7,Yukumo Kasa,Yukumo Kasa,mhxx-romfs-game-array+mhxx-dex-1.0+mhxx-save-format-community+mhxx-romfs-native-table,1,1
9,Hunter's Helm,Hunter's Helm,mhxx-romfs-game-array+mhxx-dex-1.0+mhxx-save-format-community+mhxx-romfs-native-table,1,0
10,Hunter's Cap,Hunter's Cap,mhxx-romfs-game-array+mhxx-dex-1.0+mhxx-save-format-community+mhxx-romfs-native-table,1,0
11,Bone Helm,Bone Helm,mhxx-romfs-game-array+mhxx-dex-1.0+mhxx-save-format-community+mhxx-romfs-native-table,1,1
12,Bone Cap,Bone Cap,mhxx-romfs-game-array+mhxx-dex-1.0+mhxx-save-format-community+mhxx-romfs-native-table,1,1
15,Chaoshroom,Chaoshroom,mhxx-romfs-game-array+mhxx-dex-1.0+mhxx-save-format-community+mhxx-romfs-native-table,1,1
16,Chaos Diadem,Chaos Diadem,mhxx-romfs-game-array+mhxx-dex-1.0+mhxx-save-format-community+mhxx-romfs-native-table,1,1
23,Jaggi Helm,Jaggi Helm,mhxx-romfs-game-array+mhxx-dex-1.0+mhxx-save-format-community+mhxx-romfs-native-table,1,0
24,Jaggi Cap,Jaggi Cap,mhxx-romfs-game-array+mhxx-dex-1.0+mhxx-save-format-community+mhxx-romfs-native-table,1,0
25,Maccao Helm,Maccao Helm,mhxx-romfs-game-array+mhxx-dex-1.0+mhxx-save-format-community+mhxx-romfs-native-table,1,1
26,Maccao Cap,Maccao Cap,mhxx-romfs-game-array+mhxx-dex-1.0+mhxx-save-format-community+mhxx-romfs-native-table,1,1
27,Velociprey Helm,Velociprey Helm,mhxx-romfs-game-array+mhxx-dex-1.0+mhxx-save-format-community+mhxx-romfs-native-table,1,1
28,Velociprey Cap,Velociprey Cap,mhxx-romfs-game-array+mhxx-dex-1.0+mhxx-save-format-community+mhxx-romfs-native-table,1,1
29,Giaprey Helm,Giaprey Helm,mhxx-romfs-game-array+mhxx-dex-1.0+mhxx-save-format-community+mhxx-romfs-native-table,1,0
30,Giaprey Cap,Giaprey Cap,mhxx-romfs-game-array+mhxx-dex-1.0+mhxx-save-format-community+mhxx-romfs-native-table,1,0
31,Genprey Helm,Genprey Helm,mhxx-romfs-game-array+mhxx-dex-1.0+mhxx-save-format-community+mhxx-romfs-native-table,1,2
32,Genprey Cap,Genprey Cap,mhxx-romfs-game-array+mhxx-dex-1.0+mhxx-save-format-community+mhxx-romfs-native-table,1,2
33,Vespoid Helm,Vespoid Helm,mhxx-romfs-game-array+mhxx-dex-1.0+mhxx-save-format-community+mhxx-romfs-native-table,1,2
34,Vespoid Cap,Vespoid Cap,mhxx-romfs-game-array+mhxx-dex-1.0+mhxx-save-format-community+mhxx-romfs-native-table,1,2
35,Hornetaur Helm,Hornetaur Helm,mhxx-romfs-game-array+mhxx-dex-1.0+mhxx-save-format-community+mhxx-romfs-native-table,1,1
36,Hornetaur Cap,Hornetaur Cap,mhxx-romfs-game-array+mhxx-dex-1.0+mhxx-save-format-community+mhxx-romfs-native-table,1,1
37,Bnahabra Hat,Bnahabra Hat,mhxx-romfs-game-array+mhxx-dex-1.0+mhxx-save-format-community+mhxx-romfs-native-table,1,1
38,Bnahabra Headpiece,Bnahabra Headpiece,mhxx-romfs-game-array+mhxx-dex-1.0+mhxx-save-format-community+mhxx-romfs-native-table,1,1
39,Konchu Helm,Konchu Helm,mhxx-romfs-game-array+mhxx-dex-1.0+mhxx-save-format-community+mhxx-romfs-native-table,1,2
40,Konchu Cap,Konchu Cap,mhxx-romfs-game-array+mhxx-dex-1.0+mhxx-save-format-community+mhxx-romfs-native-table,1,2
41,Mosswine Mask,Mosswine Mask,mhxx-romfs-game-array+mhxx-dex-1.0+mhxx-save-format-community+mhxx-romfs-native-table,1,1
42,Rhenoplos Helm,Rhenoplos Helm,mhxx-romfs-game-array+mhxx-dex-1.0+mhxx-save-format-community+mhxx-romfs-native-table,1,0
43,Rhenoplos Cap,Rhenoplos Cap,mhxx-romfs-game-array+mhxx-dex-1.0+mhxx-save-format-community+mhxx-romfs-native-table,1,0
44,Bulldrome Helm,Bulldrome Helm,mhxx-romfs-game-array+mhxx-dex-1.0+mhxx-save-format-community+mhxx-romfs-native-table,1,1
45,Bulldrome Cap,Bulldrome Cap,mhxx-romfs-game-array+mhxx-dex-1.0+mhxx-save-format-community+mhxx-romfs-native-table,1,1
46,Bullfango Mask,Bullfango Mask,mhxx-romfs-game-array+mhxx-dex-1.0+mhxx-save-format-community+mhxx-romfs-native-table,1,0
47,Arzuros Helm,Arzuros Helm,mhxx-romfs-game-array+mhxx-dex-1.0+mhxx-save-format-community+mhxx-romfs-native-table,1,2
48,Arzuros Cap,Arzuros Cap,mhxx-romfs-game-array+mhxx-dex-1.0+mhxx-save-format-community+mhxx-romfs-native-table,1,2
49,Cephalos Helm,Cephalos Helm,mhxx-romfs-game-array+mhxx-dex-1.0+mhxx-save-format-community+mhxx-romfs-native-table,1,1
50,Cephalos Cap,Cephalos Cap,mhxx-romfs-game-array+mhxx-dex-1.0+mhxx-save-format-community+mhxx-romfs-native-table,1,1
51,Derring Headgear,Derring Headgear,mhxx-romfs-game-array+mhxx-dex-1.0+mhxx-save-format-community+mhxx-romfs-native-table,2,2
52,Alloy Helm,Alloy Helm,mhxx-romfs-game-array+mhxx-dex-1.0+mhxx-save-format-community+mhxx-romfs-native-table,2,0
53,Alloy Cap,Alloy Cap,mhxx-romfs-game-array+mhxx-dex-1.0+mhxx-save-format-community+mhxx-romfs-native-table,2,0
54,Battle Helm,Battle Helm,mhxx-romfs-game-array+mhxx-dex-1.0+mhxx-save-format-community+mhxx-romfs-native-table,2,1
55,Battle Cap,Battle Cap,mhxx-romfs-game-array+mhxx-dex-1.0+mhxx-save-format-community+mhxx-romfs-native-table,2,1
56,Ingot Helm,Ingot Helm,mhxx-romfs-game-array+mhxx-dex-1.0+mhxx-save-format-community+mhxx-romfs-native-table,2,1
57,Ingot Cap,Ingot Cap,mhxx-romfs-game-array+mhxx-dex-1.0+mhxx-save-format-community+mhxx-romfs-native-table,2,1
58,High Metal Helm,High Metal Helm,mhxx-romfs-game-array+mhxx-dex-1.0+mhxx-save-format-community+mhxx-romfs-native-table,2,1
59,High Metal Cap,High Metal Cap,mhxx-romfs-game-array+mhxx-dex-1.0+mhxx-save-format-community+mhxx-romfs-native-table,2,0
62,Melahoa Hat,Melahoa Hat,mhxx-romfs-game-array+mhxx-dex-1.0+mhxx-save-format-community+mhxx-romfs-native-table,2,1
63,Melahoa Bloom,Melahoa Bloom,mhxx-romfs-game-array+mhxx-dex-1.0+mhxx-save-format-community+mhxx-romfs-native-table,2,1
64,Makluva Hood,Makluva Hood,mhxx-romfs-game-array+mhxx-dex-1.0+mhxx-save-format-community+mhxx-romfs-native-table,2,1
65,Makluva Gills,Makluva Gills,mhxx-romfs-game-array+mhxx-dex-1.0+mhxx-save-format-community+mhxx-romfs-native-table,2,1
66,Bistro Toque,Bistro Toque,mhxx-romfs-game-array+mhxx-dex-1.0+mhxx-save-format-community+mhxx-romfs-native-table,2,1
67,Bistro Cap,Bistro Cap,mhxx-romfs-game-array+mhxx-dex-1.0+mhxx-save-format-community+mhxx-romfs-native-table,2,1
68,Obituary Vertex,Obituary Vertex,mhxx-romfs-game-array+mhxx-dex-1.0+mhxx-save-format-community+mhxx-romfs-native-table,2,1
69,Obituary Clypeus,Obituary Clypeus,mhxx-romfs-game-array+mhxx-dex-1.0+mhxx-save-format-community+mhxx-romfs-native-table,2,1
70,Butterfly Vertex,Butterfly Vertex,mhxx-romfs-game-array+mhxx-dex-1.0+mhxx-save-format-community+mhxx-romfs-native-table,2,1
71,Butterfly Clypeus,Butterfly Clypeus,mhxx-romfs-game-array+mhxx-dex-1.0+mhxx-save-format-community+mhxx-romfs-native-table,2,1
72,Death Stench Brain,Death Stench Brain,mhxx-romfs-game-array+mhxx-dex-1.0+mhxx-save-format-community+mhxx-romfs-native-table,2,0
73,Death Stench Soul,Death Stench Soul,mhxx-romfs-game-array+mhxx-dex-1.0+mhxx-save-format-community+mhxx-romfs-native-table,2,0
74,Acorn Helm,Acorn Helm,mhxx-romfs-game-array+mhxx-dex-1.0+mhxx-save-format-community+mhxx-romfs-native-table,2,1
75,Acorn Cap,Acorn Cap,mhxx-romfs-game-array+mhxx-dex-1.0+mhxx-save-format-community+mhxx-romfs-native-table,2,1
76,Mosgharl Vizor,Mosgharl Vizor,mhxx-romfs-game-array+mhxx-dex-1.0+mhxx-save-format-community+mhxx-romfs-native-table,2,0
77,Mosgharl Brim,Mosgharl Brim,mhxx-romfs-game-array+mhxx-dex-1.0+mhxx-save-format-community+mhxx-romfs-native-table,2,0
78,Edel Vizor,Edel Vizor,mhxx-romfs-game-array+mhxx-dex-1.0+mhxx-save-format-community+mhxx-romfs-native-table,2,2
79,Edel Bloom,Edel Bloom,mhxx-romfs-game-array+mhxx-dex-1.0+mhxx-save-format-community+mhxx-romfs-native-table,2,2
80,Skalda Vertex,Skalda Vertex,mhxx-romfs-game-array+mhxx-dex-1.0+mhxx-save-format-community+mhxx-romfs-native-table,2,1
81,Skalda Clypeus,Skalda Clypeus,mhxx-romfs-game-array+mhxx-dex-1.0+mhxx-save-format-community+mhxx-romfs-native-table,2,1
82,Spio Vertex,Spio Vertex,mhxx-romfs-game-array+mhxx-dex-1.0+mhxx-save-format-community+mhxx-romfs-native-table,2,1
83,Spio Clypeus,Spio Clypeus,mhxx-romfs-game-array+mhxx-dex-1.0+mhxx-save-format-community+mhxx-romfs-native-table,2,1
88,Larinoth Mask,Larinoth Mask,mhxx-romfs-game-array+mhxx-dex-1.0+mhxx-save-format-community+mhxx-romfs-native-table,2,0
89,Gargwa Mask,Gargwa Mask,mhxx-romfs-game-array+mhxx-dex-1.0+mhxx-save-format-community+mhxx-romfs-native-table,2,0
90,Moofah Head,Moofah Head,mhxx-romfs-game-array+mhxx-dex-1.0+mhxx-save-format-community+mhxx-romfs-native-table,2,1
91,Moofah Wig,Moofah Wig,mhxx-romfs-game-array+mhxx-dex-1.0+mhxx-save-format-community+mhxx-romfs-native-table,2,1
92,False Felyne,False Felyne,mhxx-romfs-game-array+mhxx-dex-1.0+mhxx-save-format-community+mhxx-romfs-native-table,2,0
93,Velociprey Head,Velociprey Head,mhxx-romfs-game-array+mhxx-dex-1.0+mhxx-save-format-community+mhxx-romfs-native-table,2,0
94,Velociprey Mask,Velociprey Mask,mhxx-romfs-game-array+mhxx-dex-1.0+mhxx-save-format-community+mhxx-romfs-native-table,2,0
95,Genprey Head,Genprey Head,mhxx-romfs-game-array+mhxx-dex-1.0+mhxx-save-format-community+mhxx-romfs-native-table,2,0
96,Genprey Mask,Genprey Mask,mhxx-romfs-game-array+mhxx-dex-1.0+mhxx-save-format-community+mhxx-romfs-native-table,2,0
97,Ioprey Head,Ioprey Head,mhxx-romfs-game-array+mhxx-dex-1.0+mhxx-save-format-community+mhxx-romfs-native-table,2,0
98,Ioprey Mask,Ioprey Mask,mhxx-romfs-game-array+mhxx-dex-1.0+mhxx-save-format-community+mhxx-romfs-native-table,2,0
99,Remobra Headgear,Remobra Headgear,mhxx-romfs-game-array+mhxx-dex-1.0+mhxx-save-format-community+mhxx-romfs-native-table,2,0
100,Remobra Mask,Remobra Mask,mhxx-romfs-game-array+mhxx-dex-1.0+mhxx-save-format-community+mhxx-romfs-native-table,2,0
101,Ioprey Helm,Ioprey Helm,mhxx-romfs-game-array+mhxx-dex-1.0+mhxx-save-format-community+mhxx-romfs-native-table,2,2
102,Ioprey Cap,Ioprey Cap,mhxx-romfs-game-array+mhxx-dex-1.0+mhxx-save-format-community+mhxx-romfs-native-table,2,2
103,Kut-Ku Helm,Kut-Ku Helm,mhxx-romfs-game-array+mhxx-dex-1.0+mhxx-save-format-community+mhxx-romfs-native-table,2,0
104,Kut-Ku Cap,Kut-Ku Cap,mhxx-romfs-game-array+mhxx-dex-1.0+mhxx-save-format-community+mhxx-romfs-native-table,2,0
105,Lagombi Helm,Lagombi Helm,mhxx-romfs-game-array+mhxx-dex-1.0+mhxx-save-format-community+mhxx-romfs-native-table,2,1
106,Lagombi Cap,Lagombi Cap,mhxx-romfs-game-array+mhxx-dex-1.0+mhxx-save-format-community+mhxx-romfs-native-table,2,1
107,Gypceros Helm,Gypceros Helm,mhxx-romfs-game-array+mhxx-dex-1.0+mhxx-save-format-community+mhxx-romfs-native-table,2,0
108,Gypceros Cap,Gypceros Cap,mhxx-romfs-game-array+mhxx-dex-1.0+mhxx-save-format-community+mhxx-romfs-native-table,2,0
109,Tetsucabra Helm,Tetsucabra Helm,mhxx-romfs-game-array+mhxx-dex-1.0+mhxx-save-format-community+mhxx-romfs-native-table,2,0
110,Tetsucabra Cap,Tetsucabra Cap,mhxx-romfs-game-array+mhxx-dex-1.0+mhxx-save-format-community+mhxx-romfs-native-table,2,0
111,Hermitaur Helm,Hermitaur Helm,mhxx-romfs-game-array+mhxx-dex-1.0+mhxx-save-format-community+mhxx-romfs-native-table,2,0
112,Hermitaur Cap,Hermitaur Cap,mhxx-romfs-game-array+mhxx-dex-1.0+mhxx-save-format-community+mhxx-romfs-native-table,2,0
113,Volvidon Helm,Volvidon Helm,mhxx-romfs-game-array+mhxx-dex-1.0+mhxx-save-format-community+mhxx-romfs-native-table,2,0
114,Volvidon Cap,Volvidon Cap,mhxx-romfs-game-array+mhxx-dex-1.0+mhxx-save-format-community+mhxx-romfs-native-table,2,0
115,Ludroth Helm,Ludroth Helm,mhxx-romfs-game-array+mhxx-dex-1.0+mhxx-save-format-community+mhxx-romfs-native-table,2,1
116,Ludroth Cap,Ludroth Cap,mhxx-romfs-game-array+mhxx-dex-1.0+mhxx-save-format-community+mhxx-romfs-native-table,2,1
117,Malfestio Helm,Malfestio Helm,mhxx-romfs-game-array+mhxx-dex-1.0+mhxx-save-format-community+mhxx-romfs-native-table,2,0
118,Malfestio Cap,Malfestio Cap,mhxx-romfs-game-array+mhxx-dex-1.0+mhxx-save-format-community+mhxx-romfs-native-table,2,0
119,Khezu Helm,Khezu Helm,mhxx-romfs-game-array+mhxx-dex-1.0+mhxx-save-format-community+mhxx-romfs-native-table,2,0
120,Khezu Cap,Khezu Cap,mhxx-romfs-game-array+mhxx-dex-1.0+mhxx-save-format-community+mhxx-romfs-native-table,2,0
121,Rathian Helm,Rathian Helm,mhxx-romfs-game-array+mhxx-dex-1.0+mhxx-save-format-community+mhxx-romfs-native-table,2,1
122,Rathian Cap,Rathian Cap,mhxx-romfs-game-array+mhxx-dex-1.0+mhxx-save-format-community+mhxx-romfs-native-table,2,1
123,Nibelsnarf Helm,Nibelsnarf Helm,mhxx-romfs-game-array+mhxx-dex-1.0+mhxx-save-format-community+mhxx-romfs-native-table,2,0
124,Nibelsnarf Cap,Nibelsnarf Cap,mhxx-romfs-game-array+mhxx-dex-1.0+mhxx-save-format-community+mhxx-romfs-native-table,2,1
125,Blango Helm,Blango Helm,mhxx-romfs-game-array+mhxx-dex-1.0+mhxx-save-format-community+mhxx-romfs-native-table,2,0
126,Blango Cap,Blango Cap,mhxx-romfs-game-array+mhxx-dex-1.0+mhxx-save-format-community+mhxx-romfs-native-table,2,0
127,Ceanataur Helm,Ceanataur Helm,mhxx-romfs-game-array+mhxx-dex-1.0+mhxx-save-format-community+mhxx-romfs-native-table,2,1
128,Ceanataur Cap,Ceanataur Cap,mhxx-romfs-game-array+mhxx-dex-1.0+mhxx-save-format-community+mhxx-romfs-native-table,2,1
129,Najarala Helm,Najarala Helm,mhxx-romfs-game-array+mhxx-dex-1.0+mhxx-save-format-community+mhxx-romfs-native-table,2,1
130,Najarala Cap,Najarala Cap,mhxx-romfs-game-array+mhxx-dex-1.0+mhxx-save-format-community+mhxx-romfs-native-table,2,1
131,Nargacuga Helm,Nargacuga Helm,mhxx-romfs-game-array+mhxx-dex-1.0+mhxx-save-format-community+mhxx-romfs-native-table,2,1
132,Nargacuga Cap,Nargacuga Cap,mhxx-romfs-game-array+mhxx-dex-1.0+mhxx-save-format-community+mhxx-romfs-native-table,2,1
133,Scholarly Hood,Scholarly Hood,mhxx-romfs-game-array+mhxx-dex-1.0+mhxx-save-format-community+mhxx-romfs-native-table,2,0
134,Scholarly Cap,Scholarly Cap,mhxx-romfs-game-array+mhxx-dex-1.0+mhxx-save-format-community+mhxx-romfs-native-table,2,0
135,Vaik Helm,Vaik Helm,mhxx-romfs-game-array+mhxx-dex-1.0+mhxx-save-format-community+mhxx-romfs-native-table,3,2
136,Vaik Cap,Vaik Cap,mhxx-romfs-game-array+mhxx-dex-1.0+mhxx-save-format-community+mhxx-romfs-native-table,3,2
137,Skull Visage,Skull Visage,mhxx-romfs-game-array+mhxx-dex-1.0+mhxx-save-format-community+mhxx-romfs-native-table,3,0
138,Skull Mask,Skull Mask,mhxx-romfs-game-array+mhxx-dex-1.0+mhxx-save-format-community+mhxx-romfs-native-table,3,0
139,Aelucanth Vertex,Aelucanth Vertex,mhxx-romfs-game-array+mhxx-dex-1.0+mhxx-save-format-community+mhxx-romfs-native-table,3,1
140,Aelucanth Clypeus,Aelucanth Clypeus,mhxx-romfs-game-array+mhxx-dex-1.0+mhxx-save-format-community+mhxx-romfs-native-table,3,1
141,Rhopessa Vertex,Rhopessa Vertex,mhxx-romfs-game-array+mhxx-dex-1.0+mhxx-save-format-community+mhxx-romfs-native-table,3,1
142,Rhopessa Clypeus,Rhopessa Clypeus,mhxx-romfs-game-array+mhxx-dex-1.0+mhxx-save-format-community+mhxx-romfs-native-table,3,1
145,Garuga Helm,Garuga Helm,mhxx-romfs-game-array+mhxx-dex-1.0+mhxx-save-format-community+mhxx-romfs-native-table,3,0
146,Garuga Cap,Garuga Cap,mhxx-romfs-game-array+mhxx-dex-1.0+mhxx-save-format-community+mhxx-romfs-native-table,3,0
147,Garuga Mask,Garuga Mask,mhxx-romfs-game-array+mhxx-dex-1.0+mhxx-save-format-community+mhxx-romfs-native-table,3,0
148,Uragaan Helm,Uragaan Helm,mhxx-romfs-game-array+mhxx-dex-1.0+mhxx-save-format-community+mhxx-romfs-native-table,3,0
149,Uragaan Cap,Uragaan Cap,mhxx-romfs-game-array+mhxx-dex-1.0+mhxx-save-format-community+mhxx-romfs-native-table,3,0
150,Rathalos Helm,Rathalos Helm,mhxx-romfs-game-array+mhxx-dex-1.0+mhxx-save-format-community+mhxx-romfs-native-table,3,0
151,Rathalos Cap,Rathalos Cap,mhxx-romfs-game-array+mhxx-dex-1.0+mhxx-save-format-community+mhxx-romfs-native-table,3,0
152,Lagiacrus Helm,Lagiacrus Helm,mhxx-romfs-game-array+mhxx-dex-1.0+mhxx-save-format-community+mhxx-romfs-native-table,3,1
153,Lagiacrus Cap,Lagiacrus Cap,mhxx-romfs-game-array+mhxx-dex-1.0+mhxx-save-format-community+mhxx-romfs-native-table,3,1
154,Zinogre Helm,Zinogre Helm,mhxx-romfs-game-array+mhxx-dex-1.0+mhxx-save-format-community+mhxx-romfs-native-table,3,1
155,Zinogre Cap,Zinogre Cap,mhxx-romfs-game-array+mhxx-dex-1.0+mhxx-save-format-community+mhxx-romfs-native-table,3,1
156,Mizutsune Helm,Mizutsune Helm,mhxx-romfs-game-array+mhxx-dex-1.0+mhxx-save-format-community+mhxx-romfs-native-table,3,0
157,Mizutsune Mask,Mizutsune Mask,mhxx-romfs-game-array+mhxx-dex-1.0+mhxx-save-format-community+mhxx-romfs-native-table,3,0
158,Astalos Helm,Astalos Helm,mhxx-romfs-game-array+mhxx-dex-1.0+mhxx-save-format-community+mhxx-romfs-native-table,3,0
159,Astalos Cap,Astalos Cap,mhxx-romfs-game-array+mhxx-dex-1.0+mhxx-save-format-community+mhxx-romfs-native-table,3,0
160,Gammoth Helm,Gammoth Helm,mhxx-romfs-game-array+mhxx-dex-1.0+mhxx-save-format-community+mhxx-romfs-native-table,3,2
161,Gammoth Cap,Gammoth Cap,mhxx-romfs-game-array+mhxx-dex-1.0+mhxx-save-format-community+mhxx-romfs-native-table,3,2
162,Glavenus Helm,Glavenus Helm,mhxx-romfs-game-array+mhxx-dex-1.0+mhxx-save-format-community+mhxx-romfs-native-table,3,1
163,Glavenus Cap,Glavenus Cap,mhxx-romfs-game-array+mhxx-dex-1.0+mhxx-save-format-community+mhxx-romfs-native-table,3,1
164,Gore Helm,Gore Helm,mhxx-romfs-game-array+mhxx-dex-1.0+mhxx-save-format-community+mhxx-romfs-native-table,3,0
165,Gore Cap,Gore Cap,mhxx-romfs-game-array+mhxx-dex-1.0+mhxx-save-format-community+mhxx-romfs-native-table,3,0
166,Regios Helm,Regios Helm,mhxx-romfs-game-array+mhxx-dex-1.0+mhxx-save-format-community+mhxx-romfs-native-table,3,1
167,Regios Cap,Regios Cap,mhxx-romfs-game-array+mhxx-dex-1.0+mhxx-save-format-community+mhxx-romfs-native-table,3,1
168,Tigrex Helm,Tigrex Helm,mhxx-romfs-game-array+mhxx-dex-1.0+mhxx-save-format-community+mhxx-romfs-native-table,3,0
169,Tigrex Cap,Tigrex Cap,mhxx-romfs-game-array+mhxx-dex-1.0+mhxx-save-format-community+mhxx-romfs-native-table,3,0
170,Kirin Horn,Kirin Horn,mhxx-romfs-game-array+mhxx-dex-1.0+mhxx-save-format-community+mhxx-romfs-native-table,3,0
171,Kirin Crest,Kirin Crest,mhxx-romfs-game-array+mhxx-dex-1.0+mhxx-save-format-community+mhxx-romfs-native-table,3,0
172,Brachydios Helm,Brachydios Helm,mhxx-romfs-game-array+mhxx-dex-1.0+mhxx-save-format-community+mhxx-romfs-native-table,3,0
173,Brachydios Cap,Brachydios Cap,mhxx-romfs-game-array+mhxx-dex-1.0+mhxx-save-format-community+mhxx-romfs-native-table,3,0
174,Arc Helm,Arc Helm,mhxx-romfs-game-array+mhxx-dex-1.0+mhxx-save-format-community+mhxx-romfs-native-table,3,2
175,Storge Helm,Storge Helm,mhxx-romfs-game-array+mhxx-dex-1.0+mhxx-save-format-community+mhxx-romfs-native-table,3,2
176,Arc Cap,Arc Cap,mhxx-romfs-game-array+mhxx-dex-1.0+mhxx-save-format-community+mhxx-romfs-native-table,3,2
177,Storge Cap,Storge Cap,mhxx-romfs-game-array+mhxx-dex-1.0+mhxx-save-format-community+mhxx-romfs-native-table,3,2
178,Kushala Glare,Kushala Glare,mhxx-romfs-game-array+mhxx-dex-1.0+mhxx-save-format-community+mhxx-romfs-native-table,3,0
179,Kushala Snarl,Kushala Snarl,mhxx-romfs-game-array+mhxx-dex-1.0+mhxx-save-format-community+mhxx-romfs-native-table,3,0
180,Mizuha Cap,Mizuha Cap,mhxx-romfs-game-array+mhxx-dex-1.0+mhxx-save-format-community+mhxx-romfs-native-table,3,0
181,Cham Hat,Cham Hat,mhxx-romfs-game-array+mhxx-dex-1.0+mhxx-save-format-community+mhxx-romfs-native-table,3,0
182,Kaiser Crown,Kaiser Crown,mhxx-romfs-game-array+mhxx-dex-1.0+mhxx-save-format-community+mhxx-romfs-native-table,3,0
183,Kaiser Mask,Kaiser Mask,mhxx-romfs-game-array+mhxx-dex-1.0+mhxx-save-format-community+mhxx-romfs-native-table,3,0
184,Skeletal Skull,Skeletal Skull,mhxx-romfs-game-array+mhxx-dex-1.0+mhxx-save-format-community+mhxx-romfs-native-table,3,1
185,Decayed Skull,Decayed Skull,mhxx-romfs-game-array+mhxx-dex-1.0+mhxx-save-format-community+mhxx-romfs-native-table,3,1
186,Black Head,Black Head,mhxx-romfs-game-array+mhxx-dex-1.0+mhxx-save-format-community+mhxx-romfs-native-table,3,0
187,Black Face,Black Face,mhxx-romfs-game-array+mhxx-dex-1.0+mhxx-save-format-community+mhxx-romfs-native-table,3,0
188,Black Belt Helm,Black Belt Helm,mhxx-romfs-game-array+mhxx-dex-1.0+mhxx-save-format-community+mhxx-romfs-native-table,3,3
189,Black Belt Cap,Black Belt Cap,mhxx-romfs-game-array+mhxx-dex-1.0+mhxx-save-format-community+mhxx-romfs-native-table,3,3
190,Guild Bard Lobos,Guild Bard Lobos,mhxx-romfs-game-array+mhxx-dex-1.0+mhxx-save-format-community+mhxx-romfs-native-table,3,1
191,Guild Bard Hat,Guild Bard Hat,mhxx-romfs-game-array+mhxx-dex-1.0+mhxx-save-format-community+mhxx-romfs-native-table,3,1
192,Maiden's Hat,Maiden's Hat,mhxx-romfs-game-array+mhxx-dex-1.0+mhxx-save-format-community+mhxx-romfs-native-table,3,1
193,French Maid Glasses,French Maid Glasses,mhxx-romfs-game-array+mhxx-dex-1.0+mhxx-save-format-community+mhxx-romfs-native-table,3,1
194,Helper Hood,Helper Hood,mhxx-romfs-game-array+mhxx-dex-1.0+mhxx-save-format-community+mhxx-romfs-native-table,3,1
195,Healer Glasses,Healer Glasses,mhxx-romfs-game-array+mhxx-dex-1.0+mhxx-save-format-community+mhxx-romfs-native-table,3,1
196,Dianthus Cap,Dianthus Cap,mhxx-romfs-game-array+mhxx-dex-1.0+mhxx-save-format-community+mhxx-romfs-native-table,3,1
197,Campanile Cap,Campanile Cap,mhxx-romfs-game-array+mhxx-dex-1.0+mhxx-save-format-community+mhxx-romfs-native-table,3,1
198,Bath Towel,Bath Towel,mhxx-romfs-game-array+mhxx-dex-1.0+mhxx-save-format-community+mhxx-romfs-native-table,3,0
199,Gourmew Toque,Gourmew Toque,mhxx-romfs-game-array+mhxx-dex-1.0+mhxx-save-format-community+mhxx-romfs-native-table,3,3
200,Gourmew Cap,Gourmew Cap,mhxx-romfs-game-array+mhxx-dex-1.0+mhxx-save-format-community+mhxx-romfs-native-table,3,3
201,Leather Helm S,Leather Helm S,mhxx-romfs-game-array+mhxx-dex-1.0+mhxx-save-format-community+mhxx-romfs-native-table,4,1
202,Chainmail Helm S,Chainmail Helm S,mhxx-romfs-game-array+mhxx-dex-1.0+mhxx-save-format-community+mhxx-romfs-native-table,4,3
203,Bherna Turban S,Bherna Turban S,mhxx-romfs-game-array+mhxx-dex-1.0+mhxx-save-format-community+mhxx-romfs-native-table,4,1
204,Bherna Cap S,Bherna Cap S,mhxx-romfs-game-array+mhxx-dex-1.0+mhxx-save-format-community+mhxx-romfs-native-table,4,1
205,Hunting Helm S,Hunting Helm S,mhxx-romfs-game-array+mhxx-dex-1.0+mhxx-save-format-community+mhxx-romfs-native-table,4,1
206,Hunting Cap S,Hunting Cap S,mhxx-romfs-game-array+mhxx-dex-1.0+mhxx-save-format-community+mhxx-romfs-native-table,4,1
207,Mafumofu Hood S,Mafumofu Hood S,mhxx-romfs-game-array+mhxx-dex-1.0+mhxx-save-format-community+mhxx-romfs-native-table,4,2
208,Mafumofu Cap S,Mafumofu Cap S,mhxx-romfs-game-array+mhxx-dex-1.0+mhxx-save-format-community+mhxx-romfs-native-table,4,2
209,Yukumo Sky Kasa,Yukumo Sky Kasa,mhxx-romfs-game-array+mhxx-dex-1.0+mhxx-save-format-community+mhxx-romfs-native-table,4,1
210,Yukumo Land Kasa,Yukumo Land Kasa,mhxx-romfs-game-array+mhxx-dex-1.0+mhxx-save-format-community+mhxx-romfs-native-table,4,1
212,Hunter's Helm S,Hunter's Helm S,mhxx-romfs-game-array+mhxx-dex-1.0+mhxx-save-format-community+mhxx-romfs-native-table,4,0
213,Hunter's Cap S,Hunter's Cap S,mhxx-romfs-game-array+mhxx-dex-1.0+mhxx-save-format-community+mhxx-romfs-native-table,4,0
214,Hunter's Helm R,Hunter's Helm R,mhxx-romfs-game-array+mhxx-dex-1.0+mhxx-save-format-community+mhxx-romfs-native-table,4,1
215,Hunter's Cap R,Hunter's Cap R,mhxx-romfs-game-array+mhxx-dex-1.0+mhxx-save-format-community+mhxx-romfs-native-table,4,1
216,Bone Helm S,Bone Helm S,mhxx-romfs-game-array+mhxx-dex-1.0+mhxx-save-format-community+mhxx-romfs-native-table,4,1
217,Bone Cap S,Bone Cap S,mhxx-romfs-game-array+mhxx-dex-1.0+mhxx-save-format-community+mhxx-romfs-native-table,4,1
222,Chaos Archbun,Chaos Archbun,mhxx-romfs-game-array+mhxx-dex-1.0+mhxx-save-format-community+mhxx-romfs-native-table,4,1
223,Chaos Archdiadem,Chaos Archdiadem,mhxx-romfs-game-array+mhxx-dex-1.0+mhxx-save-format-community+mhxx-romfs-native-table,4,1
224,Melahoa Hat S,Melahoa Hat S,mhxx-romfs-game-array+mhxx-dex-1.0+mhxx-save-format-community+mhxx-romfs-native-table,4,1
225,Melahoa Bloom S,Melahoa Bloom S,mhxx-romfs-game-array+mhxx-dex-1.0+mhxx-save-format-community+mhxx-romfs-native-table,4,1
226,Melahoa Hat U,Melahoa Hat U,mhxx-romfs-game-array+mhxx-dex-1.0+mhxx-save-format-community+mhxx-romfs-native-table,4,1
227,Melahoa Bloom U,Melahoa Bloom U,mhxx-romfs-game-array+mhxx-dex-1.0+mhxx-save-format-community+mhxx-romfs-native-table,4,1
228,Makluva Hood S,Makluva Hood S,mhxx-romfs-game-array+mhxx-dex-1.0+mhxx-save-format-community+mhxx-romfs-native-table,4,1
229,Makluva Gills S,Makluva Gills S,mhxx-romfs-game-array+mhxx-dex-1.0+mhxx-save-format-community+mhxx-romfs-native-table,4,1
230,Makluva Hood U,Makluva Hood U,mhxx-romfs-game-array+mhxx-dex-1.0+mhxx-save-format-community+mhxx-romfs-native-table,4,1
231,Makluva Gills U,Makluva Gills U,mhxx-romfs-game-array+mhxx-dex-1.0+mhxx-save-format-community+mhxx-romfs-native-table,4,1
232,Bistro Toque S,Bistro Toque S,mhxx-romfs-game-array+mhxx-dex-1.0+mhxx-save-format-community+mhxx-romfs-native-table,4,1
233,Bistro Cap S,Bistro Cap S,mhxx-romfs-game-array+mhxx-dex-1.0+mhxx-save-format-community+mhxx-romfs-native-table,4,1
234,Acorn Helm S,Acorn Helm S,mhxx-romfs-game-array+mhxx-dex-1.0+mhxx-save-format-community+mhxx-romfs-native-table,4,1
235,Acorn Cap S,Acorn Cap S,mhxx-romfs-game-array+mhxx-dex-1.0+mhxx-save-format-community+mhxx-romfs-native-table,4,1
236,Mosgharl Vizor S,Mosgharl Vizor S,mhxx-romfs-game-array+mhxx-dex-1.0+mhxx-save-format-community+mhxx-romfs-native-table,4,0
237,Mosgharl Brim S,Mosgharl Brim S,mhxx-romfs-game-array+mhxx-dex-1.0+mhxx-save-format-community+mhxx-romfs-native-table,4,0
238,Edel Vizor S,Edel Vizor S,mhxx-romfs-game-array+mhxx-dex-1.0+mhxx-save-format-community+mhxx-romfs-native-table,4,2
239,Edel Bloom S,Edel Bloom S,mhxx-romfs-game-array+mhxx-dex-1.0+mhxx-save-format-community+mhxx-romfs-native-table,4,2
240,Moofah Head S,Moofah Head S,mhxx-romfs-game-array+mhxx-dex-1.0+mhxx-save-format-community+mhxx-romfs-native-table,4,1
241,Moofah Wig S,Moofah Wig S,mhxx-romfs-game-array+mhxx-dex-1.0+mhxx-save-format-community+mhxx-romfs-native-table,4,1
242,Slagtoth Hood,Slagtoth Hood,mhxx-romfs-game-array+mhxx-dex-1.0+mhxx-save-format-community+mhxx-romfs-native-table,4,1
243,Slagtoth Cowl,Slagtoth Cowl,mhxx-romfs-game-array+mhxx-dex-1.0+mhxx-save-format-community+mhxx-romfs-native-table,4,1
244,Larinoth Mask S,Larinoth Mask S,mhxx-romfs-game-array+mhxx-dex-1.0+mhxx-save-format-community+mhxx-romfs-native-table,4,1
245,Gargwa Mask S,Gargwa Mask S,mhxx-romfs-game-array+mhxx-dex-1.0+mhxx-save-format-community+mhxx-romfs-native-table,4,1
246,False Felyne S,False Felyne S,mhxx-romfs-game-array+mhxx-dex-1.0+mhxx-save-format-community+mhxx-romfs-native-table,4,1
247,Velociprey Head S,Velociprey Head S,mhxx-romfs-game-array+mhxx-dex-1.0+mhxx-save-format-community+mhxx-romfs-native-table,4,0
248,Velociprey Mask S,Velociprey Mask S,mhxx-romfs-game-array+mhxx-dex-1.0+mhxx-save-format-community+mhxx-romfs-native-table,4,0
249,Genprey Head S,Genprey Head S,mhxx-romfs-game-array+mhxx-dex-1.0+mhxx-save-format-community+mhxx-romfs-native-table,4,0
250,Genprey Mask S,Genprey Mask S,mhxx-romfs-game-array+mhxx-dex-1.0+mhxx-save-format-community+mhxx-romfs-native-table,4,0
251,Ioprey Head S,Ioprey Head S,mhxx-romfs-game-array+mhxx-dex-1.0+mhxx-save-format-community+mhxx-romfs-native-table,4,0
252,Ioprey Mask S,Ioprey Mask S,mhxx-romfs-game-array+mhxx-dex-1.0+mhxx-save-format-community+mhxx-romfs-native-table,4,0
253,Remobra Headgear S,Remobra Headgear S,mhxx-romfs-game-array+mhxx-dex-1.0+mhxx-save-format-community+mhxx-romfs-native-table,4,0
254,Remobra Mask S,Remobra Mask S,mhxx-romfs-game-array+mhxx-dex-1.0+mhxx-save-format-community+mhxx-romfs-native-table,4,0
261,Mosswine Mask S,Mosswine Mask S,mhxx-romfs-game-array+mhxx-dex-1.0+mhxx-save-format-community+mhxx-romfs-native-table,4,1
262,Rhenoplos Helm S,Rhenoplos Helm S,mhxx-romfs-game-array+mhxx-dex-1.0+mhxx-save-format-community+mhxx-romfs-native-table,4,0
263,Rhenoplos Cap S,Rhenoplos Cap S,mhxx-romfs-game-array+mhxx-dex-1.0+mhxx-save-format-community+mhxx-romfs-native-table,4,0
264,Jaggi Helm S,Jaggi Helm S,mhxx-romfs-game-array+mhxx-dex-1.0+mhxx-save-format-community+mhxx-romfs-native-table,4,0
265,Jaggi Cap S,Jaggi Cap S,mhxx-romfs-game-array+mhxx-dex-1.0+mhxx-save-format-community+mhxx-romfs-native-table,4,0
270,Maccao Helm S,Maccao Helm S,mhxx-romfs-game-array+mhxx-dex-1.0+mhxx-save-format-community+mhxx-romfs-native-table,4,1
271,Maccao Cap S,Maccao Cap S,mhxx-romfs-game-array+mhxx-dex-1.0+mhxx-save-format-community+mhxx-romfs-native-table,4,1
272,Velociprey Helm S,Velociprey Helm S,mhxx-romfs-game-array+mhxx-dex-1.0+mhxx-save-format-community+mhxx-romfs-native-table,4,1
273,Velociprey Cap S,Velociprey Cap S,mhxx-romfs-game-array+mhxx-dex-1.0+mhxx-save-format-community+mhxx-romfs-native-table,4,1
274,Giaprey Helm S,Giaprey Helm S,mhxx-romfs-game-array+mhxx-dex-1.0+mhxx-save-format-community+mhxx-romfs-native-table,4,0
275,Giaprey Cap S,Giaprey Cap S,mhxx-romfs-game-array+mhxx-dex-1.0+mhxx-save-format-community+mhxx-romfs-native-table,4,0
276,Genprey Helm S,Genprey Helm S,mhxx-romfs-game-array+mhxx-dex-1.0+mhxx-save-format-community+mhxx-romfs-native-table,4,2
277,Genprey Cap S,Genprey Cap S,mhxx-romfs-game-array+mhxx-dex-1.0+mhxx-save-format-community+mhxx-romfs-native-table,4,2
278,EX Genprey Helm,EX Genprey Helm,mhxx-romfs-game-array+mhxx-dex-1.0+mhxx-save-format-community+mhxx-romfs-native-table,4,1
279,EX Genprey Cap,EX Genprey Cap,mhxx-romfs-game-array+mhxx-dex-1.0+mhxx-save-format-community+mhxx-romfs-native-table,4,1
280,Ioprey Helm S,Ioprey Helm S,mhxx-romfs-game-array+mhxx-dex-1.0+mhxx-save-format-community+mhxx-romfs-native-table,4,2
281,Ioprey Cap S,Ioprey Cap S,mhxx-romfs-game-array+mhxx-dex-1.0+mhxx-save-format-community+mhxx-romfs-native-table,4,2
282,EX Ioprey Helm,EX Ioprey Helm,mhxx-romfs-game-array+mhxx-dex-1.0+mhxx-save-format-community+mhxx-romfs-native-table,4,1
283,EX Ioprey Cap,EX Ioprey Cap,mhxx-romfs-game-array+mhxx-dex-1.0+mhxx-save-format-community+mhxx-romfs-native-table,4,1
284,Vespoid Helm S,Vespoid Helm S,mhxx-romfs-game-array+mhxx-dex-1.0+mhxx-save-format-community+mhxx-romfs-native-table,4,3
285,Vespoid Cap S,Vespoid Cap S,mhxx-romfs-game-array+mhxx-dex-1.0+mhxx-save-format-community+mhxx-romfs-native-table,4,3
286,EX Vespoid Helm,EX Vespoid Helm,mhxx-romfs-game-array+mhxx-dex-1.0+mhxx-save-format-community+mhxx-romfs-native-table,4,1
287,EX Vespoid Cap,EX Vespoid Cap,mhxx-romfs-game-array+mhxx-dex-1.0+mhxx-save-format-community+mhxx-romfs-native-table,4,1
288,Hornetaur Helm S,Hornetaur Helm S,mhxx-romfs-game-array+mhxx-dex-1.0+mhxx-save-format-community+mhxx-romfs-native-table,4,1
289,Hornetaur Cap S,Hornetaur Cap S,mhxx-romfs-game-array+mhxx-dex-1.0+mhxx-save-format-community+mhxx-romfs-native-table,4,1
290,EX Hornetaur Helm,EX Hornetaur Helm,mhxx-romfs-game-array+mhxx-dex-1.0+mhxx-save-format-community+mhxx-romfs-native-table,4,1
291,EX Hornetaur Cap,EX Hornetaur Cap,mhxx-romfs-game-array+mhxx-dex-1.0+mhxx-save-format-community+mhxx-romfs-native-table,4,1
292,Hornetaur Helm R,Hornetaur Helm R,mhxx-romfs-game-array+mhxx-dex-1.0+mhxx-save-format-community+mhxx-romfs-native-table,4,2
293,Hornetaur Cap R,Hornetaur Cap R,mhxx-romfs-game-array+mhxx-dex-1.0+mhxx-save-format-community+mhxx-romfs-native-table,4,2
294,Bnahabra Hat S,Bnahabra Hat S,mhxx-romfs-game-array+mhxx-dex-1.0+mhxx-save-format-community+mhxx-romfs-native-table,4,2
295,Bnahabra Headpiece S,Bnahabra Headpiece S,mhxx-romfs-game-array+mhxx-dex-1.0+mhxx-save-format-community+mhxx-romfs-native-table,4,2
296,Konchu Helm S,Konchu Helm S,mhxx-romfs-game-array+mhxx-dex-1.0+mhxx-save-format-community+mhxx-romfs-native-table,4,2
297,Konchu Cap S,Konchu Cap S,mhxx-romfs-game-array+mhxx-dex-1.0+mhxx-save-format-community+mhxx-romfs-native-table,4,2
298,Bulldrome Helm S,Bulldrome Helm S,mhxx-romfs-game-array+mhxx-dex-1.0+mhxx-save-format-community+mhxx-romfs-native-table,4,1
299,Bulldrome Cap S,Bulldrome Cap S,mhxx-romfs-game-array+mhxx-dex-1.0+mhxx-save-format-community+mhxx-romfs-native-table,4,1
300,Bullfango Mask S,Bullfango Mask S,mhxx-romfs-game-array+mhxx-dex-1.0+mhxx-save-format-community+mhxx-romfs-native-table,4,0
301,Arzuros Helm S,Arzuros Helm S,mhxx-romfs-game-array+mhxx-dex-1.0+mhxx-save-format-community+mhxx-romfs-native-table,4,2
302,Arzuros Cap S,Arzuros Cap S,mhxx-romfs-game-array+mhxx-dex-1.0+mhxx-save-format-community+mhxx-romfs-native-table,4,2
303,Cephalos Helm S,Cephalos Helm S,mhxx-romfs-game-array+mhxx-dex-1.0+mhxx-save-format-community+mhxx-romfs-native-table,4,1
304,Cephalos Cap S,Cephalos Cap S,mhxx-romfs-game-array+mhxx-dex-1.0+mhxx-save-format-community+mhxx-romfs-native-table,4,1
305,EX Cephalos Helm,EX Cephalos Helm,mhxx-romfs-game-array+mhxx-dex-1.0+mhxx-save-format-community+mhxx-romfs-native-table,4,0
306,EX Cephalos Cap,EX Cephalos Cap,mhxx-romfs-game-array+mhxx-dex-1.0+mhxx-save-format-community+mhxx-romfs-native-table,4,0
307,Kut-Ku Helm S,Kut-Ku Helm S,mhxx-romfs-game-array+mhxx-dex-1.0+mhxx-save-format-community+mhxx-romfs-native-table,4,0
308,Kut-Ku Cap S,Kut-Ku Cap S,mhxx-romfs-game-array+mhxx-dex-1.0+mhxx-save-format-community+mhxx-romfs-native-table,4,0
309,Kecha Helm,Kecha Helm,mhxx-romfs-game-array+mhxx-dex-1.0+mhxx-save-format-community+mhxx-romfs-native-table,4,0
310,Kecha Cap,Kecha Cap,mhxx-romfs-game-array+mhxx-dex-1.0+mhxx-save-format-community+mhxx-romfs-native-table,4,0
311,Lagombi Helm S,Lagombi Helm S,mhxx-romfs-game-array+mhxx-dex-1.0+mhxx-save-format-community+mhxx-romfs-native-table,4,1
312,Lagombi Cap S,Lagombi Cap S,mhxx-romfs-game-array+mhxx-dex-1.0+mhxx-save-format-community+mhxx-romfs-native-table,4,1
313,Gypceros Helm S,Gypceros Helm S,mhxx-romfs-game-array+mhxx-dex-1.0+mhxx-save-format-community+mhxx-romfs-native-table,4,0
314,Gypceros Cap S,Gypceros Cap S,mhxx-romfs-game-array+mhxx-dex-1.0+mhxx-save-format-community+mhxx-romfs-native-table,4,0
315,Gypceros Helm R,Gypceros Helm R,mhxx-romfs-game-array+mhxx-dex-1.0+mhxx-save-format-community+mhxx-romfs-native-table,4,0
316,Gypceros Cap R,Gypceros Cap R,mhxx-romfs-game-array+mhxx-dex-1.0+mhxx-save-format-community+mhxx-romfs-native-table,4,0
317,Tetsucabra Helm S,Tetsucabra Helm S,mhxx-romfs-game-array+mhxx-dex-1.0+mhxx-save-format-community+mhxx-romfs-native-table,4,0
318,Tetsucabra Cap S,Tetsucabra Cap S,mhxx-romfs-game-array+mhxx-dex-1.0+mhxx-save-format-community+mhxx-romfs-native-table,4,0
319,Hermitaur Helm S,Hermitaur Helm S,mhxx-romfs-game-array+mhxx-dex-1.0+mhxx-save-format-community+mhxx-romfs-native-table,4,0
320,Hermitaur Cap S,Hermitaur Cap S,mhxx-romfs-game-array+mhxx-dex-1.0+mhxx-save-format-community+mhxx-romfs-native-table,4,0
321,EX Hermitaur Helm,EX Hermitaur Helm,mhxx-romfs-game-array+mhxx-dex-1.0+mhxx-save-format-community+mhxx-romfs-native-table,4,1
322,EX Hermitaur Cap,EX Hermitaur Cap,mhxx-romfs-game-array+mhxx-dex-1.0+mhxx-save-format-community+mhxx-romfs-native-table,4,1
323,Hermitaur Helm R,Hermitaur Helm R,mhxx-romfs-game-array+mhxx-dex-1.0+mhxx-save-format-community+mhxx-romfs-native-table,4,0
324,Hermitaur Cap R,Hermitaur Cap R,mhxx-romfs-game-array+mhxx-dex-1.0+mhxx-save-format-community+mhxx-romfs-native-table,4,0
325,Volvidon Helm S,Volvidon Helm S,mhxx-romfs-game-array+mhxx-dex-1.0+mhxx-save-format-community+mhxx-romfs-native-table,4,0
326,Volvidon Cap S,Volvidon Cap S,mhxx-romfs-game-array+mhxx-dex-1.0+mhxx-save-format-community+mhxx-romfs-native-table,4,0
327,Ludroth Helm S,Ludroth Helm S,mhxx-romfs-game-array+mhxx-dex-1.0+mhxx-save-format-community+mhxx-romfs-native-table,4,1
328,Ludroth Cap S,Ludroth Cap S,mhxx-romfs-game-array+mhxx-dex-1.0+mhxx-save-format-community+mhxx-romfs-native-table,4,1
329,Ludroth Helm R,Ludroth Helm R,mhxx-romfs-game-array+mhxx-dex-1.0+mhxx-save-format-community+mhxx-romfs-native-table,4,0
330,Ludroth Cap R,Ludroth Cap R,mhxx-romfs-game-array+mhxx-dex-1.0+mhxx-save-format-community+mhxx-romfs-native-table,4,0
331,Lecturer's Hood,Lecturer's Hood,mhxx-romfs-game-array+mhxx-dex-1.0+mhxx-save-format-community+mhxx-romfs-native-table,4,0
332,Lecturer's Cap,Lecturer's Cap,mhxx-romfs-game-array+mhxx-dex-1.0+mhxx-save-format-community+mhxx-romfs-native-table,4,0
333,Alloy Helm S,Alloy Helm S,mhxx-romfs-game-array+mhxx-dex-1.0+mhxx-save-format-community+mhxx-romfs-native-table,5,0
334,Alloy Cap S,Alloy Cap S,mhxx-romfs-game-array+mhxx-dex-1.0+mhxx-save-format-community+mhxx-romfs-native-table,5,0
335,Alloy Helm R,Alloy Helm R,mhxx-romfs-game-array+mhxx-dex-1.0+mhxx-save-format-community+mhxx-romfs-native-table,5,0
336,Alloy Cap R,Alloy Cap R,mhxx-romfs-game-array+mhxx-dex-1.0+mhxx-save-format-community+mhxx-romfs-native-table,5,0
337,Battle Helm S,Battle Helm S,mhxx-romfs-game-array+mhxx-dex-1.0+mhxx-save-format-community+mhxx-romfs-native-table,5,1
338,Battle Cap S,Battle Cap S,mhxx-romfs-game-array+mhxx-dex-1.0+mhxx-save-format-community+mhxx-romfs-native-table,5,1
339,Ingot Helm S,Ingot Helm S,mhxx-romfs-game-array+mhxx-dex-1.0+mhxx-save-format-community+mhxx-romfs-native-table,5,1
340,Ingot Cap S,Ingot Cap S,mhxx-romfs-game-array+mhxx-dex-1.0+mhxx-save-format-community+mhxx-romfs-native-table,5,1
341,Ingot Helm R,Ingot Helm R,mhxx-romfs-game-array+mhxx-dex-1.0+mhxx-save-format-community+mhxx-romfs-native-table,5,0
342,Ingot Cap R,Ingot Cap R,mhxx-romfs-game-array+mhxx-dex-1.0+mhxx-save-format-community+mhxx-romfs-native-table,5,0
343,High Metal Helm S,High Metal Helm S,mhxx-romfs-game-array+mhxx-dex-1.0+mhxx-save-format-community+mhxx-romfs-native-table,5,1
344,High Metal Cap S,High Metal Cap S,mhxx-romfs-game-array+mhxx-dex-1.0+mhxx-save-format-community+mhxx-romfs-native-table,5,0
345,High Metal Helm U,High Metal Helm U,mhxx-romfs-game-array+mhxx-dex-1.0+mhxx-save-format-community+mhxx-romfs-native-table,5,0
346,High Metal Cap U,High Metal Cap U,mhxx-romfs-game-array+mhxx-dex-1.0+mhxx-save-format-community+mhxx-romfs-native-table,5,0
349,Lobster Helm,Lobster Helm,mhxx-romfs-game-array+mhxx-dex-1.0+mhxx-save-format-community+mhxx-romfs-native-table,5,1
350,Lobster Cap,Lobster Cap,mhxx-romfs-game-array+mhxx-dex-1.0+mhxx-save-format-community+mhxx-romfs-native-table,5,1
351,Obituary Vertex S,Obituary Vertex S,mhxx-romfs-game-array+mhxx-dex-1.0+mhxx-save-format-community+mhxx-romfs-native-table,5,1
352,Obituary Clypeus S,Obituary Clypeus S,mhxx-romfs-game-array+mhxx-dex-1.0+mhxx-save-format-community+mhxx-romfs-native-table,5,1
353,Butterfly Vertex S,Butterfly Vertex S,mhxx-romfs-game-array+mhxx-dex-1.0+mhxx-save-format-community+mhxx-romfs-native-table,5,1
354,Butterfly Clypeus S,Butterfly Clypeus S,mhxx-romfs-game-array+mhxx-dex-1.0+mhxx-save-format-community+mhxx-romfs-native-table,5,1
355,Death Stench Brain S,Death Stench Brain S,mhxx-romfs-game-array+mhxx-dex-1.0+mhxx-save-format-community+mhxx-romfs-native-table,5,1
356,Death Stench Soul S,Death Stench Soul S,mhxx-romfs-game-array+mhxx-dex-1.0+mhxx-save-format-community+mhxx-romfs-native-table,5,1
357,Death Stench Brain R,Death Stench Brain R,mhxx-romfs-game-array+mhxx-dex-1.0+mhxx-save-format-community+mhxx-romfs-native-table,5,0
358,Death Stench Soul R,Death Stench Soul R,mhxx-romfs-game-array+mhxx-dex-1.0+mhxx-save-format-community+mhxx-romfs-native-table,5,0
359,Vaik Helm S,Vaik Helm S,mhxx-romfs-game-array+mhxx-dex-1.0+mhxx-save-format-community+mhxx-romfs-native-table,5,2
360,Vaik Cap S,Vaik Cap S,mhxx-romfs-game-array+mhxx-dex-1.0+mhxx-save-format-community+mhxx-romfs-native-table,5,2
361,Aelucanth Vertex S,Aelucanth Vertex S,mhxx-romfs-game-array+mhxx-dex-1.0+mhxx-save-format-community+mhxx-romfs-native-table,5,0
362,Aelucanth Clypeus S,Aelucanth Clypeus S,mhxx-romfs-game-array+mhxx-dex-1.0+mhxx-save-format-community+mhxx-romfs-native-table,5,0
363,Rhopessa Vertex S,Rhopessa Vertex S,mhxx-romfs-game-array+mhxx-dex-1.0+mhxx-save-format-community+mhxx-romfs-native-table,5,0
364,Rhopessa Clypeus S,Rhopessa Clypeus S,mhxx-romfs-game-array+mhxx-dex-1.0+mhxx-save-format-community+mhxx-romfs-native-table,5,0
365,Patissier's Toque,Patissier's Toque,mhxx-romfs-game-array+mhxx-dex-1.0+mhxx-save-format-community+mhxx-romfs-native-table,5,1
366,Patissier's Cap,Patissier's Cap,mhxx-romfs-game-array+mhxx-dex-1.0+mhxx-save-format-community+mhxx-romfs-native-table,5,1
367,Skalda Vertex S,Skalda Vertex S,mhxx-romfs-game-array+mhxx-dex-1.0+mhxx-save-format-community+mhxx-romfs-native-table,5,1
368,Skalda Clypeus S,Skalda Clypeus S,mhxx-romfs-game-array+mhxx-dex-1.0+mhxx-save-format-community+mhxx-romfs-native-table,5,1
369,Spio Vertex S,Spio Vertex S,mhxx-romfs-game-array+mhxx-dex-1.0+mhxx-save-format-community+mhxx-romfs-native-table,5,1
370,Spio Clypeus S,Spio Clypeus S,mhxx-romfs-game-array+mhxx-dex-1.0+mhxx-save-format-community+mhxx-romfs-native-table,5,1
371,Malfestio Helm S,Malfestio Helm S,mhxx-romfs-game-array+mhxx-dex-1.0+mhxx-save-format-community+mhxx-romfs-native-table,5,0
372,Malfestio Cap S,Malfestio Cap S,mhxx-romfs-game-array+mhxx-dex-1.0+mhxx-save-format-community+mhxx-romfs-native-table,5,0
373,Zamtrios Helm,Zamtrios Helm,mhxx-romfs-game-array+mhxx-dex-1.0+mhxx-save-format-community+mhxx-romfs-native-table,5,1
374,Zamtrios Cap,Zamtrios Cap,mhxx-romfs-game-array+mhxx-dex-1.0+mhxx-save-format-community+mhxx-romfs-native-table,5,1
375,Khezu Helm S,Khezu Helm S,mhxx-romfs-game-array+mhxx-dex-1.0+mhxx-save-format-community+mhxx-romfs-native-table,5,0
376,Khezu Cap S,Khezu Cap S,mhxx-romfs-game-array+mhxx-dex-1.0+mhxx-save-format-community+mhxx-romfs-native-table,5,0
377,Khezu Helm R,Khezu Helm R,mhxx-romfs-game-array+mhxx-dex-1.0+mhxx-save-format-community+mhxx-romfs-native-table,5,0
378,Khezu Cap R,Khezu Cap R,mhxx-romfs-game-array+mhxx-dex-1.0+mhxx-save-format-community+mhxx-romfs-native-table,5,0
379,Rathian Helm S,Rathian Helm S,mhxx-romfs-game-array+mhxx-dex-1.0+mhxx-save-format-community+mhxx-romfs-native-table,5,1
380,Rathian Cap S,Rathian Cap S,mhxx-romfs-game-array+mhxx-dex-1.0+mhxx-save-format-community+mhxx-romfs-native-table,5,1
381,EX Rathian Helm,EX Rathian Helm,mhxx-romfs-game-array+mhxx-dex-1.0+mhxx-save-format-community+mhxx-romfs-native-table,5,1
382,EX Rathian Cap,EX Rathian Cap,mhxx-romfs-game-array+mhxx-dex-1.0+mhxx-save-format-community+mhxx-romfs-native-table,5,1
383,Rathian Helm R,Rathian Helm R,mhxx-romfs-game-array+mhxx-dex-1.0+mhxx-save-format-community+mhxx-romfs-native-table,5,1
384,Rathian Cap R,Rathian Cap R,mhxx-romfs-game-array+mhxx-dex-1.0+mhxx-save-format-community+mhxx-romfs-native-table,5,1
385,Nibelsnarf Helm S,Nibelsnarf Helm S,mhxx-romfs-game-array+mhxx-dex-1.0+mhxx-save-format-community+mhxx-romfs-native-table,5,0
386,Nibelsnarf Cap S,Nibelsnarf Cap S,mhxx-romfs-game-array+mhxx-dex-1.0+mhxx-save-format-community+mhxx-romfs-native-table,5,1
387,Plesioth Helm,Plesioth Helm,mhxx-romfs-game-array+mhxx-dex-1.0+mhxx-save-format-community+mhxx-romfs-native-table,5,0
388,Plesioth Cap,Plesioth Cap,mhxx-romfs-game-array+mhxx-dex-1.0+mhxx-save-format-community+mhxx-romfs-native-table,5,0
389,Blango Helm S,Blango Helm S,mhxx-romfs-game-array+mhxx-dex-1.0+mhxx-save-format-community+mhxx-romfs-native-table,5,0
390,Blango Cap S,Blango Cap S,mhxx-romfs-game-array+mhxx-dex-1.0+mhxx-save-format-community+mhxx-romfs-native-table,5,0
391,EX Blango Helm,EX Blango Helm,mhxx-romfs-game-array+mhxx-dex-1.0+mhxx-save-format-community+mhxx-romfs-native-table,5,0
392,EX Blango Cap,EX Blango Cap,mhxx-romfs-game-array+mhxx-dex-1.0+mhxx-save-format-community+mhxx-romfs-native-table,5,0
393,Lavasioth Helm,Lavasioth Helm,mhxx-romfs-game-array+mhxx-dex-1.0+mhxx-save-format-community+mhxx-romfs-native-table,5,0
394,Lavasioth Cap,Lavasioth Cap,mhxx-romfs-game-array+mhxx-dex-1.0+mhxx-save-format-community+mhxx-romfs-native-table,5,0
395,EX Lavasioth Helm,EX Lavasioth Helm,mhxx-romfs-game-array+mhxx-dex-1.0+mhxx-save-format-community+mhxx-romfs-native-table,5,0
396,EX Lavasioth Cap,EX Lavasioth Cap,mhxx-romfs-game-array+mhxx-dex-1.0+mhxx-save-format-community+mhxx-romfs-native-table,5,0
397,Ceanataur Helm S,Ceanataur Helm S,mhxx-romfs-game-array+mhxx-dex-1.0+mhxx-save-format-community+mhxx-romfs-native-table,5,1
398,Ceanataur Cap S,Ceanataur Cap S,mhxx-romfs-game-array+mhxx-dex-1.0+mhxx-save-format-community+mhxx-romfs-native-table,5,1
399,EX Ceanataur Helm,EX Ceanataur Helm,mhxx-romfs-game-array+mhxx-dex-1.0+mhxx-save-format-community+mhxx-romfs-native-table,5,1
400,EX Ceanataur Cap,EX Ceanataur Cap,mhxx-romfs-game-array+mhxx-dex-1.0+mhxx-save-format-community+mhxx-romfs-native-table,5,1
401,Ceanataur Helm R,Ceanataur Helm R,mhxx-romfs-game-array+mhxx-dex-1.0+mhxx-save-format-community+mhxx-romfs-native-table,5,1
402,Ceanataur Cap R,Ceanataur Cap R,mhxx-romfs-game-array+mhxx-dex-1.0+mhxx-save-format-community+mhxx-romfs-native-table,5,1
403,Najarala Helm S,Najarala Helm S,mhxx-romfs-game-array+mhxx-dex-1.0+mhxx-save-format-community+mhxx-romfs-native-table,5,1
404,Najarala Cap S,Najarala Cap S,mhxx-romfs-game-array+mhxx-dex-1.0+mhxx-save-format-community+mhxx-romfs-native-table,5,1
405,Nargacuga Helm S,Nargacuga Helm S,mhxx-romfs-game-array+mhxx-dex-1.0+mhxx-save-format-community+mhxx-romfs-native-table,5,1
406,Nargacuga Cap S,Nargacuga Cap S,mhxx-romfs-game-array+mhxx-dex-1.0+mhxx-save-format-community+mhxx-romfs-native-table,5,1
407,Garuga Helm S,Garuga Helm S,mhxx-romfs-game-array+mhxx-dex-1.0+mhxx-save-format-community+mhxx-romfs-native-table,5,0
408,Garuga Cap S,Garuga Cap S,mhxx-romfs-game-array+mhxx-dex-1.0+mhxx-save-format-community+mhxx-romfs-native-table,5,0
409,Garuga Mask S,Garuga Mask S,mhxx-romfs-game-array+mhxx-dex-1.0+mhxx-save-format-community+mhxx-romfs-native-table,5,0
410,Uragaan Helm S,Uragaan Helm S,mhxx-romfs-game-array+mhxx-dex-1.0+mhxx-save-format-community+mhxx-romfs-native-table,5,0
411,Uragaan Cap S,Uragaan Cap S,mhxx-romfs-game-array+mhxx-dex-1.0+mhxx-save-format-community+mhxx-romfs-native-table,5,0
412,Black Belt Helm S,Black Belt Helm S,mhxx-romfs-game-array+mhxx-dex-1.0+mhxx-save-format-community+mhxx-romfs-native-table,5,3
413,Black Belt Cap S,Black Belt Cap S,mhxx-romfs-game-array+mhxx-dex-1.0+mhxx-save-format-community+mhxx-romfs-native-table,5,3
414,Guardian Helm,Guardian Helm,mhxx-romfs-game-array+mhxx-dex-1.0+mhxx-save-format-community+mhxx-romfs-native-table,5,0
415,Guardian Mask,Guardian Mask,mhxx-romfs-game-array+mhxx-dex-1.0+mhxx-save-format-community+mhxx-romfs-native-table,5,0
416,Guardian Helm U,Guardian Helm U,mhxx-romfs-game-array+mhxx-dex-1.0+mhxx-save-format-community+mhxx-romfs-native-table,5,0
417,Guardian Mask U,Guardian Mask U,mhxx-romfs-game-array+mhxx-dex-1.0+mhxx-save-format-community+mhxx-romfs-native-table,5,0
418,Scholar's Beret,Scholar's Beret,mhxx-romfs-game-array+mhxx-dex-1.0+mhxx-save-format-community+mhxx-romfs-native-table,5,0
419,Scholar's Cap,Scholar's Cap,mhxx-romfs-game-array+mhxx-dex-1.0+mhxx-save-format-community+mhxx-romfs-native-table,5,0
420,Sailor Hat,Sailor Hat,mhxx-romfs-game-array+mhxx-dex-1.0+mhxx-save-format-community+mhxx-romfs-native-table,5,0
421,Sailor Cap,Sailor Cap,mhxx-romfs-game-array+mhxx-dex-1.0+mhxx-save-format-community+mhxx-romfs-native-table,5,0
422,Luxury Bath Towel,Luxury Bath Towel,mhxx-romfs-game-array+mhxx-dex-1.0+mhxx-save-format-community+mhxx-romfs-native-table,5,1
423,Kita Star Headdress,Kita Star Headdress,mhxx-romfs-game-array+mhxx-dex-1.0+mhxx-save-format-community+mhxx-romfs-native-table,5,1
424,Umi Ocean Headdress,Umi Ocean Headdress,mhxx-romfs-game-array+mhxx-dex-1.0+mhxx-save-format-community+mhxx-romfs-native-table,5,2
425,Cunning Specs,Cunning Specs,mhxx-romfs-game-array+mhxx-dex-1.0+mhxx-save-format-community+mhxx-romfs-native-table,5,0
426,Derring Helm S,Derring Helm S,mhxx-romfs-game-array+mhxx-dex-1.0+mhxx-save-format-community+mhxx-romfs-native-table,6,2
427,Derring Cap S,Derring Cap S,mhxx-romfs-game-array+mhxx-dex-1.0+mhxx-save-format-community+mhxx-romfs-native-table,6,2
428,Dober Helm,Dober Helm,mhxx-romfs-game-array+mhxx-dex-1.0+mhxx-save-format-community+mhxx-romfs-native-table,6,2
429,Dober Cap,Dober Cap,mhxx-romfs-game-array+mhxx-dex-1.0+mhxx-save-format-community+mhxx-romfs-native-table,6,2
430,Damascus Helm,Damascus Helm,mhxx-romfs-game-array+mhxx-dex-1.0+mhxx-save-format-community+mhxx-romfs-native-table,6,0
431,Damascus Cap,Damascus Cap,mhxx-romfs-game-array+mhxx-dex-1.0+mhxx-save-format-community+mhxx-romfs-native-table,6,0
432,Damascus Helm R,Damascus Helm R,mhxx-romfs-game-array+mhxx-dex-1.0+mhxx-save-format-community+mhxx-romfs-native-table,6,0
433,Damascus Cap R,Damascus Cap R,mhxx-romfs-game-array+mhxx-dex-1.0+mhxx-save-format-community+mhxx-romfs-native-table,6,0
434,Skull Visage S,Skull Visage S,mhxx-romfs-game-array+mhxx-dex-1.0+mhxx-save-format-community+mhxx-romfs-native-table,6,0
435,Skull Mask S,Skull Mask S,mhxx-romfs-game-array+mhxx-dex-1.0+mhxx-save-format-community+mhxx-romfs-native-table,6,0
440,Artian Helm S,Artian Helm S,mhxx-romfs-game-array+mhxx-dex-1.0+mhxx-save-format-community+mhxx-romfs-native-table,6,3
441,Artian Cap S,Artian Cap S,mhxx-romfs-game-array+mhxx-dex-1.0+mhxx-save-format-community+mhxx-romfs-native-table,6,3
442,Artian Helm R,Artian Helm R,mhxx-romfs-game-array+mhxx-dex-1.0+mhxx-save-format-community+mhxx-romfs-native-table,6,0
443,Artian Cap R,Artian Cap R,mhxx-romfs-game-array+mhxx-dex-1.0+mhxx-save-format-community+mhxx-romfs-native-table,6,0
444,Seltas Helm,Seltas Helm,mhxx-romfs-game-array+mhxx-dex-1.0+mhxx-save-format-community+mhxx-romfs-native-table,6,0
445,Seltas Cap,Seltas Cap,mhxx-romfs-game-array+mhxx-dex-1.0+mhxx-save-format-community+mhxx-romfs-native-table,6,0
446,Rathalos Helm S,Rathalos Helm S,mhxx-romfs-game-array+mhxx-dex-1.0+mhxx-save-format-community+mhxx-romfs-native-table,6,0
447,Rathalos Cap S,Rathalos Cap S,mhxx-romfs-game-array+mhxx-dex-1.0+mhxx-save-format-community+mhxx-romfs-native-table,6,0
448,EX Rathalos Helm,EX Rathalos Helm,mhxx-romfs-game-array+mhxx-dex-1.0+mhxx-save-format-community+mhxx-romfs-native-table,6,0
449,EX Rathalos Cap,EX Rathalos Cap,mhxx-romfs-game-array+mhxx-dex-1.0+mhxx-save-format-community+mhxx-romfs-native-table,6,0
450,Rathalos Helm R,Rathalos Helm R,mhxx-romfs-game-array+mhxx-dex-1.0+mhxx-save-format-community+mhxx-romfs-native-table,6,0
451,Rathalos Cap R,Rathalos Cap R,mhxx-romfs-game-array+mhxx-dex-1.0+mhxx-save-format-community+mhxx-romfs-native-table,6,0
452,Lagiacrus Helm S,Lagiacrus Helm S,mhxx-romfs-game-array+mhxx-dex-1.0+mhxx-save-format-community+mhxx-romfs-native-table,6,1
453,Lagiacrus Cap S,Lagiacrus Cap S,mhxx-romfs-game-array+mhxx-dex-1.0+mhxx-save-format-community+mhxx-romfs-native-table,6,1
454,Lagiacrus Helm R,Lagiacrus Helm R,mhxx-romfs-game-array+mhxx-dex-1.0+mhxx-save-format-community+mhxx-romfs-native-table,6,0
455,Lagiacrus Cap R,Lagiacrus Cap R,mhxx-romfs-game-array+mhxx-dex-1.0+mhxx-save-format-community+mhxx-romfs-native-table,6,0
456,Zinogre Helm S,Zinogre Helm S,mhxx-romfs-game-array+mhxx-dex-1.0+mhxx-save-format-community+mhxx-romfs-native-table,6,0
457,Zinogre Cap S,Zinogre Cap S,mhxx-romfs-game-array+mhxx-dex-1.0+mhxx-save-format-community+mhxx-romfs-native-table,6,1
458,EX Zinogre Helm,EX Zinogre Helm,mhxx-romfs-game-array+mhxx-dex-1.0+mhxx-save-format-community+mhxx-romfs-native-table,6,1
459,EX Zinogre Cap,EX Zinogre Cap,mhxx-romfs-game-array+mhxx-dex-1.0+mhxx-save-format-community+mhxx-romfs-native-table,6,1
460,Mizutsune Helm S,Mizutsune Helm S,mhxx-romfs-game-array+mhxx-dex-1.0+mhxx-save-format-community+mhxx-romfs-native-table,6,0
461,Mizutsune Mask S,Mizutsune Mask S,mhxx-romfs-game-array+mhxx-dex-1.0+mhxx-save-format-community+mhxx-romfs-native-table,6,0
462,Astalos Helm S,Astalos Helm S,mhxx-romfs-game-array+mhxx-dex-1.0+mhxx-save-format-community+mhxx-romfs-native-table,6,0
463,Astalos Cap S,Astalos Cap S,mhxx-romfs-game-array+mhxx-dex-1.0+mhxx-save-format-community+mhxx-romfs-native-table,6,0
464,Gammoth Helm S,Gammoth Helm S,mhxx-romfs-game-array+mhxx-dex-1.0+mhxx-save-format-community+mhxx-romfs-native-table,6,2
465,Gammoth Cap S,Gammoth Cap S,mhxx-romfs-game-array+mhxx-dex-1.0+mhxx-save-format-community+mhxx-romfs-native-table,6,2
466,Glavenus Helm S,Glavenus Helm S,mhxx-romfs-game-array+mhxx-dex-1.0+mhxx-save-format-community+mhxx-romfs-native-table,6,2
467,Glavenus Cap S,Glavenus Cap S,mhxx-romfs-game-array+mhxx-dex-1.0+mhxx-save-format-community+mhxx-romfs-native-table,6,2
468,Agnaktor Helm,Agnaktor Helm,mhxx-romfs-game-array+mhxx-dex-1.0+mhxx-save-format-community+mhxx-romfs-native-table,6,2
469,Agnaktor Cap,Agnaktor Cap,mhxx-romfs-game-array+mhxx-dex-1.0+mhxx-save-format-community+mhxx-romfs-native-table,6,2
470,Gore Helm S,Gore Helm S,mhxx-romfs-game-array+mhxx-dex-1.0+mhxx-save-format-community+mhxx-romfs-native-table,6,1
471,Gore Cap S,Gore Cap S,mhxx-romfs-game-array+mhxx-dex-1.0+mhxx-save-format-community+mhxx-romfs-native-table,6,1
472,EX Gore Helm,EX Gore Helm,mhxx-romfs-game-array+mhxx-dex-1.0+mhxx-save-format-community+mhxx-romfs-native-table,6,1
473,EX Gore Cap,EX Gore Cap,mhxx-romfs-game-array+mhxx-dex-1.0+mhxx-save-format-community+mhxx-romfs-native-table,6,1
474,Gore Helm R,Gore Helm R,mhxx-romfs-game-array+mhxx-dex-1.0+mhxx-save-format-community+mhxx-romfs-native-table,6,0
475,Gore Cap R,Gore Cap R,mhxx-romfs-game-array+mhxx-dex-1.0+mhxx-save-format-community+mhxx-romfs-native-table,6,0
476,Regios Helm S,Regios Helm S,mhxx-romfs-game-array+mhxx-dex-1.0+mhxx-save-format-community+mhxx-romfs-native-table,6,1
477,Regios Cap S,Regios Cap S,mhxx-romfs-game-array+mhxx-dex-1.0+mhxx-save-format-community+mhxx-romfs-native-table,6,1
478,Duramboros Helm,Duramboros Helm,mhxx-romfs-game-array+mhxx-dex-1.0+mhxx-save-format-community+mhxx-romfs-native-table,6,1
479,Duramboros Cap,Duramboros Cap,mhxx-romfs-game-array+mhxx-dex-1.0+mhxx-save-format-community+mhxx-romfs-native-table,6,1
480,Tigrex Helm S,Tigrex Helm S,mhxx-romfs-game-array+mhxx-dex-1.0+mhxx-save-format-community+mhxx-romfs-native-table,6,0
481,Tigrex Cap S,Tigrex Cap S,mhxx-romfs-game-array+mhxx-dex-1.0+mhxx-save-format-community+mhxx-romfs-native-table,6,0
482,EX Tigrex Helm,EX Tigrex Helm,mhxx-romfs-game-array+mhxx-dex-1.0+mhxx-save-format-community+mhxx-romfs-native-table,6,0
483,EX Tigrex Cap,EX Tigrex Cap,mhxx-romfs-game-array+mhxx-dex-1.0+mhxx-save-format-community+mhxx-romfs-native-table,6,0
484,Tigrex Helm R,Tigrex Helm R,mhxx-romfs-game-array+mhxx-dex-1.0+mhxx-save-format-community+mhxx-romfs-native-table,6,1
485,Tigrex Cap R,Tigrex Cap R,mhxx-romfs-game-array+mhxx-dex-1.0+mhxx-save-format-community+mhxx-romfs-native-table,6,1
486,Kirin Horn S,Kirin Horn S,mhxx-romfs-game-array+mhxx-dex-1.0+mhxx-save-format-community+mhxx-romfs-native-table,6,1
487,Kirin Crest S,Kirin Crest S,mhxx-romfs-game-array+mhxx-dex-1.0+mhxx-save-format-community+mhxx-romfs-native-table,6,1
488,Kirin Horn R,Kirin Horn R,mhxx-romfs-game-array+mhxx-dex-1.0+mhxx-save-format-community+mhxx-romfs-native-table,6,0
489,Kirin Crest R,Kirin Crest R,mhxx-romfs-game-array+mhxx-dex-1.0+mhxx-save-format-community+mhxx-romfs-native-table,6,0
490,Brachydios Helm S,Brachydios Helm S,mhxx-romfs-game-array+mhxx-dex-1.0+mhxx-save-format-community+mhxx-romfs-native-table,6,0
491,Brachydios Cap S,Brachydios Cap S,mhxx-romfs-game-array+mhxx-dex-1.0+mhxx-save-format-community+mhxx-romfs-native-table,6,0
492,EX Brachydios Helm,EX Brachydios Helm,mhxx-romfs-game-array+mhxx-dex-1.0+mhxx-save-format-community+mhxx-romfs-native-table,6,0
493,EX Brachydios Cap,EX Brachydios Cap,mhxx-romfs-game-array+mhxx-dex-1.0+mhxx-save-format-community+mhxx-romfs-native-table,6,0
494,Golden Headdress,Golden Headdress,mhxx-romfs-game-array+mhxx-dex-1.0+mhxx-save-format-community+mhxx-romfs-native-table,6,0
495,Puppeteer Mask,Puppeteer Mask,mhxx-romfs-game-array+mhxx-dex-1.0+mhxx-save-format-community+mhxx-romfs-native-table,6,0
496,Vangis Helm,Vangis Helm,mhxx-romfs-game-array+mhxx-dex-1.0+mhxx-save-format-community+mhxx-romfs-native-table,6,1
497,Vangis Cap,Vangis Cap,mhxx-romfs-game-array+mhxx-dex-1.0+mhxx-save-format-community+mhxx-romfs-native-table,6,1
498,Guild Knight Feather,Guild Knight Feather,mhxx-romfs-game-array+mhxx-dex-1.0+mhxx-save-format-community+mhxx-romfs-native-table,6,1
499,Guild Knight Mask,Guild Knight Mask,mhxx-romfs-game-array+mhxx-dex-1.0+mhxx-save-format-community+mhxx-romfs-native-table,6,1
500,Maiden's Hat S,Maiden's Hat S,mhxx-romfs-game-array+mhxx-dex-1.0+mhxx-save-format-community+mhxx-romfs-native-table,6,1
501,French Maid Glasses S,French Maid Glasses S,mhxx-romfs-game-array+mhxx-dex-1.0+mhxx-save-format-community+mhxx-romfs-native-table,6,1
502,Blue Guild Lobos,Blue Guild Lobos,mhxx-romfs-game-array+mhxx-dex-1.0+mhxx-save-format-community+mhxx-romfs-native-table,6,1
503,Blue Guild Mask,Blue Guild Mask,mhxx-romfs-game-array+mhxx-dex-1.0+mhxx-save-format-community+mhxx-romfs-native-table,6,1
504,Red Guild Lobos,Red Guild Lobos,mhxx-romfs-game-array+mhxx-dex-1.0+mhxx-save-format-community+mhxx-romfs-native-table,6,1
505,Red Guild Mask,Red Guild Mask,mhxx-romfs-game-array+mhxx-dex-1.0+mhxx-save-format-community+mhxx-romfs-native-table,6,1
506,Helper Hood S,Helper Hood S,mhxx-romfs-game-array+mhxx-dex-1.0+mhxx-save-format-community+mhxx-romfs-native-table,6,1
507,Healer Glasses S,Healer Glasses S,mhxx-romfs-game-array+mhxx-dex-1.0+mhxx-save-format-community+mhxx-romfs-native-table,6,1
508,Helper Hood U,Helper Hood U,mhxx-romfs-game-array+mhxx-dex-1.0+mhxx-save-format-community+mhxx-romfs-native-table,6,0
509,Healer Beret U,Healer Beret U,mhxx-romfs-game-array+mhxx-dex-1.0+mhxx-save-format-community+mhxx-romfs-native-table,6,0
510,Guild Bard Lobos S,Guild Bard Lobos S,mhxx-romfs-game-array+mhxx-dex-1.0+mhxx-save-format-community+mhxx-romfs-native-table,6,1
511,Guild Bard Hat S,Guild Bard Hat S,mhxx-romfs-game-array+mhxx-dex-1.0+mhxx-save-format-community+mhxx-romfs-native-table,6,1
512,Chakra Earring,Chakra Earring,mhxx-romfs-game-array+mhxx-dex-1.0+mhxx-save-format-community+mhxx-romfs-native-table,6,3
515,Dianthus Wealcap,Dianthus Wealcap,mhxx-romfs-game-array+mhxx-dex-1.0+mhxx-save-format-community+mhxx-romfs-native-table,6,1
516,Campanile Wealcap,Campanile Wealcap,mhxx-romfs-game-array+mhxx-dex-1.0+mhxx-save-format-community+mhxx-romfs-native-table,6,1
517,Ace Headgear,Ace Headgear,mhxx-romfs-game-array+mhxx-dex-1.0+mhxx-save-format-community+mhxx-romfs-native-table,6,0
518,Ace Mask,Ace Mask,mhxx-romfs-game-array+mhxx-dex-1.0+mhxx-save-format-community+mhxx-romfs-native-table,6,0
519,Sororal Headgear,Sororal Headgear,mhxx-romfs-game-array+mhxx-dex-1.0+mhxx-save-format-community+mhxx-romfs-native-table,6,0
520,Sororal Mask,Sororal Mask,mhxx-romfs-game-array+mhxx-dex-1.0+mhxx-save-format-community+mhxx-romfs-native-table,6,0
521,Hawkhat,Hawkhat,mhxx-romfs-game-array+mhxx-dex-1.0+mhxx-save-format-community+mhxx-romfs-native-table,6,0
522,Hawkcap,Hawkcap,mhxx-romfs-game-array+mhxx-dex-1.0+mhxx-save-format-community+mhxx-romfs-native-table,6,0
523,Gourmew Toque S,Gourmew Toque S,mhxx-romfs-game-array+mhxx-dex-1.0+mhxx-save-format-community+mhxx-romfs-native-table,6,3
524,Gourmew Cap S,Gourmew Cap S,mhxx-romfs-game-array+mhxx-dex-1.0+mhxx-save-format-community+mhxx-romfs-native-table,6,3
525,Felyne Hairband,Felyne Hairband,mhxx-romfs-game-array+mhxx-dex-1.0+mhxx-save-format-community+mhxx-romfs-native-table,6,0
526,Scholarly Hood S,Scholarly Hood S,mhxx-romfs-game-array+mhxx-dex-1.0+mhxx-save-format-community+mhxx-romfs-native-table,6,1
527,Scholarly Cap S,Scholarly Cap S,mhxx-romfs-game-array+mhxx-dex-1.0+mhxx-save-format-community+mhxx-romfs-native-table,6,1
528,Ranger's Headgear,Ranger's Headgear,mhxx-romfs-game-array+mhxx-dex-1.0+mhxx-save-format-community+mhxx-romfs-native-table,6,1
529,Archer's Turban,Archer's Turban,mhxx-romfs-game-array+mhxx-dex-1.0+mhxx-save-format-community+mhxx-romfs-native-table,6,1
530,Shinobi Heaven Mask,Shinobi Heaven Mask,mhxx-romfs-game-array+mhxx-dex-1.0+mhxx-save-format-community+mhxx-romfs-native-table,7,1
531,Shinobi Land Mask,Shinobi Land Mask,mhxx-romfs-game-array+mhxx-dex-1.0+mhxx-save-format-community+mhxx-romfs-native-table,7,1
532,Shinobi Sky Mask,Shinobi Sky Mask,mhxx-romfs-game-array+mhxx-dex-1.0+mhxx-save-format-community+mhxx-romfs-native-table,7,1
533,Shinobi Sea Mask,Shinobi Sea Mask,mhxx-romfs-game-array+mhxx-dex-1.0+mhxx-save-format-community+mhxx-romfs-native-table,7,1
534,Ancient Helm,Ancient Helm,mhxx-romfs-game-array+mhxx-dex-1.0+mhxx-save-format-community+mhxx-romfs-native-table,7,1
535,Ancient Cap,Ancient Cap,mhxx-romfs-game-array+mhxx-dex-1.0+mhxx-save-format-community+mhxx-romfs-native-table,7,1
536,Master's Earcuff,Master's Earcuff,mhxx-romfs-game-array+mhxx-dex-1.0+mhxx-save-format-community+mhxx-romfs-native-table,7,1
537,Master's Earrings,Master's Earrings,mhxx-romfs-game-array+mhxx-dex-1.0+mhxx-save-format-community+mhxx-romfs-native-table,7,1
538,Black Head S,Black Head S,mhxx-romfs-game-array+mhxx-dex-1.0+mhxx-save-format-community+mhxx-romfs-native-table,7,0
539,Black Face S,Black Face S,mhxx-romfs-game-array+mhxx-dex-1.0+mhxx-save-format-community+mhxx-romfs-native-table,7,0
540,Toka Kabuto,Toka Kabuto,mhxx-romfs-game-array+mhxx-dex-1.0+mhxx-save-format-community+mhxx-romfs-native-table,7,0
541,Mitsuaoi Kabuto,Mitsuaoi Kabuto,mhxx-romfs-game-array+mhxx-dex-1.0+mhxx-save-format-community+mhxx-romfs-native-table,7,0
542,EX Rathian Helm S,EX Rathian Helm S,mhxx-romfs-game-array+mhxx-dex-1.0+mhxx-save-format-community+mhxx-romfs-native-table,7,1
543,EX Rathian Cap S,EX Rathian Cap S,mhxx-romfs-game-array+mhxx-dex-1.0+mhxx-save-format-community+mhxx-romfs-native-table,7,1
544,EX Rathalos Helm S,EX Rathalos Helm S,mhxx-romfs-game-array+mhxx-dex-1.0+mhxx-save-format-community+mhxx-romfs-native-table,7,0
545,EX Rathalos Cap S,EX Rathalos Cap S,mhxx-romfs-game-array+mhxx-dex-1.0+mhxx-save-format-community+mhxx-romfs-native-table,7,0
546,EX Tigrex Helm S,EX Tigrex Helm S,mhxx-romfs-game-array+mhxx-dex-1.0+mhxx-save-format-community+mhxx-romfs-native-table,7,0
547,EX Tigrex Cap S,EX Tigrex Cap S,mhxx-romfs-game-array+mhxx-dex-1.0+mhxx-save-format-community+mhxx-romfs-native-table,7,0
548,Arc Helm S,Arc Helm S,mhxx-romfs-game-array+mhxx-dex-1.0+mhxx-save-format-community+mhxx-romfs-native-table,7,2
549,Storge Helm S,Storge Helm S,mhxx-romfs-game-array+mhxx-dex-1.0+mhxx-save-format-community+mhxx-romfs-native-table,7,2
550,Arc Cap S,Arc Cap S,mhxx-romfs-game-array+mhxx-dex-1.0+mhxx-save-format-community+mhxx-romfs-native-table,7,2
551,Storge Cap S,Storge Cap S,mhxx-romfs-game-array+mhxx-dex-1.0+mhxx-save-format-community+mhxx-romfs-native-table,7,2
552,EX Arc Helm,EX Arc Helm,mhxx-romfs-game-array+mhxx-dex-1.0+mhxx-save-format-community+mhxx-romfs-native-table,7,2
553,EX Storge Helm,EX Storge Helm,mhxx-romfs-game-array+mhxx-dex-1.0+mhxx-save-format-community+mhxx-romfs-native-table,7,2
554,EX Arc Cap,EX Arc Cap,mhxx-romfs-game-array+mhxx-dex-1.0+mhxx-save-format-community+mhxx-romfs-native-table,7,2
555,EX Storge Cap,EX Storge Cap,mhxx-romfs-game-array+mhxx-dex-1.0+mhxx-save-format-community+mhxx-romfs-native-table,7,2
556,Arc Helm R,Arc Helm R,mhxx-romfs-game-array+mhxx-dex-1.0+mhxx-save-format-community+mhxx-romfs-native-table,7,0
557,Storge Helm R,Storge Helm R,mhxx-romfs-game-array+mhxx-dex-1.0+mhxx-save-format-community+mhxx-romfs-native-table,7,0
558,Arc Cap R,Arc Cap R,mhxx-romfs-game-array+mhxx-dex-1.0+mhxx-save-format-community+mhxx-romfs-native-table,7,2
559,Storge Cap R,Storge Cap R,mhxx-romfs-game-array+mhxx-dex-1.0+mhxx-save-format-community+mhxx-romfs-native-table,7,2
560,Kushala Glare S,Kushala Glare S,mhxx-romfs-game-array+mhxx-dex-1.0+mhxx-save-format-community+mhxx-romfs-native-table,7,0
561,Kushala Snarl S,Kushala Snarl S,mhxx-romfs-game-array+mhxx-dex-1.0+mhxx-save-format-community+mhxx-romfs-native-table,7,0
562,EX Kushala Glare,EX Kushala Glare,mhxx-romfs-game-array+mhxx-dex-1.0+mhxx-save-format-community+mhxx-romfs-native-table,7,0
563,EX Kushala Snarl,EX Kushala Snarl,mhxx-romfs-game-array+mhxx-dex-1.0+mhxx-save-format-community+mhxx-romfs-native-table,7,0
564,Kushala Glare R,Kushala Glare R,mhxx-romfs-game-array+mhxx-dex-1.0+mhxx-save-format-community+mhxx-romfs-native-table,7,0
565,Kushala Snarl R,Kushala Snarl R,mhxx-romfs-game-array+mhxx-dex-1.0+mhxx-save-format-community+mhxx-romfs-native-table,7,1
566,Mizuha Cap S,Mizuha Cap S,mhxx-romfs-game-array+mhxx-dex-1.0+mhxx-save-format-community+mhxx-romfs-native-table,7,2
567,Cham Hat S,Cham Hat S,mhxx-romfs-game-array+mhxx-dex-1.0+mhxx-save-format-community+mhxx-romfs-native-table,7,2
568,EX Mizuha Cap,EX Mizuha Cap,mhxx-romfs-game-array+mhxx-dex-1.0+mhxx-save-format-community+mhxx-romfs-native-table,7,0
569,EX Cham Hat,EX Cham Hat,mhxx-romfs-game-array+mhxx-dex-1.0+mhxx-save-format-community+mhxx-romfs-native-table,7,0
570,Kaiser Crown S,Kaiser Crown S,mhxx-romfs-game-array+mhxx-dex-1.0+mhxx-save-format-community+mhxx-romfs-native-table,7,0
571,Kaiser Mask S,Kaiser Mask S,mhxx-romfs-game-array+mhxx-dex-1.0+mhxx-save-format-community+mhxx-romfs-native-table,7,0
572,EX Kaiser Crown,EX Kaiser Crown,mhxx-romfs-game-array+mhxx-dex-1.0+mhxx-save-format-community+mhxx-romfs-native-table,7,0
573,EX Kaiser Mask,EX Kaiser Mask,mhxx-romfs-game-array+mhxx-dex-1.0+mhxx-save-format-community+mhxx-romfs-native-table,7,0
574,Silver Solhelm,Silver Solhelm,mhxx-romfs-game-array+mhxx-dex-1.0+mhxx-save-format-community+mhxx-romfs-native-table,7,1
575,Silver Solcap,Silver Solcap,mhxx-romfs-game-array+mhxx-dex-1.0+mhxx-save-format-community+mhxx-romfs-native-table,7,1
576,EX Silver Solhelm,EX Silver Solhelm,mhxx-romfs-game-array+mhxx-dex-1.0+mhxx-save-format-community+mhxx-romfs-native-table,7,0
577,EX Silver Solcap,EX Silver Solcap,mhxx-romfs-game-array+mhxx-dex-1.0+mhxx-save-format-community+mhxx-romfs-native-table,7,0
578,Silver Solhelm R,Silver Solhelm R,mhxx-romfs-game-array+mhxx-dex-1.0+mhxx-save-format-community+mhxx-romfs-native-table,7,0
579,Silver Solcap R,Silver Solcap R,mhxx-romfs-game-array+mhxx-dex-1.0+mhxx-save-format-community+mhxx-romfs-native-table,7,0
580,Golden Lunehelm,Golden Lunehelm,mhxx-romfs-game-array+mhxx-dex-1.0+mhxx-save-format-community+mhxx-romfs-native-table,7,0
581,Golden Lunecap,Golden Lunecap,mhxx-romfs-game-array+mhxx-dex-1.0+mhxx-save-format-community+mhxx-romfs-native-table,7,0
582,EX Golden Lunehelm,EX Golden Lunehelm,mhxx-romfs-game-array+mhxx-dex-1.0+mhxx-save-format-community+mhxx-romfs-native-table,7,0
583,EX Golden Lunecap,EX Golden Lunecap,mhxx-romfs-game-array+mhxx-dex-1.0+mhxx-save-format-community+mhxx-romfs-native-table,7,0
584,Divine Ire Headdress,Divine Ire Headdress,mhxx-romfs-game-array+mhxx-dex-1.0+mhxx-save-format-community+mhxx-romfs-native-table,7,0
585,Crusher Mask,Crusher Mask,mhxx-romfs-game-array+mhxx-dex-1.0+mhxx-save-format-community+mhxx-romfs-native-table,7,0
586,Esurient Helm,Esurient Helm,mhxx-romfs-game-array+mhxx-dex-1.0+mhxx-save-format-community+mhxx-romfs-native-table,7,0
587,Esurient Cap,Esurient Cap,mhxx-romfs-game-array+mhxx-dex-1.0+mhxx-save-format-community+mhxx-romfs-native-table,7,1
588,Esurient Helm R,Esurient Helm R,mhxx-romfs-game-array+mhxx-dex-1.0+mhxx-save-format-community+mhxx-romfs-native-table,7,3
589,Esurient Cap R,Esurient Cap R,mhxx-romfs-game-array+mhxx-dex-1.0+mhxx-save-format-community+mhxx-romfs-native-table,7,3
590,Akantor Mask,Akantor Mask,mhxx-romfs-game-array+mhxx-dex-1.0+mhxx-save-format-community+mhxx-romfs-native-table,7,0
591,Akantor Fangs,Akantor Fangs,mhxx-romfs-game-array+mhxx-dex-1.0+mhxx-save-format-community+mhxx-romfs-native-table,7,0
592,Akantor Mask R,Akantor Mask R,mhxx-romfs-game-array+mhxx-dex-1.0+mhxx-save-format-community+mhxx-romfs-native-table,7,1
593,Akantor Fangs R,Akantor Fangs R,mhxx-romfs-game-array+mhxx-dex-1.0+mhxx-save-format-community+mhxx-romfs-native-table,7,1
594,Ukanlos Mask,Ukanlos Mask,mhxx-romfs-game-array+mhxx-dex-1.0+mhxx-save-format-community+mhxx-romfs-native-table,7,0
595,Ukanlos Fangs,Ukanlos Fangs,mhxx-romfs-game-array+mhxx-dex-1.0+mhxx-save-format-community+mhxx-romfs-native-table,7,0
596,Tempest Crown,Tempest Crown,mhxx-romfs-game-array+mhxx-dex-1.0+mhxx-save-format-community+mhxx-romfs-native-table,7,0
597,Welkin Crown,Welkin Crown,mhxx-romfs-game-array+mhxx-dex-1.0+mhxx-save-format-community+mhxx-romfs-native-table,7,0
598,Tempest Crown R,Tempest Crown R,mhxx-romfs-game-array+mhxx-dex-1.0+mhxx-save-format-community+mhxx-romfs-native-table,7,1
599,Welkin Crown R,Welkin Crown R,mhxx-romfs-game-array+mhxx-dex-1.0+mhxx-save-format-community+mhxx-romfs-native-table,7,1
600,Skeletal Skull R,Skeletal Skull R,mhxx-romfs-game-array+mhxx-dex-1.0+mhxx-save-format-community+mhxx-romfs-native-table,7,1
601,Decayed Skull R,Decayed Skull R,mhxx-romfs-game-array+mhxx-dex-1.0+mhxx-save-format-community+mhxx-romfs-native-table,7,1
602,Astral Helm,Astral Helm,mhxx-romfs-game-array+mhxx-dex-1.0+mhxx-save-format-community+mhxx-romfs-native-table,7,1
603,Astral Mask,Astral Mask,mhxx-romfs-game-array+mhxx-dex-1.0+mhxx-save-format-community+mhxx-romfs-native-table,7,1
604,Escadora Wisdom,Escadora Wisdom,mhxx-romfs-game-array+mhxx-dex-1.0+mhxx-save-format-community+mhxx-romfs-native-table,7,0
605,Escadora Sagesse,Escadora Sagesse,mhxx-romfs-game-array+mhxx-dex-1.0+mhxx-save-format-community+mhxx-romfs-native-table,7,0
606,Escadora Wisdom R,Escadora Wisdom R,mhxx-romfs-game-array+mhxx-dex-1.0+mhxx-save-format-community+mhxx-romfs-native-table,7,1
607,Escadora Sagesse R,Escadora Sagesse R,mhxx-romfs-game-array+mhxx-dex-1.0+mhxx-save-format-community+mhxx-romfs-native-table,7,1
609,Dragonlord's Gaze,Dragonlord's Gaze,mhxx-romfs-game-array+mhxx-dex-1.0+mhxx-save-format-community+mhxx-romfs-native-table,7,0
610,Takami Feather,Takami Feather,mhxx-romfs-game-array+mhxx-dex-1.0+mhxx-save-format-community+mhxx-romfs-native-table,7,0
611,Hayabusa Feather,Hayabusa Feather,mhxx-romfs-game-array+mhxx-dex-1.0+mhxx-save-format-community+mhxx-romfs-native-table,7,0
612,Kakuju Feather,Kakuju Feather,mhxx-romfs-game-array+mhxx-dex-1.0+mhxx-save-format-community+mhxx-romfs-native-table,7,0
613,Sword Saint Earring,Sword Saint Earring,mhxx-romfs-game-array+mhxx-dex-1.0+mhxx-save-format-community+mhxx-romfs-native-table,7,0
614,Barrage Earring,Barrage Earring,mhxx-romfs-game-array+mhxx-dex-1.0+mhxx-save-format-community+mhxx-romfs-native-table,7,0
615,Strange Helm,Strange Helm,mhxx-romfs-game-array+mhxx-dex-1.0+mhxx-save-format-community+mhxx-romfs-native-table,5,0
616,Strange Cap,Strange Cap,mhxx-romfs-game-array+mhxx-dex-1.0+mhxx-save-format-community+mhxx-romfs-native-table,5,0
617,Redhelm Helm,Redhelm Helm,mhxx-romfs-game-array+mhxx-dex-1.0+mhxx-save-format-community+mhxx-romfs-native-table,11,0
618,Redhelm Cap,Redhelm Cap,mhxx-romfs-game-array+mhxx-dex-1.0+mhxx-save-format-community+mhxx-romfs-native-table,11,0
619,Snowbaron Helm,Snowbaron Helm,mhxx-romfs-game-array+mhxx-dex-1.0+mhxx-save-format-community+mhxx-romfs-native-table,11,0
620,Snowbaron Cap,Snowbaron Cap,mhxx-romfs-game-array+mhxx-dex-1.0+mhxx-save-format-community+mhxx-romfs-native-table,11,0
621,Stonefist Helm,Stonefist Helm,mhxx-romfs-game-array+mhxx-dex-1.0+mhxx-save-format-community+mhxx-romfs-native-table,11,0
622,Stonefist Cap,Stonefist Cap,mhxx-romfs-game-array+mhxx-dex-1.0+mhxx-save-format-community+mhxx-romfs-native-table,11,0
623,Dreadqueen Helm,Dreadqueen Helm,mhxx-romfs-game-array+mhxx-dex-1.0+mhxx-save-format-community+mhxx-romfs-native-table,11,0
624,Dreadqueen Cap,Dreadqueen Cap,mhxx-romfs-game-array+mhxx-dex-1.0+mhxx-save-format-community+mhxx-romfs-native-table,11,0
625,Drilltusk Helm,Drilltusk Helm,mhxx-romfs-game-array+mhxx-dex-1.0+mhxx-save-format-community+mhxx-romfs-native-table,11,0
626,Drilltusk Cap,Drilltusk Cap,mhxx-romfs-game-array+mhxx-dex-1.0+mhxx-save-format-community+mhxx-romfs-native-table,11,0
627,Silverwind Helm,Silverwind Helm,mhxx-romfs-game-array+mhxx-dex-1.0+mhxx-save-format-community+mhxx-romfs-native-table,11,0
628,Silverwind Cap,Silverwind Cap,mhxx-romfs-game-array+mhxx-dex-1.0+mhxx-save-format-community+mhxx-romfs-native-table,11,0
629,Crystalbeard Helm,Crystalbeard Helm,mhxx-romfs-game-array+mhxx-dex-1.0+mhxx-save-format-community+mhxx-romfs-native-table,11,0
630,Crystalbeard Cap,Crystalbeard Cap,mhxx-romfs-game-array+mhxx-dex-1.0+mhxx-save-format-community+mhxx-romfs-native-table,11,0
631,Deadeye Helm,Deadeye Helm,mhxx-romfs-game-array+mhxx-dex-1.0+mhxx-save-format-community+mhxx-romfs-native-table,11,0
632,Deadeye Cap,Deadeye Cap,mhxx-romfs-game-array+mhxx-dex-1.0+mhxx-save-format-community+mhxx-romfs-native-table,11,0
633,Dreadking Helm,Dreadking Helm,mhxx-romfs-game-array+mhxx-dex-1.0+mhxx-save-format-community+mhxx-romfs-native-table,11,0
634,Dreadking Cap,Dreadking Cap,mhxx-romfs-game-array+mhxx-dex-1.0+mhxx-save-format-community+mhxx-romfs-native-table,11,0
635,Thunderlord Helm,Thunderlord Helm,mhxx-romfs-game-array+mhxx-dex-1.0+mhxx-save-format-community+mhxx-romfs-native-table,11,0
636,Thunderlord Cap,Thunderlord Cap,mhxx-romfs-game-array+mhxx-dex-1.0+mhxx-save-format-community+mhxx-romfs-native-table,11,0
637,Grimclaw Helm,Grimclaw Helm,mhxx-romfs-game-array+mhxx-dex-1.0+mhxx-save-format-community+mhxx-romfs-native-table,11,0
638,Grimclaw Cap,Grimclaw Cap,mhxx-romfs-game-array+mhxx-dex-1.0+mhxx-save-format-community+mhxx-romfs-native-table,11,0
639,Hellblade Helm,Hellblade Helm,mhxx-romfs-game-array+mhxx-dex-1.0+mhxx-save-format-community+mhxx-romfs-native-table,11,0
640,Hellblade Cap,Hellblade Cap,mhxx-romfs-game-array+mhxx-dex-1.0+mhxx-save-format-community+mhxx-romfs-native-table,11,0
641,Shadow Shades,Shadow Shades,mhxx-romfs-game-array+mhxx-dex-1.0+mhxx-save-format-community+mhxx-romfs-native-table,5,2
644,Ushio's Cut,Ushio's Cut,mhxx-romfs-game-array+mhxx-dex-1.0+mhxx-save-format-community+mhxx-romfs-native-table,7,0
645,Ushio's Hair,Ushio's Hair,mhxx-romfs-game-array+mhxx-dex-1.0+mhxx-save-format-community+mhxx-romfs-native-table,7,1
658,Bristling Mane,Bristling Mane,mhxx-romfs-game-array+mhxx-dex-1.0+mhxx-save-format-community+mhxx-romfs-native-table,7,0
659,Terrifying Mane,Terrifying Mane,mhxx-romfs-game-array+mhxx-dex-1.0+mhxx-save-format-community+mhxx-romfs-native-table,7,1
660,Champion's Hair,Champion's Hair,mhxx-romfs-game-array+mhxx-dex-1.0+mhxx-save-format-community+mhxx-romfs-native-table,7,0
661,Strongman's Hair,Strongman's Hair,mhxx-romfs-game-array+mhxx-dex-1.0+mhxx-save-format-community+mhxx-romfs-native-table,7,0
662,Zodias Helm,Zodias Helm,mhxx-romfs-game-array+mhxx-dex-1.0+mhxx-save-format-community+mhxx-romfs-native-table,7,0
663,Zodias Cap,Zodias Cap,mhxx-romfs-game-array+mhxx-dex-1.0+mhxx-save-format-community+mhxx-romfs-native-table,7,0
664,Pirate Hat J,Pirate Hat J,mhxx-romfs-game-array+mhxx-dex-1.0+mhxx-save-format-community+mhxx-romfs-native-table,6,0
665,Pirate Roger J,Pirate Roger J,mhxx-romfs-game-array+mhxx-dex-1.0+mhxx-save-format-community+mhxx-romfs-native-table,6,0
666,Buccaneer Hat J,Buccaneer Hat J,mhxx-romfs-game-array+mhxx-dex-1.0+mhxx-save-format-community+mhxx-romfs-native-table,6,0
667,Buccaneer Roger J,Buccaneer Roger J,mhxx-romfs-game-array+mhxx-dex-1.0+mhxx-save-format-community+mhxx-romfs-native-table,6,0
668,Dynaqlo Beanie,Dynaqlo Beanie,mhxx-romfs-game-array+mhxx-dex-1.0+mhxx-save-format-community+mhxx-romfs-native-table,6,1
669,Dynaqlo Headphones,Dynaqlo Headphones,mhxx-romfs-game-array+mhxx-dex-1.0+mhxx-save-format-community+mhxx-romfs-native-table,6,1
670,Promising Helm,Promising Helm,mhxx-romfs-game-array+mhxx-save-format-community+mhxx-romfs-native-table,0,1
671,Halcyon Helm,Halcyon Helm,mhxx-romfs-game-array+mhxx-save-format-community+mhxx-romfs-native-table,0,1
672,Blue Star Lobos,Blue Star Lobos,mhxx-romfs-game-array+mhxx-save-format-community+mhxx-romfs-native-table,0,2
673,Blue Star Hat,Blue Star Hat,mhxx-romfs-game-array+mhxx-save-format-community+mhxx-romfs-native-table,0,2
674,Star Rook Helm,Star Rook Helm,mhxx-romfs-game-array+mhxx-save-format-community+mhxx-romfs-native-table,0,0
675,Star Rook Cap,Star Rook Cap,mhxx-romfs-game-array+mhxx-save-format-community+mhxx-romfs-native-table,0,0
676,Star Knight Helm,Star Knight Helm,mhxx-romfs-game-array+mhxx-save-format-community+mhxx-romfs-native-table,0,0
677,Star Knight Cap,Star Knight Cap,mhxx-romfs-game-array+mhxx-save-format-community+mhxx-romfs-native-table,0,1
678,Nisetama Mask,Nisetama Mask,mhxx-romfs-game-array+mhxx-save-format-community+mhxx-romfs-native-table,0,0
679,Nisetama Hood,Nisetama Hood,mhxx-romfs-game-array+mhxx-save-format-community+mhxx-romfs-native-table,0,0
680,Nisetama Mask S,Nisetama Mask S,mhxx-romfs-game-array+mhxx-save-format-community+mhxx-romfs-native-table,0,0
681,Nisetama Hood S,Nisetama Hood S,mhxx-romfs-game-array+mhxx-save-format-community+mhxx-romfs-native-table,0,0
682,Hero's Hat,Hero's Hat,mhxx-romfs-game-array+mhxx-dex-1.0+mhxx-save-format-community+mhxx-romfs-native-table,7,1
683,Hero's Cap,Hero's Cap,mhxx-romfs-game-array+mhxx-dex-1.0+mhxx-save-format-community+mhxx-romfs-native-table,7,1
684,Varia Suit Visor,Varia Suit Visor,mhxx-romfs-game-array+mhxx-dex-1.0+mhxx-save-format-community+mhxx-romfs-native-table,6,0
685,Varia Suit Scope,Varia Suit Scope,mhxx-romfs-game-array+mhxx-dex-1.0+mhxx-save-format-community+mhxx-romfs-native-table,6,1
686,Zero Suit Ponytail,Zero Suit Ponytail,mhxx-romfs-game-array+mhxx-dex-1.0+mhxx-save-format-community+mhxx-romfs-native-table,6,0
687,Zero Suit Hairpiece,Zero Suit Hairpiece,mhxx-romfs-game-array+mhxx-dex-1.0+mhxx-save-format-community+mhxx-romfs-native-table,6,1
688,Helm of Rage,Helm of Rage,mhxx-romfs-game-array+mhxx-dex-1.0+mhxx-save-format-community+mhxx-romfs-native-table,7,0
689,Cap of Rage,Cap of Rage,mhxx-romfs-game-array+mhxx-dex-1.0+mhxx-save-format-community+mhxx-romfs-native-table,7,0
690,Helm of Anat,Helm of Anat,mhxx-romfs-game-array+mhxx-dex-1.0+mhxx-save-format-community+mhxx-romfs-native-table,7,0
691,Cap of Anat,Cap of Anat,mhxx-romfs-game-array+mhxx-dex-1.0+mhxx-save-format-community+mhxx-romfs-native-table,7,0
694,Mosgharl Vizor,Mosgharl Vizor,mhxx-romfs-game-array+mhxx-dex-1.0+mhxx-save-format-community+mhxx-romfs-native-table,2,0
695,Mosgharl Brim,Mosgharl Brim,mhxx-romfs-game-array+mhxx-dex-1.0+mhxx-save-format-community+mhxx-romfs-native-table,2,0
696,Gammoth Helm,Gammoth Helm,mhxx-romfs-game-array+mhxx-dex-1.0+mhxx-save-format-community+mhxx-romfs-native-table,3,2
697,Gammoth Cap,Gammoth Cap,mhxx-romfs-game-array+mhxx-dex-1.0+mhxx-save-format-community+mhxx-romfs-native-table,3,2
698,Gourmew Toque,Gourmew Toque,mhxx-romfs-game-array+mhxx-dex-1.0+mhxx-save-format-community+mhxx-romfs-native-table,3,3
699,Gourmew Cap,Gourmew Cap,mhxx-romfs-game-array+mhxx-dex-1.0+mhxx-save-format-community+mhxx-romfs-native-table,3,3
700,Leather Cap S,Leather Cap S,mhxx-romfs-game-array+mhxx-dex-1.0+mhxx-save-format-community+mhxx-romfs-native-table,4,1
701,Chainmail Cap S,Chainmail Cap S,mhxx-romfs-game-array+mhxx-dex-1.0+mhxx-save-format-community+mhxx-romfs-native-table,4,3
702,Mosgharl Vizor S,Mosgharl Vizor S,mhxx-romfs-game-array+mhxx-dex-1.0+mhxx-save-format-community+mhxx-romfs-native-table,4,0
703,Mosgharl Brim S,Mosgharl Brim S,mhxx-romfs-game-array+mhxx-dex-1.0+mhxx-save-format-community+mhxx-romfs-native-table,4,0
704,Gammoth Helm S,Gammoth Helm S,mhxx-romfs-game-array+mhxx-dex-1.0+mhxx-save-format-community+mhxx-romfs-native-table,6,2
705,Gammoth Cap S,Gammoth Cap S,mhxx-romfs-game-array+mhxx-dex-1.0+mhxx-save-format-community+mhxx-romfs-native-table,6,2
706,Blue Guild Tricorne,Blue Guild Tricorne,mhxx-romfs-game-array+mhxx-dex-1.0+mhxx-save-format-community+mhxx-romfs-native-table,6,1
707,Blue Guild Piercing,Blue Guild Piercing,mhxx-romfs-game-array+mhxx-dex-1.0+mhxx-save-format-community+mhxx-romfs-native-table,6,1
708,Red Guild Tricorne,Red Guild Tricorne,mhxx-romfs-game-array+mhxx-dex-1.0+mhxx-save-format-community+mhxx-romfs-native-table,6,1
709,Red Guild Piercing,Red Guild Piercing,mhxx-romfs-game-array+mhxx-dex-1.0+mhxx-save-format-community+mhxx-romfs-native-table,6,1
710,Gourmew Toque S,Gourmew Toque S,mhxx-romfs-game-array+mhxx-dex-1.0+mhxx-save-format-community+mhxx-romfs-native-table,6,3
711,Gourmew Cap S,Gourmew Cap S,mhxx-romfs-game-array+mhxx-dex-1.0+mhxx-save-format-community+mhxx-romfs-native-table,6,3
712,Promising Archhelm,Promising Archhelm,mhxx-romfs-game-array+mhxx-save-format-community+mhxx-romfs-native-table,0,1
713,Halcyon Archhelm,Halcyon Archhelm,mhxx-romfs-game-array+mhxx-save-format-community+mhxx-romfs-native-table,0,1
714,Lucid Crown,Lucid Crown,mhxx-romfs-game-array+mhxx-save-format-community+mhxx-romfs-native-table,0,1
715,Dreamy Crown,Dreamy Crown,mhxx-romfs-game-array+mhxx-save-format-community+mhxx-romfs-native-table,0,1
716,Lucid Miter,Lucid Miter,mhxx-romfs-game-array+mhxx-save-format-community+mhxx-romfs-native-table,0,1
717,Dreamy Miter,Dreamy Miter,mhxx-romfs-game-array+mhxx-save-format-community+mhxx-romfs-native-table,0,1
718,Conga Helm,Conga Helm,mhxx-romfs-game-array+mhxx-dex-1.0+mhxx-save-format-community+mhxx-romfs-native-table,4,0
719,Conga Cap,Conga Cap,mhxx-romfs-game-array+mhxx-dex-1.0+mhxx-save-format-community+mhxx-romfs-native-table,4,1
720,Giaprey Head,Giaprey Head,mhxx-romfs-game-array+mhxx-dex-1.0+mhxx-save-format-community+mhxx-romfs-native-table,4,0
721,Giaprey Face,Giaprey Face,mhxx-romfs-game-array+mhxx-dex-1.0+mhxx-save-format-community+mhxx-romfs-native-table,4,0
722,Barroth Helm,Barroth Helm,mhxx-romfs-game-array+mhxx-dex-1.0+mhxx-save-format-community+mhxx-romfs-native-table,4,1
723,Barroth Cap,Barroth Cap,mhxx-romfs-game-array+mhxx-dex-1.0+mhxx-save-format-community+mhxx-romfs-native-table,4,1
724,Basarios Helm,Basarios Helm,mhxx-romfs-game-array+mhxx-dex-1.0+mhxx-save-format-community+mhxx-romfs-native-table,5,2
725,Basarios Cap,Basarios Cap,mhxx-romfs-game-array+mhxx-dex-1.0+mhxx-save-format-community+mhxx-romfs-native-table,5,2
726,Nerscylla Helm,Nerscylla Helm,mhxx-romfs-game-array+mhxx-dex-1.0+mhxx-save-format-community+mhxx-romfs-native-table,5,1
727,Nerscylla Cap,Nerscylla Cap,mhxx-romfs-game-array+mhxx-dex-1.0+mhxx-save-format-community+mhxx-romfs-native-table,5,1
728,Barioth Helm,Barioth Helm,mhxx-romfs-game-array+mhxx-dex-1.0+mhxx-save-format-community+mhxx-romfs-native-table,6,0
729,Barioth Cap,Barioth Cap,mhxx-romfs-game-array+mhxx-dex-1.0+mhxx-save-format-community+mhxx-romfs-native-table,6,0
730,Gravios Helm,Gravios Helm,mhxx-romfs-game-array+mhxx-dex-1.0+mhxx-save-format-community+mhxx-romfs-native-table,6,1
731,Gravios Cap,Gravios Cap,mhxx-romfs-game-array+mhxx-dex-1.0+mhxx-save-format-community+mhxx-romfs-native-table,6,1
732,Cheerful Head,Cheerful Head,mhxx-romfs-game-array+mhxx-dex-1.0+mhxx-save-format-community+mhxx-romfs-native-table,7,1
733,Cheerful Cap,Cheerful Cap,mhxx-romfs-game-array+mhxx-dex-1.0+mhxx-save-format-community+mhxx-romfs-native-table,7,1
734,Mariner Hood,Mariner Hood,mhxx-romfs-game-array+mhxx-dex-1.0+mhxx-save-format-community+mhxx-romfs-native-table,7,1
735,Mariner Cap,Mariner Cap,mhxx-romfs-game-array+mhxx-dex-1.0+mhxx-save-format-community+mhxx-romfs-native-table,7,1
736,Jaggi Mask,Jaggi Mask,mhxx-romfs-game-array+mhxx-dex-1.0+mhxx-save-format-community+mhxx-romfs-native-table,5,0
738,Diablos Helm,Diablos Helm,mhxx-romfs-game-array+mhxx-dex-1.0+mhxx-save-format-community+mhxx-romfs-native-table,7,1
739,Diablos Cap,Diablos Cap,mhxx-romfs-game-array+mhxx-dex-1.0+mhxx-save-format-community+mhxx-romfs-native-table,7,1
740,Diablos Helm R,Diablos Helm R,mhxx-romfs-game-array+mhxx-dex-1.0+mhxx-save-format-community+mhxx-romfs-native-table,7,2
741,Diablos Cap R,Diablos Cap R,mhxx-romfs-game-array+mhxx-dex-1.0+mhxx-save-format-community+mhxx-romfs-native-table,7,2
742,Valstrax Helm,Valstrax Helm,mhxx-romfs-game-array+mhxx-dex-1.0+mhxx-save-format-community+mhxx-romfs-native-table,7,0
743,Valstrax Cap,Valstrax Cap,mhxx-romfs-game-array+mhxx-dex-1.0+mhxx-save-format-community+mhxx-romfs-native-table,7,0
744,Wisdom Head,Wisdom Head,mhxx-romfs-game-array+mhxx-dex-1.0+mhxx-save-format-community+mhxx-romfs-native-table,7,1
745,Wisdom Hat,Wisdom Hat,mhxx-romfs-game-array+mhxx-dex-1.0+mhxx-save-format-community+mhxx-romfs-native-table,7,1
746,Flame Earring,Flame Earring,mhxx-romfs-game-array+mhxx-dex-1.0+mhxx-save-format-community+mhxx-romfs-native-table,7,1
747,Shock Earring,Shock Earring,mhxx-romfs-game-array+mhxx-dex-1.0+mhxx-save-format-community+mhxx-romfs-native-table,7,1
748,Ice Earring,Ice Earring,mhxx-romfs-game-array+mhxx-dex-1.0+mhxx-save-format-community+mhxx-romfs-native-table,7,1
749,Water Earring,Water Earring,mhxx-romfs-game-array+mhxx-dex-1.0+mhxx-save-format-community+mhxx-romfs-native-table,7,1
750,Comet Earring,Comet Earring,mhxx-romfs-game-array+mhxx-dex-1.0+mhxx-save-format-community+mhxx-romfs-native-table,7,1
751,Bherna Turban X,Bherna Turban X,mhxx-romfs-game-array+mhxx-dex-1.0+mhxx-save-format-community+mhxx-romfs-native-table,8,1
752,Bherna Cap X,Bherna Cap X,mhxx-romfs-game-array+mhxx-dex-1.0+mhxx-save-format-community+mhxx-romfs-native-table,8,2
753,Hunting Helm X,Hunting Helm X,mhxx-romfs-game-array+mhxx-dex-1.0+mhxx-save-format-community+mhxx-romfs-native-table,8,2
754,Hunting Cap X,Hunting Cap X,mhxx-romfs-game-array+mhxx-dex-1.0+mhxx-save-format-community+mhxx-romfs-native-table,8,2
755,Mafumofu Hood X,Mafumofu Hood X,mhxx-romfs-game-array+mhxx-dex-1.0+mhxx-save-format-community+mhxx-romfs-native-table,8,2
756,Mafumofu Cap X,Mafumofu Cap X,mhxx-romfs-game-array+mhxx-dex-1.0+mhxx-save-format-community+mhxx-romfs-native-table,8,2
757,Yukumo Sky Kasa Goku,Yukumo Sky Kasa Goku,mhxx-romfs-game-array+mhxx-dex-1.0+mhxx-save-format-community+mhxx-romfs-native-table,8,1
758,Yukumo Land Kasa Goku,Yukumo Land Kasa Goku,mhxx-romfs-game-array+mhxx-dex-1.0+mhxx-save-format-community+mhxx-romfs-native-table,8,1
759,Slagtoth Hood X,Slagtoth Hood X,mhxx-romfs-game-array+mhxx-dex-1.0+mhxx-save-format-community+mhxx-romfs-native-table,8,1
760,Slagtoth Cowl X,Slagtoth Cowl X,mhxx-romfs-game-array+mhxx-dex-1.0+mhxx-save-format-community+mhxx-romfs-native-table,8,1
761,Larinoth Mask X,Larinoth Mask X,mhxx-romfs-game-array+mhxx-dex-1.0+mhxx-save-format-community+mhxx-romfs-native-table,8,1
762,Gargwa Mask X,Gargwa Mask X,mhxx-romfs-game-array+mhxx-dex-1.0+mhxx-save-format-community+mhxx-romfs-native-table,8,1
763,Velociprey Head X,Velociprey Head X,mhxx-romfs-game-array+mhxx-dex-1.0+mhxx-save-format-community+mhxx-romfs-native-table,8,1
764,Velociprey Mask X,Velociprey Mask X,mhxx-romfs-game-array+mhxx-dex-1.0+mhxx-save-format-community+mhxx-romfs-native-table,8,1
765,Genprey Head X,Genprey Head X,mhxx-romfs-game-array+mhxx-dex-1.0+mhxx-save-format-community+mhxx-romfs-native-table,8,1
766,Genprey Mask X,Genprey Mask X,mhxx-romfs-game-array+mhxx-dex-1.0+mhxx-save-format-community+mhxx-romfs-native-table,8,1
767,Ioprey Head X,Ioprey Head X,mhxx-romfs-game-array+mhxx-dex-1.0+mhxx-save-format-community+mhxx-romfs-native-table,8,1
768,Ioprey Mask X,Ioprey Mask X,mhxx-romfs-game-array+mhxx-dex-1.0+mhxx-save-format-community+mhxx-romfs-native-table,8,1
769,Remobra Headgear X,Remobra Headgear X,mhxx-romfs-game-array+mhxx-dex-1.0+mhxx-save-format-community+mhxx-romfs-native-table,8,1
770,Remobra Mask X,Remobra Mask X,mhxx-romfs-game-array+mhxx-dex-1.0+mhxx-save-format-community+mhxx-romfs-native-table,8,1
773,Mosswine Mask X,Mosswine Mask X,mhxx-romfs-game-array+mhxx-dex-1.0+mhxx-save-format-community+mhxx-romfs-native-table,8,1
774,Rhenoplos Helm X,Rhenoplos Helm X,mhxx-romfs-game-array+mhxx-dex-1.0+mhxx-save-format-community+mhxx-romfs-native-table,8,1
775,Rhenoplos Cap X,Rhenoplos Cap X,mhxx-romfs-game-array+mhxx-dex-1.0+mhxx-save-format-community+mhxx-romfs-native-table,8,1
776,Jaggi Helm X,Jaggi Helm X,mhxx-romfs-game-array+mhxx-dex-1.0+mhxx-save-format-community+mhxx-romfs-native-table,8,0
777,Jaggi Cap X,Jaggi Cap X,mhxx-romfs-game-array+mhxx-dex-1.0+mhxx-save-format-community+mhxx-romfs-native-table,8,0
778,Jaggi Mask X,Jaggi Mask X,mhxx-romfs-game-array+mhxx-dex-1.0+mhxx-save-format-community+mhxx-romfs-native-table,8,0
784,Maccao Helm X,Maccao Helm X,mhxx-romfs-game-array+mhxx-dex-1.0+mhxx-save-format-community+mhxx-romfs-native-table,8,1
785,Maccao Cap X,Maccao Cap X,mhxx-romfs-game-array+mhxx-dex-1.0+mhxx-save-format-community+mhxx-romfs-native-table,8,1
786,Velociprey Helm X,Velociprey Helm X,mhxx-romfs-game-array+mhxx-dex-1.0+mhxx-save-format-community+mhxx-romfs-native-table,8,1
787,Velociprey Cap X,Velociprey Cap X,mhxx-romfs-game-array+mhxx-dex-1.0+mhxx-save-format-community+mhxx-romfs-native-table,8,1
788,Giaprey Helm X,Giaprey Helm X,mhxx-romfs-game-array+mhxx-dex-1.0+mhxx-save-format-community+mhxx-romfs-native-table,8,1
789,Giaprey Cap X,Giaprey Cap X,mhxx-romfs-game-array+mhxx-dex-1.0+mhxx-save-format-community+mhxx-romfs-native-table,8,1
790,Genprey Helm X,Genprey Helm X,mhxx-romfs-game-array+mhxx-dex-1.0+mhxx-save-format-community+mhxx-romfs-native-table,8,2
791,Genprey Cap X,Genprey Cap X,mhxx-romfs-game-array+mhxx-dex-1.0+mhxx-save-format-community+mhxx-romfs-native-table,8,2
792,Ioprey Helm X,Ioprey Helm X,mhxx-romfs-game-array+mhxx-dex-1.0+mhxx-save-format-community+mhxx-romfs-native-table,8,2
793,Ioprey Cap X,Ioprey Cap X,mhxx-romfs-game-array+mhxx-dex-1.0+mhxx-save-format-community+mhxx-romfs-native-table,8,2
794,Vespoid Helm X,Vespoid Helm X,mhxx-romfs-game-array+mhxx-dex-1.0+mhxx-save-format-community+mhxx-romfs-native-table,8,3
795,Vespoid Cap X,Vespoid Cap X,mhxx-romfs-game-array+mhxx-dex-1.0+mhxx-save-format-community+mhxx-romfs-native-table,8,3
796,Hornetaur Helm X,Hornetaur Helm X,mhxx-romfs-game-array+mhxx-dex-1.0+mhxx-save-format-community+mhxx-romfs-native-table,8,1
797,Hornetaur Cap X,Hornetaur Cap X,mhxx-romfs-game-array+mhxx-dex-1.0+mhxx-save-format-community+mhxx-romfs-native-table,8,1
798,Bnahabra Hat X,Bnahabra Hat X,mhxx-romfs-game-array+mhxx-dex-1.0+mhxx-save-format-community+mhxx-romfs-native-table,8,2
799,Bnahabra Headpiece X,Bnahabra Headpiece X,mhxx-romfs-game-array+mhxx-dex-1.0+mhxx-save-format-community+mhxx-romfs-native-table,8,2
800,Konchu Helm X,Konchu Helm X,mhxx-romfs-game-array+mhxx-dex-1.0+mhxx-save-format-community+mhxx-romfs-native-table,8,2
801,Konchu Cap X,Konchu Cap X,mhxx-romfs-game-array+mhxx-dex-1.0+mhxx-save-format-community+mhxx-romfs-native-table,8,2
802,Bulldrome Helm X,Bulldrome Helm X,mhxx-romfs-game-array+mhxx-dex-1.0+mhxx-save-format-community+mhxx-romfs-native-table,8,1
803,Bulldrome Cap X,Bulldrome Cap X,mhxx-romfs-game-array+mhxx-dex-1.0+mhxx-save-format-community+mhxx-romfs-native-table,8,1
804,Bullfango Mask X,Bullfango Mask X,mhxx-romfs-game-array+mhxx-dex-1.0+mhxx-save-format-community+mhxx-romfs-native-table,8,0
805,Arzuros Helm X,Arzuros Helm X,mhxx-romfs-game-array+mhxx-dex-1.0+mhxx-save-format-community+mhxx-romfs-native-table,8,2
806,Arzuros Cap X,Arzuros Cap X,mhxx-romfs-game-array+mhxx-dex-1.0+mhxx-save-format-community+mhxx-romfs-native-table,8,2
807,Cephalos Helm X,Cephalos Helm X,mhxx-romfs-game-array+mhxx-dex-1.0+mhxx-save-format-community+mhxx-romfs-native-table,8,1
808,Cephalos Cap X,Cephalos Cap X,mhxx-romfs-game-array+mhxx-dex-1.0+mhxx-save-format-community+mhxx-romfs-native-table,8,1
809,Kut-Ku Helm X,Kut-Ku Helm X,mhxx-romfs-game-array+mhxx-dex-1.0+mhxx-save-format-community+mhxx-romfs-native-table,8,1
810,Kut-Ku Cap X,Kut-Ku Cap X,mhxx-romfs-game-array+mhxx-dex-1.0+mhxx-save-format-community+mhxx-romfs-native-table,8,1
811,Kecha Helm X,Kecha Helm X,mhxx-romfs-game-array+mhxx-dex-1.0+mhxx-save-format-community+mhxx-romfs-native-table,8,0
812,Kecha Cap X,Kecha Cap X,mhxx-romfs-game-array+mhxx-dex-1.0+mhxx-save-format-community+mhxx-romfs-native-table,8,0
813,Lagombi Helm X,Lagombi Helm X,mhxx-romfs-game-array+mhxx-dex-1.0+mhxx-save-format-community+mhxx-romfs-native-table,8,1
814,Lagombi Cap X,Lagombi Cap X,mhxx-romfs-game-array+mhxx-dex-1.0+mhxx-save-format-community+mhxx-romfs-native-table,8,1
815,Gypceros Helm X,Gypceros Helm X,mhxx-romfs-game-array+mhxx-dex-1.0+mhxx-save-format-community+mhxx-romfs-native-table,8,1
816,Gypceros Cap X,Gypceros Cap X,mhxx-romfs-game-array+mhxx-dex-1.0+mhxx-save-format-community+mhxx-romfs-native-table,8,1
817,Tetsucabra Helm X,Tetsucabra Helm X,mhxx-romfs-game-array+mhxx-dex-1.0+mhxx-save-format-community+mhxx-romfs-native-table,8,1
818,Tetsucabra Cap X,Tetsucabra Cap X,mhxx-romfs-game-array+mhxx-dex-1.0+mhxx-save-format-community+mhxx-romfs-native-table,8,1
819,Hermitaur Helm X,Hermitaur Helm X,mhxx-romfs-game-array+mhxx-dex-1.0+mhxx-save-format-community+mhxx-romfs-native-table,8,1
820,Hermitaur Cap X,Hermitaur Cap X,mhxx-romfs-game-array+mhxx-dex-1.0+mhxx-save-format-community+mhxx-romfs-native-table,8,1
821,Ludroth Helm X,Ludroth Helm X,mhxx-romfs-game-array+mhxx-dex-1.0+mhxx-save-format-community+mhxx-romfs-native-table,8,1
822,Ludroth Cap X,Ludroth Cap X,mhxx-romfs-game-array+mhxx-dex-1.0+mhxx-save-format-community+mhxx-romfs-native-table,8,1
823,Gourmew Toque X,Gourmew Toque X,mhxx-romfs-game-array+mhxx-dex-1.0+mhxx-save-format-community+mhxx-romfs-native-table,8,3
824,Gourmew Cap X,Gourmew Cap X,mhxx-romfs-game-array+mhxx-dex-1.0+mhxx-save-format-community+mhxx-romfs-native-table,8,3
825,Gourmew Toque X,Gourmew Toque X,mhxx-romfs-game-array+mhxx-dex-1.0+mhxx-save-format-community+mhxx-romfs-native-table,8,3
826,Gourmew Cap X,Gourmew Cap X,mhxx-romfs-game-array+mhxx-dex-1.0+mhxx-save-format-community+mhxx-romfs-native-table,8,3
827,Moofah Head X,Moofah Head X,mhxx-romfs-game-array+mhxx-dex-1.0+mhxx-save-format-community+mhxx-romfs-native-table,8,1
828,Moofah Wig X,Moofah Wig X,mhxx-romfs-game-array+mhxx-dex-1.0+mhxx-save-format-community+mhxx-romfs-native-table,8,1
829,Edel Vizor X,Edel Vizor X,mhxx-romfs-game-array+mhxx-dex-1.0+mhxx-save-format-community+mhxx-romfs-native-table,8,2
830,Edel Bloom X,Edel Bloom X,mhxx-romfs-game-array+mhxx-dex-1.0+mhxx-save-format-community+mhxx-romfs-native-table,8,2
831,Acorn Helm X,Acorn Helm X,mhxx-romfs-game-array+mhxx-dex-1.0+mhxx-save-format-community+mhxx-romfs-native-table,8,1
832,Acorn Cap X,Acorn Cap X,mhxx-romfs-game-array+mhxx-dex-1.0+mhxx-save-format-community+mhxx-romfs-native-table,8,1
833,Death Stench Brain X,Death Stench Brain X,mhxx-romfs-game-array+mhxx-dex-1.0+mhxx-save-format-community+mhxx-romfs-native-table,8,1
834,Death Stench Soul X,Death Stench Soul X,mhxx-romfs-game-array+mhxx-dex-1.0+mhxx-save-format-community+mhxx-romfs-native-table,8,1
835,Skalda Vertex X,Skalda Vertex X,mhxx-romfs-game-array+mhxx-dex-1.0+mhxx-save-format-community+mhxx-romfs-native-table,8,1
836,Skalda Clypeus X,Skalda Clypeus X,mhxx-romfs-game-array+mhxx-dex-1.0+mhxx-save-format-community+mhxx-romfs-native-table,8,1
837,Spio Vertex X,Spio Vertex X,mhxx-romfs-game-array+mhxx-dex-1.0+mhxx-save-format-community+mhxx-romfs-native-table,8,1
838,Spio Clypeus X,Spio Clypeus X,mhxx-romfs-game-array+mhxx-dex-1.0+mhxx-save-format-community+mhxx-romfs-native-table,8,1
839,Hunter's Helm XR,Hunter's Helm XR,mhxx-romfs-game-array+mhxx-dex-1.0+mhxx-save-format-community+mhxx-romfs-native-table,8,2
840,Hunter's Cap XR,Hunter's Cap XR,mhxx-romfs-game-array+mhxx-dex-1.0+mhxx-save-format-community+mhxx-romfs-native-table,8,2
841,Volvidon Helm X,Volvidon Helm X,mhxx-romfs-game-array+mhxx-dex-1.0+mhxx-save-format-community+mhxx-romfs-native-table,8,0
842,Volvidon Cap X,Volvidon Cap X,mhxx-romfs-game-array+mhxx-dex-1.0+mhxx-save-format-community+mhxx-romfs-native-table,8,0
843,Conga Helm X,Conga Helm X,mhxx-romfs-game-array+mhxx-dex-1.0+mhxx-save-format-community+mhxx-romfs-native-table,8,2
844,Conga Cap X,Conga Cap X,mhxx-romfs-game-array+mhxx-dex-1.0+mhxx-save-format-community+mhxx-romfs-native-table,8,2
845,Barroth Helm X,Barroth Helm X,mhxx-romfs-game-array+mhxx-dex-1.0+mhxx-save-format-community+mhxx-romfs-native-table,8,1
846,Barroth Cap X,Barroth Cap X,mhxx-romfs-game-array+mhxx-dex-1.0+mhxx-save-format-community+mhxx-romfs-native-table,8,1
847,Basarios Helm X,Basarios Helm X,mhxx-romfs-game-array+mhxx-dex-1.0+mhxx-save-format-community+mhxx-romfs-native-table,8,2
848,Basarios Cap X,Basarios Cap X,mhxx-romfs-game-array+mhxx-dex-1.0+mhxx-save-format-community+mhxx-romfs-native-table,8,2
849,Malfestio Helm X,Malfestio Helm X,mhxx-romfs-game-array+mhxx-dex-1.0+mhxx-save-format-community+mhxx-romfs-native-table,8,1
850,Malfestio Cap X,Malfestio Cap X,mhxx-romfs-game-array+mhxx-dex-1.0+mhxx-save-format-community+mhxx-romfs-native-table,8,1
851,Zamtrios Helm X,Zamtrios Helm X,mhxx-romfs-game-array+mhxx-dex-1.0+mhxx-save-format-community+mhxx-romfs-native-table,8,1
852,Zamtrios Cap X,Zamtrios Cap X,mhxx-romfs-game-array+mhxx-dex-1.0+mhxx-save-format-community+mhxx-romfs-native-table,8,1
853,Khezu Helm X,Khezu Helm X,mhxx-romfs-game-array+mhxx-dex-1.0+mhxx-save-format-community+mhxx-romfs-native-table,8,1
854,Khezu Cap X,Khezu Cap X,mhxx-romfs-game-array+mhxx-dex-1.0+mhxx-save-format-community+mhxx-romfs-native-table,8,1
855,Nerscylla Helm X,Nerscylla Helm X,mhxx-romfs-game-array+mhxx-dex-1.0+mhxx-save-format-community+mhxx-romfs-native-table,8,2
856,Nerscylla Cap X,Nerscylla Cap X,mhxx-romfs-game-array+mhxx-dex-1.0+mhxx-save-format-community+mhxx-romfs-native-table,8,2
857,Rathian Helm X,Rathian Helm X,mhxx-romfs-game-array+mhxx-dex-1.0+mhxx-save-format-community+mhxx-romfs-native-table,8,1
858,Rathian Cap X,Rathian Cap X,mhxx-romfs-game-array+mhxx-dex-1.0+mhxx-save-format-community+mhxx-romfs-native-table,8,1
859,Nibelsnarf Helm X,Nibelsnarf Helm X,mhxx-romfs-game-array+mhxx-dex-1.0+mhxx-save-format-community+mhxx-romfs-native-table,8,1
860,Nibelsnarf Cap X,Nibelsnarf Cap X,mhxx-romfs-game-array+mhxx-dex-1.0+mhxx-save-format-community+mhxx-romfs-native-table,8,2
861,Plesioth Helm X,Plesioth Helm X,mhxx-romfs-game-array+mhxx-dex-1.0+mhxx-save-format-community+mhxx-romfs-native-table,8,1
862,Plesioth Cap X,Plesioth Cap X,mhxx-romfs-game-array+mhxx-dex-1.0+mhxx-save-format-community+mhxx-romfs-native-table,8,1
863,Blango Helm X,Blango Helm X,mhxx-romfs-game-array+mhxx-dex-1.0+mhxx-save-format-community+mhxx-romfs-native-table,8,1
864,Blango Cap X,Blango Cap X,mhxx-romfs-game-array+mhxx-dex-1.0+mhxx-save-format-community+mhxx-romfs-native-table,8,1
865,Ceanataur Helm X,Ceanataur Helm X,mhxx-romfs-game-array+mhxx-dex-1.0+mhxx-save-format-community+mhxx-romfs-native-table,8,2
866,Ceanataur Cap X,Ceanataur Cap X,mhxx-romfs-game-array+mhxx-dex-1.0+mhxx-save-format-community+mhxx-romfs-native-table,8,2
867,Najarala Helm X,Najarala Helm X,mhxx-romfs-game-array+mhxx-dex-1.0+mhxx-save-format-community+mhxx-romfs-native-table,8,1
868,Najarala Cap X,Najarala Cap X,mhxx-romfs-game-array+mhxx-dex-1.0+mhxx-save-format-community+mhxx-romfs-native-table,8,1
869,Nargacuga Helm X,Nargacuga Helm X,mhxx-romfs-game-array+mhxx-dex-1.0+mhxx-save-format-community+mhxx-romfs-native-table,8,1
870,Nargacuga Cap X,Nargacuga Cap X,mhxx-romfs-game-array+mhxx-dex-1.0+mhxx-save-format-community+mhxx-romfs-native-table,8,1
871,Gypceros Helm XR,Gypceros Helm XR,mhxx-romfs-game-array+mhxx-dex-1.0+mhxx-save-format-community+mhxx-romfs-native-table,8,0
872,Gypceros Cap XR,Gypceros Cap XR,mhxx-romfs-game-array+mhxx-dex-1.0+mhxx-save-format-community+mhxx-romfs-native-table,8,0
873,Hermitaur Helm XR,Hermitaur Helm XR,mhxx-romfs-game-array+mhxx-dex-1.0+mhxx-save-format-community+mhxx-romfs-native-table,8,1
874,Hermitaur Cap XR,Hermitaur Cap XR,mhxx-romfs-game-array+mhxx-dex-1.0+mhxx-save-format-community+mhxx-romfs-native-table,8,1
875,Ludroth Helm XR,Ludroth Helm XR,mhxx-romfs-game-array+mhxx-dex-1.0+mhxx-save-format-community+mhxx-romfs-native-table,8,0
876,Ludroth Cap XR,Ludroth Cap XR,mhxx-romfs-game-array+mhxx-dex-1.0+mhxx-save-format-community+mhxx-romfs-native-table,8,0
877,Strange Helm X,Strange Helm X,mhxx-romfs-game-array+mhxx-dex-1.0+mhxx-save-format-community+mhxx-romfs-native-table,8,0
878,Strange Cap X,Strange Cap X,mhxx-romfs-game-array+mhxx-dex-1.0+mhxx-save-format-community+mhxx-romfs-native-table,8,0
879,Bistro Toque X,Bistro Toque X,mhxx-romfs-game-array+mhxx-dex-1.0+mhxx-save-format-community+mhxx-romfs-native-table,8,1
880,Bistro Cap X,Bistro Cap X,mhxx-romfs-game-array+mhxx-dex-1.0+mhxx-save-format-community+mhxx-romfs-native-table,8,1
881,Lecturer's Hood X,Lecturer's Hood X,mhxx-romfs-game-array+mhxx-dex-1.0+mhxx-save-format-community+mhxx-romfs-native-table,8,0
882,Lecturer's Cap X,Lecturer's Cap X,mhxx-romfs-game-array+mhxx-dex-1.0+mhxx-save-format-community+mhxx-romfs-native-table,8,0
883,Patissier's Toque X,Patissier's Toque X,mhxx-romfs-game-array+mhxx-dex-1.0+mhxx-save-format-community+mhxx-romfs-native-table,8,1
884,Patissier's Cap X,Patissier's Cap X,mhxx-romfs-game-array+mhxx-dex-1.0+mhxx-save-format-community+mhxx-romfs-native-table,8,1
885,Posh Bath Towel,Posh Bath Towel,mhxx-romfs-game-array+mhxx-dex-1.0+mhxx-save-format-community+mhxx-romfs-native-table,8,1
886,Maiden's Hat X,Maiden's Hat X,mhxx-romfs-game-array+mhxx-dex-1.0+mhxx-save-format-community+mhxx-romfs-native-table,8,1
887,French Maid Glasses X,French Maid Glasses X,mhxx-romfs-game-array+mhxx-dex-1.0+mhxx-save-format-community+mhxx-romfs-native-table,8,1
888,Dianthus Masacap,Dianthus Masacap,mhxx-romfs-game-array+mhxx-dex-1.0+mhxx-save-format-community+mhxx-romfs-native-table,8,1
889,Campanile Masacap,Campanile Masacap,mhxx-romfs-game-array+mhxx-dex-1.0+mhxx-save-format-community+mhxx-romfs-native-table,8,1
890,Conga Helm GX,Conga Helm GX,mhxx-romfs-game-array+mhxx-dex-1.0+mhxx-save-format-community+mhxx-romfs-native-table,8,1
891,Conga Cap GX,Conga Cap GX,mhxx-romfs-game-array+mhxx-dex-1.0+mhxx-save-format-community+mhxx-romfs-native-table,8,1
892,Alloy Helm XR,Alloy Helm XR,mhxx-romfs-game-array+mhxx-dex-1.0+mhxx-save-format-community+mhxx-romfs-native-table,8,1
893,Alloy Cap XR,Alloy Cap XR,mhxx-romfs-game-array+mhxx-dex-1.0+mhxx-save-format-community+mhxx-romfs-native-table,8,1
894,Ingot Helm XR,Ingot Helm XR,mhxx-romfs-game-array+mhxx-dex-1.0+mhxx-save-format-community+mhxx-romfs-native-table,8,0
895,Ingot Cap XR,Ingot Cap XR,mhxx-romfs-game-array+mhxx-dex-1.0+mhxx-save-format-community+mhxx-romfs-native-table,8,0
896,Artian Helm X,Artian Helm X,mhxx-romfs-game-array+mhxx-dex-1.0+mhxx-save-format-community+mhxx-romfs-native-table,8,3
897,Artian Cap X,Artian Cap X,mhxx-romfs-game-array+mhxx-dex-1.0+mhxx-save-format-community+mhxx-romfs-native-table,8,3
898,Lobster Helm X,Lobster Helm X,mhxx-romfs-game-array+mhxx-dex-1.0+mhxx-save-format-community+mhxx-romfs-native-table,8,1
899,Lobster Mask X,Lobster Mask X,mhxx-romfs-game-array+mhxx-dex-1.0+mhxx-save-format-community+mhxx-romfs-native-table,8,1
900,Khezu Helm XR,Khezu Helm XR,mhxx-romfs-game-array+mhxx-dex-1.0+mhxx-save-format-community+mhxx-romfs-native-table,8,1
901,Khezu Cap XR,Khezu Cap XR,mhxx-romfs-game-array+mhxx-dex-1.0+mhxx-save-format-community+mhxx-romfs-native-table,8,1
902,Ceanataur Helm XR,Ceanataur Helm XR,mhxx-romfs-game-array+mhxx-dex-1.0+mhxx-save-format-community+mhxx-romfs-native-table,8,1
903,Ceanataur Cap XR,Ceanataur Cap XR,mhxx-romfs-game-array+mhxx-dex-1.0+mhxx-save-format-community+mhxx-romfs-native-table,8,1
904,Rathian Helm XR,Rathian Helm XR,mhxx-romfs-game-array+mhxx-dex-1.0+mhxx-save-format-community+mhxx-romfs-native-table,8,1
905,Rathian Cap XR,Rathian Cap XR,mhxx-romfs-game-array+mhxx-dex-1.0+mhxx-save-format-community+mhxx-romfs-native-table,8,1
906,Lava Helm X,Lava Helm X,mhxx-romfs-game-array+mhxx-dex-1.0+mhxx-save-format-community+mhxx-romfs-native-table,8,0
907,Lava Cap X,Lava Cap X,mhxx-romfs-game-array+mhxx-dex-1.0+mhxx-save-format-community+mhxx-romfs-native-table,8,0
908,Garuga Helm X,Garuga Helm X,mhxx-romfs-game-array+mhxx-dex-1.0+mhxx-save-format-community+mhxx-romfs-native-table,8,0
909,Garuga Cap X,Garuga Cap X,mhxx-romfs-game-array+mhxx-dex-1.0+mhxx-save-format-community+mhxx-romfs-native-table,8,0
910,Uragaan Helm X,Uragaan Helm X,mhxx-romfs-game-array+mhxx-dex-1.0+mhxx-save-format-community+mhxx-romfs-native-table,8,0
911,Uragaan Cap X,Uragaan Cap X,mhxx-romfs-game-array+mhxx-dex-1.0+mhxx-save-format-community+mhxx-romfs-native-table,8,0
912,Barioth Helm X,Barioth Helm X,mhxx-romfs-game-array+mhxx-dex-1.0+mhxx-save-format-community+mhxx-romfs-native-table,9,1
913,Barioth Cap X,Barioth Cap X,mhxx-romfs-game-array+mhxx-dex-1.0+mhxx-save-format-community+mhxx-romfs-native-table,9,1
914,Seltas Helm X,Seltas Helm X,mhxx-romfs-game-array+mhxx-dex-1.0+mhxx-save-format-community+mhxx-romfs-native-table,9,0
915,Seltas Cap X,Seltas Cap X,mhxx-romfs-game-array+mhxx-dex-1.0+mhxx-save-format-community+mhxx-romfs-native-table,9,0
916,Rathalos Helm X,Rathalos Helm X,mhxx-romfs-game-array+mhxx-dex-1.0+mhxx-save-format-community+mhxx-romfs-native-table,9,1
917,Rathalos Cap X,Rathalos Cap X,mhxx-romfs-game-array+mhxx-dex-1.0+mhxx-save-format-community+mhxx-romfs-native-table,9,1
918,Lagiacrus Helm X,Lagiacrus Helm X,mhxx-romfs-game-array+mhxx-dex-1.0+mhxx-save-format-community+mhxx-romfs-native-table,9,2
919,Lagiacrus Cap X,Lagiacrus Cap X,mhxx-romfs-game-array+mhxx-dex-1.0+mhxx-save-format-community+mhxx-romfs-native-table,9,2
920,Zinogre Helm X,Zinogre Helm X,mhxx-romfs-game-array+mhxx-dex-1.0+mhxx-save-format-community+mhxx-romfs-native-table,9,1
921,Zinogre Cap X,Zinogre Cap X,mhxx-romfs-game-array+mhxx-dex-1.0+mhxx-save-format-community+mhxx-romfs-native-table,9,1
922,Gravios Helm X,Gravios Helm X,mhxx-romfs-game-array+mhxx-dex-1.0+mhxx-save-format-community+mhxx-romfs-native-table,9,1
923,Gravios Cap X,Gravios Cap X,mhxx-romfs-game-array+mhxx-dex-1.0+mhxx-save-format-community+mhxx-romfs-native-table,9,1
924,Mizutsune Helm X,Mizutsune Helm X,mhxx-romfs-game-array+mhxx-dex-1.0+mhxx-save-format-community+mhxx-romfs-native-table,9,1
925,Mizutsune Mask X,Mizutsune Mask X,mhxx-romfs-game-array+mhxx-dex-1.0+mhxx-save-format-community+mhxx-romfs-native-table,9,1
926,Astalos Helm X,Astalos Helm X,mhxx-romfs-game-array+mhxx-dex-1.0+mhxx-save-format-community+mhxx-romfs-native-table,9,1
927,Astalos Cap X,Astalos Cap X,mhxx-romfs-game-array+mhxx-dex-1.0+mhxx-save-format-community+mhxx-romfs-native-table,9,1
928,Gammoth Helm X,Gammoth Helm X,mhxx-romfs-game-array+mhxx-dex-1.0+mhxx-save-format-community+mhxx-romfs-native-table,9,2
929,Gammoth Cap X,Gammoth Cap X,mhxx-romfs-game-array+mhxx-dex-1.0+mhxx-save-format-community+mhxx-romfs-native-table,9,2
930,Glavenus Helm X,Glavenus Helm X,mhxx-romfs-game-array+mhxx-dex-1.0+mhxx-save-format-community+mhxx-romfs-native-table,9,2
931,Glavenus Cap X,Glavenus Cap X,mhxx-romfs-game-array+mhxx-dex-1.0+mhxx-save-format-community+mhxx-romfs-native-table,9,2
932,Gore Helm X,Gore Helm X,mhxx-romfs-game-array+mhxx-dex-1.0+mhxx-save-format-community+mhxx-romfs-native-table,9,1
933,Gore Cap X,Gore Cap X,mhxx-romfs-game-array+mhxx-dex-1.0+mhxx-save-format-community+mhxx-romfs-native-table,9,1
934,Kirin Horn X,Kirin Horn X,mhxx-romfs-game-array+mhxx-dex-1.0+mhxx-save-format-community+mhxx-romfs-native-table,9,1
935,Kirin Crest X,Kirin Crest X,mhxx-romfs-game-array+mhxx-dex-1.0+mhxx-save-format-community+mhxx-romfs-native-table,9,1
936,Kirin Horn XR,Kirin Horn XR,mhxx-romfs-game-array+mhxx-dex-1.0+mhxx-save-format-community+mhxx-romfs-native-table,9,1
937,Kirin Crest XR,Kirin Crest XR,mhxx-romfs-game-array+mhxx-dex-1.0+mhxx-save-format-community+mhxx-romfs-native-table,9,1
938,Auroros Helm,Auroros Helm,mhxx-romfs-game-array+mhxx-dex-1.0+mhxx-save-format-community+mhxx-romfs-native-table,10,1
939,Borealis Crown,Borealis Crown,mhxx-romfs-game-array+mhxx-dex-1.0+mhxx-save-format-community+mhxx-romfs-native-table,10,1
940,Genesis Headpiece,Genesis Headpiece,mhxx-romfs-game-array+mhxx-dex-1.0+mhxx-save-format-community+mhxx-romfs-native-table,10,1
941,Glyph Crown,Glyph Crown,mhxx-romfs-game-array+mhxx-dex-1.0+mhxx-save-format-community+mhxx-romfs-native-table,10,1
942,Auroros Helm GX,Auroros Helm GX,mhxx-romfs-game-array+mhxx-dex-1.0+mhxx-save-format-community+mhxx-romfs-native-table,10,2
943,Borealis Crown GX,Borealis Crown GX,mhxx-romfs-game-array+mhxx-dex-1.0+mhxx-save-format-community+mhxx-romfs-native-table,10,2
944,Genesis Headpiece GX,Genesis Headpiece GX,mhxx-romfs-game-array+mhxx-dex-1.0+mhxx-save-format-community+mhxx-romfs-native-table,10,2
945,Glyph Crown GX,Glyph Crown GX,mhxx-romfs-game-array+mhxx-dex-1.0+mhxx-save-format-community+mhxx-romfs-native-table,10,2
946,Auroros Helm XR,Auroros Helm XR,mhxx-romfs-game-array+mhxx-dex-1.0+mhxx-save-format-community+mhxx-romfs-native-table,10,0
947,Borealis Crown XR,Borealis Crown XR,mhxx-romfs-game-array+mhxx-dex-1.0+mhxx-save-format-community+mhxx-romfs-native-table,10,0
948,Genesis Headpiece XR,Genesis Headpiece XR,mhxx-romfs-game-array+mhxx-dex-1.0+mhxx-save-format-community+mhxx-romfs-native-table,10,0
949,Glyph Crown XR,Glyph Crown XR,mhxx-romfs-game-array+mhxx-dex-1.0+mhxx-save-format-community+mhxx-romfs-native-table,10,0
950,Scholar's Beret X,Scholar's Beret X,mhxx-romfs-game-array+mhxx-dex-1.0+mhxx-save-format-community+mhxx-romfs-native-table,8,2
951,Scholar's Cap X,Scholar's Cap X,mhxx-romfs-game-array+mhxx-dex-1.0+mhxx-save-format-community+mhxx-romfs-native-table,8,1
952,Sailor Hat X,Sailor Hat X,mhxx-romfs-game-array+mhxx-dex-1.0+mhxx-save-format-community+mhxx-romfs-native-table,8,1
953,Sailor Cap X,Sailor Cap X,mhxx-romfs-game-array+mhxx-dex-1.0+mhxx-save-format-community+mhxx-romfs-native-table,8,1
954,Hawkhat X,Hawkhat X,mhxx-romfs-game-array+mhxx-dex-1.0+mhxx-save-format-community+mhxx-romfs-native-table,8,0
955,Hawkcap X,Hawkcap X,mhxx-romfs-game-array+mhxx-dex-1.0+mhxx-save-format-community+mhxx-romfs-native-table,8,0
956,Scholarly Hood X,Scholarly Hood X,mhxx-romfs-game-array+mhxx-dex-1.0+mhxx-save-format-community+mhxx-romfs-native-table,8,1
957,Scholarly Cap X,Scholarly Cap X,mhxx-romfs-game-array+mhxx-dex-1.0+mhxx-save-format-community+mhxx-romfs-native-table,8,1
958,Research Hood,Research Hood,mhxx-romfs-game-array+mhxx-dex-1.0+mhxx-save-format-community+mhxx-romfs-native-table,9,1
959,Research Cap,Research Cap,mhxx-romfs-game-array+mhxx-dex-1.0+mhxx-save-format-community+mhxx-romfs-native-table,9,1
960,Rathalos Helm XR,Rathalos Helm XR,mhxx-romfs-game-array+mhxx-dex-1.0+mhxx-save-format-community+mhxx-romfs-native-table,9,0
961,Rathalos Cap XR,Rathalos Cap XR,mhxx-romfs-game-array+mhxx-dex-1.0+mhxx-save-format-community+mhxx-romfs-native-table,9,0
962,Lagiacrus Helm XR,Lagiacrus Helm XR,mhxx-romfs-game-array+mhxx-dex-1.0+mhxx-save-format-community+mhxx-romfs-native-table,9,0
963,Lagiacrus Cap XR,Lagiacrus Cap XR,mhxx-romfs-game-array+mhxx-dex-1.0+mhxx-save-format-community+mhxx-romfs-native-table,9,0
964,Gore Helm XR,Gore Helm XR,mhxx-romfs-game-array+mhxx-dex-1.0+mhxx-save-format-community+mhxx-romfs-native-table,9,1
965,Gore Cap XR,Gore Cap XR,mhxx-romfs-game-array+mhxx-dex-1.0+mhxx-save-format-community+mhxx-romfs-native-table,9,1
966,Agnaktor Helm X,Agnaktor Helm X,mhxx-romfs-game-array+mhxx-dex-1.0+mhxx-save-format-community+mhxx-romfs-native-table,9,2
967,Agnaktor Cap X,Agnaktor Cap X,mhxx-romfs-game-array+mhxx-dex-1.0+mhxx-save-format-community+mhxx-romfs-native-table,9,2
968,Regios Helm X,Regios Helm X,mhxx-romfs-game-array+mhxx-dex-1.0+mhxx-save-format-community+mhxx-romfs-native-table,9,1
969,Regios Cap X,Regios Cap X,mhxx-romfs-game-array+mhxx-dex-1.0+mhxx-save-format-community+mhxx-romfs-native-table,9,1
970,Duramboros Helm X,Duramboros Helm X,mhxx-romfs-game-array+mhxx-dex-1.0+mhxx-save-format-community+mhxx-romfs-native-table,9,1
971,Duramboros Cap X,Duramboros Cap X,mhxx-romfs-game-array+mhxx-dex-1.0+mhxx-save-format-community+mhxx-romfs-native-table,9,1
972,Tigrex Helm X,Tigrex Helm X,mhxx-romfs-game-array+mhxx-dex-1.0+mhxx-save-format-community+mhxx-romfs-native-table,9,1
973,Tigrex Cap X,Tigrex Cap X,mhxx-romfs-game-array+mhxx-dex-1.0+mhxx-save-format-community+mhxx-romfs-native-table,9,1
974,Tigrex Helm XR,Tigrex Helm XR,mhxx-romfs-game-array+mhxx-dex-1.0+mhxx-save-format-community+mhxx-romfs-native-table,9,1
975,Tigrex Cap XR,Tigrex Cap XR,mhxx-romfs-game-array+mhxx-dex-1.0+mhxx-save-format-community+mhxx-romfs-native-table,9,1
976,Diablos Helm X,Diablos Helm X,mhxx-romfs-game-array+mhxx-dex-1.0+mhxx-save-format-community+mhxx-romfs-native-table,9,1
977,Diablos Cap X,Diablos Cap X,mhxx-romfs-game-array+mhxx-dex-1.0+mhxx-save-format-community+mhxx-romfs-native-table,9,1
978,Diablos Helm XR,Diablos Helm XR,mhxx-romfs-game-array+mhxx-dex-1.0+mhxx-save-format-community+mhxx-romfs-native-table,9,2
979,Diablos Cap XR,Diablos Cap XR,mhxx-romfs-game-array+mhxx-dex-1.0+mhxx-save-format-community+mhxx-romfs-native-table,9,2
980,Brachydios Helm X,Brachydios Helm X,mhxx-romfs-game-array+mhxx-dex-1.0+mhxx-save-format-community+mhxx-romfs-native-table,9,0
981,Brachydios Cap X,Brachydios Cap X,mhxx-romfs-game-array+mhxx-dex-1.0+mhxx-save-format-community+mhxx-romfs-native-table,9,0
982,Arc Helm X,Arc Helm X,mhxx-romfs-game-array+mhxx-dex-1.0+mhxx-save-format-community+mhxx-romfs-native-table,9,2
983,Storge Helm X,Storge Helm X,mhxx-romfs-game-array+mhxx-dex-1.0+mhxx-save-format-community+mhxx-romfs-native-table,9,2
984,Arc Cap X,Arc Cap X,mhxx-romfs-game-array+mhxx-dex-1.0+mhxx-save-format-community+mhxx-romfs-native-table,9,2
985,Storge Cap X,Storge Cap X,mhxx-romfs-game-array+mhxx-dex-1.0+mhxx-save-format-community+mhxx-romfs-native-table,9,2
986,Arc Helm XR,Arc Helm XR,mhxx-romfs-game-array+mhxx-dex-1.0+mhxx-save-format-community+mhxx-romfs-native-table,9,0
987,Storge Helm XR,Storge Helm XR,mhxx-romfs-game-array+mhxx-dex-1.0+mhxx-save-format-community+mhxx-romfs-native-table,9,0
988,Arc Cap XR,Arc Cap XR,mhxx-romfs-game-array+mhxx-dex-1.0+mhxx-save-format-community+mhxx-romfs-native-table,9,2
989,Storge Cap XR,Storge Cap XR,mhxx-romfs-game-array+mhxx-dex-1.0+mhxx-save-format-community+mhxx-romfs-native-table,9,2
990,Valstrax Helm X,Valstrax Helm X,mhxx-romfs-game-array+mhxx-dex-1.0+mhxx-save-format-community+mhxx-romfs-native-table,9,0
991,Valstrax Cap X,Valstrax Cap X,mhxx-romfs-game-array+mhxx-dex-1.0+mhxx-save-format-community+mhxx-romfs-native-table,9,0
992,Grand God's Peer Mask,Grand God's Peer Mask,mhxx-romfs-game-array+mhxx-dex-1.0+mhxx-save-format-community+mhxx-romfs-native-table,9,1
993,Grand Hermit Mask,Grand Hermit Mask,mhxx-romfs-game-array+mhxx-dex-1.0+mhxx-save-format-community+mhxx-romfs-native-table,9,1
994,Vangis Helm X,Vangis Helm X,mhxx-romfs-game-array+mhxx-dex-1.0+mhxx-save-format-community+mhxx-romfs-native-table,9,1
995,Vangis Cap X,Vangis Cap X,mhxx-romfs-game-array+mhxx-dex-1.0+mhxx-save-format-community+mhxx-romfs-native-table,9,1
996,Kushala Glare X,Kushala Glare X,mhxx-romfs-game-array+mhxx-dex-1.0+mhxx-save-format-community+mhxx-romfs-native-table,10,0
997,Kushala Snarl X,Kushala Snarl X,mhxx-romfs-game-array+mhxx-dex-1.0+mhxx-save-format-community+mhxx-romfs-native-table,10,0
998,Kushala Glare XR,Kushala Glare XR,mhxx-romfs-game-array+mhxx-dex-1.0+mhxx-save-format-community+mhxx-romfs-native-table,10,0
999,Kushala Snarl XR,Kushala Snarl XR,mhxx-romfs-game-array+mhxx-dex-1.0+mhxx-save-format-community+mhxx-romfs-native-table,10,1
1000,Grand Mizuha Cap,Grand Mizuha Cap,mhxx-romfs-game-array+mhxx-dex-1.0+mhxx-save-format-community+mhxx-romfs-native-table,10,2
1001,Grand Cham Hat,Grand Cham Hat,mhxx-romfs-game-array+mhxx-dex-1.0+mhxx-save-format-community+mhxx-romfs-native-table,10,2
1002,Kaiser Crown X,Kaiser Crown X,mhxx-romfs-game-array+mhxx-dex-1.0+mhxx-save-format-community+mhxx-romfs-native-table,10,0
1003,Kaiser Mask X,Kaiser Mask X,mhxx-romfs-game-array+mhxx-dex-1.0+mhxx-save-format-community+mhxx-romfs-native-table,10,0
1004,Silver Solhelm Z,Silver Solhelm Z,mhxx-romfs-game-array+mhxx-dex-1.0+mhxx-save-format-community+mhxx-romfs-native-table,10,2
1005,Silver Solcap Z,Silver Solcap Z,mhxx-romfs-game-array+mhxx-dex-1.0+mhxx-save-format-community+mhxx-romfs-native-table,10,2
1006,Golden Lunehelm Z,Golden Lunehelm Z,mhxx-romfs-game-array+mhxx-dex-1.0+mhxx-save-format-community+mhxx-romfs-native-table,10,1
1007,Golden Lunecap Z,Golden Lunecap Z,mhxx-romfs-game-array+mhxx-dex-1.0+mhxx-save-format-community+mhxx-romfs-native-table,10,1
1008,Yaksha Mask,Yaksha Mask,mhxx-romfs-game-array+mhxx-dex-1.0+mhxx-save-format-community+mhxx-romfs-native-table,9,1
1009,Carnage Helm,Carnage Helm,mhxx-romfs-game-array+mhxx-dex-1.0+mhxx-save-format-community+mhxx-romfs-native-table,9,1
1010,Guardian Helm X,Guardian Helm X,mhxx-romfs-game-array+mhxx-dex-1.0+mhxx-save-format-community+mhxx-romfs-native-table,9,0
1011,Guardian Mask X,Guardian Mask X,mhxx-romfs-game-array+mhxx-dex-1.0+mhxx-save-format-community+mhxx-romfs-native-table,9,0
1012,Blue Guild Lobos X,Blue Guild Lobos X,mhxx-romfs-game-array+mhxx-dex-1.0+mhxx-save-format-community+mhxx-romfs-native-table,9,1
1013,Blue Guild Tricorne X,Blue Guild Tricorne X,mhxx-romfs-game-array+mhxx-dex-1.0+mhxx-save-format-community+mhxx-romfs-native-table,9,1
1014,Blue Guild Mask X,Blue Guild Mask X,mhxx-romfs-game-array+mhxx-dex-1.0+mhxx-save-format-community+mhxx-romfs-native-table,9,1
1015,Blue Guild Piercing X,Blue Guild Piercing X,mhxx-romfs-game-array+mhxx-dex-1.0+mhxx-save-format-community+mhxx-romfs-native-table,9,1
1016,Red Guild Lobos X,Red Guild Lobos X,mhxx-romfs-game-array+mhxx-dex-1.0+mhxx-save-format-community+mhxx-romfs-native-table,9,1
1017,Red Guild Tricorne X,Red Guild Tricorne X,mhxx-romfs-game-array+mhxx-dex-1.0+mhxx-save-format-community+mhxx-romfs-native-table,9,1
1018,Red Guild Mask X,Red Guild Mask X,mhxx-romfs-game-array+mhxx-dex-1.0+mhxx-save-format-community+mhxx-romfs-native-table,9,1
1019,Red Guild Piercing X,Red Guild Piercing X,mhxx-romfs-game-array+mhxx-dex-1.0+mhxx-save-format-community+mhxx-romfs-native-table,9,1
1020,G. Knight Feather X,G. Knight Feather X,mhxx-romfs-game-array+mhxx-dex-1.0+mhxx-save-format-community+mhxx-romfs-native-table,8,1
1021,G. Knight Mask X,G. Knight Mask X,mhxx-romfs-game-array+mhxx-dex-1.0+mhxx-save-format-community+mhxx-romfs-native-table,8,1
1022,Guild Bard Lobos X,Guild Bard Lobos X,mhxx-romfs-game-array+mhxx-dex-1.0+mhxx-save-format-community+mhxx-romfs-native-table,8,1
1023,Guild Bard Hat X,Guild Bard Hat X,mhxx-romfs-game-array+mhxx-dex-1.0+mhxx-save-format-community+mhxx-romfs-native-table,8,1
1024,Ace Headgear X,Ace Headgear X,mhxx-romfs-game-array+mhxx-dex-1.0+mhxx-save-format-community+mhxx-romfs-native-table,9,0
1025,Ace Mask X,Ace Mask X,mhxx-romfs-game-array+mhxx-dex-1.0+mhxx-save-format-community+mhxx-romfs-native-table,9,0
1026,Sororal Headgear X,Sororal Headgear X,mhxx-romfs-game-array+mhxx-dex-1.0+mhxx-save-format-community+mhxx-romfs-native-table,9,0
1027,Sororal Mask X,Sororal Mask X,mhxx-romfs-game-array+mhxx-dex-1.0+mhxx-save-format-community+mhxx-romfs-native-table,9,0
1028,Shinobi Heaven Mask Goku,Shinobi Heaven Mask Goku,mhxx-romfs-game-array+mhxx-dex-1.0+mhxx-save-format-community+mhxx-romfs-native-table,9,1
1029,Shinobi Land Mask Goku,Shinobi Land Mask Goku,mhxx-romfs-game-array+mhxx-dex-1.0+mhxx-save-format-community+mhxx-romfs-native-table,9,1
1030,Kaiserin Crown,Kaiserin Crown,mhxx-romfs-game-array+mhxx-dex-1.0+mhxx-save-format-community+mhxx-romfs-native-table,9,1
1031,Kaiserin Mask,Kaiserin Mask,mhxx-romfs-game-array+mhxx-dex-1.0+mhxx-save-format-community+mhxx-romfs-native-table,9,1
1032,Barmaid's Earrings,Barmaid's Earrings,mhxx-romfs-game-array+mhxx-dex-1.0+mhxx-save-format-community+mhxx-romfs-native-table,9,3
1033,Barmaid's Earring,Barmaid's Earring,mhxx-romfs-game-array+mhxx-dex-1.0+mhxx-save-format-community+mhxx-romfs-native-table,9,3
1034,Barman's Shades,Barman's Shades,mhxx-romfs-game-array+mhxx-dex-1.0+mhxx-save-format-community+mhxx-romfs-native-table,9,2
1035,Barman's Glasses,Barman's Glasses,mhxx-romfs-game-array+mhxx-dex-1.0+mhxx-save-format-community+mhxx-romfs-native-table,9,2
1036,Helios Helm X,Helios Helm X,mhxx-romfs-game-array+mhxx-dex-1.0+mhxx-save-format-community+mhxx-romfs-native-table,9,1
1037,Selene Helm X,Selene Helm X,mhxx-romfs-game-array+mhxx-dex-1.0+mhxx-save-format-community+mhxx-romfs-native-table,9,1
1038,Helios Cap X,Helios Cap X,mhxx-romfs-game-array+mhxx-dex-1.0+mhxx-save-format-community+mhxx-romfs-native-table,9,1
1039,Selene Cap X,Selene Cap X,mhxx-romfs-game-array+mhxx-dex-1.0+mhxx-save-format-community+mhxx-romfs-native-table,9,1
1040,Strider's Headgear,Strider's Headgear,mhxx-romfs-game-array+mhxx-dex-1.0+mhxx-save-format-community+mhxx-romfs-native-table,9,2
1041,Deadeye's Turban,Deadeye's Turban,mhxx-romfs-game-array+mhxx-dex-1.0+mhxx-save-format-community+mhxx-romfs-native-table,9,2
1042,Damascus Helm X,Damascus Helm X,mhxx-romfs-game-array+mhxx-dex-1.0+mhxx-save-format-community+mhxx-romfs-native-table,9,0
1043,Damascus Cap X,Damascus Cap X,mhxx-romfs-game-array+mhxx-dex-1.0+mhxx-save-format-community+mhxx-romfs-native-table,9,0
1044,Chaos Helm,Chaos Helm,mhxx-romfs-game-array+mhxx-dex-1.0+mhxx-save-format-community+mhxx-romfs-native-table,9,1
1045,Nephilim Helm,Nephilim Helm,mhxx-romfs-game-array+mhxx-dex-1.0+mhxx-save-format-community+mhxx-romfs-native-table,9,1
1046,Chaos Cap,Chaos Cap,mhxx-romfs-game-array+mhxx-dex-1.0+mhxx-save-format-community+mhxx-romfs-native-table,9,1
1047,Nephilim Cap,Nephilim Cap,mhxx-romfs-game-array+mhxx-dex-1.0+mhxx-save-format-community+mhxx-romfs-native-table,9,1
1048,Grand Divine Ire Mask,Grand Divine Ire Mask,mhxx-romfs-game-array+mhxx-dex-1.0+mhxx-save-format-community+mhxx-romfs-native-table,10,0
1049,Grand Crusher Mask,Grand Crusher Mask,mhxx-romfs-game-array+mhxx-dex-1.0+mhxx-save-format-community+mhxx-romfs-native-table,10,0
1050,Esurient Helm Z,Esurient Helm Z,mhxx-romfs-game-array+mhxx-dex-1.0+mhxx-save-format-community+mhxx-romfs-native-table,10,0
1051,Esurient Cap Z,Esurient Cap Z,mhxx-romfs-game-array+mhxx-dex-1.0+mhxx-save-format-community+mhxx-romfs-native-table,10,2
1052,Brachydium Helm,Brachydium Helm,mhxx-romfs-game-array+mhxx-dex-1.0+mhxx-save-format-community+mhxx-romfs-native-table,10,2
1053,Brachydium Cap,Brachydium Cap,mhxx-romfs-game-array+mhxx-dex-1.0+mhxx-save-format-community+mhxx-romfs-native-table,10,2
1054,Akantor Mask X,Akantor Mask X,mhxx-romfs-game-array+mhxx-dex-1.0+mhxx-save-format-community+mhxx-romfs-native-table,10,0
1055,Akantor Fangs X,Akantor Fangs X,mhxx-romfs-game-array+mhxx-dex-1.0+mhxx-save-format-community+mhxx-romfs-native-table,10,0
1056,Akantor Mask XR,Akantor Mask XR,mhxx-romfs-game-array+mhxx-dex-1.0+mhxx-save-format-community+mhxx-romfs-native-table,10,1
1057,Akantor Fangs XR,Akantor Fangs XR,mhxx-romfs-game-array+mhxx-dex-1.0+mhxx-save-format-community+mhxx-romfs-native-table,10,1
1058,Ukanlos Mask X,Ukanlos Mask X,mhxx-romfs-game-array+mhxx-dex-1.0+mhxx-save-format-community+mhxx-romfs-native-table,10,1
1059,Ukanlos Fangs X,Ukanlos Fangs X,mhxx-romfs-game-array+mhxx-dex-1.0+mhxx-save-format-community+mhxx-romfs-native-table,10,1
1060,Grand Tempest Crown,Grand Tempest Crown,mhxx-romfs-game-array+mhxx-dex-1.0+mhxx-save-format-community+mhxx-romfs-native-table,10,1
1061,Grand Welkin Crown,Grand Welkin Crown,mhxx-romfs-game-array+mhxx-dex-1.0+mhxx-save-format-community+mhxx-romfs-native-table,10,1
1062,Grand Skeletal Skull,Grand Skeletal Skull,mhxx-romfs-game-array+mhxx-dex-1.0+mhxx-save-format-community+mhxx-romfs-native-table,10,2
1063,Grand Decayed Skull,Grand Decayed Skull,mhxx-romfs-game-array+mhxx-dex-1.0+mhxx-save-format-community+mhxx-romfs-native-table,10,2
1064,Astral Helm X,Astral Helm X,mhxx-romfs-game-array+mhxx-dex-1.0+mhxx-save-format-community+mhxx-romfs-native-table,10,1
1065,Astral Mask X,Astral Mask X,mhxx-romfs-game-array+mhxx-dex-1.0+mhxx-save-format-community+mhxx-romfs-native-table,10,1
1066,Neset Helm,Neset Helm,mhxx-romfs-game-array+mhxx-dex-1.0+mhxx-save-format-community+mhxx-romfs-native-table,10,2
1067,Neset Hat,Neset Hat,mhxx-romfs-game-array+mhxx-dex-1.0+mhxx-save-format-community+mhxx-romfs-native-table,10,2
1068,Black Head X,Black Head X,mhxx-romfs-game-array+mhxx-dex-1.0+mhxx-save-format-community+mhxx-romfs-native-table,9,0
1069,Black Face X,Black Face X,mhxx-romfs-game-array+mhxx-dex-1.0+mhxx-save-format-community+mhxx-romfs-native-table,9,0
1070,Escadora Wisdom X,Escadora Wisdom X,mhxx-romfs-game-array+mhxx-dex-1.0+mhxx-save-format-community+mhxx-romfs-native-table,10,0
1071,Escadora Sagesse X,Escadora Sagesse X,mhxx-romfs-game-array+mhxx-dex-1.0+mhxx-save-format-community+mhxx-romfs-native-table,10,0
1072,Escadora Wisdom XR,Escadora Wisdom XR,mhxx-romfs-game-array+mhxx-dex-1.0+mhxx-save-format-community+mhxx-romfs-native-table,10,1
1073,Escadora Sagesse XR,Escadora Sagesse XR,mhxx-romfs-game-array+mhxx-dex-1.0+mhxx-save-format-community+mhxx-romfs-native-table,10,1
1074,Fatalis Crimsonhead,Fatalis Crimsonhead,mhxx-romfs-game-array+mhxx-dex-1.0+mhxx-save-format-community+mhxx-romfs-native-table,10,1
1075,Fatalis Crimsonface,Fatalis Crimsonface,mhxx-romfs-game-array+mhxx-dex-1.0+mhxx-save-format-community+mhxx-romfs-native-table,10,2
1076,GX Fatalis Crimsonhead,GX Fatalis Crimsonhead,mhxx-romfs-game-array+mhxx-dex-1.0+mhxx-save-format-community+mhxx-romfs-native-table,10,1
1077,GX Fatalis Crimsonface,GX Fatalis Crimsonface,mhxx-romfs-game-array+mhxx-dex-1.0+mhxx-save-format-community+mhxx-romfs-native-table,10,1
1078,Fatalis Crimsonhead XR,Fatalis Crimsonhead XR,mhxx-romfs-game-array+mhxx-dex-1.0+mhxx-save-format-community+mhxx-romfs-native-table,10,0
1079,Fatalis Crimsonface XR,Fatalis Crimsonface XR,mhxx-romfs-game-array+mhxx-dex-1.0+mhxx-save-format-community+mhxx-romfs-native-table,10,0
1080,Old Fatalis Head,Old Fatalis Head,mhxx-romfs-game-array+mhxx-dex-1.0+mhxx-save-format-community+mhxx-romfs-native-table,10,1
1081,Old Fatalis Face,Old Fatalis Face,mhxx-romfs-game-array+mhxx-dex-1.0+mhxx-save-format-community+mhxx-romfs-native-table,10,1
1082,GX Old Fatalis Head,GX Old Fatalis Head,mhxx-romfs-game-array+mhxx-dex-1.0+mhxx-save-format-community+mhxx-romfs-native-table,10,1
1083,GX Old Fatalis Face,GX Old Fatalis Face,mhxx-romfs-game-array+mhxx-dex-1.0+mhxx-save-format-community+mhxx-romfs-native-table,10,1
1084,Helper Hood X,Helper Hood X,mhxx-romfs-game-array+mhxx-dex-1.0+mhxx-save-format-community+mhxx-romfs-native-table,9,1
1085,Healer Glasses X,Healer Glasses X,mhxx-romfs-game-array+mhxx-dex-1.0+mhxx-save-format-community+mhxx-romfs-native-table,9,1
1086,Ancient Helm X,Ancient Helm X,mhxx-romfs-game-array+mhxx-dex-1.0+mhxx-save-format-community+mhxx-romfs-native-table,9,1
1087,Ancient Cap X,Ancient Cap X,mhxx-romfs-game-array+mhxx-dex-1.0+mhxx-save-format-community+mhxx-romfs-native-table,9,1
1088,Master's Earcuff X,Master's Earcuff X,mhxx-romfs-game-array+mhxx-dex-1.0+mhxx-save-format-community+mhxx-romfs-native-table,9,1
1089,Master's Earrings X,Master's Earrings X,mhxx-romfs-game-array+mhxx-dex-1.0+mhxx-save-format-community+mhxx-romfs-native-table,9,1
1090,Grand Toka Kabuto,Grand Toka Kabuto,mhxx-romfs-game-array+mhxx-dex-1.0+mhxx-save-format-community+mhxx-romfs-native-table,9,0
1091,Grand Mitsuaoi Kabuto,Grand Mitsuaoi Kabuto,mhxx-romfs-game-array+mhxx-dex-1.0+mhxx-save-format-community+mhxx-romfs-native-table,9,0
1092,Blooming Bherna,Blooming Bherna,mhxx-romfs-game-array+mhxx-dex-1.0+mhxx-save-format-community+mhxx-romfs-native-table,9,0
1093,Verdant Kokoto,Verdant Kokoto,mhxx-romfs-game-array+mhxx-dex-1.0+mhxx-save-format-community+mhxx-romfs-native-table,9,0
1094,Snowy Pokke,Snowy Pokke,mhxx-romfs-game-array+mhxx-dex-1.0+mhxx-save-format-community+mhxx-romfs-native-table,9,0
1095,Thermal Yukumo,Thermal Yukumo,mhxx-romfs-game-array+mhxx-dex-1.0+mhxx-save-format-community+mhxx-romfs-native-table,9,0
1096,Black Belt Helm X,Black Belt Helm X,mhxx-romfs-game-array+mhxx-dex-1.0+mhxx-save-format-community+mhxx-romfs-native-table,9,3
1097,Black Belt Cap X,Black Belt Cap X,mhxx-romfs-game-array+mhxx-dex-1.0+mhxx-save-format-community+mhxx-romfs-native-table,9,3
1098,Candid Earring,Candid Earring,mhxx-romfs-game-array+mhxx-dex-1.0+mhxx-save-format-community+mhxx-romfs-native-table,9,0
1099,Desire Earring,Desire Earring,mhxx-romfs-game-array+mhxx-dex-1.0+mhxx-save-format-community+mhxx-romfs-native-table,9,3
1100,Auroros Helm R,Auroros Helm R,mhxx-romfs-game-array+mhxx-dex-1.0+mhxx-save-format-community+mhxx-romfs-native-table,10,1
1101,Borealis Crown R,Borealis Crown R,mhxx-romfs-game-array+mhxx-dex-1.0+mhxx-save-format-community+mhxx-romfs-native-table,10,1
1102,Genesis Headpiece R,Genesis Headpiece R,mhxx-romfs-game-array+mhxx-dex-1.0+mhxx-save-format-community+mhxx-romfs-native-table,10,1
1103,Glyph Crown R,Glyph Crown R,mhxx-romfs-game-array+mhxx-dex-1.0+mhxx-save-format-community+mhxx-romfs-native-table,10,1
1104,Silver Solhelm XR,Silver Solhelm XR,mhxx-romfs-game-array+mhxx-dex-1.0+mhxx-save-format-community+mhxx-romfs-native-table,10,0
1105,Silver Solcap XR,Silver Solcap XR,mhxx-romfs-game-array+mhxx-dex-1.0+mhxx-save-format-community+mhxx-romfs-native-table,10,0
1106,Esurient Helm XR,Esurient Helm XR,mhxx-romfs-game-array+mhxx-dex-1.0+mhxx-save-format-community+mhxx-romfs-native-table,10,3
1107,Esurient Cap XR,Esurient Cap XR,mhxx-romfs-game-array+mhxx-dex-1.0+mhxx-save-format-community+mhxx-romfs-native-table,10,3
1108,Rustrazor Helm,Rustrazor Helm,mhxx-romfs-game-array+mhxx-dex-1.0+mhxx-save-format-community+mhxx-romfs-native-table,11,0
1109,Rustrazor Cap,Rustrazor Cap,mhxx-romfs-game-array+mhxx-dex-1.0+mhxx-save-format-community+mhxx-romfs-native-table,11,0
1110,Nightcloak Helm,Nightcloak Helm,mhxx-romfs-game-array+mhxx-dex-1.0+mhxx-save-format-community+mhxx-romfs-native-table,11,0
1111,Nightcloak Cap,Nightcloak Cap,mhxx-romfs-game-array+mhxx-dex-1.0+mhxx-save-format-community+mhxx-romfs-native-table,11,0
1112,Soulseer Helm,Soulseer Helm,mhxx-romfs-game-array+mhxx-dex-1.0+mhxx-save-format-community+mhxx-romfs-native-table,11,0
1113,Soulseer Cap,Soulseer Cap,mhxx-romfs-game-array+mhxx-dex-1.0+mhxx-save-format-community+mhxx-romfs-native-table,11,0
1114,Boltreaver Helm,Boltreaver Helm,mhxx-romfs-game-array+mhxx-dex-1.0+mhxx-save-format-community+mhxx-romfs-native-table,11,0
1115,Boltreaver Cap,Boltreaver Cap,mhxx-romfs-game-array+mhxx-dex-1.0+mhxx-save-format-community+mhxx-romfs-native-table,11,0
1116,Elderfrost Helm,Elderfrost Helm,mhxx-romfs-game-array+mhxx-dex-1.0+mhxx-save-format-community+mhxx-romfs-native-table,11,0
1117,Elderfrost Cap,Elderfrost Cap,mhxx-romfs-game-array+mhxx-dex-1.0+mhxx-save-format-community+mhxx-romfs-native-table,11,0
1118,Bloodbath Helm,Bloodbath Helm,mhxx-romfs-game-array+mhxx-dex-1.0+mhxx-save-format-community+mhxx-romfs-native-table,11,0
1119,Bloodbath Cap,Bloodbath Cap,mhxx-romfs-game-array+mhxx-dex-1.0+mhxx-save-format-community+mhxx-romfs-native-table,11,0
1120,Gammoth Helm X,Gammoth Helm X,mhxx-romfs-game-array+mhxx-dex-1.0+mhxx-save-format-community+mhxx-romfs-native-table,9,2
1121,Gammoth Cap X,Gammoth Cap X,mhxx-romfs-game-array+mhxx-dex-1.0+mhxx-save-format-community+mhxx-romfs-native-table,9,2
1122,Genprey Helm GX,Genprey Helm GX,mhxx-romfs-game-array+mhxx-dex-1.0+mhxx-save-format-community+mhxx-romfs-native-table,8,1
1123,Genprey Cap GX,Genprey Cap GX,mhxx-romfs-game-array+mhxx-dex-1.0+mhxx-save-format-community+mhxx-romfs-native-table,8,1
1124,Ioprey Helm GX,Ioprey Helm GX,mhxx-romfs-game-array+mhxx-dex-1.0+mhxx-save-format-community+mhxx-romfs-native-table,8,1
1125,Ioprey Cap GX,Ioprey Cap GX,mhxx-romfs-game-array+mhxx-dex-1.0+mhxx-save-format-community+mhxx-romfs-native-table,8,1
1126,Vespoid Helm GX,Vespoid Helm GX,mhxx-romfs-game-array+mhxx-dex-1.0+mhxx-save-format-community+mhxx-romfs-native-table,8,1
1127,Vespoid Cap GX,Vespoid Cap GX,mhxx-romfs-game-array+mhxx-dex-1.0+mhxx-save-format-community+mhxx-romfs-native-table,8,1
1128,Hornetaur Helm XR,Hornetaur Helm XR,mhxx-romfs-game-array+mhxx-dex-1.0+mhxx-save-format-community+mhxx-romfs-native-table,8,2
1129,Hornetaur Cap XR,Hornetaur Cap XR,mhxx-romfs-game-array+mhxx-dex-1.0+mhxx-save-format-community+mhxx-romfs-native-table,8,2
1130,Hornetaur Helm GX,Hornetaur Helm GX,mhxx-romfs-game-array+mhxx-dex-1.0+mhxx-save-format-community+mhxx-romfs-native-table,8,1
1131,Hornetaur Cap GX,Hornetaur Cap GX,mhxx-romfs-game-array+mhxx-dex-1.0+mhxx-save-format-community+mhxx-romfs-native-table,8,1
1132,Cephalos Helm GX,Cephalos Helm GX,mhxx-romfs-game-array+mhxx-dex-1.0+mhxx-save-format-community+mhxx-romfs-native-table,8,1
1133,Cephalos Cap GX,Cephalos Cap GX,mhxx-romfs-game-array+mhxx-dex-1.0+mhxx-save-format-community+mhxx-romfs-native-table,8,1
1134,Hermitaur Helm GX,Hermitaur Helm GX,mhxx-romfs-game-array+mhxx-dex-1.0+mhxx-save-format-community+mhxx-romfs-native-table,8,1
1135,Hermitaur Cap GX,Hermitaur Cap GX,mhxx-romfs-game-array+mhxx-dex-1.0+mhxx-save-format-community+mhxx-romfs-native-table,8,1
1136,Rathian Helm GX,Rathian Helm GX,mhxx-romfs-game-array+mhxx-dex-1.0+mhxx-save-format-community+mhxx-romfs-native-table,8,1
1137,Rathian Cap GX,Rathian Cap GX,mhxx-romfs-game-array+mhxx-dex-1.0+mhxx-save-format-community+mhxx-romfs-native-table,8,1
1138,Ceanataur Helm GX,Ceanataur Helm GX,mhxx-romfs-game-array+mhxx-dex-1.0+mhxx-save-format-community+mhxx-romfs-native-table,8,1
1139,Ceanataur Cap GX,Ceanataur Cap GX,mhxx-romfs-game-array+mhxx-dex-1.0+mhxx-save-format-community+mhxx-romfs-native-table,8,1
1140,Blango Helm GX,Blango Helm GX,mhxx-romfs-game-array+mhxx-dex-1.0+mhxx-save-format-community+mhxx-romfs-native-table,8,2
1141,Blango Cap GX,Blango Cap GX,mhxx-romfs-game-array+mhxx-dex-1.0+mhxx-save-format-community+mhxx-romfs-native-table,8,2
1142,Gore Helm GX,Gore Helm GX,mhxx-romfs-game-array+mhxx-dex-1.0+mhxx-save-format-community+mhxx-romfs-native-table,9,1
1143,Gore Cap GX,Gore Cap GX,mhxx-romfs-game-array+mhxx-dex-1.0+mhxx-save-format-community+mhxx-romfs-native-table,9,1
1144,Zinogre Helm GX,Zinogre Helm GX,mhxx-romfs-game-array+mhxx-dex-1.0+mhxx-save-format-community+mhxx-romfs-native-table,9,1
1145,Zinogre Cap GX,Zinogre Cap GX,mhxx-romfs-game-array+mhxx-dex-1.0+mhxx-save-format-community+mhxx-romfs-native-table,9,1
1146,Tigrex Helm GX,Tigrex Helm GX,mhxx-romfs-game-array+mhxx-dex-1.0+mhxx-save-format-community+mhxx-romfs-native-table,9,1
1147,Tigrex Cap GX,Tigrex Cap GX,mhxx-romfs-game-array+mhxx-dex-1.0+mhxx-save-format-community+mhxx-romfs-native-table,9,1
1148,Brachydios Helm GX,Brachydios Helm GX,mhxx-romfs-game-array+mhxx-dex-1.0+mhxx-save-format-community+mhxx-romfs-native-table,9,0
1149,Brachydios Cap GX,Brachydios Cap GX,mhxx-romfs-game-array+mhxx-dex-1.0+mhxx-save-format-community+mhxx-romfs-native-table,9,0
1150,Rathalos Helm GX,Rathalos Helm GX,mhxx-romfs-game-array+mhxx-dex-1.0+mhxx-save-format-community+mhxx-romfs-native-table,9,1
1151,Rathalos Cap GX,Rathalos Cap GX,mhxx-romfs-game-array+mhxx-dex-1.0+mhxx-save-format-community+mhxx-romfs-native-table,9,1
1152,Arc Helm GX,Arc Helm GX,mhxx-romfs-game-array+mhxx-dex-1.0+mhxx-save-format-community+mhxx-romfs-native-table,9,2
1153,Arc Cap GX,Arc Cap GX,mhxx-romfs-game-array+mhxx-dex-1.0+mhxx-save-format-community+mhxx-romfs-native-table,9,2
1154,Storge Helm GX,Storge Helm GX,mhxx-romfs-game-array+mhxx-dex-1.0+mhxx-save-format-community+mhxx-romfs-native-table,9,2
1155,Storge Cap GX,Storge Cap GX,mhxx-romfs-game-array+mhxx-dex-1.0+mhxx-save-format-community+mhxx-romfs-native-table,9,2
1156,Kushala Glare GX,Kushala Glare GX,mhxx-romfs-game-array+mhxx-dex-1.0+mhxx-save-format-community+mhxx-romfs-native-table,10,1
1157,Kushala Snarl GX,Kushala Snarl GX,mhxx-romfs-game-array+mhxx-dex-1.0+mhxx-save-format-community+mhxx-romfs-native-table,10,1
1158,Mizuha Cap GX,Mizuha Cap GX,mhxx-romfs-game-array+mhxx-dex-1.0+mhxx-save-format-community+mhxx-romfs-native-table,10,1
1159,Cham Hat GX,Cham Hat GX,mhxx-romfs-game-array+mhxx-dex-1.0+mhxx-save-format-community+mhxx-romfs-native-table,10,1
1160,Kaiser Crown GX,Kaiser Crown GX,mhxx-romfs-game-array+mhxx-dex-1.0+mhxx-save-format-community+mhxx-romfs-native-table,10,1
1161,Kaiser Mask GX,Kaiser Mask GX,mhxx-romfs-game-array+mhxx-dex-1.0+mhxx-save-format-community+mhxx-romfs-native-table,10,1
1162,Lavasioth Helm GX,Lavasioth Helm GX,mhxx-romfs-game-array+mhxx-dex-1.0+mhxx-save-format-community+mhxx-romfs-native-table,8,1
1163,Lavasioth Cap GX,Lavasioth Cap GX,mhxx-romfs-game-array+mhxx-dex-1.0+mhxx-save-format-community+mhxx-romfs-native-table,8,1
1164,GX Silver Solhelm,GX Silver Solhelm,mhxx-romfs-game-array+mhxx-dex-1.0+mhxx-save-format-community+mhxx-romfs-native-table,10,0
1165,GX Silver Solcap,GX Silver Solcap,mhxx-romfs-game-array+mhxx-dex-1.0+mhxx-save-format-community+mhxx-romfs-native-table,10,0
1166,GX Golden Lunehelm,GX Golden Lunehelm,mhxx-romfs-game-array+mhxx-dex-1.0+mhxx-save-format-community+mhxx-romfs-native-table,10,0
1167,GX Golden Lunecap,GX Golden Lunecap,mhxx-romfs-game-array+mhxx-dex-1.0+mhxx-save-format-community+mhxx-romfs-native-table,10,0
1168,Tempest Crown XR,Tempest Crown XR,mhxx-romfs-game-array+mhxx-dex-1.0+mhxx-save-format-community+mhxx-romfs-native-table,10,1
1169,Welkin Crown XR,Welkin Crown XR,mhxx-romfs-game-array+mhxx-dex-1.0+mhxx-save-format-community+mhxx-romfs-native-table,10,1
1170,Leather Helm X,Leather Helm X,mhxx-romfs-game-array+mhxx-dex-1.0+mhxx-save-format-community+mhxx-romfs-native-table,8,1
1171,Leather Cap X,Leather Cap X,mhxx-romfs-game-array+mhxx-dex-1.0+mhxx-save-format-community+mhxx-romfs-native-table,8,1
1172,Chain Helm X,Chain Helm X,mhxx-romfs-game-array+mhxx-dex-1.0+mhxx-save-format-community+mhxx-romfs-native-table,8,3
1173,Chainmail Cap X,Chainmail Cap X,mhxx-romfs-game-array+mhxx-dex-1.0+mhxx-save-format-community+mhxx-romfs-native-table,8,3
1175,Hunter's Helm X,Hunter's Helm X,mhxx-romfs-game-array+mhxx-dex-1.0+mhxx-save-format-community+mhxx-romfs-native-table,8,0
1176,Hunter's Cap X,Hunter's Cap X,mhxx-romfs-game-array+mhxx-dex-1.0+mhxx-save-format-community+mhxx-romfs-native-table,8,0
1177,Bone Helm X,Bone Helm X,mhxx-romfs-game-array+mhxx-dex-1.0+mhxx-save-format-community+mhxx-romfs-native-table,8,1
1178,Bone Cap X,Bone Cap X,mhxx-romfs-game-array+mhxx-dex-1.0+mhxx-save-format-community+mhxx-romfs-native-table,8,1
1179,Dober Helm X,Dober Helm X,mhxx-romfs-game-array+mhxx-dex-1.0+mhxx-save-format-community+mhxx-romfs-native-table,8,2
1180,Dober Cap X,Dober Cap X,mhxx-romfs-game-array+mhxx-dex-1.0+mhxx-save-format-community+mhxx-romfs-native-table,8,2
1181,Alloy Helm X,Alloy Helm X,mhxx-romfs-game-array+mhxx-dex-1.0+mhxx-save-format-community+mhxx-romfs-native-table,8,1
1182,Alloy Cap X,Alloy Cap X,mhxx-romfs-game-array+mhxx-dex-1.0+mhxx-save-format-community+mhxx-romfs-native-table,8,1
1183,Ingot Helm X,Ingot Helm X,mhxx-romfs-game-array+mhxx-dex-1.0+mhxx-save-format-community+mhxx-romfs-native-table,8,2
1184,Ingot Cap X,Ingot Cap X,mhxx-romfs-game-array+mhxx-dex-1.0+mhxx-save-format-community+mhxx-romfs-native-table,8,2
1185,Damascus Helm XR,Damascus Helm XR,mhxx-romfs-game-array+mhxx-dex-1.0+mhxx-save-format-community+mhxx-romfs-native-table,9,1
1186,Damascus Cap XR,Damascus Cap XR,mhxx-romfs-game-array+mhxx-dex-1.0+mhxx-save-format-community+mhxx-romfs-native-table,9,1
1187,Battle Helm X,Battle Helm X,mhxx-romfs-game-array+mhxx-dex-1.0+mhxx-save-format-community+mhxx-romfs-native-table,8,2
1188,Battle Cap X,Battle Cap X,mhxx-romfs-game-array+mhxx-dex-1.0+mhxx-save-format-community+mhxx-romfs-native-table,8,2
1189,High Metal Helm X,High Metal Helm X,mhxx-romfs-game-array+mhxx-dex-1.0+mhxx-save-format-community+mhxx-romfs-native-table,8,2
1190,High Metal Cap X,High Metal Cap X,mhxx-romfs-game-array+mhxx-dex-1.0+mhxx-save-format-community+mhxx-romfs-native-table,8,1
1191,High Metal Helm Z,High Metal Helm Z,mhxx-romfs-game-array+mhxx-dex-1.0+mhxx-save-format-community+mhxx-romfs-native-table,8,0
1192,High Metal Cap Z,High Metal Cap Z,mhxx-romfs-game-array+mhxx-dex-1.0+mhxx-save-format-community+mhxx-romfs-native-table,8,0
1193,Mosgharl Vizor X,Mosgharl Vizor X,mhxx-romfs-game-array+mhxx-dex-1.0+mhxx-save-format-community+mhxx-romfs-native-table,8,1
1194,Mosgharl Brim X,Mosgharl Brim X,mhxx-romfs-game-array+mhxx-dex-1.0+mhxx-save-format-community+mhxx-romfs-native-table,8,1
1195,Mosgharl Vizor X,Mosgharl Vizor X,mhxx-romfs-game-array+mhxx-dex-1.0+mhxx-save-format-community+mhxx-romfs-native-table,8,1
1196,Mosgharl Brim X,Mosgharl Brim X,mhxx-romfs-game-array+mhxx-dex-1.0+mhxx-save-format-community+mhxx-romfs-native-table,8,1
1197,Obituary Vertex X,Obituary Vertex X,mhxx-romfs-game-array+mhxx-dex-1.0+mhxx-save-format-community+mhxx-romfs-native-table,8,1
1198,Obituary Clypeus X,Obituary Clypeus X,mhxx-romfs-game-array+mhxx-dex-1.0+mhxx-save-format-community+mhxx-romfs-native-table,8,1
1199,Butterfly Vertex X,Butterfly Vertex X,mhxx-romfs-game-array+mhxx-dex-1.0+mhxx-save-format-community+mhxx-romfs-native-table,8,1
1200,Butterfly Clypeus X,Butterfly Clypeus X,mhxx-romfs-game-array+mhxx-dex-1.0+mhxx-save-format-community+mhxx-romfs-native-table,8,1
1201,Aelucanth Vertex X,Aelucanth Vertex X,mhxx-romfs-game-array+mhxx-dex-1.0+mhxx-save-format-community+mhxx-romfs-native-table,8,1
1202,Aelucanth Clypeus X,Aelucanth Clypeus X,mhxx-romfs-game-array+mhxx-dex-1.0+mhxx-save-format-community+mhxx-romfs-native-table,8,1
1203,Rhopessa Vertex X,Rhopessa Vertex X,mhxx-romfs-game-array+mhxx-dex-1.0+mhxx-save-format-community+mhxx-romfs-native-table,8,1
1204,Rhopessa Clypeus X,Rhopessa Clypeus X,mhxx-romfs-game-array+mhxx-dex-1.0+mhxx-save-format-community+mhxx-romfs-native-table,8,1
1205,Vaik Helm X,Vaik Helm X,mhxx-romfs-game-array+mhxx-dex-1.0+mhxx-save-format-community+mhxx-romfs-native-table,8,2
1206,Vaik Cap X,Vaik Cap X,mhxx-romfs-game-array+mhxx-dex-1.0+mhxx-save-format-community+mhxx-romfs-native-table,8,2
1207,Guardian Helm Z,Guardian Helm Z,mhxx-romfs-game-array+mhxx-dex-1.0+mhxx-save-format-community+mhxx-romfs-native-table,9,0
1208,Guardian Mask Z,Guardian Mask Z,mhxx-romfs-game-array+mhxx-dex-1.0+mhxx-save-format-community+mhxx-romfs-native-table,9,0
1209,Helper Hood Z,Helper Hood Z,mhxx-romfs-game-array+mhxx-dex-1.0+mhxx-save-format-community+mhxx-romfs-native-table,9,0
1210,Healer Beret Z,Healer Beret Z,mhxx-romfs-game-array+mhxx-dex-1.0+mhxx-save-format-community+mhxx-romfs-native-table,9,0
1211,Death Stench Brain XR,Death Stench Brain XR,mhxx-romfs-game-array+mhxx-dex-1.0+mhxx-save-format-community+mhxx-romfs-native-table,8,0
1212,Death Stench Soul XR,Death Stench Soul XR,mhxx-romfs-game-array+mhxx-dex-1.0+mhxx-save-format-community+mhxx-romfs-native-table,8,0
1213,Makluva Hood X,Makluva Hood X,mhxx-romfs-game-array+mhxx-dex-1.0+mhxx-save-format-community+mhxx-romfs-native-table,8,1
1214,Makluva Gills X,Makluva Gills X,mhxx-romfs-game-array+mhxx-dex-1.0+mhxx-save-format-community+mhxx-romfs-native-table,8,1
1215,Makluva Hood Z,Makluva Hood Z,mhxx-romfs-game-array+mhxx-dex-1.0+mhxx-save-format-community+mhxx-romfs-native-table,8,1
1216,Makluva Gills Z,Makluva Gills Z,mhxx-romfs-game-array+mhxx-dex-1.0+mhxx-save-format-community+mhxx-romfs-native-table,8,1
1217,Melahoa Hat X,Melahoa Hat X,mhxx-romfs-game-array+mhxx-dex-1.0+mhxx-save-format-community+mhxx-romfs-native-table,8,1
1218,Melahoa Bloom X,Melahoa Bloom X,mhxx-romfs-game-array+mhxx-dex-1.0+mhxx-save-format-community+mhxx-romfs-native-table,8,1
1219,Melahoa Flower Hat Z,Melahoa Flower Hat Z,mhxx-romfs-game-array+mhxx-dex-1.0+mhxx-save-format-community+mhxx-romfs-native-table,8,1
1220,Melahoa Bloom Z,Melahoa Bloom Z,mhxx-romfs-game-array+mhxx-dex-1.0+mhxx-save-format-community+mhxx-romfs-native-table,8,1
1221,Derring Helm X,Derring Helm X,mhxx-romfs-game-array+mhxx-dex-1.0+mhxx-save-format-community+mhxx-romfs-native-table,8,2
1222,Derring Cap X,Derring Cap X,mhxx-romfs-game-array+mhxx-dex-1.0+mhxx-save-format-community+mhxx-romfs-native-table,8,2
1223,GX Kita Star Headdress,GX Kita Star Headdress,mhxx-romfs-game-array+mhxx-dex-1.0+mhxx-save-format-community+mhxx-romfs-native-table,8,2
1224,GX Umi Ocean Headdress,GX Umi Ocean Headdress,mhxx-romfs-game-array+mhxx-dex-1.0+mhxx-save-format-community+mhxx-romfs-native-table,8,3
1225,Grand Chaoshroom,Grand Chaoshroom,mhxx-romfs-game-array+mhxx-dex-1.0+mhxx-save-format-community+mhxx-romfs-native-table,8,2
1226,Grand Chaos Diadem,Grand Chaos Diadem,mhxx-romfs-game-array+mhxx-dex-1.0+mhxx-save-format-community+mhxx-romfs-native-table,8,2
1227,Wisdom Headgear X,Wisdom Headgear X,mhxx-romfs-game-array+mhxx-dex-1.0+mhxx-save-format-community+mhxx-romfs-native-table,9,1
1228,Wisdom Hat X,Wisdom Hat X,mhxx-romfs-game-array+mhxx-dex-1.0+mhxx-save-format-community+mhxx-romfs-native-table,9,1
1229,Cheerful Headgear X,Cheerful Headgear X,mhxx-romfs-game-array+mhxx-dex-1.0+mhxx-save-format-community+mhxx-romfs-native-table,9,1
1230,Cheerful Cap X,Cheerful Cap X,mhxx-romfs-game-array+mhxx-dex-1.0+mhxx-save-format-community+mhxx-romfs-native-table,9,1
1231,Mariner Hood X,Mariner Hood X,mhxx-romfs-game-array+mhxx-dex-1.0+mhxx-save-format-community+mhxx-romfs-native-table,8,1
1232,Mariner Cap X,Mariner Cap X,mhxx-romfs-game-array+mhxx-dex-1.0+mhxx-save-format-community+mhxx-romfs-native-table,8,1
1241,Giaprey Head X,Giaprey Head X,mhxx-romfs-game-array+mhxx-dex-1.0+mhxx-save-format-community+mhxx-romfs-native-table,8,1
1242,Giaprey Mask X,Giaprey Mask X,mhxx-romfs-game-array+mhxx-dex-1.0+mhxx-save-format-community+mhxx-romfs-native-table,8,1
1243,Garuga Mask X,Garuga Mask X,mhxx-romfs-game-array+mhxx-dex-1.0+mhxx-save-format-community+mhxx-romfs-native-table,8,0
1244,Dragonlord's Gaze X,Dragonlord's Gaze X,mhxx-romfs-game-array+mhxx-dex-1.0+mhxx-save-format-community+mhxx-romfs-native-table,9,0
1246,Cunning Specs X,Cunning Specs X,mhxx-romfs-game-array+mhxx-dex-1.0+mhxx-save-format-community+mhxx-romfs-native-table,8,0
1251,Artian Helm XR,Artian Helm XR,mhxx-romfs-game-array+mhxx-dex-1.0+mhxx-save-format-community+mhxx-romfs-native-table,8,1
1252,Artian Cap XR,Artian Cap XR,mhxx-romfs-game-array+mhxx-dex-1.0+mhxx-save-format-community+mhxx-romfs-native-table,8,1
1253,Dragonhead,Dragonhead,mhxx-romfs-game-array+mhxx-dex-1.0+mhxx-save-format-community+mhxx-romfs-native-table,10,2
1254,Dragonface,Dragonface,mhxx-romfs-game-array+mhxx-dex-1.0+mhxx-save-format-community+mhxx-romfs-native-table,10,2
1255,Criminal Head,Criminal Head,mhxx-romfs-game-array+mhxx-dex-1.0+mhxx-save-format-community+mhxx-romfs-native-table,9,0
1256,Criminal Face,Criminal Face,mhxx-romfs-game-array+mhxx-dex-1.0+mhxx-save-format-community+mhxx-romfs-native-table,9,0
1257,Gon Helm,Gon Helm,mhxx-romfs-game-array+mhxx-save-format-community+mhxx-romfs-native-table,0,0
1258,Gon Cap,Gon Cap,mhxx-romfs-game-array+mhxx-save-format-community+mhxx-romfs-native-table,0,0
1259,Arcfire Kasa,Arcfire Kasa,mhxx-romfs-game-array+mhxx-save-format-community+mhxx-romfs-native-table,0,1
1260,Bonfire Kasa,Bonfire Kasa,mhxx-romfs-game-array+mhxx-save-format-community+mhxx-romfs-native-table,0,1
1261,Waka Kasa,Waka Kasa,mhxx-romfs-game-array+mhxx-save-format-community+mhxx-romfs-native-table,0,1
1262,Wagaku Kasa,Wagaku Kasa,mhxx-romfs-game-array+mhxx-save-format-community+mhxx-romfs-native-table,0,1
1263,Ruler Arcfire Kasa,Ruler Arcfire Kasa,mhxx-romfs-game-array+mhxx-save-format-community+mhxx-romfs-native-table,0,1
1264,Ruler Bonfire Kasa,Ruler Bonfire Kasa,mhxx-romfs-game-array+mhxx-save-format-community+mhxx-romfs-native-table,0,1
1265,Ruler Waka Kasa,Ruler Waka Kasa,mhxx-romfs-game-array+mhxx-save-format-community+mhxx-romfs-native-table,0,1
1266,Ruler Wagaku Kasa,Ruler Wagaku Kasa,mhxx-romfs-game-array+mhxx-save-format-community+mhxx-romfs-native-table,0,1
1267,Supreme Arcfire Kasa,Supreme Arcfire Kasa,mhxx-romfs-game-array+mhxx-save-format-community+mhxx-romfs-native-table,0,1
1268,Supreme Bonfire Kasa,Supreme Bonfire Kasa,mhxx-romfs-game-array+mhxx-save-format-community+mhxx-romfs-native-table,0,1
1269,Supreme Wagaku Kasa,Supreme Wagaku Kasa,mhxx-romfs-game-array+mhxx-save-format-community+mhxx-romfs-native-table,0,1
1270,Supreme Wagaku Kasa,Supreme Wagaku Kasa,mhxx-romfs-game-array+mhxx-save-format-community+mhxx-romfs-native-table,0,1
1271,Garo Helm,Garo Helm,mhxx-romfs-game-array+mhxx-dex-1.0+mhxx-save-format-community+mhxx-romfs-native-table,10,1
1272,Garo Head,Garo Head,mhxx-romfs-game-array+mhxx-dex-1.0+mhxx-save-format-community+mhxx-romfs-native-table,10,1
1273,Varia Suit Visor,Varia Suit Visor,mhxx-romfs-game-array+mhxx-dex-1.0+mhxx-save-format-community+mhxx-romfs-native-table,6,0
1274,Varia Suit Scope,Varia Suit Scope,mhxx-romfs-game-array+mhxx-dex-1.0+mhxx-save-format-community+mhxx-romfs-native-table,6,1
1275,Zero Suit Wig,Zero Suit Wig,mhxx-romfs-game-array+mhxx-save-format-community+mhxx-romfs-native-table,0,0
1276,Zero Suit Toupee,Zero Suit Toupee,mhxx-romfs-game-array+mhxx-save-format-community+mhxx-romfs-native-table,0,1
1277,Lodestar Band,Lodestar Band,mhxx-romfs-game-array+mhxx-dex-1.0+mhxx-save-format-community+mhxx-romfs-native-table,7,0
1278,Lodestar Hoop,Lodestar Hoop,mhxx-romfs-game-array+mhxx-dex-1.0+mhxx-save-format-community+mhxx-romfs-native-table,7,0
1279,Hylian Hair Tie,Hylian Hair Tie,mhxx-romfs-game-array+mhxx-dex-1.0+mhxx-save-format-community+mhxx-romfs-native-table,10,0
1280,Hylian Hood,Hylian Hood,mhxx-romfs-game-array+mhxx-dex-1.0+mhxx-save-format-community+mhxx-romfs-native-table,10,0
1281,Hiryu Sky Mask,Hiryu Sky Mask,mhxx-romfs-game-array+mhxx-dex-1.0+mhxx-save-format-community+mhxx-romfs-native-table,7,2
1282,Hiryu Land Mask,Hiryu Land Mask,mhxx-romfs-game-array+mhxx-dex-1.0+mhxx-save-format-community+mhxx-romfs-native-table,7,2
