id,name,english,source,rarity,slots
0,None,None,mhxx-romfs-game-array+mhxx-romfs-native-table,0,0
1,Leather Belt,Leather Belt,mhxx-romfs-game-array+mhxx-dex-1.0+mhxx-save-format-community+mhxx-romfs-native-table,1,2
2,Chainmail Belt,Chainmail Belt,mhxx-romfs-game-array+mhxx-dex-1.0+mhxx-save-format-community+mhxx-romfs-native-table,1,1
3,Bherna Belt,Bherna Belt,mhxx-romfs-game-array+mhxx-dex-1.0+mhxx-save-format-community+mhxx-romfs-native-table,1,1
4,Hunting Faulds,Hunting Faulds,mhxx-romfs-game-array+mhxx-dex-1.0+mhxx-save-format-community+mhxx-romfs-native-table,1,1
5,Hunting Coat,Hunting Coat,mhxx-romfs-game-array+mhxx-dex-1.0+mhxx-save-format-community+mhxx-romfs-native-table,1,1
6,Mafumofu Coat,Mafumofu Coat,mhxx-romfs-game-array+mhxx-dex-1.0+mhxx-save-format-community+mhxx-romfs-native-table,1,1
7,Yukumo Obi,Yukumo Obi,mhxx-romfs-game-array+mhxx-dex-1.0+mhxx-save-format-community+mhxx-romfs-native-table,1,1
8,Loc Lac Kilt,Loc Lac Kilt,mhxx-romfs-game-array+mhxx-dex-1.0+mhxx-save-format-community+mhxx-romfs-native-table,1,0
9,Hunter's Faulds,Hunter's Faulds,mhxx-romfs-game-array+mhxx-dex-1.0+mhxx-save-format-community+mhxx-romfs-native-table,1,1
10,Hunter's Coat,Hunter's Coat,mhxx-romfs-game-array+mhxx-dex-1.0+mhxx-save-format-community+mhxx-romfs-native-table,1,1
11,Bone Faulds,Bone Faulds,mhxx-romfs-game-array+mhxx-dex-1.0+mhxx-save-format-community+mhxx-romfs-native-table,1,2
12,Bone Coat,Bone Coat,mhxx-romfs-game-array+mhxx-dex-1.0+mhxx-save-format-community+mhxx-romfs-native-table,1,2
13,Light Belt,Light Belt,mhxx-romfs-game-array+mhxx-dex-1.0+mhxx-save-format-community+mhxx-romfs-native-table,1,1
14,Iron Belt,Iron Belt,mhxx-romfs-game-array+mhxx-dex-1.0+mhxx-save-format-community+mhxx-romfs-native-table,1,1
23,Jaggi Faulds,Jaggi Faulds,mhxx-romfs-game-array+mhxx-dex-1.0+mhxx-save-format-community+mhxx-romfs-native-table,1,1
24,Jaggi Coat,Jaggi Coat,mhxx-romfs-game-array+mhxx-dex-1.0+mhxx-save-format-community+mhxx-romfs-native-table,1,1
25,Maccao Faulds,Maccao Faulds,mhxx-romfs-game-array+mhxx-dex-1.0+mhxx-save-format-community+mhxx-romfs-native-table,1,1
26,Maccao Coat,Maccao Coat,mhxx-romfs-game-array+mhxx-dex-1.0+mhxx-save-format-community+mhxx-romfs-native-table,1,1
27,Velociprey Tassets,Velociprey Tassets,mhxx-romfs-game-array+mhxx-dex-1.0+mhxx-save-format-community+mhxx-romfs-native-table,1,1
28,Velociprey Coat,Velociprey Coat,mhxx-romfs-game-array+mhxx-dex-1.0+mhxx-save-format-community+mhxx-romfs-native-table,1,1
29,Giaprey Tassets,Giaprey Tassets,mhxx-romfs-game-array+mhxx-dex-1.0+mhxx-save-format-community+mhxx-romfs-native-table,1,1
30,Giaprey Coat,Giaprey Coat,mhxx-romfs-game-array+mhxx-dex-1.0+mhxx-save-format-community+mhxx-romfs-native-table,1,1
31,Genprey Tassets,Genprey Tassets,mhxx-romfs-game-array+mhxx-dex-1.0+mhxx-save-format-community+mhxx-romfs-native-table,1,2
32,Genprey Coat,Genprey Coat,mhxx-romfs-game-array+mhxx-dex-1.0+mhxx-save-format-community+mhxx-romfs-native-table,1,2
33,Vespoid Tassets,Vespoid Tassets,mhxx-romfs-game-array+mhxx-dex-1.0+mhxx-save-format-community+mhxx-romfs-native-table,1,0
34,Vespoid Coat,Vespoid Coat,mhxx-romfs-game-array+mhxx-dex-1.0+mhxx-save-format-community+mhxx-romfs-native-table,1,0
35,Hornetaur Tassets,Hornetaur Tassets,mhxx-romfs-game-array+mhxx-dex-1.0+mhxx-save-format-community+mhxx-romfs-native-table,1,1
36,Hornetaur Coat,Hornetaur Coat,mhxx-romfs-game-array+mhxx-dex-1.0+mhxx-save-format-community+mhxx-romfs-native-table,1,1
37,Bnahabra Coil,Bnahabra Coil,mhxx-romfs-game-array+mhxx-dex-1.0+mhxx-save-format-community+mhxx-romfs-native-table,1,0
38,Bnahabra Coat,Bnahabra Coat,mhxx-romfs-game-array+mhxx-dex-1.0+mhxx-save-format-community+mhxx-romfs-native-table,1,0
41,Mosswine Hip,Mosswine Hip,mhxx-romfs-game-array+mhxx-dex-1.0+mhxx-save-format-community+mhxx-romfs-native-table,1,2
42,Rhenoplos Coil,Rhenoplos Coil,mhxx-romfs-game-array+mhxx-dex-1.0+mhxx-save-format-community+mhxx-romfs-native-table,1,1
43,Rhenoplos Coat,Rhenoplos Coat,mhxx-romfs-game-array+mhxx-dex-1.0+mhxx-save-format-community+mhxx-romfs-native-table,1,1
44,Bulldrome Faulds,Bulldrome Faulds,mhxx-romfs-game-array+mhxx-dex-1.0+mhxx-save-format-community+mhxx-romfs-native-table,1,1
45,Bulldrome Coat,Bulldrome Coat,mhxx-romfs-game-array+mhxx-dex-1.0+mhxx-save-format-community+mhxx-romfs-native-table,1,1
47,Arzuros Faulds,Arzuros Faulds,mhxx-romfs-game-array+mhxx-dex-1.0+mhxx-save-format-community+mhxx-romfs-native-table,1,3
48,Arzuros Coat,Arzuros Coat,mhxx-romfs-game-array+mhxx-dex-1.0+mhxx-save-format-community+mhxx-romfs-native-table,1,3
49,Cephalos Tassets,Cephalos Tassets,mhxx-romfs-game-array+mhxx-dex-1.0+mhxx-save-format-community+mhxx-romfs-native-table,1,1
50,Cephalos Coat,Cephalos Coat,mhxx-romfs-game-array+mhxx-dex-1.0+mhxx-save-format-community+mhxx-romfs-native-table,1,1
51,Derring Belt,Derring Belt,mhxx-romfs-game-array+mhxx-dex-1.0+mhxx-save-format-community+mhxx-romfs-native-table,2,1
52,Alloy Coil,Alloy Coil,mhxx-romfs-game-array+mhxx-dex-1.0+mhxx-save-format-community+mhxx-romfs-native-table,2,0
53,Alloy Coat,Alloy Coat,mhxx-romfs-game-array+mhxx-dex-1.0+mhxx-save-format-community+mhxx-romfs-native-table,2,0
54,Battle Tassets,Battle Tassets,mhxx-romfs-game-array+mhxx-dex-1.0+mhxx-save-format-community+mhxx-romfs-native-table,2,0
55,Battle Coat,Battle Coat,mhxx-romfs-game-array+mhxx-dex-1.0+mhxx-save-format-community+mhxx-romfs-native-table,2,0
56,Ingot Coil,Ingot Coil,mhxx-romfs-game-array+mhxx-dex-1.0+mhxx-save-format-community+mhxx-romfs-native-table,2,2
57,Ingot Coat,Ingot Coat,mhxx-romfs-game-array+mhxx-dex-1.0+mhxx-save-format-community+mhxx-romfs-native-table,2,2
58,High Metal Tassets,High Metal Tassets,mhxx-romfs-game-array+mhxx-dex-1.0+mhxx-save-format-community+mhxx-romfs-native-table,2,2
59,High Metal Coat,High Metal Coat,mhxx-romfs-game-array+mhxx-dex-1.0+mhxx-save-format-community+mhxx-romfs-native-table,2,2
62,Melahoa Folia,Melahoa Folia,mhxx-romfs-game-array+mhxx-dex-1.0+mhxx-save-format-community+mhxx-romfs-native-table,2,2
63,Melahoa Trunk,Melahoa Trunk,mhxx-romfs-game-array+mhxx-dex-1.0+mhxx-save-format-community+mhxx-romfs-native-table,2,2
64,Makluva Coil,Makluva Coil,mhxx-romfs-game-array+mhxx-dex-1.0+mhxx-save-format-community+mhxx-romfs-native-table,2,1
65,Makluva Fin,Makluva Fin,mhxx-romfs-game-array+mhxx-dex-1.0+mhxx-save-format-community+mhxx-romfs-native-table,2,1
66,Bistro Sarong,Bistro Sarong,mhxx-romfs-game-array+mhxx-dex-1.0+mhxx-save-format-community+mhxx-romfs-native-table,2,1
67,Bistro Apron,Bistro Apron,mhxx-romfs-game-array+mhxx-dex-1.0+mhxx-save-format-community+mhxx-romfs-native-table,2,1
68,Obituary Elytra,Obituary Elytra,mhxx-romfs-game-array+mhxx-dex-1.0+mhxx-save-format-community+mhxx-romfs-native-table,2,0
69,Obituary Alae,Obituary Alae,mhxx-romfs-game-array+mhxx-dex-1.0+mhxx-save-format-community+mhxx-romfs-native-table,2,0
70,Butterfly Elytra,Butterfly Elytra,mhxx-romfs-game-array+mhxx-dex-1.0+mhxx-save-format-community+mhxx-romfs-native-table,2,0
71,Butterfly Alae,Butterfly Alae,mhxx-romfs-game-array+mhxx-dex-1.0+mhxx-save-format-community+mhxx-romfs-native-table,2,0
72,Death Stench Bowels,Death Stench Bowels,mhxx-romfs-game-array+mhxx-dex-1.0+mhxx-save-format-community+mhxx-romfs-native-table,2,0
73,Death Stench Belly,Death Stench Belly,mhxx-romfs-game-array+mhxx-dex-1.0+mhxx-save-format-community+mhxx-romfs-native-table,2,0
76,Mosgharl Folia,Mosgharl Folia,mhxx-romfs-game-array+mhxx-dex-1.0+mhxx-save-format-community+mhxx-romfs-native-table,2,2
77,Mosgharl Fronds,Mosgharl Fronds,mhxx-romfs-game-array+mhxx-dex-1.0+mhxx-save-format-community+mhxx-romfs-native-table,2,2
78,Edel Folia,Edel Folia,mhxx-romfs-game-array+mhxx-dex-1.0+mhxx-save-format-community+mhxx-romfs-native-table,2,1
79,Edel Fronds,Edel Fronds,mhxx-romfs-game-array+mhxx-dex-1.0+mhxx-save-format-community+mhxx-romfs-native-table,2,1
80,Skalda Elytra,Skalda Elytra,mhxx-romfs-game-array+mhxx-dex-1.0+mhxx-save-format-community+mhxx-romfs-native-table,2,0
81,Skalda Alae,Skalda Alae,mhxx-romfs-game-array+mhxx-dex-1.0+mhxx-save-format-community+mhxx-romfs-native-table,2,0
82,Spio Elytra,Spio Elytra,mhxx-romfs-game-array+mhxx-dex-1.0+mhxx-save-format-community+mhxx-romfs-native-table,2,0
83,Spio Alae,Spio Alae,mhxx-romfs-game-array+mhxx-dex-1.0+mhxx-save-format-community+mhxx-romfs-native-table,2,0
84,Droth Faulds,Droth Faulds,mhxx-romfs-game-array+mhxx-dex-1.0+mhxx-save-format-community+mhxx-romfs-native-table,2,2
85,Droth Coat,Droth Coat,mhxx-romfs-game-array+mhxx-dex-1.0+mhxx-save-format-community+mhxx-romfs-native-table,2,2
86,Uroktor Tassets,Uroktor Tassets,mhxx-romfs-game-array+mhxx-dex-1.0+mhxx-save-format-community+mhxx-romfs-native-table,2,0
87,Uroktor Coat,Uroktor Coat,mhxx-romfs-game-array+mhxx-dex-1.0+mhxx-save-format-community+mhxx-romfs-native-table,2,0
90,Moofah Coil,Moofah Coil,mhxx-romfs-game-array+mhxx-dex-1.0+mhxx-save-format-community+mhxx-romfs-native-table,2,0
91,Moofah Coat,Moofah Coat,mhxx-romfs-game-array+mhxx-dex-1.0+mhxx-save-format-community+mhxx-romfs-native-table,2,0
99,Remobra Belt,Remobra Belt,mhxx-romfs-game-array+mhxx-dex-1.0+mhxx-save-format-community+mhxx-romfs-native-table,2,1
100,Remobra Band,Remobra Band,mhxx-romfs-game-array+mhxx-dex-1.0+mhxx-save-format-community+mhxx-romfs-native-table,2,1
101,Ioprey Tassets,Ioprey Tassets,mhxx-romfs-game-array+mhxx-dex-1.0+mhxx-save-format-community+mhxx-romfs-native-table,2,1
102,Ioprey Coat,Ioprey Coat,mhxx-romfs-game-array+mhxx-dex-1.0+mhxx-save-format-community+mhxx-romfs-native-table,2,1
103,Kut-Ku Tassets,Kut-Ku Tassets,mhxx-romfs-game-array+mhxx-dex-1.0+mhxx-save-format-community+mhxx-romfs-native-table,2,0
104,Kut-Ku Coat,Kut-Ku Coat,mhxx-romfs-game-array+mhxx-dex-1.0+mhxx-save-format-community+mhxx-romfs-native-table,2,0
105,Lagombi Faulds,Lagombi Faulds,mhxx-romfs-game-array+mhxx-dex-1.0+mhxx-save-format-community+mhxx-romfs-native-table,2,1
106,Lagombi Coat,Lagombi Coat,mhxx-romfs-game-array+mhxx-dex-1.0+mhxx-save-format-community+mhxx-romfs-native-table,2,1
107,Gypceros Tassets,Gypceros Tassets,mhxx-romfs-game-array+mhxx-dex-1.0+mhxx-save-format-community+mhxx-romfs-native-table,2,0
108,Gypceros Coat,Gypceros Coat,mhxx-romfs-game-array+mhxx-dex-1.0+mhxx-save-format-community+mhxx-romfs-native-table,2,0
109,Tetsucabra Faulds,Tetsucabra Faulds,mhxx-romfs-game-array+mhxx-dex-1.0+mhxx-save-format-community+mhxx-romfs-native-table,2,1
110,Tetsucabra Coat,Tetsucabra Coat,mhxx-romfs-game-array+mhxx-dex-1.0+mhxx-save-format-community+mhxx-romfs-native-table,2,1
111,Hermitaur Tassets,Hermitaur Tassets,mhxx-romfs-game-array+mhxx-dex-1.0+mhxx-save-format-community+mhxx-romfs-native-table,2,0
112,Hermitaur Coat,Hermitaur Coat,mhxx-romfs-game-array+mhxx-dex-1.0+mhxx-save-format-community+mhxx-romfs-native-table,2,0
113,Volvidon Faulds,Volvidon Faulds,mhxx-romfs-game-array+mhxx-dex-1.0+mhxx-save-format-community+mhxx-romfs-native-table,2,1
114,Volvidon Coat,Volvidon Coat,mhxx-romfs-game-array+mhxx-dex-1.0+mhxx-save-format-community+mhxx-romfs-native-table,2,1
115,Ludroth Faulds,Ludroth Faulds,mhxx-romfs-game-array+mhxx-dex-1.0+mhxx-save-format-community+mhxx-romfs-native-table,2,1
116,Ludroth Coat,Ludroth Coat,mhxx-romfs-game-array+mhxx-dex-1.0+mhxx-save-format-community+mhxx-romfs-native-table,2,1
117,Malfestio Faulds,Malfestio Faulds,mhxx-romfs-game-array+mhxx-dex-1.0+mhxx-save-format-community+mhxx-romfs-native-table,2,0
118,Malfestio Coat,Malfestio Coat,mhxx-romfs-game-array+mhxx-dex-1.0+mhxx-save-format-community+mhxx-romfs-native-table,2,0
119,Khezu Tassets,Khezu Tassets,mhxx-romfs-game-array+mhxx-dex-1.0+mhxx-save-format-community+mhxx-romfs-native-table,2,0
120,Khezu Coat,Khezu Coat,mhxx-romfs-game-array+mhxx-dex-1.0+mhxx-save-format-community+mhxx-romfs-native-table,2,0
121,Rathian Faulds,Rathian Faulds,mhxx-romfs-game-array+mhxx-dex-1.0+mhxx-save-format-community+mhxx-romfs-native-table,2,0
122,Rathian Coat,Rathian Coat,mhxx-romfs-game-array+mhxx-dex-1.0+mhxx-save-format-community+mhxx-romfs-native-table,2,0
123,Nibelsnarf Faulds,Nibelsnarf Faulds,mhxx-romfs-game-array+mhxx-dex-1.0+mhxx-save-format-community+mhxx-romfs-native-table,2,2
124,Nibelsnarf Coat,Nibelsnarf Coat,mhxx-romfs-game-array+mhxx-dex-1.0+mhxx-save-format-community+mhxx-romfs-native-table,2,2
125,Blango Tassets,Blango Tassets,mhxx-romfs-game-array+mhxx-dex-1.0+mhxx-save-format-community+mhxx-romfs-native-table,2,0
126,Blango Coat,Blango Coat,mhxx-romfs-game-array+mhxx-dex-1.0+mhxx-save-format-community+mhxx-romfs-native-table,2,0
127,Ceanataur Tassets,Ceanataur Tassets,mhxx-romfs-game-array+mhxx-dex-1.0+mhxx-save-format-community+mhxx-romfs-native-table,2,0
128,Ceanataur Coat,Ceanataur Coat,mhxx-romfs-game-array+mhxx-dex-1.0+mhxx-save-format-community+mhxx-romfs-native-table,2,0
129,Najarala Faulds,Najarala Faulds,mhxx-romfs-game-array+mhxx-dex-1.0+mhxx-save-format-community+mhxx-romfs-native-table,2,1
130,Najarala Coat,Najarala Coat,mhxx-romfs-game-array+mhxx-dex-1.0+mhxx-save-format-community+mhxx-romfs-native-table,2,1
131,Nargacuga Faulds,Nargacuga Faulds,mhxx-romfs-game-array+mhxx-dex-1.0+mhxx-save-format-community+mhxx-romfs-native-table,2,3
132,Nargacuga Coat,Nargacuga Coat,mhxx-romfs-game-array+mhxx-dex-1.0+mhxx-save-format-community+mhxx-romfs-native-table,2,3
133,Scholarly Sash,Scholarly Sash,mhxx-romfs-game-array+mhxx-dex-1.0+mhxx-save-format-community+mhxx-romfs-native-table,2,1
134,Scholarly Coat,Scholarly Coat,mhxx-romfs-game-array+mhxx-dex-1.0+mhxx-save-format-community+mhxx-romfs-native-table,2,1
135,Vaik Faulds,Vaik Faulds,mhxx-romfs-game-array+mhxx-dex-1.0+mhxx-save-format-community+mhxx-romfs-native-table,3,2
136,Vaik Coat,Vaik Coat,mhxx-romfs-game-array+mhxx-dex-1.0+mhxx-save-format-community+mhxx-romfs-native-table,3,2
139,Aelucanth Elytra,Aelucanth Elytra,mhxx-romfs-game-array+mhxx-dex-1.0+mhxx-save-format-community+mhxx-romfs-native-table,3,0
140,Aelucanth Alae,Aelucanth Alae,mhxx-romfs-game-array+mhxx-dex-1.0+mhxx-save-format-community+mhxx-romfs-native-table,3,0
141,Rhopessa Elytra,Rhopessa Elytra,mhxx-romfs-game-array+mhxx-dex-1.0+mhxx-save-format-community+mhxx-romfs-native-table,3,0
142,Rhopessa Alae,Rhopessa Alae,mhxx-romfs-game-array+mhxx-dex-1.0+mhxx-save-format-community+mhxx-romfs-native-table,3,0
145,Garuga Tassets,Garuga Tassets,mhxx-romfs-game-array+mhxx-dex-1.0+mhxx-save-format-community+mhxx-romfs-native-table,3,1
146,Garuga Coat,Garuga Coat,mhxx-romfs-game-array+mhxx-dex-1.0+mhxx-save-format-community+mhxx-romfs-native-table,3,1
148,Uragaan Faulds,Uragaan Faulds,mhxx-romfs-game-array+mhxx-dex-1.0+mhxx-save-format-community+mhxx-romfs-native-table,3,1
149,Uragaan Coat,Uragaan Coat,mhxx-romfs-game-array+mhxx-dex-1.0+mhxx-save-format-community+mhxx-romfs-native-table,3,1
150,Rathalos Faulds,Rathalos Faulds,mhxx-romfs-game-array+mhxx-dex-1.0+mhxx-save-format-community+mhxx-romfs-native-table,3,2
151,Rathalos Coat,Rathalos Coat,mhxx-romfs-game-array+mhxx-dex-1.0+mhxx-save-format-community+mhxx-romfs-native-table,3,2
152,Lagiacrus Faulds,Lagiacrus Faulds,mhxx-romfs-game-array+mhxx-dex-1.0+mhxx-save-format-community+mhxx-romfs-native-table,3,0
153,Lagiacrus Coat,Lagiacrus Coat,mhxx-romfs-game-array+mhxx-dex-1.0+mhxx-save-format-community+mhxx-romfs-native-table,3,0
154,Zinogre Faulds,Zinogre Faulds,mhxx-romfs-game-array+mhxx-dex-1.0+mhxx-save-format-community+mhxx-romfs-native-table,3,0
155,Zinogre Coat,Zinogre Coat,mhxx-romfs-game-array+mhxx-dex-1.0+mhxx-save-format-community+mhxx-romfs-native-table,3,0
156,Mizutsune Faulds,Mizutsune Faulds,mhxx-romfs-game-array+mhxx-dex-1.0+mhxx-save-format-community+mhxx-romfs-native-table,3,0
157,Mizutsune Coat,Mizutsune Coat,mhxx-romfs-game-array+mhxx-dex-1.0+mhxx-save-format-community+mhxx-romfs-native-table,3,0
158,Astalos Faulds,Astalos Faulds,mhxx-romfs-game-array+mhxx-dex-1.0+mhxx-save-format-community+mhxx-romfs-native-table,3,0
159,Astalos Coat,Astalos Coat,mhxx-romfs-game-array+mhxx-dex-1.0+mhxx-save-format-community+mhxx-romfs-native-table,3,0
160,Gammoth Faulds,Gammoth Faulds,mhxx-romfs-game-array+mhxx-dex-1.0+mhxx-save-format-community+mhxx-romfs-native-table,3,0
161,Gammoth Coat,Gammoth Coat,mhxx-romfs-game-array+mhxx-dex-1.0+mhxx-save-format-community+mhxx-romfs-native-table,3,0
162,Glavenus Faulds,Glavenus Faulds,mhxx-romfs-game-array+mhxx-dex-1.0+mhxx-save-format-community+mhxx-romfs-native-table,3,1
163,Glavenus Coat,Glavenus Coat,mhxx-romfs-game-array+mhxx-dex-1.0+mhxx-save-format-community+mhxx-romfs-native-table,3,1
164,Gore Faulds,Gore Faulds,mhxx-romfs-game-array+mhxx-dex-1.0+mhxx-save-format-community+mhxx-romfs-native-table,3,1
165,Gore Coat,Gore Coat,mhxx-romfs-game-array+mhxx-dex-1.0+mhxx-save-format-community+mhxx-romfs-native-table,3,1
166,Regios Tassets,Regios Tassets,mhxx-romfs-game-array+mhxx-dex-1.0+mhxx-save-format-community+mhxx-romfs-native-table,3,2
167,Regios Coat,Regios Coat,mhxx-romfs-game-array+mhxx-dex-1.0+mhxx-save-format-community+mhxx-romfs-native-table,3,2
168,Tigrex Tassets,Tigrex Tassets,mhxx-romfs-game-array+mhxx-dex-1.0+mhxx-save-format-community+mhxx-romfs-native-table,3,0
169,Tigrex Coat,Tigrex Coat,mhxx-romfs-game-array+mhxx-dex-1.0+mhxx-save-format-community+mhxx-romfs-native-table,3,0
170,Kirin Hoop,Kirin Hoop,mhxx-romfs-game-array+mhxx-dex-1.0+mhxx-save-format-community+mhxx-romfs-native-table,3,0
171,Kirin Shorts,Kirin Shorts,mhxx-romfs-game-array+mhxx-dex-1.0+mhxx-save-format-community+mhxx-romfs-native-table,3,0
172,Brachydios Faulds,Brachydios Faulds,mhxx-romfs-game-array+mhxx-dex-1.0+mhxx-save-format-community+mhxx-romfs-native-table,3,0
173,Brachydios Coat,Brachydios Coat,mhxx-romfs-game-array+mhxx-dex-1.0+mhxx-save-format-community+mhxx-romfs-native-table,3,0
174,Arc Faulds,Arc Faulds,mhxx-romfs-game-array+mhxx-dex-1.0+mhxx-save-format-community+mhxx-romfs-native-table,3,2
175,Storge Faulds,Storge Faulds,mhxx-romfs-game-array+mhxx-dex-1.0+mhxx-save-format-community+mhxx-romfs-native-table,3,2
176,Arc Coat,Arc Coat,mhxx-romfs-game-array+mhxx-dex-1.0+mhxx-save-format-community+mhxx-romfs-native-table,3,1
177,Storge Coat,Storge Coat,mhxx-romfs-game-array+mhxx-dex-1.0+mhxx-save-format-community+mhxx-romfs-native-table,3,1
178,Kushala Cocoon,Kushala Cocoon,mhxx-romfs-game-array+mhxx-dex-1.0+mhxx-save-format-community+mhxx-romfs-native-table,3,0
179,Kushala Wind Wrap,Kushala Wind Wrap,mhxx-romfs-game-array+mhxx-dex-1.0+mhxx-save-format-community+mhxx-romfs-native-table,3,0
180,Mizuha Sash,Mizuha Sash,mhxx-romfs-game-array+mhxx-dex-1.0+mhxx-save-format-community+mhxx-romfs-native-table,3,1
181,Cham Coat,Cham Coat,mhxx-romfs-game-array+mhxx-dex-1.0+mhxx-save-format-community+mhxx-romfs-native-table,3,1
182,Kaiser Tassets,Kaiser Tassets,mhxx-romfs-game-array+mhxx-dex-1.0+mhxx-save-format-community+mhxx-romfs-native-table,3,1
183,Kaiser Coat,Kaiser Coat,mhxx-romfs-game-array+mhxx-dex-1.0+mhxx-save-format-community+mhxx-romfs-native-table,3,1
184,Skeletal Hipbone,Skeletal Hipbone,mhxx-romfs-game-array+mhxx-dex-1.0+mhxx-save-format-community+mhxx-romfs-native-table,3,1
185,Decayed Hipbone,Decayed Hipbone,mhxx-romfs-game-array+mhxx-dex-1.0+mhxx-save-format-community+mhxx-romfs-native-table,3,1
186,Black Spine,Black Spine,mhxx-romfs-game-array+mhxx-dex-1.0+mhxx-save-format-community+mhxx-romfs-native-table,3,0
187,Black Scale,Black Scale,mhxx-romfs-game-array+mhxx-dex-1.0+mhxx-save-format-community+mhxx-romfs-native-table,3,0
188,Black Belt Tassets,Black Belt Tassets,mhxx-romfs-game-array+mhxx-dex-1.0+mhxx-save-format-community+mhxx-romfs-native-table,3,0
189,Black Belt Coat,Black Belt Coat,mhxx-romfs-game-array+mhxx-dex-1.0+mhxx-save-format-community+mhxx-romfs-native-table,3,0
190,Guild Bard Coil,Guild Bard Coil,mhxx-romfs-game-array+mhxx-dex-1.0+mhxx-save-format-community+mhxx-romfs-native-table,3,1
191,Guild Bard Coat,Guild Bard Coat,mhxx-romfs-game-array+mhxx-dex-1.0+mhxx-save-format-community+mhxx-romfs-native-table,3,1
192,Maiden's Skirt,Maiden's Skirt,mhxx-romfs-game-array+mhxx-dex-1.0+mhxx-save-format-community+mhxx-romfs-native-table,3,1
193,French Maid Frills,French Maid Frills,mhxx-romfs-game-array+mhxx-dex-1.0+mhxx-save-format-community+mhxx-romfs-native-table,3,1
194,Helper Skirt,Helper Skirt,mhxx-romfs-game-array+mhxx-dex-1.0+mhxx-save-format-community+mhxx-romfs-native-table,3,1
195,Healer Frills,Healer Frills,mhxx-romfs-game-array+mhxx-dex-1.0+mhxx-save-format-community+mhxx-romfs-native-table,3,1
196,Dianthus Skirt,Dianthus Skirt,mhxx-romfs-game-array+mhxx-dex-1.0+mhxx-save-format-community+mhxx-romfs-native-table,3,1
197,Campanile Skirt,Campanile Skirt,mhxx-romfs-game-array+mhxx-dex-1.0+mhxx-save-format-community+mhxx-romfs-native-table,3,1
199,Gourmew Sarong,Gourmew Sarong,mhxx-romfs-game-array+mhxx-dex-1.0+mhxx-save-format-community+mhxx-romfs-native-table,3,0
200,Gourmew Apron,Gourmew Apron,mhxx-romfs-game-array+mhxx-dex-1.0+mhxx-save-format-community+mhxx-romfs-native-table,3,0
201,Leather Faulds S,Leather Faulds S,mhxx-romfs-game-array+mhxx-dex-1.0+mhxx-save-format-community+mhxx-romfs-native-table,4,2
202,Chainmail Faulds S,Chainmail Faulds S,mhxx-romfs-game-array+mhxx-dex-1.0+mhxx-save-format-community+mhxx-romfs-native-table,4,1
203,Bherna Belt S,Bherna Belt S,mhxx-romfs-game-array+mhxx-dex-1.0+mhxx-save-format-community+mhxx-romfs-native-table,4,1
204,Bherna Coat S,Bherna Coat S,mhxx-romfs-game-array+mhxx-dex-1.0+mhxx-save-format-community+mhxx-romfs-native-table,4,1
205,Hunting Faulds S,Hunting Faulds S,mhxx-romfs-game-array+mhxx-dex-1.0+mhxx-save-format-community+mhxx-romfs-native-table,4,1
206,Hunting Coat S,Hunting Coat S,mhxx-romfs-game-array+mhxx-dex-1.0+mhxx-save-format-community+mhxx-romfs-native-table,4,1
207,Mafumofu Coil S,Mafumofu Coil S,mhxx-romfs-game-array+mhxx-dex-1.0+mhxx-save-format-community+mhxx-romfs-native-table,4,1
208,Mafumofu Coat S,Mafumofu Coat S,mhxx-romfs-game-array+mhxx-dex-1.0+mhxx-save-format-community+mhxx-romfs-native-table,4,1
209,Yukumo Sky Obi,Yukumo Sky Obi,mhxx-romfs-game-array+mhxx-dex-1.0+mhxx-save-format-community+mhxx-romfs-native-table,4,2
210,Yukumo Land Obi,Yukumo Land Obi,mhxx-romfs-game-array+mhxx-dex-1.0+mhxx-save-format-community+mhxx-romfs-native-table,4,2
211,Loc Lac Kilt S,Loc Lac Kilt S,mhxx-romfs-game-array+mhxx-dex-1.0+mhxx-save-format-community+mhxx-romfs-native-table,4,1
212,Hunter's Faulds S,Hunter's Faulds S,mhxx-romfs-game-array+mhxx-dex-1.0+mhxx-save-format-community+mhxx-romfs-native-table,4,1
213,Hunter's Coat S,Hunter's Coat S,mhxx-romfs-game-array+mhxx-dex-1.0+mhxx-save-format-community+mhxx-romfs-native-table,4,1
214,Hunter's Faulds R,Hunter's Faulds R,mhxx-romfs-game-array+mhxx-dex-1.0+mhxx-save-format-community+mhxx-romfs-native-table,4,1
215,Hunter's Coat R,Hunter's Coat R,mhxx-romfs-game-array+mhxx-dex-1.0+mhxx-save-format-community+mhxx-romfs-native-table,4,1
216,Bone Faulds S,Bone Faulds S,mhxx-romfs-game-array+mhxx-dex-1.0+mhxx-save-format-community+mhxx-romfs-native-table,4,2
217,Bone Coat S,Bone Coat S,mhxx-romfs-game-array+mhxx-dex-1.0+mhxx-save-format-community+mhxx-romfs-native-table,4,2
218,Light Belt S,Light Belt S,mhxx-romfs-game-array+mhxx-dex-1.0+mhxx-save-format-community+mhxx-romfs-native-table,4,0
219,Iron Belt S,Iron Belt S,mhxx-romfs-game-array+mhxx-dex-1.0+mhxx-save-format-community+mhxx-romfs-native-table,4,0
224,Melahoa Folia S,Melahoa Folia S,mhxx-romfs-game-array+mhxx-dex-1.0+mhxx-save-format-community+mhxx-romfs-native-table,4,3
225,Melahoa Trunk S,Melahoa Trunk S,mhxx-romfs-game-array+mhxx-dex-1.0+mhxx-save-format-community+mhxx-romfs-native-table,4,3
226,Melahoa Folia U,Melahoa Folia U,mhxx-romfs-game-array+mhxx-dex-1.0+mhxx-save-format-community+mhxx-romfs-native-table,4,3
227,Melahoa Trunk U,Melahoa Trunk U,mhxx-romfs-game-array+mhxx-dex-1.0+mhxx-save-format-community+mhxx-romfs-native-table,4,3
228,Makluva Coil S,Makluva Coil S,mhxx-romfs-game-array+mhxx-dex-1.0+mhxx-save-format-community+mhxx-romfs-native-table,4,1
229,Makluva Fin S,Makluva Fin S,mhxx-romfs-game-array+mhxx-dex-1.0+mhxx-save-format-community+mhxx-romfs-native-table,4,1
230,Makluva Coil U,Makluva Coil U,mhxx-romfs-game-array+mhxx-dex-1.0+mhxx-save-format-community+mhxx-romfs-native-table,4,1
231,Makluva Fin U,Makluva Fin U,mhxx-romfs-game-array+mhxx-dex-1.0+mhxx-save-format-community+mhxx-romfs-native-table,4,1
232,Bistro Sarong S,Bistro Sarong S,mhxx-romfs-game-array+mhxx-dex-1.0+mhxx-save-format-community+mhxx-romfs-native-table,4,1
233,Bistro Apron S,Bistro Apron S,mhxx-romfs-game-array+mhxx-dex-1.0+mhxx-save-format-community+mhxx-romfs-native-table,4,1
236,Mosgharl Folia S,Mosgharl Folia S,mhxx-romfs-game-array+mhxx-dex-1.0+mhxx-save-format-community+mhxx-romfs-native-table,4,2
237,Mosgharl Fronds S,Mosgharl Fronds S,mhxx-romfs-game-array+mhxx-dex-1.0+mhxx-save-format-community+mhxx-romfs-native-table,4,2
238,Edel Folia S,Edel Folia S,mhxx-romfs-game-array+mhxx-dex-1.0+mhxx-save-format-community+mhxx-romfs-native-table,4,1
239,Edel Fronds S,Edel Fronds S,mhxx-romfs-game-array+mhxx-dex-1.0+mhxx-save-format-community+mhxx-romfs-native-table,4,1
240,Moofah Coil S,Moofah Coil S,mhxx-romfs-game-array+mhxx-dex-1.0+mhxx-save-format-community+mhxx-romfs-native-table,4,0
241,Moofah Coat S,Moofah Coat S,mhxx-romfs-game-array+mhxx-dex-1.0+mhxx-save-format-community+mhxx-romfs-native-table,4,0
253,Remobra Belt S,Remobra Belt S,mhxx-romfs-game-array+mhxx-dex-1.0+mhxx-save-format-community+mhxx-romfs-native-table,4,1
254,Remobra Band S,Remobra Band S,mhxx-romfs-game-array+mhxx-dex-1.0+mhxx-save-format-community+mhxx-romfs-native-table,4,1
261,Mosswine Hip S,Mosswine Hip S,mhxx-romfs-game-array+mhxx-dex-1.0+mhxx-save-format-community+mhxx-romfs-native-table,4,2
262,Rhenoplos Coil S,Rhenoplos Coil S,mhxx-romfs-game-array+mhxx-dex-1.0+mhxx-save-format-community+mhxx-romfs-native-table,4,1
263,Rhenoplos Coat S,Rhenoplos Coat S,mhxx-romfs-game-array+mhxx-dex-1.0+mhxx-save-format-community+mhxx-romfs-native-table,4,1
264,Jaggi Faulds S,Jaggi Faulds S,mhxx-romfs-game-array+mhxx-dex-1.0+mhxx-save-format-community+mhxx-romfs-native-table,4,1
265,Jaggi Coat S,Jaggi Coat S,mhxx-romfs-game-array+mhxx-dex-1.0+mhxx-save-format-community+mhxx-romfs-native-table,4,1
266,Droth Faulds S,Droth Faulds S,mhxx-romfs-game-array+mhxx-dex-1.0+mhxx-save-format-community+mhxx-romfs-native-table,4,2
267,Droth Coat S,Droth Coat S,mhxx-romfs-game-array+mhxx-dex-1.0+mhxx-save-format-community+mhxx-romfs-native-table,4,2
268,Uroktor Tassets S,Uroktor Tassets S,mhxx-romfs-game-array+mhxx-dex-1.0+mhxx-save-format-community+mhxx-romfs-native-table,4,1
269,Uroktor Coat S,Uroktor Coat S,mhxx-romfs-game-array+mhxx-dex-1.0+mhxx-save-format-community+mhxx-romfs-native-table,4,1
270,Maccao Faulds S,Maccao Faulds S,mhxx-romfs-game-array+mhxx-dex-1.0+mhxx-save-format-community+mhxx-romfs-native-table,4,1
271,Maccao Coat S,Maccao Coat S,mhxx-romfs-game-array+mhxx-dex-1.0+mhxx-save-format-community+mhxx-romfs-native-table,4,1
272,Velociprey Tassets S,Velociprey Tassets S,mhxx-romfs-game-array+mhxx-dex-1.0+mhxx-save-format-community+mhxx-romfs-native-table,4,2
273,Velociprey Coat S,Velociprey Coat S,mhxx-romfs-game-array+mhxx-dex-1.0+mhxx-save-format-community+mhxx-romfs-native-table,4,2
274,Giaprey Faulds S,Giaprey Faulds S,mhxx-romfs-game-array+mhxx-dex-1.0+mhxx-save-format-community+mhxx-romfs-native-table,4,1
275,Giaprey Coat S,Giaprey Coat S,mhxx-romfs-game-array+mhxx-dex-1.0+mhxx-save-format-community+mhxx-romfs-native-table,4,1
276,Genprey Tassets S,Genprey Tassets S,mhxx-romfs-game-array+mhxx-dex-1.0+mhxx-save-format-community+mhxx-romfs-native-table,4,2
277,Genprey Coat S,Genprey Coat S,mhxx-romfs-game-array+mhxx-dex-1.0+mhxx-save-format-community+mhxx-romfs-native-table,4,2
278,EX Genprey Tassets,EX Genprey Tassets,mhxx-romfs-game-array+mhxx-dex-1.0+mhxx-save-format-community+mhxx-romfs-native-table,4,1
279,EX Genprey Coat,EX Genprey Coat,mhxx-romfs-game-array+mhxx-dex-1.0+mhxx-save-format-community+mhxx-romfs-native-table,4,1
280,Ioprey Tassets S,Ioprey Tassets S,mhxx-romfs-game-array+mhxx-dex-1.0+mhxx-save-format-community+mhxx-romfs-native-table,4,1
281,Ioprey Coat S,Ioprey Coat S,mhxx-romfs-game-array+mhxx-dex-1.0+mhxx-save-format-community+mhxx-romfs-native-table,4,1
282,EX Ioprey Tassets,EX Ioprey Tassets,mhxx-romfs-game-array+mhxx-dex-1.0+mhxx-save-format-community+mhxx-romfs-native-table,4,0
283,EX Ioprey Coat,EX Ioprey Coat,mhxx-romfs-game-array+mhxx-dex-1.0+mhxx-save-format-community+mhxx-romfs-native-table,4,0
284,Vespoid Tassets S,Vespoid Tassets S,mhxx-romfs-game-array+mhxx-dex-1.0+mhxx-save-format-community+mhxx-romfs-native-table,4,1
285,Vespoid Coat S,Vespoid Coat S,mhxx-romfs-game-array+mhxx-dex-1.0+mhxx-save-format-community+mhxx-romfs-native-table,4,1
286,EX Vespoid Tassets,EX Vespoid Tassets,mhxx-romfs-game-array+mhxx-dex-1.0+mhxx-save-format-community+mhxx-romfs-native-table,4,0
287,EX Vespoid Coat,EX Vespoid Coat,mhxx-romfs-game-array+mhxx-dex-1.0+mhxx-save-format-community+mhxx-romfs-native-table,4,0
288,Hornetaur Tassets S,Hornetaur Tassets S,mhxx-romfs-game-array+mhxx-dex-1.0+mhxx-save-format-community+mhxx-romfs-native-table,4,1
289,Hornetaur Coat S,Hornetaur Coat S,mhxx-romfs-game-array+mhxx-dex-1.0+mhxx-save-format-community+mhxx-romfs-native-table,4,1
290,EX Hornetaur Tassets,EX Hornetaur Tassets,mhxx-romfs-game-array+mhxx-dex-1.0+mhxx-save-format-community+mhxx-romfs-native-table,4,1
291,EX Hornetaur Coat,EX Hornetaur Coat,mhxx-romfs-game-array+mhxx-dex-1.0+mhxx-save-format-community+mhxx-romfs-native-table,4,1
292,Hornetaur Tassets R,Hornetaur Tassets R,mhxx-romfs-game-array+mhxx-dex-1.0+mhxx-save-format-community+mhxx-romfs-native-table,4,0
293,Hornetaur Coat R,Hornetaur Coat R,mhxx-romfs-game-array+mhxx-dex-1.0+mhxx-save-format-community+mhxx-romfs-native-table,4,0
294,Bnahabra Coil S,Bnahabra Coil S,mhxx-romfs-game-array+mhxx-dex-1.0+mhxx-save-format-community+mhxx-romfs-native-table,4,1
295,Bnahabra Coat S,Bnahabra Coat S,mhxx-romfs-game-array+mhxx-dex-1.0+mhxx-save-format-community+mhxx-romfs-native-table,4,1
298,Bulldrome Faulds S,Bulldrome Faulds S,mhxx-romfs-game-array+mhxx-dex-1.0+mhxx-save-format-community+mhxx-romfs-native-table,4,1
299,Bulldrome Coat S,Bulldrome Coat S,mhxx-romfs-game-array+mhxx-dex-1.0+mhxx-save-format-community+mhxx-romfs-native-table,4,1
301,Arzuros Faulds S,Arzuros Faulds S,mhxx-romfs-game-array+mhxx-dex-1.0+mhxx-save-format-community+mhxx-romfs-native-table,4,3
302,Arzuros Coat S,Arzuros Coat S,mhxx-romfs-game-array+mhxx-dex-1.0+mhxx-save-format-community+mhxx-romfs-native-table,4,3
303,Cephalos Tassets S,Cephalos Tassets S,mhxx-romfs-game-array+mhxx-dex-1.0+mhxx-save-format-community+mhxx-romfs-native-table,4,0
304,Cephalos Coat S,Cephalos Coat S,mhxx-romfs-game-array+mhxx-dex-1.0+mhxx-save-format-community+mhxx-romfs-native-table,4,0
305,EX Cephalos Tassets,EX Cephalos Tassets,mhxx-romfs-game-array+mhxx-dex-1.0+mhxx-save-format-community+mhxx-romfs-native-table,4,0
306,EX Cephalos Coat,EX Cephalos Coat,mhxx-romfs-game-array+mhxx-dex-1.0+mhxx-save-format-community+mhxx-romfs-native-table,4,0
307,Kut-Ku Tassets S,Kut-Ku Tassets S,mhxx-romfs-game-array+mhxx-dex-1.0+mhxx-save-format-community+mhxx-romfs-native-table,4,0
308,Kut-Ku Coat S,Kut-Ku Coat S,mhxx-romfs-game-array+mhxx-dex-1.0+mhxx-save-format-community+mhxx-romfs-native-table,4,0
309,Kecha Faulds,Kecha Faulds,mhxx-romfs-game-array+mhxx-dex-1.0+mhxx-save-format-community+mhxx-romfs-native-table,4,1
310,Kecha Coat,Kecha Coat,mhxx-romfs-game-array+mhxx-dex-1.0+mhxx-save-format-community+mhxx-romfs-native-table,4,1
311,Lagombi Faulds S,Lagombi Faulds S,mhxx-romfs-game-array+mhxx-dex-1.0+mhxx-save-format-community+mhxx-romfs-native-table,4,1
312,Lagombi Coat S,Lagombi Coat S,mhxx-romfs-game-array+mhxx-dex-1.0+mhxx-save-format-community+mhxx-romfs-native-table,4,1
313,Gypceros Tassets S,Gypceros Tassets S,mhxx-romfs-game-array+mhxx-dex-1.0+mhxx-save-format-community+mhxx-romfs-native-table,4,1
314,Gypceros Coat S,Gypceros Coat S,mhxx-romfs-game-array+mhxx-dex-1.0+mhxx-save-format-community+mhxx-romfs-native-table,4,1
315,Gypceros Tassets R,Gypceros Tassets R,mhxx-romfs-game-array+mhxx-dex-1.0+mhxx-save-format-community+mhxx-romfs-native-table,4,0
316,Gypceros Coat R,Gypceros Coat R,mhxx-romfs-game-array+mhxx-dex-1.0+mhxx-save-format-community+mhxx-romfs-native-table,4,0
317,Tetsucabra Faulds S,Tetsucabra Faulds S,mhxx-romfs-game-array+mhxx-dex-1.0+mhxx-save-format-community+mhxx-romfs-native-table,4,2
318,Tetsucabra Coat S,Tetsucabra Coat S,mhxx-romfs-game-array+mhxx-dex-1.0+mhxx-save-format-community+mhxx-romfs-native-table,4,2
319,Hermitaur Tassets S,Hermitaur Tassets S,mhxx-romfs-game-array+mhxx-dex-1.0+mhxx-save-format-community+mhxx-romfs-native-table,4,0
320,Hermitaur Coat S,Hermitaur Coat S,mhxx-romfs-game-array+mhxx-dex-1.0+mhxx-save-format-community+mhxx-romfs-native-table,4,0
321,EX Hermitaur Tassets,EX Hermitaur Tassets,mhxx-romfs-game-array+mhxx-dex-1.0+mhxx-save-format-community+mhxx-romfs-native-table,4,0
322,EX Hermitaur Coat,EX Hermitaur Coat,mhxx-romfs-game-array+mhxx-dex-1.0+mhxx-save-format-community+mhxx-romfs-native-table,4,0
323,Hermitaur Tassets R,Hermitaur Tassets R,mhxx-romfs-game-array+mhxx-dex-1.0+mhxx-save-format-community+mhxx-romfs-native-table,4,0
324,Hermitaur Coat R,Hermitaur Coat R,mhxx-romfs-game-array+mhxx-dex-1.0+mhxx-save-format-community+mhxx-romfs-native-table,4,0
325,Volvidon Faulds S,Volvidon Faulds S,mhxx-romfs-game-array+mhxx-dex-1.0+mhxx-save-format-community+mhxx-romfs-native-table,4,2
326,Volvidon Coat S,Volvidon Coat S,mhxx-romfs-game-array+mhxx-dex-1.0+mhxx-save-format-community+mhxx-romfs-native-table,4,2
327,Ludroth Faulds S,Ludroth Faulds S,mhxx-romfs-game-array+mhxx-dex-1.0+mhxx-save-format-community+mhxx-romfs-native-table,4,1
328,Ludroth Coat S,Ludroth Coat S,mhxx-romfs-game-array+mhxx-dex-1.0+mhxx-save-format-community+mhxx-romfs-native-table,4,1
329,Ludroth Tassets R,Ludroth Tassets R,mhxx-romfs-game-array+mhxx-dex-1.0+mhxx-save-format-community+mhxx-romfs-native-table,4,0
330,Ludroth Coat R,Ludroth Coat R,mhxx-romfs-game-array+mhxx-dex-1.0+mhxx-save-format-community+mhxx-romfs-native-table,4,0
331,Lecturer's Skirt,Lecturer's Skirt,mhxx-romfs-game-array+mhxx-dex-1.0+mhxx-save-format-community+mhxx-romfs-native-table,4,0
332,Lecturer's Frills,Lecturer's Frills,mhxx-romfs-game-array+mhxx-dex-1.0+mhxx-save-format-community+mhxx-romfs-native-table,4,0
333,Alloy Coil S,Alloy Coil S,mhxx-romfs-game-array+mhxx-dex-1.0+mhxx-save-format-community+mhxx-romfs-native-table,5,2
334,Alloy Coat S,Alloy Coat S,mhxx-romfs-game-array+mhxx-dex-1.0+mhxx-save-format-community+mhxx-romfs-native-table,5,2
335,Alloy Coil R,Alloy Coil R,mhxx-romfs-game-array+mhxx-dex-1.0+mhxx-save-format-community+mhxx-romfs-native-table,5,0
336,Alloy Coat R,Alloy Coat R,mhxx-romfs-game-array+mhxx-dex-1.0+mhxx-save-format-community+mhxx-romfs-native-table,5,0
337,Battle Tassets S,Battle Tassets S,mhxx-romfs-game-array+mhxx-dex-1.0+mhxx-save-format-community+mhxx-romfs-native-table,5,0
338,Battle Coat S,Battle Coat S,mhxx-romfs-game-array+mhxx-dex-1.0+mhxx-save-format-community+mhxx-romfs-native-table,5,0
339,Ingot Coil S,Ingot Coil S,mhxx-romfs-game-array+mhxx-dex-1.0+mhxx-save-format-community+mhxx-romfs-native-table,5,3
340,Ingot Coat S,Ingot Coat S,mhxx-romfs-game-array+mhxx-dex-1.0+mhxx-save-format-community+mhxx-romfs-native-table,5,3
341,Ingot Coil R,Ingot Coil R,mhxx-romfs-game-array+mhxx-dex-1.0+mhxx-save-format-community+mhxx-romfs-native-table,5,0
342,Ingot Coat R,Ingot Coat R,mhxx-romfs-game-array+mhxx-dex-1.0+mhxx-save-format-community+mhxx-romfs-native-table,5,0
343,High Metal Tassets S,High Metal Tassets S,mhxx-romfs-game-array+mhxx-dex-1.0+mhxx-save-format-community+mhxx-romfs-native-table,5,2
344,High Metal Coat S,High Metal Coat S,mhxx-romfs-game-array+mhxx-dex-1.0+mhxx-save-format-community+mhxx-romfs-native-table,5,2
345,High Metal Tassets U,High Metal Tassets U,mhxx-romfs-game-array+mhxx-dex-1.0+mhxx-save-format-community+mhxx-romfs-native-table,5,0
346,High Metal Coat U,High Metal Coat U,mhxx-romfs-game-array+mhxx-dex-1.0+mhxx-save-format-community+mhxx-romfs-native-table,5,0
349,Lobster Coil,Lobster Coil,mhxx-romfs-game-array+mhxx-dex-1.0+mhxx-save-format-community+mhxx-romfs-native-table,5,0
350,Lobster Coat,Lobster Coat,mhxx-romfs-game-array+mhxx-dex-1.0+mhxx-save-format-community+mhxx-romfs-native-table,5,0
351,Obituary Elytra S,Obituary Elytra S,mhxx-romfs-game-array+mhxx-dex-1.0+mhxx-save-format-community+mhxx-romfs-native-table,5,0
352,Obituary Alae S,Obituary Alae S,mhxx-romfs-game-array+mhxx-dex-1.0+mhxx-save-format-community+mhxx-romfs-native-table,5,0
353,Butterfly Elytra S,Butterfly Elytra S,mhxx-romfs-game-array+mhxx-dex-1.0+mhxx-save-format-community+mhxx-romfs-native-table,5,0
354,Butterfly Alae S,Butterfly Alae S,mhxx-romfs-game-array+mhxx-dex-1.0+mhxx-save-format-community+mhxx-romfs-native-table,5,0
355,Death Stench Bowels S,Death Stench Bowels S,mhxx-romfs-game-array+mhxx-dex-1.0+mhxx-save-format-community+mhxx-romfs-native-table,5,0
356,Death Stench Belly S,Death Stench Belly S,mhxx-romfs-game-array+mhxx-dex-1.0+mhxx-save-format-community+mhxx-romfs-native-table,5,0
357,Death Stench Bowels R,Death Stench Bowels R,mhxx-romfs-game-array+mhxx-dex-1.0+mhxx-save-format-community+mhxx-romfs-native-table,5,0
358,Death Stench Belly R,Death Stench Belly R,mhxx-romfs-game-array+mhxx-dex-1.0+mhxx-save-format-community+mhxx-romfs-native-table,5,0
359,Vaik Faulds S,Vaik Faulds S,mhxx-romfs-game-array+mhxx-dex-1.0+mhxx-save-format-community+mhxx-romfs-native-table,5,2
360,Vaik Coat S,Vaik Coat S,mhxx-romfs-game-array+mhxx-dex-1.0+mhxx-save-format-community+mhxx-romfs-native-table,5,2
361,Aelucanth Elytra S,Aelucanth Elytra S,mhxx-romfs-game-array+mhxx-dex-1.0+mhxx-save-format-community+mhxx-romfs-native-table,5,1
362,Aelucanth Alae S,Aelucanth Alae S,mhxx-romfs-game-array+mhxx-dex-1.0+mhxx-save-format-community+mhxx-romfs-native-table,5,1
363,Rhopessa Elytra S,Rhopessa Elytra S,mhxx-romfs-game-array+mhxx-dex-1.0+mhxx-save-format-community+mhxx-romfs-native-table,5,1
364,Rhopessa Alae S,Rhopessa Alae S,mhxx-romfs-game-array+mhxx-dex-1.0+mhxx-save-format-community+mhxx-romfs-native-table,5,1
365,Patissier's Sarong,Patissier's Sarong,mhxx-romfs-game-array+mhxx-dex-1.0+mhxx-save-format-community+mhxx-romfs-native-table,5,1
366,Patissier's Apron,Patissier's Apron,mhxx-romfs-game-array+mhxx-dex-1.0+mhxx-save-format-community+mhxx-romfs-native-table,5,1
367,Skalda Elytra S,Skalda Elytra S,mhxx-romfs-game-array+mhxx-dex-1.0+mhxx-save-format-community+mhxx-romfs-native-table,5,0
368,Skalda Alae S,Skalda Alae S,mhxx-romfs-game-array+mhxx-dex-1.0+mhxx-save-format-community+mhxx-romfs-native-table,5,0
369,Spio Elytra S,Spio Elytra S,mhxx-romfs-game-array+mhxx-dex-1.0+mhxx-save-format-community+mhxx-romfs-native-table,5,0
370,Spio Alae S,Spio Alae S,mhxx-romfs-game-array+mhxx-dex-1.0+mhxx-save-format-community+mhxx-romfs-native-table,5,0
371,Malfestio Faulds S,Malfestio Faulds S,mhxx-romfs-game-array+mhxx-dex-1.0+mhxx-save-format-community+mhxx-romfs-native-table,5,0
372,Malfestio Coat S,Malfestio Coat S,mhxx-romfs-game-array+mhxx-dex-1.0+mhxx-save-format-community+mhxx-romfs-native-table,5,0
373,Zamtrios Faulds,Zamtrios Faulds,mhxx-romfs-game-array+mhxx-dex-1.0+mhxx-save-format-community+mhxx-romfs-native-table,5,0
374,Zamtrios Coat,Zamtrios Coat,mhxx-romfs-game-array+mhxx-dex-1.0+mhxx-save-format-community+mhxx-romfs-native-table,5,0
375,Khezu Tassets S,Khezu Tassets S,mhxx-romfs-game-array+mhxx-dex-1.0+mhxx-save-format-community+mhxx-romfs-native-table,5,0
376,Khezu Coat S,Khezu Coat S,mhxx-romfs-game-array+mhxx-dex-1.0+mhxx-save-format-community+mhxx-romfs-native-table,5,0
377,Khezu Tassets R,Khezu Tassets R,mhxx-romfs-game-array+mhxx-dex-1.0+mhxx-save-format-community+mhxx-romfs-native-table,5,2
378,Khezu Coat R,Khezu Coat R,mhxx-romfs-game-array+mhxx-dex-1.0+mhxx-save-format-community+mhxx-romfs-native-table,5,2
379,Rathian Faulds S,Rathian Faulds S,mhxx-romfs-game-array+mhxx-dex-1.0+mhxx-save-format-community+mhxx-romfs-native-table,5,1
380,Rathian Coat S,Rathian Coat S,mhxx-romfs-game-array+mhxx-dex-1.0+mhxx-save-format-community+mhxx-romfs-native-table,5,1
381,EX Rathian Faulds,EX Rathian Faulds,mhxx-romfs-game-array+mhxx-dex-1.0+mhxx-save-format-community+mhxx-romfs-native-table,5,0
382,EX Rathian Coat,EX Rathian Coat,mhxx-romfs-game-array+mhxx-dex-1.0+mhxx-save-format-community+mhxx-romfs-native-table,5,0
383,Rathian Faulds R,Rathian Faulds R,mhxx-romfs-game-array+mhxx-dex-1.0+mhxx-save-format-community+mhxx-romfs-native-table,5,0
384,Rathian Coat R,Rathian Coat R,mhxx-romfs-game-array+mhxx-dex-1.0+mhxx-save-format-community+mhxx-romfs-native-table,5,0
385,Nibelsnarf Faulds S,Nibelsnarf Faulds S,mhxx-romfs-game-array+mhxx-dex-1.0+mhxx-save-format-community+mhxx-romfs-native-table,5,1
386,Nibelsnarf Coat S,Nibelsnarf Coat S,mhxx-romfs-game-array+mhxx-dex-1.0+mhxx-save-format-community+mhxx-romfs-native-table,5,1
389,Blango Tassets S,Blango Tassets S,mhxx-romfs-game-array+mhxx-dex-1.0+mhxx-save-format-community+mhxx-romfs-native-table,5,0
390,Blango Coat S,Blango Coat S,mhxx-romfs-game-array+mhxx-dex-1.0+mhxx-save-format-community+mhxx-romfs-native-table,5,0
391,EX Blango Tassets,EX Blango Tassets,mhxx-romfs-game-array+mhxx-dex-1.0+mhxx-save-format-community+mhxx-romfs-native-table,5,0
392,EX Blango Coat,EX Blango Coat,mhxx-romfs-game-array+mhxx-dex-1.0+mhxx-save-format-community+mhxx-romfs-native-table,5,0
393,Lavasioth Tassets,Lavasioth Tassets,mhxx-romfs-game-array+mhxx-dex-1.0+mhxx-save-format-community+mhxx-romfs-native-table,5,1
394,Lavasioth Coat,Lavasioth Coat,mhxx-romfs-game-array+mhxx-dex-1.0+mhxx-save-format-community+mhxx-romfs-native-table,5,1
395,EX Lavasioth Tassets,EX Lavasioth Tassets,mhxx-romfs-game-array+mhxx-dex-1.0+mhxx-save-format-community+mhxx-romfs-native-table,5,1
396,EX Lavasioth Coat,EX Lavasioth Coat,mhxx-romfs-game-array+mhxx-dex-1.0+mhxx-save-format-community+mhxx-romfs-native-table,5,1
397,Ceanataur Tassets S,Ceanataur Tassets S,mhxx-romfs-game-array+mhxx-dex-1.0+mhxx-save-format-community+mhxx-romfs-native-table,5,0
398,Ceanataur Coat S,Ceanataur Coat S,mhxx-romfs-game-array+mhxx-dex-1.0+mhxx-save-format-community+mhxx-romfs-native-table,5,0
399,EX Ceanataur Tassets,EX Ceanataur Tassets,mhxx-romfs-game-array+mhxx-dex-1.0+mhxx-save-format-community+mhxx-romfs-native-table,5,0
400,EX Ceanataur Coat,EX Ceanataur Coat,mhxx-romfs-game-array+mhxx-dex-1.0+mhxx-save-format-community+mhxx-romfs-native-table,5,0
401,Ceanataur Tassets R,Ceanataur Tassets R,mhxx-romfs-game-array+mhxx-dex-1.0+mhxx-save-format-community+mhxx-romfs-native-table,5,1
402,Ceanataur Coat R,Ceanataur Coat R,mhxx-romfs-game-array+mhxx-dex-1.0+mhxx-save-format-community+mhxx-romfs-native-table,5,1
403,Najarala Faulds S,Najarala Faulds S,mhxx-romfs-game-array+mhxx-dex-1.0+mhxx-save-format-community+mhxx-romfs-native-table,5,1
404,Najarala Coat S,Najarala Coat S,mhxx-romfs-game-array+mhxx-dex-1.0+mhxx-save-format-community+mhxx-romfs-native-table,5,1
405,Nargacuga Tassets S,Nargacuga Tassets S,mhxx-romfs-game-array+mhxx-dex-1.0+mhxx-save-format-community+mhxx-romfs-native-table,5,3
406,Nargacuga Coat S,Nargacuga Coat S,mhxx-romfs-game-array+mhxx-dex-1.0+mhxx-save-format-community+mhxx-romfs-native-table,5,3
407,Garuga Tassets S,Garuga Tassets S,mhxx-romfs-game-array+mhxx-dex-1.0+mhxx-save-format-community+mhxx-romfs-native-table,5,2
408,Garuga Coat S,Garuga Coat S,mhxx-romfs-game-array+mhxx-dex-1.0+mhxx-save-format-community+mhxx-romfs-native-table,5,2
410,Uragaan Faulds S,Uragaan Faulds S,mhxx-romfs-game-array+mhxx-dex-1.0+mhxx-save-format-community+mhxx-romfs-native-table,5,1
411,Uragaan Coat S,Uragaan Coat S,mhxx-romfs-game-array+mhxx-dex-1.0+mhxx-save-format-community+mhxx-romfs-native-table,5,1
412,Black Belt Tassets S,Black Belt Tassets S,mhxx-romfs-game-array+mhxx-dex-1.0+mhxx-save-format-community+mhxx-romfs-native-table,5,0
413,Black Belt Coat S,Black Belt Coat S,mhxx-romfs-game-array+mhxx-dex-1.0+mhxx-save-format-community+mhxx-romfs-native-table,5,0
414,Guardian Coil,Guardian Coil,mhxx-romfs-game-array+mhxx-dex-1.0+mhxx-save-format-community+mhxx-romfs-native-table,5,1
415,Guardian Coat,Guardian Coat,mhxx-romfs-game-array+mhxx-dex-1.0+mhxx-save-format-community+mhxx-romfs-native-table,5,1
416,Guardian Coil U,Guardian Coil U,mhxx-romfs-game-array+mhxx-dex-1.0+mhxx-save-format-community+mhxx-romfs-native-table,5,1
417,Guardian Coat U,Guardian Coat U,mhxx-romfs-game-array+mhxx-dex-1.0+mhxx-save-format-community+mhxx-romfs-native-table,5,1
418,Scholar's Skirt,Scholar's Skirt,mhxx-romfs-game-array+mhxx-dex-1.0+mhxx-save-format-community+mhxx-romfs-native-table,5,1
419,Scholar's Mini,Scholar's Mini,mhxx-romfs-game-array+mhxx-dex-1.0+mhxx-save-format-community+mhxx-romfs-native-table,5,1
420,Sailor Skirt,Sailor Skirt,mhxx-romfs-game-array+mhxx-dex-1.0+mhxx-save-format-community+mhxx-romfs-native-table,5,1
421,Sailor Mini,Sailor Mini,mhxx-romfs-game-array+mhxx-dex-1.0+mhxx-save-format-community+mhxx-romfs-native-table,5,1
426,Derring Faulds S,Derring Faulds S,mhxx-romfs-game-array+mhxx-dex-1.0+mhxx-save-format-community+mhxx-romfs-native-table,6,0
427,Derring Coat S,Derring Coat S,mhxx-romfs-game-array+mhxx-dex-1.0+mhxx-save-format-community+mhxx-romfs-native-table,6,0
428,Dober Coil,Dober Coil,mhxx-romfs-game-array+mhxx-dex-1.0+mhxx-save-format-community+mhxx-romfs-native-table,6,1
429,Dober Coat,Dober Coat,mhxx-romfs-game-array+mhxx-dex-1.0+mhxx-save-format-community+mhxx-romfs-native-table,6,1
430,Damascus Coil,Damascus Coil,mhxx-romfs-game-array+mhxx-dex-1.0+mhxx-save-format-community+mhxx-romfs-native-table,6,1
431,Damascus Coat,Damascus Coat,mhxx-romfs-game-array+mhxx-dex-1.0+mhxx-save-format-community+mhxx-romfs-native-table,6,1
432,Damascus Coil R,Damascus Coil R,mhxx-romfs-game-array+mhxx-dex-1.0+mhxx-save-format-community+mhxx-romfs-native-table,6,1
433,Damascus Coat R,Damascus Coat R,mhxx-romfs-game-array+mhxx-dex-1.0+mhxx-save-format-community+mhxx-romfs-native-table,6,1
438,Chrome Metal Coil,Chrome Metal Coil,mhxx-romfs-game-array+mhxx-dex-1.0+mhxx-save-format-community+mhxx-romfs-native-table,6,0
439,Chrome Metal Coat,Chrome Metal Coat,mhxx-romfs-game-array+mhxx-dex-1.0+mhxx-save-format-community+mhxx-romfs-native-table,6,0
440,Artian Coil S,Artian Coil S,mhxx-romfs-game-array+mhxx-dex-1.0+mhxx-save-format-community+mhxx-romfs-native-table,6,1
441,Artian Coat S,Artian Coat S,mhxx-romfs-game-array+mhxx-dex-1.0+mhxx-save-format-community+mhxx-romfs-native-table,6,1
442,Artian Coil R,Artian Coil R,mhxx-romfs-game-array+mhxx-dex-1.0+mhxx-save-format-community+mhxx-romfs-native-table,6,0
443,Artian Coat R,Artian Coat R,mhxx-romfs-game-array+mhxx-dex-1.0+mhxx-save-format-community+mhxx-romfs-native-table,6,0
444,Seltas Faulds,Seltas Faulds,mhxx-romfs-game-array+mhxx-dex-1.0+mhxx-save-format-community+mhxx-romfs-native-table,6,0
445,Seltas Coat,Seltas Coat,mhxx-romfs-game-array+mhxx-dex-1.0+mhxx-save-format-community+mhxx-romfs-native-table,6,0
446,Rathalos Faulds S,Rathalos Faulds S,mhxx-romfs-game-array+mhxx-dex-1.0+mhxx-save-format-community+mhxx-romfs-native-table,6,2
447,Rathalos Coat S,Rathalos Coat S,mhxx-romfs-game-array+mhxx-dex-1.0+mhxx-save-format-community+mhxx-romfs-native-table,6,2
448,EX Rathalos Faulds,EX Rathalos Faulds,mhxx-romfs-game-array+mhxx-dex-1.0+mhxx-save-format-community+mhxx-romfs-native-table,6,2
449,EX Rathalos Coat,EX Rathalos Coat,mhxx-romfs-game-array+mhxx-dex-1.0+mhxx-save-format-community+mhxx-romfs-native-table,6,2
450,Rathalos Faulds R,Rathalos Faulds R,mhxx-romfs-game-array+mhxx-dex-1.0+mhxx-save-format-community+mhxx-romfs-native-table,6,0
451,Rathalos Coat R,Rathalos Coat R,mhxx-romfs-game-array+mhxx-dex-1.0+mhxx-save-format-community+mhxx-romfs-native-table,6,0
452,Lagiacrus Faulds S,Lagiacrus Faulds S,mhxx-romfs-game-array+mhxx-dex-1.0+mhxx-save-format-community+mhxx-romfs-native-table,6,0
453,Lagiacrus Coat S,Lagiacrus Coat S,mhxx-romfs-game-array+mhxx-dex-1.0+mhxx-save-format-community+mhxx-romfs-native-table,6,0
454,Lagiacrus Faulds R,Lagiacrus Faulds R,mhxx-romfs-game-array+mhxx-dex-1.0+mhxx-save-format-community+mhxx-romfs-native-table,6,0
455,Lagiacrus Coat R,Lagiacrus Coat R,mhxx-romfs-game-array+mhxx-dex-1.0+mhxx-save-format-community+mhxx-romfs-native-table,6,0
456,Zinogre Faulds S,Zinogre Faulds S,mhxx-romfs-game-array+mhxx-dex-1.0+mhxx-save-format-community+mhxx-romfs-native-table,6,1
457,Zinogre Coat S,Zinogre Coat S,mhxx-romfs-game-array+mhxx-dex-1.0+mhxx-save-format-community+mhxx-romfs-native-table,6,0
458,EX Zinogre Faulds,EX Zinogre Faulds,mhxx-romfs-game-array+mhxx-dex-1.0+mhxx-save-format-community+mhxx-romfs-native-table,6,0
459,EX Zinogre Coat,EX Zinogre Coat,mhxx-romfs-game-array+mhxx-dex-1.0+mhxx-save-format-community+mhxx-romfs-native-table,6,0
460,Mizutsune Faulds S,Mizutsune Faulds S,mhxx-romfs-game-array+mhxx-dex-1.0+mhxx-save-format-community+mhxx-romfs-native-table,6,0
461,Mizutsune Coat S,Mizutsune Coat S,mhxx-romfs-game-array+mhxx-dex-1.0+mhxx-save-format-community+mhxx-romfs-native-table,6,0
462,Astalos Faulds S,Astalos Faulds S,mhxx-romfs-game-array+mhxx-dex-1.0+mhxx-save-format-community+mhxx-romfs-native-table,6,0
463,Astalos Coat S,Astalos Coat S,mhxx-romfs-game-array+mhxx-dex-1.0+mhxx-save-format-community+mhxx-romfs-native-table,6,0
464,Gammoth Faulds S,Gammoth Faulds S,mhxx-romfs-game-array+mhxx-dex-1.0+mhxx-save-format-community+mhxx-romfs-native-table,6,0
465,Gammoth Coat S,Gammoth Coat S,mhxx-romfs-game-array+mhxx-dex-1.0+mhxx-save-format-community+mhxx-romfs-native-table,6,0
466,Glavenus Faulds S,Glavenus Faulds S,mhxx-romfs-game-array+mhxx-dex-1.0+mhxx-save-format-community+mhxx-romfs-native-table,6,2
467,Glavenus Coat S,Glavenus Coat S,mhxx-romfs-game-array+mhxx-dex-1.0+mhxx-save-format-community+mhxx-romfs-native-table,6,2
468,Agnaktor Faulds,Agnaktor Faulds,mhxx-romfs-game-array+mhxx-dex-1.0+mhxx-save-format-community+mhxx-romfs-native-table,6,0
469,Agnaktor Coat,Agnaktor Coat,mhxx-romfs-game-array+mhxx-dex-1.0+mhxx-save-format-community+mhxx-romfs-native-table,6,0
470,Gore Faulds S,Gore Faulds S,mhxx-romfs-game-array+mhxx-dex-1.0+mhxx-save-format-community+mhxx-romfs-native-table,6,1
471,Gore Coat S,Gore Coat S,mhxx-romfs-game-array+mhxx-dex-1.0+mhxx-save-format-community+mhxx-romfs-native-table,6,1
472,EX Gore Faulds,EX Gore Faulds,mhxx-romfs-game-array+mhxx-dex-1.0+mhxx-save-format-community+mhxx-romfs-native-table,6,1
473,EX Gore Coat,EX Gore Coat,mhxx-romfs-game-array+mhxx-dex-1.0+mhxx-save-format-community+mhxx-romfs-native-table,6,1
474,Gore Faulds R,Gore Faulds R,mhxx-romfs-game-array+mhxx-dex-1.0+mhxx-save-format-community+mhxx-romfs-native-table,6,1
475,Gore Coat R,Gore Coat R,mhxx-romfs-game-array+mhxx-dex-1.0+mhxx-save-format-community+mhxx-romfs-native-table,6,1
476,Regios Tassets S,Regios Tassets S,mhxx-romfs-game-array+mhxx-dex-1.0+mhxx-save-format-community+mhxx-romfs-native-table,6,2
477,Regios Coat S,Regios Coat S,mhxx-romfs-game-array+mhxx-dex-1.0+mhxx-save-format-community+mhxx-romfs-native-table,6,2
478,Duramboros Faulds,Duramboros Faulds,mhxx-romfs-game-array+mhxx-dex-1.0+mhxx-save-format-community+mhxx-romfs-native-table,6,1
479,Duramboros Coat,Duramboros Coat,mhxx-romfs-game-array+mhxx-dex-1.0+mhxx-save-format-community+mhxx-romfs-native-table,6,1
480,Tigrex Tassets S,Tigrex Tassets S,mhxx-romfs-game-array+mhxx-dex-1.0+mhxx-save-format-community+mhxx-romfs-native-table,6,0
481,Tigrex Coat S,Tigrex Coat S,mhxx-romfs-game-array+mhxx-dex-1.0+mhxx-save-format-community+mhxx-romfs-native-table,6,0
482,EX Tigrex Tassets,EX Tigrex Tassets,mhxx-romfs-game-array+mhxx-dex-1.0+mhxx-save-format-community+mhxx-romfs-native-table,6,0
483,EX Tigrex Coat,EX Tigrex Coat,mhxx-romfs-game-array+mhxx-dex-1.0+mhxx-save-format-community+mhxx-romfs-native-table,6,0
484,Tigrex Tassets R,Tigrex Tassets R,mhxx-romfs-game-array+mhxx-dex-1.0+mhxx-save-format-community+mhxx-romfs-native-table,6,0
485,Tigrex Coat R,Tigrex Coat R,mhxx-romfs-game-array+mhxx-dex-1.0+mhxx-save-format-community+mhxx-romfs-native-table,6,0
486,Kirin Hoop S,Kirin Hoop S,mhxx-romfs-game-array+mhxx-dex-1.0+mhxx-save-format-community+mhxx-romfs-native-table,6,1
487,Kirin Shorts S,Kirin Shorts S,mhxx-romfs-game-array+mhxx-dex-1.0+mhxx-save-format-community+mhxx-romfs-native-table,6,1
488,Kirin Hoop R,Kirin Hoop R,mhxx-romfs-game-array+mhxx-dex-1.0+mhxx-save-format-community+mhxx-romfs-native-table,6,0
489,Kirin Shorts R,Kirin Shorts R,mhxx-romfs-game-array+mhxx-dex-1.0+mhxx-save-format-community+mhxx-romfs-native-table,6,0
490,Brachydios Faulds S,Brachydios Faulds S,mhxx-romfs-game-array+mhxx-dex-1.0+mhxx-save-format-community+mhxx-romfs-native-table,6,0
491,Brachydios Coat S,Brachydios Coat S,mhxx-romfs-game-array+mhxx-dex-1.0+mhxx-save-format-community+mhxx-romfs-native-table,6,0
492,EX Brachydios Faulds,EX Brachydios Faulds,mhxx-romfs-game-array+mhxx-dex-1.0+mhxx-save-format-community+mhxx-romfs-native-table,6,3
493,EX Brachydios Coat,EX Brachydios Coat,mhxx-romfs-game-array+mhxx-dex-1.0+mhxx-save-format-community+mhxx-romfs-native-table,6,3
494,Golden Obi,Golden Obi,mhxx-romfs-game-array+mhxx-dex-1.0+mhxx-save-format-community+mhxx-romfs-native-table,6,1
495,Puppeteer Obi,Puppeteer Obi,mhxx-romfs-game-array+mhxx-dex-1.0+mhxx-save-format-community+mhxx-romfs-native-table,6,1
496,Vangis Coil,Vangis Coil,mhxx-romfs-game-array+mhxx-dex-1.0+mhxx-save-format-community+mhxx-romfs-native-table,6,2
497,Vangis Coat,Vangis Coat,mhxx-romfs-game-array+mhxx-dex-1.0+mhxx-save-format-community+mhxx-romfs-native-table,6,2
498,Guild Knight Coat,Guild Knight Coat,mhxx-romfs-game-array+mhxx-dex-1.0+mhxx-save-format-community+mhxx-romfs-native-table,6,1
499,Guild Knight Kilt,Guild Knight Kilt,mhxx-romfs-game-array+mhxx-dex-1.0+mhxx-save-format-community+mhxx-romfs-native-table,6,1
500,Maiden's Skirt S,Maiden's Skirt S,mhxx-romfs-game-array+mhxx-dex-1.0+mhxx-save-format-community+mhxx-romfs-native-table,6,1
501,French Maid Frills S,French Maid Frills S,mhxx-romfs-game-array+mhxx-dex-1.0+mhxx-save-format-community+mhxx-romfs-native-table,6,1
502,Blue Guild Coil,Blue Guild Coil,mhxx-romfs-game-array+mhxx-dex-1.0+mhxx-save-format-community+mhxx-romfs-native-table,6,1
503,Blue Guild Coat,Blue Guild Coat,mhxx-romfs-game-array+mhxx-dex-1.0+mhxx-save-format-community+mhxx-romfs-native-table,6,1
504,Red Guild Coil,Red Guild Coil,mhxx-romfs-game-array+mhxx-dex-1.0+mhxx-save-format-community+mhxx-romfs-native-table,6,1
505,Red Guild Coat,Red Guild Coat,mhxx-romfs-game-array+mhxx-dex-1.0+mhxx-save-format-community+mhxx-romfs-native-table,6,1
506,Helper Skirt S,Helper Skirt S,mhxx-romfs-game-array+mhxx-dex-1.0+mhxx-save-format-community+mhxx-romfs-native-table,6,1
507,Healer Frills S,Healer Frills S,mhxx-romfs-game-array+mhxx-dex-1.0+mhxx-save-format-community+mhxx-romfs-native-table,6,1
508,Helper Skirt U,Helper Skirt U,mhxx-romfs-game-array+mhxx-dex-1.0+mhxx-save-format-community+mhxx-romfs-native-table,6,3
509,Healer Frills U,Healer Frills U,mhxx-romfs-game-array+mhxx-dex-1.0+mhxx-save-format-community+mhxx-romfs-native-table,6,3
510,Guild Bard Coil S,Guild Bard Coil S,mhxx-romfs-game-array+mhxx-dex-1.0+mhxx-save-format-community+mhxx-romfs-native-table,6,1
511,Guild Bard Coat S,Guild Bard Coat S,mhxx-romfs-game-array+mhxx-dex-1.0+mhxx-save-format-community+mhxx-romfs-native-table,6,1
512,Chakra Waistlet,Chakra Waistlet,mhxx-romfs-game-array+mhxx-dex-1.0+mhxx-save-format-community+mhxx-romfs-native-table,6,3
515,Dianthus Wealskirt,Dianthus Wealskirt,mhxx-romfs-game-array+mhxx-dex-1.0+mhxx-save-format-community+mhxx-romfs-native-table,6,1
516,Campanile Wealskirt,Campanile Wealskirt,mhxx-romfs-game-array+mhxx-dex-1.0+mhxx-save-format-community+mhxx-romfs-native-table,6,1
517,Ace Faulds,Ace Faulds,mhxx-romfs-game-array+mhxx-dex-1.0+mhxx-save-format-community+mhxx-romfs-native-table,6,0
518,Ace Coat,Ace Coat,mhxx-romfs-game-array+mhxx-dex-1.0+mhxx-save-format-community+mhxx-romfs-native-table,6,0
519,Sororal Faulds,Sororal Faulds,mhxx-romfs-game-array+mhxx-dex-1.0+mhxx-save-format-community+mhxx-romfs-native-table,6,0
520,Sororal Coat,Sororal Coat,mhxx-romfs-game-array+mhxx-dex-1.0+mhxx-save-format-community+mhxx-romfs-native-table,6,0
521,Hawkcoil,Hawkcoil,mhxx-romfs-game-array+mhxx-dex-1.0+mhxx-save-format-community+mhxx-romfs-native-table,6,0
522,Hawkcoat,Hawkcoat,mhxx-romfs-game-array+mhxx-dex-1.0+mhxx-save-format-community+mhxx-romfs-native-table,6,0
523,Gourmew Sarong S,Gourmew Sarong S,mhxx-romfs-game-array+mhxx-dex-1.0+mhxx-save-format-community+mhxx-romfs-native-table,6,0
524,Gourmew Apron S,Gourmew Apron S,mhxx-romfs-game-array+mhxx-dex-1.0+mhxx-save-format-community+mhxx-romfs-native-table,6,0
526,Scholarly Sash S,Scholarly Sash S,mhxx-romfs-game-array+mhxx-dex-1.0+mhxx-save-format-community+mhxx-romfs-native-table,6,1
527,Scholarly Coat S,Scholarly Coat S,mhxx-romfs-game-array+mhxx-dex-1.0+mhxx-save-format-community+mhxx-romfs-native-table,6,1
528,Ranger's Sash,Ranger's Sash,mhxx-romfs-game-array+mhxx-dex-1.0+mhxx-save-format-community+mhxx-romfs-native-table,6,0
529,Archer's Belt,Archer's Belt,mhxx-romfs-game-array+mhxx-dex-1.0+mhxx-save-format-community+mhxx-romfs-native-table,6,0
530,Shinobi Heaven Belt,Shinobi Heaven Belt,mhxx-romfs-game-array+mhxx-dex-1.0+mhxx-save-format-community+mhxx-romfs-native-table,7,1
531,Shinobi Land Belt,Shinobi Land Belt,mhxx-romfs-game-array+mhxx-dex-1.0+mhxx-save-format-community+mhxx-romfs-native-table,7,1
532,Shinobi Sky Belt,Shinobi Sky Belt,mhxx-romfs-game-array+mhxx-dex-1.0+mhxx-save-format-community+mhxx-romfs-native-table,7,1
533,Shinobi Sea Belt,Shinobi Sea Belt,mhxx-romfs-game-array+mhxx-dex-1.0+mhxx-save-format-community+mhxx-romfs-native-table,7,1
534,Ancient Coil,Ancient Coil,mhxx-romfs-game-array+mhxx-dex-1.0+mhxx-save-format-community+mhxx-romfs-native-table,7,1
535,Ancient Coat,Ancient Coat,mhxx-romfs-game-array+mhxx-dex-1.0+mhxx-save-format-community+mhxx-romfs-native-table,7,1
536,Master's Faulds,Master's Faulds,mhxx-romfs-game-array+mhxx-dex-1.0+mhxx-save-format-community+mhxx-romfs-native-table,7,1
537,Master's Coat,Master's Coat,mhxx-romfs-game-array+mhxx-dex-1.0+mhxx-save-format-community+mhxx-romfs-native-table,7,1
538,Black Spine S,Black Spine S,mhxx-romfs-game-array+mhxx-dex-1.0+mhxx-save-format-community+mhxx-romfs-native-table,7,0
539,Black Scale S,Black Scale S,mhxx-romfs-game-array+mhxx-dex-1.0+mhxx-save-format-community+mhxx-romfs-native-table,7,0
540,Toka Koshiate,Toka Koshiate,mhxx-romfs-game-array+mhxx-dex-1.0+mhxx-save-format-community+mhxx-romfs-native-table,7,1
541,Mitsuaoi Koshiate,Mitsuaoi Koshiate,mhxx-romfs-game-array+mhxx-dex-1.0+mhxx-save-format-community+mhxx-romfs-native-table,7,1
542,EX Rathian Faulds S,EX Rathian Faulds S,mhxx-romfs-game-array+mhxx-dex-1.0+mhxx-save-format-community+mhxx-romfs-native-table,7,0
543,EX Rathian Coat S,EX Rathian Coat S,mhxx-romfs-game-array+mhxx-dex-1.0+mhxx-save-format-community+mhxx-romfs-native-table,7,0
544,EX Rathalos Faulds S,EX Rathalos Faulds S,mhxx-romfs-game-array+mhxx-dex-1.0+mhxx-save-format-community+mhxx-romfs-native-table,7,2
545,EX Rathalos Coat S,EX Rathalos Coat S,mhxx-romfs-game-array+mhxx-dex-1.0+mhxx-save-format-community+mhxx-romfs-native-table,7,2
546,EX Tigrex Coil S,EX Tigrex Coil S,mhxx-romfs-game-array+mhxx-dex-1.0+mhxx-save-format-community+mhxx-romfs-native-table,7,1
547,EX Tigrex Coat S,EX Tigrex Coat S,mhxx-romfs-game-array+mhxx-dex-1.0+mhxx-save-format-community+mhxx-romfs-native-table,7,1
548,Arc Faulds S,Arc Faulds S,mhxx-romfs-game-array+mhxx-dex-1.0+mhxx-save-format-community+mhxx-romfs-native-table,7,2
549,Storge Faulds S,Storge Faulds S,mhxx-romfs-game-array+mhxx-dex-1.0+mhxx-save-format-community+mhxx-romfs-native-table,7,2
550,Arc Coat S,Arc Coat S,mhxx-romfs-game-array+mhxx-dex-1.0+mhxx-save-format-community+mhxx-romfs-native-table,7,2
551,Storge Coat S,Storge Coat S,mhxx-romfs-game-array+mhxx-dex-1.0+mhxx-save-format-community+mhxx-romfs-native-table,7,2
552,EX Arc Faulds,EX Arc Faulds,mhxx-romfs-game-array+mhxx-dex-1.0+mhxx-save-format-community+mhxx-romfs-native-table,7,2
553,EX Storge Faulds,EX Storge Faulds,mhxx-romfs-game-array+mhxx-dex-1.0+mhxx-save-format-community+mhxx-romfs-native-table,7,2
554,EX Arc Coat,EX Arc Coat,mhxx-romfs-game-array+mhxx-dex-1.0+mhxx-save-format-community+mhxx-romfs-native-table,7,2
555,EX Storge Coat,EX Storge Coat,mhxx-romfs-game-array+mhxx-dex-1.0+mhxx-save-format-community+mhxx-romfs-native-table,7,2
556,Arc Faulds R,Arc Faulds R,mhxx-romfs-game-array+mhxx-dex-1.0+mhxx-save-format-community+mhxx-romfs-native-table,7,3
557,Storge Faulds R,Storge Faulds R,mhxx-romfs-game-array+mhxx-dex-1.0+mhxx-save-format-community+mhxx-romfs-native-table,7,3
558,Arc Coat R,Arc Coat R,mhxx-romfs-game-array+mhxx-dex-1.0+mhxx-save-format-community+mhxx-romfs-native-table,7,3
559,Storge Coat R,Storge Coat R,mhxx-romfs-game-array+mhxx-dex-1.0+mhxx-save-format-community+mhxx-romfs-native-table,7,3
560,Kushala Cocoon S,Kushala Cocoon S,mhxx-romfs-game-array+mhxx-dex-1.0+mhxx-save-format-community+mhxx-romfs-native-table,7,1
561,Kushala Wind Wrap S,Kushala Wind Wrap S,mhxx-romfs-game-array+mhxx-dex-1.0+mhxx-save-format-community+mhxx-romfs-native-table,7,1
562,EX Kushala Cocoon,EX Kushala Cocoon,mhxx-romfs-game-array+mhxx-dex-1.0+mhxx-save-format-community+mhxx-romfs-native-table,7,1
563,EX Kushala Wind Wrap,EX Kushala Wind Wrap,mhxx-romfs-game-array+mhxx-dex-1.0+mhxx-save-format-community+mhxx-romfs-native-table,7,1
564,Kushala Cocoon R,Kushala Cocoon R,mhxx-romfs-game-array+mhxx-dex-1.0+mhxx-save-format-community+mhxx-romfs-native-table,7,1
565,Kushala Wind Wrap R,Kushala Wind Wrap R,mhxx-romfs-game-array+mhxx-dex-1.0+mhxx-save-format-community+mhxx-romfs-native-table,7,1
566,Mizuha Sash S,Mizuha Sash S,mhxx-romfs-game-array+mhxx-dex-1.0+mhxx-save-format-community+mhxx-romfs-native-table,7,2
567,Cham Coat S,Cham Coat S,mhxx-romfs-game-array+mhxx-dex-1.0+mhxx-save-format-community+mhxx-romfs-native-table,7,2
568,EX Mizuha Sash,EX Mizuha Sash,mhxx-romfs-game-array+mhxx-dex-1.0+mhxx-save-format-community+mhxx-romfs-native-table,7,0
569,EX Cham Coat,EX Cham Coat,mhxx-romfs-game-array+mhxx-dex-1.0+mhxx-save-format-community+mhxx-romfs-native-table,7,0
570,Kaiser Tassets S,Kaiser Tassets S,mhxx-romfs-game-array+mhxx-dex-1.0+mhxx-save-format-community+mhxx-romfs-native-table,7,0
571,Kaiser Coat S,Kaiser Coat S,mhxx-romfs-game-array+mhxx-dex-1.0+mhxx-save-format-community+mhxx-romfs-native-table,7,0
572,EX Kaiser Tassets,EX Kaiser Tassets,mhxx-romfs-game-array+mhxx-dex-1.0+mhxx-save-format-community+mhxx-romfs-native-table,7,0
573,EX Kaiser Coat,EX Kaiser Coat,mhxx-romfs-game-array+mhxx-dex-1.0+mhxx-save-format-community+mhxx-romfs-native-table,7,0
574,Silver Solcoil,Silver Solcoil,mhxx-romfs-game-array+mhxx-dex-1.0+mhxx-save-format-community+mhxx-romfs-native-table,7,2
575,Silver Solcoat,Silver Solcoat,mhxx-romfs-game-array+mhxx-dex-1.0+mhxx-save-format-community+mhxx-romfs-native-table,7,2
576,EX Silver Solcoil,EX Silver Solcoil,mhxx-romfs-game-array+mhxx-dex-1.0+mhxx-save-format-community+mhxx-romfs-native-table,7,0
577,EX Silver Solcoat,EX Silver Solcoat,mhxx-romfs-game-array+mhxx-dex-1.0+mhxx-save-format-community+mhxx-romfs-native-table,7,0
578,Silver Solcoil R,Silver Solcoil R,mhxx-romfs-game-array+mhxx-dex-1.0+mhxx-save-format-community+mhxx-romfs-native-table,7,0
579,Silver Solcoat R,Silver Solcoat R,mhxx-romfs-game-array+mhxx-dex-1.0+mhxx-save-format-community+mhxx-romfs-native-table,7,0
580,Golden Lunecoil,Golden Lunecoil,mhxx-romfs-game-array+mhxx-dex-1.0+mhxx-save-format-community+mhxx-romfs-native-table,7,0
581,Golden Lunecoat,Golden Lunecoat,mhxx-romfs-game-array+mhxx-dex-1.0+mhxx-save-format-community+mhxx-romfs-native-table,7,0
582,EX Golden Lunecoil,EX Golden Lunecoil,mhxx-romfs-game-array+mhxx-dex-1.0+mhxx-save-format-community+mhxx-romfs-native-table,7,0
583,EX Golden Lunecoat,EX Golden Lunecoat,mhxx-romfs-game-array+mhxx-dex-1.0+mhxx-save-format-community+mhxx-romfs-native-table,7,0
584,Divine Ire Obi,Divine Ire Obi,mhxx-romfs-game-array+mhxx-dex-1.0+mhxx-save-format-community+mhxx-romfs-native-table,7,1
585,Crusher Belt,Crusher Belt,mhxx-romfs-game-array+mhxx-dex-1.0+mhxx-save-format-community+mhxx-romfs-native-table,7,1
586,Esurient Faulds,Esurient Faulds,mhxx-romfs-game-array+mhxx-dex-1.0+mhxx-save-format-community+mhxx-romfs-native-table,7,0
587,Esurient Coat,Esurient Coat,mhxx-romfs-game-array+mhxx-dex-1.0+mhxx-save-format-community+mhxx-romfs-native-table,7,1
588,Esurient Faulds R,Esurient Faulds R,mhxx-romfs-game-array+mhxx-dex-1.0+mhxx-save-format-community+mhxx-romfs-native-table,7,3
589,Esurient Coat R,Esurient Coat R,mhxx-romfs-game-array+mhxx-dex-1.0+mhxx-save-format-community+mhxx-romfs-native-table,7,3
590,Akantor Cincture,Akantor Cincture,mhxx-romfs-game-array+mhxx-dex-1.0+mhxx-save-format-community+mhxx-romfs-native-table,7,0
591,Akantor Sash,Akantor Sash,mhxx-romfs-game-array+mhxx-dex-1.0+mhxx-save-format-community+mhxx-romfs-native-table,7,0
592,Akantor Cincture R,Akantor Cincture R,mhxx-romfs-game-array+mhxx-dex-1.0+mhxx-save-format-community+mhxx-romfs-native-table,7,1
593,Akantor Sash R,Akantor Sash R,mhxx-romfs-game-array+mhxx-dex-1.0+mhxx-save-format-community+mhxx-romfs-native-table,7,1
594,Ukanlos Cincture,Ukanlos Cincture,mhxx-romfs-game-array+mhxx-dex-1.0+mhxx-save-format-community+mhxx-romfs-native-table,7,0
595,Ukanlos Sash,Ukanlos Sash,mhxx-romfs-game-array+mhxx-dex-1.0+mhxx-save-format-community+mhxx-romfs-native-table,7,0
596,Tempest Obi,Tempest Obi,mhxx-romfs-game-array+mhxx-dex-1.0+mhxx-save-format-community+mhxx-romfs-native-table,7,0
597,Welkin Obi,Welkin Obi,mhxx-romfs-game-array+mhxx-dex-1.0+mhxx-save-format-community+mhxx-romfs-native-table,7,0
598,Tempest Obi R,Tempest Obi R,mhxx-romfs-game-array+mhxx-dex-1.0+mhxx-save-format-community+mhxx-romfs-native-table,7,1
599,Welkin Obi R,Welkin Obi R,mhxx-romfs-game-array+mhxx-dex-1.0+mhxx-save-format-community+mhxx-romfs-native-table,7,1
600,Skeletal Hipbone R,Skeletal Hipbone R,mhxx-romfs-game-array+mhxx-dex-1.0+mhxx-save-format-community+mhxx-romfs-native-table,7,1
601,Decayed Hipbone R,Decayed Hipbone R,mhxx-romfs-game-array+mhxx-dex-1.0+mhxx-save-format-community+mhxx-romfs-native-table,7,1
602,Astral Coil,Astral Coil,mhxx-romfs-game-array+mhxx-dex-1.0+mhxx-save-format-community+mhxx-romfs-native-table,7,1
603,Astral Coat,Astral Coat,mhxx-romfs-game-array+mhxx-dex-1.0+mhxx-save-format-community+mhxx-romfs-native-table,7,1
604,Escadora Might,Escadora Might,mhxx-romfs-game-array+mhxx-dex-1.0+mhxx-save-format-community+mhxx-romfs-native-table,7,0
605,Escadora Force,Escadora Force,mhxx-romfs-game-array+mhxx-dex-1.0+mhxx-save-format-community+mhxx-romfs-native-table,7,0
606,Escadora Might R,Escadora Might R,mhxx-romfs-game-array+mhxx-dex-1.0+mhxx-save-format-community+mhxx-romfs-native-table,7,1
607,Escadora Force R,Escadora Force R,mhxx-romfs-game-array+mhxx-dex-1.0+mhxx-save-format-community+mhxx-romfs-native-table,7,1
615,Strange Faulds,Strange Faulds,mhxx-romfs-game-array+mhxx-dex-1.0+mhxx-save-format-community+mhxx-romfs-native-table,5,0
616,Strange Coat,Strange Coat,mhxx-romfs-game-array+mhxx-dex-1.0+mhxx-save-format-community+mhxx-romfs-native-table,5,0
617,Redhelm Faulds,Redhelm Faulds,mhxx-romfs-game-array+mhxx-dex-1.0+mhxx-save-format-community+mhxx-romfs-native-table,11,0
618,Redhelm Coat,Redhelm Coat,mhxx-romfs-game-array+mhxx-dex-1.0+mhxx-save-format-community+mhxx-romfs-native-table,11,0
619,Snowbaron Faulds,Snowbaron Faulds,mhxx-romfs-game-array+mhxx-dex-1.0+mhxx-save-format-community+mhxx-romfs-native-table,11,0
620,Snowbaron Coat,Snowbaron Coat,mhxx-romfs-game-array+mhxx-dex-1.0+mhxx-save-format-community+mhxx-romfs-native-table,11,0
621,Stonefist Faulds,Stonefist Faulds,mhxx-romfs-game-array+mhxx-dex-1.0+mhxx-save-format-community+mhxx-romfs-native-table,11,0
622,Stonefist Coat,Stonefist Coat,mhxx-romfs-game-array+mhxx-dex-1.0+mhxx-save-format-community+mhxx-romfs-native-table,11,0
623,Dreadqueen Faulds,Dreadqueen Faulds,mhxx-romfs-game-array+mhxx-dex-1.0+mhxx-save-format-community+mhxx-romfs-native-table,11,0
624,Dreadqueen Coat,Dreadqueen Coat,mhxx-romfs-game-array+mhxx-dex-1.0+mhxx-save-format-community+mhxx-romfs-native-table,11,0
625,Drilltusk Faulds,Drilltusk Faulds,mhxx-romfs-game-array+mhxx-dex-1.0+mhxx-save-format-community+mhxx-romfs-native-table,11,0
626,Drilltusk Coat,Drilltusk Coat,mhxx-romfs-game-array+mhxx-dex-1.0+mhxx-save-format-community+mhxx-romfs-native-table,11,0
627,Silverwind Faulds,Silverwind Faulds,mhxx-romfs-game-array+mhxx-dex-1.0+mhxx-save-format-community+mhxx-romfs-native-table,11,0
628,Silverwind Coat,Silverwind Coat,mhxx-romfs-game-array+mhxx-dex-1.0+mhxx-save-format-community+mhxx-romfs-native-table,11,0
629,Crystalbeard Faulds,Crystalbeard Faulds,mhxx-romfs-game-array+mhxx-dex-1.0+mhxx-save-format-community+mhxx-romfs-native-table,11,0
630,Crystalbeard Coat,Crystalbeard Coat,mhxx-romfs-game-array+mhxx-dex-1.0+mhxx-save-format-community+mhxx-romfs-native-table,11,0
631,Deadeye Faulds,Deadeye Faulds,mhxx-romfs-game-array+mhxx-dex-1.0+mhxx-save-format-community+mhxx-romfs-native-table,11,0
632,Deadeye Coat,Deadeye Coat,mhxx-romfs-game-array+mhxx-dex-1.0+mhxx-save-format-community+mhxx-romfs-native-table,11,0
633,Dreadking Faulds,Dreadking Faulds,mhxx-romfs-game-array+mhxx-dex-1.0+mhxx-save-format-community+mhxx-romfs-native-table,11,0
634,Dreadking Coat,Dreadking Coat,mhxx-romfs-game-array+mhxx-dex-1.0+mhxx-save-format-community+mhxx-romfs-native-table,11,0
635,Thunderlord Faulds,Thunderlord Faulds,mhxx-romfs-game-array+mhxx-dex-1.0+mhxx-save-format-community+mhxx-romfs-native-table,11,0
636,Thunderlord Coat,Thunderlord Coat,mhxx-romfs-game-array+mhxx-dex-1.0+mhxx-save-format-community+mhxx-romfs-native-table,11,0
637,Grimclaw Faulds,Grimclaw Faulds,mhxx-romfs-game-array+mhxx-dex-1.0+mhxx-save-format-community+mhxx-romfs-native-table,11,0
638,Grimclaw Coat,Grimclaw Coat,mhxx-romfs-game-array+mhxx-dex-1.0+mhxx-save-format-community+mhxx-romfs-native-table,11,0
639,Hellblade Faulds,Hellblade Faulds,mhxx-romfs-game-array+mhxx-dex-1.0+mhxx-save-format-community+mhxx-romfs-native-table,11,0
640,Hellblade Coat,Hellblade Coat,mhxx-romfs-game-array+mhxx-dex-1.0+mhxx-save-format-community+mhxx-romfs-native-table,11,0
654,Booyah Belt,Booyah Belt,mhxx-romfs-game-array+mhxx-dex-1.0+mhxx-save-format-community+mhxx-romfs-native-table,5,0
655,Booyah Buckle,Booyah Buckle,mhxx-romfs-game-array+mhxx-dex-1.0+mhxx-save-format-community+mhxx-romfs-native-table,5,0
660,Champion's Belt,Champion's Belt,mhxx-romfs-game-array+mhxx-dex-1.0+mhxx-save-format-community+mhxx-romfs-native-table,7,0
661,Strongman's Belt,Strongman's Belt,mhxx-romfs-game-array+mhxx-dex-1.0+mhxx-save-format-community+mhxx-romfs-native-table,7,0
662,Zodias Coil,Zodias Coil,mhxx-romfs-game-array+mhxx-dex-1.0+mhxx-save-format-community+mhxx-romfs-native-table,7,1
663,Zodias Coat,Zodias Coat,mhxx-romfs-game-array+mhxx-dex-1.0+mhxx-save-format-community+mhxx-romfs-native-table,7,1
664,Pirate Coil J,Pirate Coil J,mhxx-romfs-game-array+mhxx-dex-1.0+mhxx-save-format-community+mhxx-romfs-native-table,6,0
665,Pirate Skirt J,Pirate Skirt J,mhxx-romfs-game-array+mhxx-dex-1.0+mhxx-save-format-community+mhxx-romfs-native-table,6,0
666,Buccaneer Coil J,Buccaneer Coil J,mhxx-romfs-game-array+mhxx-dex-1.0+mhxx-save-format-community+mhxx-romfs-native-table,6,3
667,Buccaneer Skirt J,Buccaneer Skirt J,mhxx-romfs-game-array+mhxx-dex-1.0+mhxx-save-format-community+mhxx-romfs-native-table,6,3
668,Dynaqlo Belt,Dynaqlo Belt,mhxx-romfs-game-array+mhxx-dex-1.0+mhxx-save-format-community+mhxx-romfs-native-table,6,1
669,Dynaqlo Pouch,Dynaqlo Pouch,mhxx-romfs-game-array+mhxx-dex-1.0+mhxx-save-format-community+mhxx-romfs-native-table,6,1
670,Promising Girdle,Promising Girdle,mhxx-romfs-game-array+mhxx-save-format-community+mhxx-romfs-native-table,0,1
671,Halcyon Girdle,Halcyon Girdle,mhxx-romfs-game-array+mhxx-save-format-community+mhxx-romfs-native-table,0,1
672,Blue Star Coil,Blue Star Coil,mhxx-romfs-game-array+mhxx-save-format-community+mhxx-romfs-native-table,0,2
673,Blue Star Coat,Blue Star Coat,mhxx-romfs-game-array+mhxx-save-format-community+mhxx-romfs-native-table,0,2
674,Star Rook Coil,Star Rook Coil,mhxx-romfs-game-array+mhxx-save-format-community+mhxx-romfs-native-table,0,0
675,Star Rook Coat,Star Rook Coat,mhxx-romfs-game-array+mhxx-save-format-community+mhxx-romfs-native-table,0,0
676,Star Knight Coil,Star Knight Coil,mhxx-romfs-game-array+mhxx-save-format-community+mhxx-romfs-native-table,0,1
677,Star Knight Coat,Star Knight Coat,mhxx-romfs-game-array+mhxx-save-format-community+mhxx-romfs-native-table,0,1
682,Hero's Belt,Hero's Belt,mhxx-romfs-game-array+mhxx-dex-1.0+mhxx-save-format-community+mhxx-romfs-native-table,7,1
683,Hero's Band,Hero's Band,mhxx-romfs-game-array+mhxx-dex-1.0+mhxx-save-format-community+mhxx-romfs-native-table,7,1
694,Mosgharl Folia,Mosgharl Folia,mhxx-romfs-game-array+mhxx-dex-1.0+mhxx-save-format-community+mhxx-romfs-native-table,2,2
695,Mosgharl Fronds,Mosgharl Fronds,mhxx-romfs-game-array+mhxx-dex-1.0+mhxx-save-format-community+mhxx-romfs-native-table,2,2
696,Gammoth Faulds,Gammoth Faulds,mhxx-romfs-game-array+mhxx-dex-1.0+mhxx-save-format-community+mhxx-romfs-native-table,3,0
697,Gammoth Coat,Gammoth Coat,mhxx-romfs-game-array+mhxx-dex-1.0+mhxx-save-format-community+mhxx-romfs-native-table,3,0
698,Gourmew Sarong,Gourmew Sarong,mhxx-romfs-game-array+mhxx-dex-1.0+mhxx-save-format-community+mhxx-romfs-native-table,3,0
699,Gourmew Apron,Gourmew Apron,mhxx-romfs-game-array+mhxx-dex-1.0+mhxx-save-format-community+mhxx-romfs-native-table,3,0
700,Leather Coat S,Leather Coat S,mhxx-romfs-game-array+mhxx-dex-1.0+mhxx-save-format-community+mhxx-romfs-native-table,4,2
701,Chainmail Coat S,Chainmail Coat S,mhxx-romfs-game-array+mhxx-dex-1.0+mhxx-save-format-community+mhxx-romfs-native-table,4,1
702,Mosgharl Folia S,Mosgharl Folia S,mhxx-romfs-game-array+mhxx-dex-1.0+mhxx-save-format-community+mhxx-romfs-native-table,4,2
703,Mosgharl Fronds S,Mosgharl Fronds S,mhxx-romfs-game-array+mhxx-dex-1.0+mhxx-save-format-community+mhxx-romfs-native-table,4,2
704,Gammoth Faulds S,Gammoth Faulds S,mhxx-romfs-game-array+mhxx-dex-1.0+mhxx-save-format-community+mhxx-romfs-native-table,6,0
705,Gammoth Coat S,Gammoth Coat S,mhxx-romfs-game-array+mhxx-dex-1.0+mhxx-save-format-community+mhxx-romfs-native-table,6,0
706,Blue Guild Coil,Blue Guild Coil,mhxx-romfs-game-array+mhxx-dex-1.0+mhxx-save-format-community+mhxx-romfs-native-table,6,1
707,Blue Guild Coat,Blue Guild Coat,mhxx-romfs-game-array+mhxx-dex-1.0+mhxx-save-format-community+mhxx-romfs-native-table,6,1
708,Red Guild Coil,Red Guild Coil,mhxx-romfs-game-array+mhxx-dex-1.0+mhxx-save-format-community+mhxx-romfs-native-table,6,1
709,Red Guild Coat,Red Guild Coat,mhxx-romfs-game-array+mhxx-dex-1.0+mhxx-save-format-community+mhxx-romfs-native-table,6,1
710,Gourmew Sarong S,Gourmew Sarong S,mhxx-romfs-game-array+mhxx-dex-1.0+mhxx-save-format-community+mhxx-romfs-native-table,6,0
711,Gourmew Apron S,Gourmew Apron S,mhxx-romfs-game-array+mhxx-dex-1.0+mhxx-save-format-community+mhxx-romfs-native-table,6,0
712,Promising Archgirdle,Promising Archgirdle,mhxx-romfs-game-array+mhxx-save-format-community+mhxx-romfs-native-table,0,1
713,Halcyon Archgirdle,Halcyon Archgirdle,mhxx-romfs-game-array+mhxx-save-format-community+mhxx-romfs-native-table,0,1
714,Lucid Tassets,Lucid Tassets,mhxx-romfs-game-array+mhxx-save-format-community+mhxx-romfs-native-table,0,1
715,Dreamy Tassets,Dreamy Tassets,mhxx-romfs-game-array+mhxx-save-format-community+mhxx-romfs-native-table,0,1
716,Lucid Archgirdle,Lucid Archgirdle,mhxx-romfs-game-array+mhxx-save-format-community+mhxx-romfs-native-table,0,1
717,Dreamy Archgirdle,Dreamy Archgirdle,mhxx-romfs-game-array+mhxx-save-format-community+mhxx-romfs-native-table,0,1
718,Conga Tassets,Conga Tassets,mhxx-romfs-game-array+mhxx-dex-1.0+mhxx-save-format-community+mhxx-romfs-native-table,4,0
719,Conga Coat,Conga Coat,mhxx-romfs-game-array+mhxx-dex-1.0+mhxx-save-format-community+mhxx-romfs-native-table,4,0
722,Barroth Faulds,Barroth Faulds,mhxx-romfs-game-array+mhxx-dex-1.0+mhxx-save-format-community+mhxx-romfs-native-table,4,0
723,Barroth Coat,Barroth Coat,mhxx-romfs-game-array+mhxx-dex-1.0+mhxx-save-format-community+mhxx-romfs-native-table,4,0
724,Basarios Tassets,Basarios Tassets,mhxx-romfs-game-array+mhxx-dex-1.0+mhxx-save-format-community+mhxx-romfs-native-table,5,1
725,Basarios Coat,Basarios Coat,mhxx-romfs-game-array+mhxx-dex-1.0+mhxx-save-format-community+mhxx-romfs-native-table,5,1
726,Nerscylla Faulds,Nerscylla Faulds,mhxx-romfs-game-array+mhxx-dex-1.0+mhxx-save-format-community+mhxx-romfs-native-table,5,2
727,Nerscylla Coat,Nerscylla Coat,mhxx-romfs-game-array+mhxx-dex-1.0+mhxx-save-format-community+mhxx-romfs-native-table,5,2
728,Barioth Faulds,Barioth Faulds,mhxx-romfs-game-array+mhxx-dex-1.0+mhxx-save-format-community+mhxx-romfs-native-table,6,2
729,Barioth Coat,Barioth Coat,mhxx-romfs-game-array+mhxx-dex-1.0+mhxx-save-format-community+mhxx-romfs-native-table,6,2
730,Gravios Tassets,Gravios Tassets,mhxx-romfs-game-array+mhxx-dex-1.0+mhxx-save-format-community+mhxx-romfs-native-table,6,0
731,Gravios Coat,Gravios Coat,mhxx-romfs-game-array+mhxx-dex-1.0+mhxx-save-format-community+mhxx-romfs-native-table,6,0
732,Cheerful Belt,Cheerful Belt,mhxx-romfs-game-array+mhxx-dex-1.0+mhxx-save-format-community+mhxx-romfs-native-table,7,1
733,Cheerful Band,Cheerful Band,mhxx-romfs-game-array+mhxx-dex-1.0+mhxx-save-format-community+mhxx-romfs-native-table,7,1
734,Mariner Skirt,Mariner Skirt,mhxx-romfs-game-array+mhxx-dex-1.0+mhxx-save-format-community+mhxx-romfs-native-table,7,1
735,Mariner Frills,Mariner Frills,mhxx-romfs-game-array+mhxx-dex-1.0+mhxx-save-format-community+mhxx-romfs-native-table,7,1
738,Diablos Coil,Diablos Coil,mhxx-romfs-game-array+mhxx-dex-1.0+mhxx-save-format-community+mhxx-romfs-native-table,7,0
739,Diablos Coat,Diablos Coat,mhxx-romfs-game-array+mhxx-dex-1.0+mhxx-save-format-community+mhxx-romfs-native-table,7,0
740,Diablos Coil R,Diablos Coil R,mhxx-romfs-game-array+mhxx-dex-1.0+mhxx-save-format-community+mhxx-romfs-native-table,7,1
741,Diablos Coat R,Diablos Coat R,mhxx-romfs-game-array+mhxx-dex-1.0+mhxx-save-format-community+mhxx-romfs-native-table,7,1
742,Valstrax Faulds,Valstrax Faulds,mhxx-romfs-game-array+mhxx-dex-1.0+mhxx-save-format-community+mhxx-romfs-native-table,7,1
743,Valstrax Coat,Valstrax Coat,mhxx-romfs-game-array+mhxx-dex-1.0+mhxx-save-format-community+mhxx-romfs-native-table,7,1
744,Wisdom Coil,Wisdom Coil,mhxx-romfs-game-array+mhxx-dex-1.0+mhxx-save-format-community+mhxx-romfs-native-table,7,2
745,Wisdom Coat,Wisdom Coat,mhxx-romfs-game-array+mhxx-dex-1.0+mhxx-save-format-community+mhxx-romfs-native-table,7,2
751,Bherna Belt X,Bherna Belt X,mhxx-romfs-game-array+mhxx-dex-1.0+mhxx-save-format-community+mhxx-romfs-native-table,8,1
752,Bherna Coat X,Bherna Coat X,mhxx-romfs-game-array+mhxx-dex-1.0+mhxx-save-format-community+mhxx-romfs-native-table,8,1
753,Hunting Faulds X,Hunting Faulds X,mhxx-romfs-game-array+mhxx-dex-1.0+mhxx-save-format-community+mhxx-romfs-native-table,8,2
754,Hunting Coat X,Hunting Coat X,mhxx-romfs-game-array+mhxx-dex-1.0+mhxx-save-format-community+mhxx-romfs-native-table,8,2
755,Mafumofu Coil X,Mafumofu Coil X,mhxx-romfs-game-array+mhxx-dex-1.0+mhxx-save-format-community+mhxx-romfs-native-table,8,2
756,Mafumofu Coat X,Mafumofu Coat X,mhxx-romfs-game-array+mhxx-dex-1.0+mhxx-save-format-community+mhxx-romfs-native-table,8,2
757,Yukumo Sky Obi Goku,Yukumo Sky Obi Goku,mhxx-romfs-game-array+mhxx-dex-1.0+mhxx-save-format-community+mhxx-romfs-native-table,8,2
758,Yukumo Land Obi Goku,Yukumo Land Obi Goku,mhxx-romfs-game-array+mhxx-dex-1.0+mhxx-save-format-community+mhxx-romfs-native-table,8,2
769,Remobra Belt X,Remobra Belt X,mhxx-romfs-game-array+mhxx-dex-1.0+mhxx-save-format-community+mhxx-romfs-native-table,8,2
770,Remobra Band X,Remobra Band X,mhxx-romfs-game-array+mhxx-dex-1.0+mhxx-save-format-community+mhxx-romfs-native-table,8,2
773,Mosswine Hip X,Mosswine Hip X,mhxx-romfs-game-array+mhxx-dex-1.0+mhxx-save-format-community+mhxx-romfs-native-table,8,2
774,Rhenoplos Coil X,Rhenoplos Coil X,mhxx-romfs-game-array+mhxx-dex-1.0+mhxx-save-format-community+mhxx-romfs-native-table,8,1
775,Rhenoplos Coat X,Rhenoplos Coat X,mhxx-romfs-game-array+mhxx-dex-1.0+mhxx-save-format-community+mhxx-romfs-native-table,8,1
776,Jaggi Faulds X,Jaggi Faulds X,mhxx-romfs-game-array+mhxx-dex-1.0+mhxx-save-format-community+mhxx-romfs-native-table,8,1
777,Jaggi Coat X,Jaggi Coat X,mhxx-romfs-game-array+mhxx-dex-1.0+mhxx-save-format-community+mhxx-romfs-native-table,8,1
780,Droth Faulds X,Droth Faulds X,mhxx-romfs-game-array+mhxx-dex-1.0+mhxx-save-format-community+mhxx-romfs-native-table,8,3
781,Droth Coat X,Droth Coat X,mhxx-romfs-game-array+mhxx-dex-1.0+mhxx-save-format-community+mhxx-romfs-native-table,8,3
782,Uroktor Tassets X,Uroktor Tassets X,mhxx-romfs-game-array+mhxx-dex-1.0+mhxx-save-format-community+mhxx-romfs-native-table,8,2
783,Uroktor Coat X,Uroktor Coat X,mhxx-romfs-game-array+mhxx-dex-1.0+mhxx-save-format-community+mhxx-romfs-native-table,8,2
784,Maccao Faulds X,Maccao Faulds X,mhxx-romfs-game-array+mhxx-dex-1.0+mhxx-save-format-community+mhxx-romfs-native-table,8,1
785,Maccao Coat X,Maccao Coat X,mhxx-romfs-game-array+mhxx-dex-1.0+mhxx-save-format-community+mhxx-romfs-native-table,8,2
786,Velociprey Tassets X,Velociprey Tassets X,mhxx-romfs-game-array+mhxx-dex-1.0+mhxx-save-format-community+mhxx-romfs-native-table,8,2
787,Velociprey Coat X,Velociprey Coat X,mhxx-romfs-game-array+mhxx-dex-1.0+mhxx-save-format-community+mhxx-romfs-native-table,8,2
788,Giaprey Faulds X,Giaprey Faulds X,mhxx-romfs-game-array+mhxx-dex-1.0+mhxx-save-format-community+mhxx-romfs-native-table,8,2
789,Giaprey Coat X,Giaprey Coat X,mhxx-romfs-game-array+mhxx-dex-1.0+mhxx-save-format-community+mhxx-romfs-native-table,8,2
790,Genprey Tassets X,Genprey Tassets X,mhxx-romfs-game-array+mhxx-dex-1.0+mhxx-save-format-community+mhxx-romfs-native-table,8,2
791,Genprey Coat X,Genprey Coat X,mhxx-romfs-game-array+mhxx-dex-1.0+mhxx-save-format-community+mhxx-romfs-native-table,8,2
792,Ioprey Tassets X,Ioprey Tassets X,mhxx-romfs-game-array+mhxx-dex-1.0+mhxx-save-format-community+mhxx-romfs-native-table,8,2
793,Ioprey Coat X,Ioprey Coat X,mhxx-romfs-game-array+mhxx-dex-1.0+mhxx-save-format-community+mhxx-romfs-native-table,8,2
794,Vespoid Tassets X,Vespoid Tassets X,mhxx-romfs-game-array+mhxx-dex-1.0+mhxx-save-format-community+mhxx-romfs-native-table,8,1
795,Vespoid Coat X,Vespoid Coat X,mhxx-romfs-game-array+mhxx-dex-1.0+mhxx-save-format-community+mhxx-romfs-native-table,8,1
796,Hornetaur Tassets X,Hornetaur Tassets X,mhxx-romfs-game-array+mhxx-dex-1.0+mhxx-save-format-community+mhxx-romfs-native-table,8,2
797,Hornetaur Coat X,Hornetaur Coat X,mhxx-romfs-game-array+mhxx-dex-1.0+mhxx-save-format-community+mhxx-romfs-native-table,8,2
798,Bnahabra Coil X,Bnahabra Coil X,mhxx-romfs-game-array+mhxx-dex-1.0+mhxx-save-format-community+mhxx-romfs-native-table,8,1
799,Bnahabra Coat X,Bnahabra Coat X,mhxx-romfs-game-array+mhxx-dex-1.0+mhxx-save-format-community+mhxx-romfs-native-table,8,1
802,Bulldrome Faulds X,Bulldrome Faulds X,mhxx-romfs-game-array+mhxx-dex-1.0+mhxx-save-format-community+mhxx-romfs-native-table,8,1
803,Bulldrome Coat X,Bulldrome Coat X,mhxx-romfs-game-array+mhxx-dex-1.0+mhxx-save-format-community+mhxx-romfs-native-table,8,1
805,Arzuros Faulds X,Arzuros Faulds X,mhxx-romfs-game-array+mhxx-dex-1.0+mhxx-save-format-community+mhxx-romfs-native-table,8,3
806,Arzuros Coat X,Arzuros Coat X,mhxx-romfs-game-array+mhxx-dex-1.0+mhxx-save-format-community+mhxx-romfs-native-table,8,3
807,Cephalos Tassets X,Cephalos Tassets X,mhxx-romfs-game-array+mhxx-dex-1.0+mhxx-save-format-community+mhxx-romfs-native-table,8,1
808,Cephalos Coat X,Cephalos Coat X,mhxx-romfs-game-array+mhxx-dex-1.0+mhxx-save-format-community+mhxx-romfs-native-table,8,1
809,Kut-Ku Tassets X,Kut-Ku Tassets X,mhxx-romfs-game-array+mhxx-dex-1.0+mhxx-save-format-community+mhxx-romfs-native-table,8,1
810,Kut-Ku Coat X,Kut-Ku Coat X,mhxx-romfs-game-array+mhxx-dex-1.0+mhxx-save-format-community+mhxx-romfs-native-table,8,1
811,Kecha Faulds X,Kecha Faulds X,mhxx-romfs-game-array+mhxx-dex-1.0+mhxx-save-format-community+mhxx-romfs-native-table,8,1
812,Kecha Coat X,Kecha Coat X,mhxx-romfs-game-array+mhxx-dex-1.0+mhxx-save-format-community+mhxx-romfs-native-table,8,1
813,Lagombi Faulds X,Lagombi Faulds X,mhxx-romfs-game-array+mhxx-dex-1.0+mhxx-save-format-community+mhxx-romfs-native-table,8,2
814,Lagombi Coat X,Lagombi Coat X,mhxx-romfs-game-array+mhxx-dex-1.0+mhxx-save-format-community+mhxx-romfs-native-table,8,2
815,Gypceros Tassets X,Gypceros Tassets X,mhxx-romfs-game-array+mhxx-dex-1.0+mhxx-save-format-community+mhxx-romfs-native-table,8,1
816,Gypceros Coat X,Gypceros Coat X,mhxx-romfs-game-array+mhxx-dex-1.0+mhxx-save-format-community+mhxx-romfs-native-table,8,1
817,Tetsucabra Faulds X,Tetsucabra Faulds X,mhxx-romfs-game-array+mhxx-dex-1.0+mhxx-save-format-community+mhxx-romfs-native-table,8,2
818,Tetsucabra Coat X,Tetsucabra Coat X,mhxx-romfs-game-array+mhxx-dex-1.0+mhxx-save-format-community+mhxx-romfs-native-table,8,2
819,Hermitaur Tassets X,Hermitaur Tassets X,mhxx-romfs-game-array+mhxx-dex-1.0+mhxx-save-format-community+mhxx-romfs-native-table,8,0
820,Hermitaur Coat X,Hermitaur Coat X,mhxx-romfs-game-array+mhxx-dex-1.0+mhxx-save-format-community+mhxx-romfs-native-table,8,0
821,Ludroth Faulds X,Ludroth Faulds X,mhxx-romfs-game-array+mhxx-dex-1.0+mhxx-save-format-community+mhxx-romfs-native-table,8,2
822,Ludroth Coat X,Ludroth Coat X,mhxx-romfs-game-array+mhxx-dex-1.0+mhxx-save-format-community+mhxx-romfs-native-table,8,2
823,Gourmew Sarong X,Gourmew Sarong X,mhxx-romfs-game-array+mhxx-dex-1.0+mhxx-save-format-community+mhxx-romfs-native-table,8,0
824,Gourmew Apron X,Gourmew Apron X,mhxx-romfs-game-array+mhxx-dex-1.0+mhxx-save-format-community+mhxx-romfs-native-table,8,0
825,Gourmew Sarong X,Gourmew Sarong X,mhxx-romfs-game-array+mhxx-dex-1.0+mhxx-save-format-community+mhxx-romfs-native-table,8,0
826,Gourmew Apron X,Gourmew Apron X,mhxx-romfs-game-array+mhxx-dex-1.0+mhxx-save-format-community+mhxx-romfs-native-table,8,0
827,Moofah Coil X,Moofah Coil X,mhxx-romfs-game-array+mhxx-dex-1.0+mhxx-save-format-community+mhxx-romfs-native-table,8,0
828,Moofah Coat X,Moofah Coat X,mhxx-romfs-game-array+mhxx-dex-1.0+mhxx-save-format-community+mhxx-romfs-native-table,8,0
829,Edel Folia X,Edel Folia X,mhxx-romfs-game-array+mhxx-dex-1.0+mhxx-save-format-community+mhxx-romfs-native-table,8,2
830,Edel Fronds X,Edel Fronds X,mhxx-romfs-game-array+mhxx-dex-1.0+mhxx-save-format-community+mhxx-romfs-native-table,8,2
833,Death Stench Bowels X,Death Stench Bowels X,mhxx-romfs-game-array+mhxx-dex-1.0+mhxx-save-format-community+mhxx-romfs-native-table,8,1
834,Death Stench Belly X,Death Stench Belly X,mhxx-romfs-game-array+mhxx-dex-1.0+mhxx-save-format-community+mhxx-romfs-native-table,8,1
835,Skalda Elytra X,Skalda Elytra X,mhxx-romfs-game-array+mhxx-dex-1.0+mhxx-save-format-community+mhxx-romfs-native-table,8,2
836,Skalda Alae X,Skalda Alae X,mhxx-romfs-game-array+mhxx-dex-1.0+mhxx-save-format-community+mhxx-romfs-native-table,8,2
837,Spio Elytra X,Spio Elytra X,mhxx-romfs-game-array+mhxx-dex-1.0+mhxx-save-format-community+mhxx-romfs-native-table,8,2
838,Spio Alae X,Spio Alae X,mhxx-romfs-game-array+mhxx-dex-1.0+mhxx-save-format-community+mhxx-romfs-native-table,8,2
839,Hunter's Faulds XR,Hunter's Faulds XR,mhxx-romfs-game-array+mhxx-dex-1.0+mhxx-save-format-community+mhxx-romfs-native-table,8,1
840,Hunter's Coat XR,Hunter's Coat XR,mhxx-romfs-game-array+mhxx-dex-1.0+mhxx-save-format-community+mhxx-romfs-native-table,8,1
841,Volvidon Faulds X,Volvidon Faulds X,mhxx-romfs-game-array+mhxx-dex-1.0+mhxx-save-format-community+mhxx-romfs-native-table,8,2
842,Volvidon Coat X,Volvidon Coat X,mhxx-romfs-game-array+mhxx-dex-1.0+mhxx-save-format-community+mhxx-romfs-native-table,8,2
843,Conga Tassets X,Conga Tassets X,mhxx-romfs-game-array+mhxx-dex-1.0+mhxx-save-format-community+mhxx-romfs-native-table,8,2
844,Conga Coat X,Conga Coat X,mhxx-romfs-game-array+mhxx-dex-1.0+mhxx-save-format-community+mhxx-romfs-native-table,8,2
845,Barroth Faulds X,Barroth Faulds X,mhxx-romfs-game-array+mhxx-dex-1.0+mhxx-save-format-community+mhxx-romfs-native-table,8,1
846,Barroth Coat X,Barroth Coat X,mhxx-romfs-game-array+mhxx-dex-1.0+mhxx-save-format-community+mhxx-romfs-native-table,8,1
847,Basarios Tassets X,Basarios Tassets X,mhxx-romfs-game-array+mhxx-dex-1.0+mhxx-save-format-community+mhxx-romfs-native-table,8,2
848,Basarios Coat X,Basarios Coat X,mhxx-romfs-game-array+mhxx-dex-1.0+mhxx-save-format-community+mhxx-romfs-native-table,8,2
849,Malfestio Faulds X,Malfestio Faulds X,mhxx-romfs-game-array+mhxx-dex-1.0+mhxx-save-format-community+mhxx-romfs-native-table,8,1
850,Malfestio Coat X,Malfestio Coat X,mhxx-romfs-game-array+mhxx-dex-1.0+mhxx-save-format-community+mhxx-romfs-native-table,8,1
851,Zamtrios Faulds X,Zamtrios Faulds X,mhxx-romfs-game-array+mhxx-dex-1.0+mhxx-save-format-community+mhxx-romfs-native-table,8,1
852,Zamtrios Coat X,Zamtrios Coat X,mhxx-romfs-game-array+mhxx-dex-1.0+mhxx-save-format-community+mhxx-romfs-native-table,8,1
853,Khezu Tassets X,Khezu Tassets X,mhxx-romfs-game-array+mhxx-dex-1.0+mhxx-save-format-community+mhxx-romfs-native-table,8,1
854,Khezu Coat X,Khezu Coat X,mhxx-romfs-game-array+mhxx-dex-1.0+mhxx-save-format-community+mhxx-romfs-native-table,8,1
855,Nerscylla Faulds X,Nerscylla Faulds X,mhxx-romfs-game-array+mhxx-dex-1.0+mhxx-save-format-community+mhxx-romfs-native-table,8,2
856,Nerscylla Coat X,Nerscylla Coat X,mhxx-romfs-game-array+mhxx-dex-1.0+mhxx-save-format-community+mhxx-romfs-native-table,8,2
857,Rathian Faulds X,Rathian Faulds X,mhxx-romfs-game-array+mhxx-dex-1.0+mhxx-save-format-community+mhxx-romfs-native-table,8,2
858,Rathian Coat X,Rathian Coat X,mhxx-romfs-game-array+mhxx-dex-1.0+mhxx-save-format-community+mhxx-romfs-native-table,8,2
859,Nibelsnarf Faulds X,Nibelsnarf Faulds X,mhxx-romfs-game-array+mhxx-dex-1.0+mhxx-save-format-community+mhxx-romfs-native-table,8,2
860,Nibelsnarf Coat X,Nibelsnarf Coat X,mhxx-romfs-game-array+mhxx-dex-1.0+mhxx-save-format-community+mhxx-romfs-native-table,8,2
863,Blango Tassets X,Blango Tassets X,mhxx-romfs-game-array+mhxx-dex-1.0+mhxx-save-format-community+mhxx-romfs-native-table,8,0
864,Blango Coat X,Blango Coat X,mhxx-romfs-game-array+mhxx-dex-1.0+mhxx-save-format-community+mhxx-romfs-native-table,8,0
865,Ceanataur Tassets X,Ceanataur Tassets X,mhxx-romfs-game-array+mhxx-dex-1.0+mhxx-save-format-community+mhxx-romfs-native-table,8,1
866,Ceanataur Coat X,Ceanataur Coat X,mhxx-romfs-game-array+mhxx-dex-1.0+mhxx-save-format-community+mhxx-romfs-native-table,8,1
867,Najarala Faulds X,Najarala Faulds X,mhxx-romfs-game-array+mhxx-dex-1.0+mhxx-save-format-community+mhxx-romfs-native-table,8,2
868,Najarala Coat X,Najarala Coat X,mhxx-romfs-game-array+mhxx-dex-1.0+mhxx-save-format-community+mhxx-romfs-native-table,8,2
869,Nargacuga Faulds X,Nargacuga Faulds X,mhxx-romfs-game-array+mhxx-dex-1.0+mhxx-save-format-community+mhxx-romfs-native-table,8,3
870,Nargacuga Coat X,Nargacuga Coat X,mhxx-romfs-game-array+mhxx-dex-1.0+mhxx-save-format-community+mhxx-romfs-native-table,8,3
871,Gypceros Tassets XR,Gypceros Tassets XR,mhxx-romfs-game-array+mhxx-dex-1.0+mhxx-save-format-community+mhxx-romfs-native-table,8,1
872,Gypceros Coat XR,Gypceros Coat XR,mhxx-romfs-game-array+mhxx-dex-1.0+mhxx-save-format-community+mhxx-romfs-native-table,8,1
873,Hermitaur Tassets XR,Hermitaur Tassets XR,mhxx-romfs-game-array+mhxx-dex-1.0+mhxx-save-format-community+mhxx-romfs-native-table,8,0
874,Hermitaur Coat XR,Hermitaur Coat XR,mhxx-romfs-game-array+mhxx-dex-1.0+mhxx-save-format-community+mhxx-romfs-native-table,8,0
875,Ludroth Faulds XR,Ludroth Faulds XR,mhxx-romfs-game-array+mhxx-dex-1.0+mhxx-save-format-community+mhxx-romfs-native-table,8,0
876,Ludroth Coat XR,Ludroth Coat XR,mhxx-romfs-game-array+mhxx-dex-1.0+mhxx-save-format-community+mhxx-romfs-native-table,8,0
877,Strange Faulds X,Strange Faulds X,mhxx-romfs-game-array+mhxx-dex-1.0+mhxx-save-format-community+mhxx-romfs-native-table,8,1
878,Strange Coat X,Strange Coat X,mhxx-romfs-game-array+mhxx-dex-1.0+mhxx-save-format-community+mhxx-romfs-native-table,8,1
879,Bistro Sarong X,Bistro Sarong X,mhxx-romfs-game-array+mhxx-dex-1.0+mhxx-save-format-community+mhxx-romfs-native-table,8,1
880,Bistro Apron X,Bistro Apron X,mhxx-romfs-game-array+mhxx-dex-1.0+mhxx-save-format-community+mhxx-romfs-native-table,8,1
881,Lecturer's Skirt X,Lecturer's Skirt X,mhxx-romfs-game-array+mhxx-dex-1.0+mhxx-save-format-community+mhxx-romfs-native-table,8,0
882,Lecturer's Frills X,Lecturer's Frills X,mhxx-romfs-game-array+mhxx-dex-1.0+mhxx-save-format-community+mhxx-romfs-native-table,8,0
883,Patissier's Sarong X,Patissier's Sarong X,mhxx-romfs-game-array+mhxx-dex-1.0+mhxx-save-format-community+mhxx-romfs-native-table,8,2
884,Patissier's Apron X,Patissier's Apron X,mhxx-romfs-game-array+mhxx-dex-1.0+mhxx-save-format-community+mhxx-romfs-native-table,8,2
886,Maiden's Skirt X,Maiden's Skirt X,mhxx-romfs-game-array+mhxx-dex-1.0+mhxx-save-format-community+mhxx-romfs-native-table,8,1
887,French Maid Frills X,French Maid Frills X,mhxx-romfs-game-array+mhxx-dex-1.0+mhxx-save-format-community+mhxx-romfs-native-table,8,1
888,Dianthus Masaskirt,Dianthus Masaskirt,mhxx-romfs-game-array+mhxx-dex-1.0+mhxx-save-format-community+mhxx-romfs-native-table,8,1
889,Campanile Masaskirt,Campanile Masaskirt,mhxx-romfs-game-array+mhxx-dex-1.0+mhxx-save-format-community+mhxx-romfs-native-table,8,1
890,Conga Tassets GX,Conga Tassets GX,mhxx-romfs-game-array+mhxx-dex-1.0+mhxx-save-format-community+mhxx-romfs-native-table,8,2
891,Conga Coat GX,Conga Coat GX,mhxx-romfs-game-array+mhxx-dex-1.0+mhxx-save-format-community+mhxx-romfs-native-table,8,2
892,Alloy Faulds XR,Alloy Faulds XR,mhxx-romfs-game-array+mhxx-dex-1.0+mhxx-save-format-community+mhxx-romfs-native-table,8,0
893,Alloy Coat XR,Alloy Coat XR,mhxx-romfs-game-array+mhxx-dex-1.0+mhxx-save-format-community+mhxx-romfs-native-table,8,0
894,Ingot Coil XR,Ingot Coil XR,mhxx-romfs-game-array+mhxx-dex-1.0+mhxx-save-format-community+mhxx-romfs-native-table,8,0
895,Ingot Coat XR,Ingot Coat XR,mhxx-romfs-game-array+mhxx-dex-1.0+mhxx-save-format-community+mhxx-romfs-native-table,8,0
896,Artian Coil X,Artian Coil X,mhxx-romfs-game-array+mhxx-dex-1.0+mhxx-save-format-community+mhxx-romfs-native-table,8,1
897,Artian Coat X,Artian Coat X,mhxx-romfs-game-array+mhxx-dex-1.0+mhxx-save-format-community+mhxx-romfs-native-table,8,1
898,Lobster Coil X,Lobster Coil X,mhxx-romfs-game-array+mhxx-dex-1.0+mhxx-save-format-community+mhxx-romfs-native-table,8,0
899,Lobster Coat X,Lobster Coat X,mhxx-romfs-game-array+mhxx-dex-1.0+mhxx-save-format-community+mhxx-romfs-native-table,8,0
900,Khezu Tassets XR,Khezu Tassets XR,mhxx-romfs-game-array+mhxx-dex-1.0+mhxx-save-format-community+mhxx-romfs-native-table,8,2
901,Khezu Coat XR,Khezu Coat XR,mhxx-romfs-game-array+mhxx-dex-1.0+mhxx-save-format-community+mhxx-romfs-native-table,8,2
902,Ceanataur Tassets XR,Ceanataur Tassets XR,mhxx-romfs-game-array+mhxx-dex-1.0+mhxx-save-format-community+mhxx-romfs-native-table,8,1
903,Ceanataur Coat XR,Ceanataur Coat XR,mhxx-romfs-game-array+mhxx-dex-1.0+mhxx-save-format-community+mhxx-romfs-native-table,8,1
904,Rathian Faulds XR,Rathian Faulds XR,mhxx-romfs-game-array+mhxx-dex-1.0+mhxx-save-format-community+mhxx-romfs-native-table,8,0
905,Rathian Coat XR,Rathian Coat XR,mhxx-romfs-game-array+mhxx-dex-1.0+mhxx-save-format-community+mhxx-romfs-native-table,8,0
906,Lava Tassets X,Lava Tassets X,mhxx-romfs-game-array+mhxx-dex-1.0+mhxx-save-format-community+mhxx-romfs-native-table,8,1
907,Lava Coat X,Lava Coat X,mhxx-romfs-game-array+mhxx-dex-1.0+mhxx-save-format-community+mhxx-romfs-native-table,8,1
908,Garuga Tassets X,Garuga Tassets X,mhxx-romfs-game-array+mhxx-dex-1.0+mhxx-save-format-community+mhxx-romfs-native-table,8,2
909,Garuga Coat X,Garuga Coat X,mhxx-romfs-game-array+mhxx-dex-1.0+mhxx-save-format-community+mhxx-romfs-native-table,8,2
910,Uragaan Faulds X,Uragaan Faulds X,mhxx-romfs-game-array+mhxx-dex-1.0+mhxx-save-format-community+mhxx-romfs-native-table,8,1
911,Uragaan Coat X,Uragaan Coat X,mhxx-romfs-game-array+mhxx-dex-1.0+mhxx-save-format-community+mhxx-romfs-native-table,8,1
912,Barioth Faulds X,Barioth Faulds X,mhxx-romfs-game-array+mhxx-dex-1.0+mhxx-save-format-community+mhxx-romfs-native-table,9,2
913,Barioth Coat X,Barioth Coat X,mhxx-romfs-game-array+mhxx-dex-1.0+mhxx-save-format-community+mhxx-romfs-native-table,9,2
914,Seltas Faulds X,Seltas Faulds X,mhxx-romfs-game-array+mhxx-dex-1.0+mhxx-save-format-community+mhxx-romfs-native-table,9,0
915,Seltas Coat X,Seltas Coat X,mhxx-romfs-game-array+mhxx-dex-1.0+mhxx-save-format-community+mhxx-romfs-native-table,9,0
916,Rathalos Faulds X,Rathalos Faulds X,mhxx-romfs-game-array+mhxx-dex-1.0+mhxx-save-format-community+mhxx-romfs-native-table,9,2
917,Rathalos Coat X,Rathalos Coat X,mhxx-romfs-game-array+mhxx-dex-1.0+mhxx-save-format-community+mhxx-romfs-native-table,9,2
918,Lagiacrus Faulds X,Lagiacrus Faulds X,mhxx-romfs-game-array+mhxx-dex-1.0+mhxx-save-format-community+mhxx-romfs-native-table,9,0
919,Lagiacrus Coat X,Lagiacrus Coat X,mhxx-romfs-game-array+mhxx-dex-1.0+mhxx-save-format-community+mhxx-romfs-native-table,9,0
920,Zinogre Faulds X,Zinogre Faulds X,mhxx-romfs-game-array+mhxx-dex-1.0+mhxx-save-format-community+mhxx-romfs-native-table,9,1
921,Zinogre Coat X,Zinogre Coat X,mhxx-romfs-game-array+mhxx-dex-1.0+mhxx-save-format-community+mhxx-romfs-native-table,9,1
922,Gravios Tassets X,Gravios Tassets X,mhxx-romfs-game-array+mhxx-dex-1.0+mhxx-save-format-community+mhxx-romfs-native-table,9,1
923,Gravios Coat X,Gravios Coat X,mhxx-romfs-game-array+mhxx-dex-1.0+mhxx-save-format-community+mhxx-romfs-native-table,9,1
924,Mizutsune Faulds X,Mizutsune Faulds X,mhxx-romfs-game-array+mhxx-dex-1.0+mhxx-save-format-community+mhxx-romfs-native-table,9,2
925,Mizutsune Coat X,Mizutsune Coat X,mhxx-romfs-game-array+mhxx-dex-1.0+mhxx-save-format-community+mhxx-romfs-native-table,9,2
926,Astalos Faulds X,Astalos Faulds X,mhxx-romfs-game-array+mhxx-dex-1.0+mhxx-save-format-community+mhxx-romfs-native-table,9,1
927,Astalos Coat X,Astalos Coat X,mhxx-romfs-game-array+mhxx-dex-1.0+mhxx-save-format-community+mhxx-romfs-native-table,9,1
928,Gammoth Faulds X,Gammoth Faulds X,mhxx-romfs-game-array+mhxx-dex-1.0+mhxx-save-format-community+mhxx-romfs-native-table,9,1
929,Gammoth Coat X,Gammoth Coat X,mhxx-romfs-game-array+mhxx-dex-1.0+mhxx-save-format-community+mhxx-romfs-native-table,9,1
930,Glavenus Faulds X,Glavenus Faulds X,mhxx-romfs-game-array+mhxx-dex-1.0+mhxx-save-format-community+mhxx-romfs-native-table,9,2
931,Glavenus Coat X,Glavenus Coat X,mhxx-romfs-game-array+mhxx-dex-1.0+mhxx-save-format-community+mhxx-romfs-native-table,9,2
932,Gore Faulds X,Gore Faulds X,mhxx-romfs-game-array+mhxx-dex-1.0+mhxx-save-format-community+mhxx-romfs-native-table,9,1
933,Gore Coat X,Gore Coat X,mhxx-romfs-game-array+mhxx-dex-1.0+mhxx-save-format-community+mhxx-romfs-native-table,9,1
934,Kirin Hoop X,Kirin Hoop X,mhxx-romfs-game-array+mhxx-dex-1.0+mhxx-save-format-community+mhxx-romfs-native-table,9,2
935,Kirin Shorts X,Kirin Shorts X,mhxx-romfs-game-array+mhxx-dex-1.0+mhxx-save-format-community+mhxx-romfs-native-table,9,2
936,Kirin Hoop XR,Kirin Hoop XR,mhxx-romfs-game-array+mhxx-dex-1.0+mhxx-save-format-community+mhxx-romfs-native-table,9,1
937,Kirin Shorts XR,Kirin Shorts XR,mhxx-romfs-game-array+mhxx-dex-1.0+mhxx-save-format-community+mhxx-romfs-native-table,9,1
938,Auroros Tassets,Auroros Tassets,mhxx-romfs-game-array+mhxx-dex-1.0+mhxx-save-format-community+mhxx-romfs-native-table,10,1
939,Borealis Tassets,Borealis Tassets,mhxx-romfs-game-array+mhxx-dex-1.0+mhxx-save-format-community+mhxx-romfs-native-table,10,1
940,Genesis Tassets,Genesis Tassets,mhxx-romfs-game-array+mhxx-dex-1.0+mhxx-save-format-community+mhxx-romfs-native-table,10,1
941,Glyph Tassets,Glyph Tassets,mhxx-romfs-game-array+mhxx-dex-1.0+mhxx-save-format-community+mhxx-romfs-native-table,10,1
942,Auroros Tassets GX,Auroros Tassets GX,mhxx-romfs-game-array+mhxx-dex-1.0+mhxx-save-format-community+mhxx-romfs-native-table,10,1
943,Borealis Tassets GX,Borealis Tassets GX,mhxx-romfs-game-array+mhxx-dex-1.0+mhxx-save-format-community+mhxx-romfs-native-table,10,1
944,Genesis Tassets GX,Genesis Tassets GX,mhxx-romfs-game-array+mhxx-dex-1.0+mhxx-save-format-community+mhxx-romfs-native-table,10,1
945,Glyph Tassets GX,Glyph Tassets GX,mhxx-romfs-game-array+mhxx-dex-1.0+mhxx-save-format-community+mhxx-romfs-native-table,10,1
946,Auroros Tassets XR,Auroros Tassets XR,mhxx-romfs-game-array+mhxx-dex-1.0+mhxx-save-format-community+mhxx-romfs-native-table,10,1
947,Borealis Tassets XR,Borealis Tassets XR,mhxx-romfs-game-array+mhxx-dex-1.0+mhxx-save-format-community+mhxx-romfs-native-table,10,1
948,Genesis Tassets XR,Genesis Tassets XR,mhxx-romfs-game-array+mhxx-dex-1.0+mhxx-save-format-community+mhxx-romfs-native-table,10,1
949,Glyph Tassets XR,Glyph Tassets XR,mhxx-romfs-game-array+mhxx-dex-1.0+mhxx-save-format-community+mhxx-romfs-native-table,10,1
950,Scholar's Skirt X,Scholar's Skirt X,mhxx-romfs-game-array+mhxx-dex-1.0+mhxx-save-format-community+mhxx-romfs-native-table,8,2
951,Scholar's Mini X,Scholar's Mini X,mhxx-romfs-game-array+mhxx-dex-1.0+mhxx-save-format-community+mhxx-romfs-native-table,8,2
952,Sailor Skirt X,Sailor Skirt X,mhxx-romfs-game-array+mhxx-dex-1.0+mhxx-save-format-community+mhxx-romfs-native-table,8,2
953,Sailor Mini X,Sailor Mini X,mhxx-romfs-game-array+mhxx-dex-1.0+mhxx-save-format-community+mhxx-romfs-native-table,8,2
954,Hawkcoil X,Hawkcoil X,mhxx-romfs-game-array+mhxx-dex-1.0+mhxx-save-format-community+mhxx-romfs-native-table,8,2
955,Hawkcoat X,Hawkcoat X,mhxx-romfs-game-array+mhxx-dex-1.0+mhxx-save-format-community+mhxx-romfs-native-table,8,2
956,Scholarly Sash X,Scholarly Sash X,mhxx-romfs-game-array+mhxx-dex-1.0+mhxx-save-format-community+mhxx-romfs-native-table,8,1
957,Scholarly Coat X,Scholarly Coat X,mhxx-romfs-game-array+mhxx-dex-1.0+mhxx-save-format-community+mhxx-romfs-native-table,8,1
958,Research Sash,Research Sash,mhxx-romfs-game-array+mhxx-dex-1.0+mhxx-save-format-community+mhxx-romfs-native-table,9,2
959,Research Coat,Research Coat,mhxx-romfs-game-array+mhxx-dex-1.0+mhxx-save-format-community+mhxx-romfs-native-table,9,2
960,Rathalos Faulds XR,Rathalos Faulds XR,mhxx-romfs-game-array+mhxx-dex-1.0+mhxx-save-format-community+mhxx-romfs-native-table,9,0
961,Rathalos Coat XR,Rathalos Coat XR,mhxx-romfs-game-array+mhxx-dex-1.0+mhxx-save-format-community+mhxx-romfs-native-table,9,0
962,Lagiacrus Faulds XR,Lagiacrus Faulds XR,mhxx-romfs-game-array+mhxx-dex-1.0+mhxx-save-format-community+mhxx-romfs-native-table,9,0
963,Lagiacrus Coat XR,Lagiacrus Coat XR,mhxx-romfs-game-array+mhxx-dex-1.0+mhxx-save-format-community+mhxx-romfs-native-table,9,0
964,Gore Faulds XR,Gore Faulds XR,mhxx-romfs-game-array+mhxx-dex-1.0+mhxx-save-format-community+mhxx-romfs-native-table,9,2
965,Gore Coat XR,Gore Coat XR,mhxx-romfs-game-array+mhxx-dex-1.0+mhxx-save-format-community+mhxx-romfs-native-table,9,2
966,Agnaktor Faulds X,Agnaktor Faulds X,mhxx-romfs-game-array+mhxx-dex-1.0+mhxx-save-format-community+mhxx-romfs-native-table,9,0
967,Agnaktor Coat X,Agnaktor Coat X,mhxx-romfs-game-array+mhxx-dex-1.0+mhxx-save-format-community+mhxx-romfs-native-table,9,0
968,Regios Tassets X,Regios Tassets X,mhxx-romfs-game-array+mhxx-dex-1.0+mhxx-save-format-community+mhxx-romfs-native-table,9,2
969,Regios Coat X,Regios Coat X,mhxx-romfs-game-array+mhxx-dex-1.0+mhxx-save-format-community+mhxx-romfs-native-table,9,2
970,Duramboros Faulds X,Duramboros Faulds X,mhxx-romfs-game-array+mhxx-dex-1.0+mhxx-save-format-community+mhxx-romfs-native-table,9,2
971,Duramboros Coat X,Duramboros Coat X,mhxx-romfs-game-array+mhxx-dex-1.0+mhxx-save-format-community+mhxx-romfs-native-table,9,2
972,Tigrex Tassets X,Tigrex Tassets X,mhxx-romfs-game-array+mhxx-dex-1.0+mhxx-save-format-community+mhxx-romfs-native-table,9,1
973,Tigrex Coat X,Tigrex Coat X,mhxx-romfs-game-array+mhxx-dex-1.0+mhxx-save-format-community+mhxx-romfs-native-table,9,1
974,Tigrex Tassets XR,Tigrex Tassets XR,mhxx-romfs-game-array+mhxx-dex-1.0+mhxx-save-format-community+mhxx-romfs-native-table,9,1
975,Tigrex Coat XR,Tigrex Coat XR,mhxx-romfs-game-array+mhxx-dex-1.0+mhxx-save-format-community+mhxx-romfs-native-table,9,1
976,Diablos Coil X,Diablos Coil X,mhxx-romfs-game-array+mhxx-dex-1.0+mhxx-save-format-community+mhxx-romfs-native-table,9,1
977,Diablos Coat X,Diablos Coat X,mhxx-romfs-game-array+mhxx-dex-1.0+mhxx-save-format-community+mhxx-romfs-native-table,9,1
978,Diablos Coil XR,Diablos Coil XR,mhxx-romfs-game-array+mhxx-dex-1.0+mhxx-save-format-community+mhxx-romfs-native-table,9,1
979,Diablos Coat XR,Diablos Coat XR,mhxx-romfs-game-array+mhxx-dex-1.0+mhxx-save-format-community+mhxx-romfs-native-table,9,1
980,Brachydios Faulds X,Brachydios Faulds X,mhxx-romfs-game-array+mhxx-dex-1.0+mhxx-save-format-community+mhxx-romfs-native-table,9,1
981,Brachydios Coat X,Brachydios Coat X,mhxx-romfs-game-array+mhxx-dex-1.0+mhxx-save-format-community+mhxx-romfs-native-table,9,1
982,Arc Faulds X,Arc Faulds X,mhxx-romfs-game-array+mhxx-dex-1.0+mhxx-save-format-community+mhxx-romfs-native-table,9,2
983,Storge Faulds X,Storge Faulds X,mhxx-romfs-game-array+mhxx-dex-1.0+mhxx-save-format-community+mhxx-romfs-native-table,9,2
984,Arc Coat X,Arc Coat X,mhxx-romfs-game-array+mhxx-dex-1.0+mhxx-save-format-community+mhxx-romfs-native-table,9,2
985,Storge Coat X,Storge Coat X,mhxx-romfs-game-array+mhxx-dex-1.0+mhxx-save-format-community+mhxx-romfs-native-table,9,2
986,Arc Faulds XR,Arc Faulds XR,mhxx-romfs-game-array+mhxx-dex-1.0+mhxx-save-format-community+mhxx-romfs-native-table,9,3
987,Storge Faulds XR,Storge Faulds XR,mhxx-romfs-game-array+mhxx-dex-1.0+mhxx-save-format-community+mhxx-romfs-native-table,9,3
988,Arc Coat XR,Arc Coat XR,mhxx-romfs-game-array+mhxx-dex-1.0+mhxx-save-format-community+mhxx-romfs-native-table,9,3
989,Storge Coat XR,Storge Coat XR,mhxx-romfs-game-array+mhxx-dex-1.0+mhxx-save-format-community+mhxx-romfs-native-table,9,3
990,Valstrax Faulds X,Valstrax Faulds X,mhxx-romfs-game-array+mhxx-dex-1.0+mhxx-save-format-community+mhxx-romfs-native-table,9,1
991,Valstrax Coat X,Valstrax Coat X,mhxx-romfs-game-array+mhxx-dex-1.0+mhxx-save-format-community+mhxx-romfs-native-table,9,1
992,Grand God's Peer Belt,Grand God's Peer Belt,mhxx-romfs-game-array+mhxx-dex-1.0+mhxx-save-format-community+mhxx-romfs-native-table,9,2
993,Grand Hermit Belt,Grand Hermit Belt,mhxx-romfs-game-array+mhxx-dex-1.0+mhxx-save-format-community+mhxx-romfs-native-table,9,2
994,Vangis Coil X,Vangis Coil X,mhxx-romfs-game-array+mhxx-dex-1.0+mhxx-save-format-community+mhxx-romfs-native-table,9,2
995,Vangis Coat X,Vangis Coat X,mhxx-romfs-game-array+mhxx-dex-1.0+mhxx-save-format-community+mhxx-romfs-native-table,9,2
996,Kushala Cocoon X,Kushala Cocoon X,mhxx-romfs-game-array+mhxx-dex-1.0+mhxx-save-format-community+mhxx-romfs-native-table,10,1
997,Kushala Wind Wrap X,Kushala Wind Wrap X,mhxx-romfs-game-array+mhxx-dex-1.0+mhxx-save-format-community+mhxx-romfs-native-table,10,2
998,Kushala Cocoon XR,Kushala Cocoon XR,mhxx-romfs-game-array+mhxx-dex-1.0+mhxx-save-format-community+mhxx-romfs-native-table,10,1
999,Kushala Wind Wrap XR,Kushala Wind Wrap XR,mhxx-romfs-game-array+mhxx-dex-1.0+mhxx-save-format-community+mhxx-romfs-native-table,10,1
1000,Grand Mizuha Sash,Grand Mizuha Sash,mhxx-romfs-game-array+mhxx-dex-1.0+mhxx-save-format-community+mhxx-romfs-native-table,10,2
1001,Grand Cham Coat,Grand Cham Coat,mhxx-romfs-game-array+mhxx-dex-1.0+mhxx-save-format-community+mhxx-romfs-native-table,10,2
1002,Kaiser Tassets X,Kaiser Tassets X,mhxx-romfs-game-array+mhxx-dex-1.0+mhxx-save-format-community+mhxx-romfs-native-table,10,0
1003,Kaiser Coat X,Kaiser Coat X,mhxx-romfs-game-array+mhxx-dex-1.0+mhxx-save-format-community+mhxx-romfs-native-table,10,0
1004,Silver Solcoil Z,Silver Solcoil Z,mhxx-romfs-game-array+mhxx-dex-1.0+mhxx-save-format-community+mhxx-romfs-native-table,10,2
1005,Silver Solcoat Z,Silver Solcoat Z,mhxx-romfs-game-array+mhxx-dex-1.0+mhxx-save-format-community+mhxx-romfs-native-table,10,2
1006,Golden Lunecoil Z,Golden Lunecoil Z,mhxx-romfs-game-array+mhxx-dex-1.0+mhxx-save-format-community+mhxx-romfs-native-table,10,1
1007,Golden Lunecoat Z,Golden Lunecoat Z,mhxx-romfs-game-array+mhxx-dex-1.0+mhxx-save-format-community+mhxx-romfs-native-table,10,1
1008,Yaksha Coil,Yaksha Coil,mhxx-romfs-game-array+mhxx-dex-1.0+mhxx-save-format-community+mhxx-romfs-native-table,9,2
1009,Carnage Wrap,Carnage Wrap,mhxx-romfs-game-array+mhxx-dex-1.0+mhxx-save-format-community+mhxx-romfs-native-table,9,2
1010,Guardian Coil X,Guardian Coil X,mhxx-romfs-game-array+mhxx-dex-1.0+mhxx-save-format-community+mhxx-romfs-native-table,9,2
1011,Guardian Coat X,Guardian Coat X,mhxx-romfs-game-array+mhxx-dex-1.0+mhxx-save-format-community+mhxx-romfs-native-table,9,2
1012,Blue Guild Coil X,Blue Guild Coil X,mhxx-romfs-game-array+mhxx-dex-1.0+mhxx-save-format-community+mhxx-romfs-native-table,9,1
1013,Blue Guild Coil X,Blue Guild Coil X,mhxx-romfs-game-array+mhxx-dex-1.0+mhxx-save-format-community+mhxx-romfs-native-table,9,1
1014,Blue Guild Coat X,Blue Guild Coat X,mhxx-romfs-game-array+mhxx-dex-1.0+mhxx-save-format-community+mhxx-romfs-native-table,9,1
1015,Blue Guild Coat X,Blue Guild Coat X,mhxx-romfs-game-array+mhxx-dex-1.0+mhxx-save-format-community+mhxx-romfs-native-table,9,1
1016,Red Guild Coil X,Red Guild Coil X,mhxx-romfs-game-array+mhxx-dex-1.0+mhxx-save-format-community+mhxx-romfs-native-table,9,2
1017,Red Guild Coil X,Red Guild Coil X,mhxx-romfs-game-array+mhxx-dex-1.0+mhxx-save-format-community+mhxx-romfs-native-table,9,2
1018,Red Guild Coat X,Red Guild Coat X,mhxx-romfs-game-array+mhxx-dex-1.0+mhxx-save-format-community+mhxx-romfs-native-table,9,2
1019,Red Guild Coat X,Red Guild Coat X,mhxx-romfs-game-array+mhxx-dex-1.0+mhxx-save-format-community+mhxx-romfs-native-table,9,2
1020,G. Knight Coat X,G. Knight Coat X,mhxx-romfs-game-array+mhxx-dex-1.0+mhxx-save-format-community+mhxx-romfs-native-table,8,1
1021,G. Knight Kilt X,G. Knight Kilt X,mhxx-romfs-game-array+mhxx-dex-1.0+mhxx-save-format-community+mhxx-romfs-native-table,8,1
1022,Guild Bard Coil X,Guild Bard Coil X,mhxx-romfs-game-array+mhxx-dex-1.0+mhxx-save-format-community+mhxx-romfs-native-table,8,1
1023,Guild Bard Coat X,Guild Bard Coat X,mhxx-romfs-game-array+mhxx-dex-1.0+mhxx-save-format-community+mhxx-romfs-native-table,8,1
1024,Ace Faulds X,Ace Faulds X,mhxx-romfs-game-array+mhxx-dex-1.0+mhxx-save-format-community+mhxx-romfs-native-table,9,0
1025,Ace Coat X,Ace Coat X,mhxx-romfs-game-array+mhxx-dex-1.0+mhxx-save-format-community+mhxx-romfs-native-table,9,0
1026,Sororal Faulds X,Sororal Faulds X,mhxx-romfs-game-array+mhxx-dex-1.0+mhxx-save-format-community+mhxx-romfs-native-table,9,0
1027,Sororal Coat X,Sororal Coat X,mhxx-romfs-game-array+mhxx-dex-1.0+mhxx-save-format-community+mhxx-romfs-native-table,9,0
1028,Shinobi Heaven Belt Goku,Shinobi Heaven Belt Goku,mhxx-romfs-game-array+mhxx-dex-1.0+mhxx-save-format-community+mhxx-romfs-native-table,9,2
1029,Shinobi Land Belt Goku,Shinobi Land Belt Goku,mhxx-romfs-game-array+mhxx-dex-1.0+mhxx-save-format-community+mhxx-romfs-native-table,9,2
1030,Kaiserin Faulds,Kaiserin Faulds,mhxx-romfs-game-array+mhxx-dex-1.0+mhxx-save-format-community+mhxx-romfs-native-table,9,1
1031,Kaiserin Coat,Kaiserin Coat,mhxx-romfs-game-array+mhxx-dex-1.0+mhxx-save-format-community+mhxx-romfs-native-table,9,1
1032,Barmaid's Skirt,Barmaid's Skirt,mhxx-romfs-game-array+mhxx-dex-1.0+mhxx-save-format-community+mhxx-romfs-native-table,9,1
1033,Barmaid's Frills,Barmaid's Frills,mhxx-romfs-game-array+mhxx-dex-1.0+mhxx-save-format-community+mhxx-romfs-native-table,9,1
1034,Barman's Coil,Barman's Coil,mhxx-romfs-game-array+mhxx-dex-1.0+mhxx-save-format-community+mhxx-romfs-native-table,9,1
1035,Barman's Coat,Barman's Coat,mhxx-romfs-game-array+mhxx-dex-1.0+mhxx-save-format-community+mhxx-romfs-native-table,9,1
1036,Helios Coil X,Helios Coil X,mhxx-romfs-game-array+mhxx-dex-1.0+mhxx-save-format-community+mhxx-romfs-native-table,9,0
1037,Selene Coil X,Selene Coil X,mhxx-romfs-game-array+mhxx-dex-1.0+mhxx-save-format-community+mhxx-romfs-native-table,9,0
1038,Helios Coat X,Helios Coat X,mhxx-romfs-game-array+mhxx-dex-1.0+mhxx-save-format-community+mhxx-romfs-native-table,9,0
1039,Selene Coat X,Selene Coat X,mhxx-romfs-game-array+mhxx-dex-1.0+mhxx-save-format-community+mhxx-romfs-native-table,9,0
1040,Strider's Sash,Strider's Sash,mhxx-romfs-game-array+mhxx-dex-1.0+mhxx-save-format-community+mhxx-romfs-native-table,9,0
1041,Deadeye's Belt,Deadeye's Belt,mhxx-romfs-game-array+mhxx-dex-1.0+mhxx-save-format-community+mhxx-romfs-native-table,9,0
1042,Damascus Coil X,Damascus Coil X,mhxx-romfs-game-array+mhxx-dex-1.0+mhxx-save-format-community+mhxx-romfs-native-table,9,1
1043,Damascus Coat X,Damascus Coat X,mhxx-romfs-game-array+mhxx-dex-1.0+mhxx-save-format-community+mhxx-romfs-native-table,9,1
1044,Chaos Faulds,Chaos Faulds,mhxx-romfs-game-array+mhxx-dex-1.0+mhxx-save-format-community+mhxx-romfs-native-table,9,0
1045,Nephilim Tassets,Nephilim Tassets,mhxx-romfs-game-array+mhxx-dex-1.0+mhxx-save-format-community+mhxx-romfs-native-table,9,0
1046,Chaos Coat,Chaos Coat,mhxx-romfs-game-array+mhxx-dex-1.0+mhxx-save-format-community+mhxx-romfs-native-table,9,0
1047,Nephilim Coat,Nephilim Coat,mhxx-romfs-game-array+mhxx-dex-1.0+mhxx-save-format-community+mhxx-romfs-native-table,9,0
1048,Grand Divine Ire Obi,Grand Divine Ire Obi,mhxx-romfs-game-array+mhxx-dex-1.0+mhxx-save-format-community+mhxx-romfs-native-table,10,1
1049,Grand Crusher Belt,Grand Crusher Belt,mhxx-romfs-game-array+mhxx-dex-1.0+mhxx-save-format-community+mhxx-romfs-native-table,10,1
1050,Esurient Faulds Z,Esurient Faulds Z,mhxx-romfs-game-array+mhxx-dex-1.0+mhxx-save-format-community+mhxx-romfs-native-table,10,0
1051,Esurient Coat Z,Esurient Coat Z,mhxx-romfs-game-array+mhxx-dex-1.0+mhxx-save-format-community+mhxx-romfs-native-table,10,1
1052,Brachydium Faulds,Brachydium Faulds,mhxx-romfs-game-array+mhxx-dex-1.0+mhxx-save-format-community+mhxx-romfs-native-table,10,2
1053,Brachydium Coat,Brachydium Coat,mhxx-romfs-game-array+mhxx-dex-1.0+mhxx-save-format-community+mhxx-romfs-native-table,10,2
1054,Akantor Cincture X,Akantor Cincture X,mhxx-romfs-game-array+mhxx-dex-1.0+mhxx-save-format-community+mhxx-romfs-native-table,10,1
1055,Akantor Sash X,Akantor Sash X,mhxx-romfs-game-array+mhxx-dex-1.0+mhxx-save-format-community+mhxx-romfs-native-table,10,1
1056,Akantor Cincture XR,Akantor Cincture XR,mhxx-romfs-game-array+mhxx-dex-1.0+mhxx-save-format-community+mhxx-romfs-native-table,10,1
1057,Akantor Sash XR,Akantor Sash XR,mhxx-romfs-game-array+mhxx-dex-1.0+mhxx-save-format-community+mhxx-romfs-native-table,10,1
1058,Ukanlos Cincture X,Ukanlos Cincture X,mhxx-romfs-game-array+mhxx-dex-1.0+mhxx-save-format-community+mhxx-romfs-native-table,10,1
1059,Ukanlos Sash X,Ukanlos Sash X,mhxx-romfs-game-array+mhxx-dex-1.0+mhxx-save-format-community+mhxx-romfs-native-table,10,1
1060,Grand Tempest Obi,Grand Tempest Obi,mhxx-romfs-game-array+mhxx-dex-1.0+mhxx-save-format-community+mhxx-romfs-native-table,10,0
1061,Grand Welkin Obi,Grand Welkin Obi,mhxx-romfs-game-array+mhxx-dex-1.0+mhxx-save-format-community+mhxx-romfs-native-table,10,0
1062,Grand Skeletal Hipbone,Grand Skeletal Hipbone,mhxx-romfs-game-array+mhxx-dex-1.0+mhxx-save-format-community+mhxx-romfs-native-table,10,2
1063,Grand Decayed Hipbone,Grand Decayed Hipbone,mhxx-romfs-game-array+mhxx-dex-1.0+mhxx-save-format-community+mhxx-romfs-native-table,10,2
1064,Astral Coil X,Astral Coil X,mhxx-romfs-game-array+mhxx-dex-1.0+mhxx-save-format-community+mhxx-romfs-native-table,10,1
1065,Astral Coat X,Astral Coat X,mhxx-romfs-game-array+mhxx-dex-1.0+mhxx-save-format-community+mhxx-romfs-native-table,10,1
1066,Neset Coat,Neset Coat,mhxx-romfs-game-array+mhxx-dex-1.0+mhxx-save-format-community+mhxx-romfs-native-table,10,2
1067,Neset Elytra,Neset Elytra,mhxx-romfs-game-array+mhxx-dex-1.0+mhxx-save-format-community+mhxx-romfs-native-table,10,2
1068,Black Spine X,Black Spine X,mhxx-romfs-game-array+mhxx-dex-1.0+mhxx-save-format-community+mhxx-romfs-native-table,9,0
1069,Black Scale X,Black Scale X,mhxx-romfs-game-array+mhxx-dex-1.0+mhxx-save-format-community+mhxx-romfs-native-table,9,0
1070,Escadora Might X,Escadora Might X,mhxx-romfs-game-array+mhxx-dex-1.0+mhxx-save-format-community+mhxx-romfs-native-table,10,0
1071,Escadora Force X,Escadora Force X,mhxx-romfs-game-array+mhxx-dex-1.0+mhxx-save-format-community+mhxx-romfs-native-table,10,0
1072,Escadora Might XR,Escadora Might XR,mhxx-romfs-game-array+mhxx-dex-1.0+mhxx-save-format-community+mhxx-romfs-native-table,10,1
1073,Escadora Force XR,Escadora Force XR,mhxx-romfs-game-array+mhxx-dex-1.0+mhxx-save-format-community+mhxx-romfs-native-table,10,1
1074,Fatalis Crimsonbarbs,Fatalis Crimsonbarbs,mhxx-romfs-game-array+mhxx-dex-1.0+mhxx-save-format-community+mhxx-romfs-native-table,10,0
1075,Fatalis Crimsonscale,Fatalis Crimsonscale,mhxx-romfs-game-array+mhxx-dex-1.0+mhxx-save-format-community+mhxx-romfs-native-table,10,1
1076,GX Fatalis Crimsonbarbs,GX Fatalis Crimsonbarbs,mhxx-romfs-game-array+mhxx-dex-1.0+mhxx-save-format-community+mhxx-romfs-native-table,10,1
1077,GX Fatalis Crimsonscale,GX Fatalis Crimsonscale,mhxx-romfs-game-array+mhxx-dex-1.0+mhxx-save-format-community+mhxx-romfs-native-table,10,1
1078,Fatalis Crimsonbarbs XR,Fatalis Crimsonbarbs XR,mhxx-romfs-game-array+mhxx-dex-1.0+mhxx-save-format-community+mhxx-romfs-native-table,10,1
1079,Fatalis Crimsonscale XR,Fatalis Crimsonscale XR,mhxx-romfs-game-array+mhxx-dex-1.0+mhxx-save-format-community+mhxx-romfs-native-table,10,1
1080,Old Fatalis Spine,Old Fatalis Spine,mhxx-romfs-game-array+mhxx-dex-1.0+mhxx-save-format-community+mhxx-romfs-native-table,10,0
1081,Old Fatalis Scale,Old Fatalis Scale,mhxx-romfs-game-array+mhxx-dex-1.0+mhxx-save-format-community+mhxx-romfs-native-table,10,0
1082,GX Old Fatalis Spine,GX Old Fatalis Spine,mhxx-romfs-game-array+mhxx-dex-1.0+mhxx-save-format-community+mhxx-romfs-native-table,10,1
1083,GX Old Fatalis Scale,GX Old Fatalis Scale,mhxx-romfs-game-array+mhxx-dex-1.0+mhxx-save-format-community+mhxx-romfs-native-table,10,1
1084,Helper Skirt X,Helper Skirt X,mhxx-romfs-game-array+mhxx-dex-1.0+mhxx-save-format-community+mhxx-romfs-native-table,9,2
1085,Healer Frills X,Healer Frills X,mhxx-romfs-game-array+mhxx-dex-1.0+mhxx-save-format-community+mhxx-romfs-native-table,9,2
1086,Ancient Coil X,Ancient Coil X,mhxx-romfs-game-array+mhxx-dex-1.0+mhxx-save-format-community+mhxx-romfs-native-table,9,1
1087,Ancient Coat X,Ancient Coat X,mhxx-romfs-game-array+mhxx-dex-1.0+mhxx-save-format-community+mhxx-romfs-native-table,9,1
1088,Master's Faulds X,Master's Faulds X,mhxx-romfs-game-array+mhxx-dex-1.0+mhxx-save-format-community+mhxx-romfs-native-table,9,1
1089,Master's Coat X,Master's Coat X,mhxx-romfs-game-array+mhxx-dex-1.0+mhxx-save-format-community+mhxx-romfs-native-table,9,1
1090,Grand Toka Koshiate,Grand Toka Koshiate,mhxx-romfs-game-array+mhxx-dex-1.0+mhxx-save-format-community+mhxx-romfs-native-table,9,2
1091,Grand Mitsuaoi Koshiate,Grand Mitsuaoi Koshiate,mhxx-romfs-game-array+mhxx-dex-1.0+mhxx-save-format-community+mhxx-romfs-native-table,9,2
1096,Black Belt Tassets X,Black Belt Tassets X,mhxx-romfs-game-array+mhxx-dex-1.0+mhxx-save-format-community+mhxx-romfs-native-table,9,0
1097,Black Belt Coat X,Black Belt Coat X,mhxx-romfs-game-array+mhxx-dex-1.0+mhxx-save-format-community+mhxx-romfs-native-table,9,0
1100,Auroros Tassets R,Auroros Tassets R,mhxx-romfs-game-array+mhxx-dex-1.0+mhxx-save-format-community+mhxx-romfs-native-table,10,0
1101,Borealis Tassets R,Borealis Tassets R,mhxx-romfs-game-array+mhxx-dex-1.0+mhxx-save-format-community+mhxx-romfs-native-table,10,0
1102,Genesis Tassets R,Genesis Tassets R,mhxx-romfs-game-array+mhxx-dex-1.0+mhxx-save-format-community+mhxx-romfs-native-table,10,0
1103,Glyph Tassets R,Glyph Tassets R,mhxx-romfs-game-array+mhxx-dex-1.0+mhxx-save-format-community+mhxx-romfs-native-table,10,0
1104,Silver Solfaulds XR,Silver Solfaulds XR,mhxx-romfs-game-array+mhxx-dex-1.0+mhxx-save-format-community+mhxx-romfs-native-table,10,0
1105,Silver Solcoat XR,Silver Solcoat XR,mhxx-romfs-game-array+mhxx-dex-1.0+mhxx-save-format-community+mhxx-romfs-native-table,10,0
1106,Esurient Faulds XR,Esurient Faulds XR,mhxx-romfs-game-array+mhxx-dex-1.0+mhxx-save-format-community+mhxx-romfs-native-table,10,3
1107,Esurient Coat XR,Esurient Coat XR,mhxx-romfs-game-array+mhxx-dex-1.0+mhxx-save-format-community+mhxx-romfs-native-table,10,3
1108,Rustrazor Faulds,Rustrazor Faulds,mhxx-romfs-game-array+mhxx-dex-1.0+mhxx-save-format-community+mhxx-romfs-native-table,11,0
1109,Rustrazor Coat,Rustrazor Coat,mhxx-romfs-game-array+mhxx-dex-1.0+mhxx-save-format-community+mhxx-romfs-native-table,11,0
1110,Nightcloak Faulds,Nightcloak Faulds,mhxx-romfs-game-array+mhxx-dex-1.0+mhxx-save-format-community+mhxx-romfs-native-table,11,0
1111,Nightcloak Coat,Nightcloak Coat,mhxx-romfs-game-array+mhxx-dex-1.0+mhxx-save-format-community+mhxx-romfs-native-table,11,0
1112,Soulseer Faulds,Soulseer Faulds,mhxx-romfs-game-array+mhxx-dex-1.0+mhxx-save-format-community+mhxx-romfs-native-table,11,0
1113,Soulseer Coat,Soulseer Coat,mhxx-romfs-game-array+mhxx-dex-1.0+mhxx-save-format-community+mhxx-romfs-native-table,11,0
1114,Boltreaver Faulds,Boltreaver Faulds,mhxx-romfs-game-array+mhxx-dex-1.0+mhxx-save-format-community+mhxx-romfs-native-table,11,0
1115,Boltreaver Coat,Boltreaver Coat,mhxx-romfs-game-array+mhxx-dex-1.0+mhxx-save-format-community+mhxx-romfs-native-table,11,0
1116,Elderfrost Faulds,Elderfrost Faulds,mhxx-romfs-game-array+mhxx-dex-1.0+mhxx-save-format-community+mhxx-romfs-native-table,11,0
1117,Elderfrost Coat,Elderfrost Coat,mhxx-romfs-game-array+mhxx-dex-1.0+mhxx-save-format-community+mhxx-romfs-native-table,11,0
1118,Bloodbath Faulds,Bloodbath Faulds,mhxx-romfs-game-array+mhxx-dex-1.0+mhxx-save-format-community+mhxx-romfs-native-table,11,0
1119,Bloodbath Coat,Bloodbath Coat,mhxx-romfs-game-array+mhxx-dex-1.0+mhxx-save-format-community+mhxx-romfs-native-table,11,0
1120,Gammoth Faulds X,Gammoth Faulds X,mhxx-romfs-game-array+mhxx-dex-1.0+mhxx-save-format-community+mhxx-romfs-native-table,9,1
1121,Gammoth Coat X,Gammoth Coat X,mhxx-romfs-game-array+mhxx-dex-1.0+mhxx-save-format-community+mhxx-romfs-native-table,9,1
1122,Genprey Tassets GX,Genprey Tassets GX,mhxx-romfs-game-array+mhxx-dex-1.0+mhxx-save-format-community+mhxx-romfs-native-table,8,2
1123,Genprey Coat GX,Genprey Coat GX,mhxx-romfs-game-array+mhxx-dex-1.0+mhxx-save-format-community+mhxx-romfs-native-table,8,2
1124,Ioprey Tassets GX,Ioprey Tassets GX,mhxx-romfs-game-array+mhxx-dex-1.0+mhxx-save-format-community+mhxx-romfs-native-table,8,1
1125,Ioprey Coat GX,Ioprey Coat GX,mhxx-romfs-game-array+mhxx-dex-1.0+mhxx-save-format-community+mhxx-romfs-native-table,8,1
1126,Vespoid Tassets GX,Vespoid Tassets GX,mhxx-romfs-game-array+mhxx-dex-1.0+mhxx-save-format-community+mhxx-romfs-native-table,8,2
1127,Vespoid Coat GX,Vespoid Coat GX,mhxx-romfs-game-array+mhxx-dex-1.0+mhxx-save-format-community+mhxx-romfs-native-table,8,2
1128,Hornetaur Tassets XR,Hornetaur Tassets XR,mhxx-romfs-game-array+mhxx-dex-1.0+mhxx-save-format-community+mhxx-romfs-native-table,8,0
1129,Hornetaur Coat XR,Hornetaur Coat XR,mhxx-romfs-game-array+mhxx-dex-1.0+mhxx-save-format-community+mhxx-romfs-native-table,8,0
1130,Hornetaur Tassets GX,Hornetaur Tassets GX,mhxx-romfs-game-array+mhxx-dex-1.0+mhxx-save-format-community+mhxx-romfs-native-table,8,1
1131,Hornetaur Coat GX,Hornetaur Coat GX,mhxx-romfs-game-array+mhxx-dex-1.0+mhxx-save-format-community+mhxx-romfs-native-table,8,1
1132,Cephalos Tassets GX,Cephalos Tassets GX,mhxx-romfs-game-array+mhxx-dex-1.0+mhxx-save-format-community+mhxx-romfs-native-table,8,1
1133,Cephalos Coat GX,Cephalos Coat GX,mhxx-romfs-game-array+mhxx-dex-1.0+mhxx-save-format-community+mhxx-romfs-native-table,8,1
1134,Hermitaur Tassets GX,Hermitaur Tassets GX,mhxx-romfs-game-array+mhxx-dex-1.0+mhxx-save-format-community+mhxx-romfs-native-table,8,2
1135,Hermitaur Coat GX,Hermitaur Coat GX,mhxx-romfs-game-array+mhxx-dex-1.0+mhxx-save-format-community+mhxx-romfs-native-table,8,2
1136,Rathian Faulds GX,Rathian Faulds GX,mhxx-romfs-game-array+mhxx-dex-1.0+mhxx-save-format-community+mhxx-romfs-native-table,8,1
1137,Rathian Coat GX,Rathian Coat GX,mhxx-romfs-game-array+mhxx-dex-1.0+mhxx-save-format-community+mhxx-romfs-native-table,8,1
1138,Ceanataur Tassets GX,Ceanataur Tassets GX,mhxx-romfs-game-array+mhxx-dex-1.0+mhxx-save-format-community+mhxx-romfs-native-table,8,0
1139,Ceanataur Coat GX,Ceanataur Coat GX,mhxx-romfs-game-array+mhxx-dex-1.0+mhxx-save-format-community+mhxx-romfs-native-table,8,0
1140,Blango Tassets GX,Blango Tassets GX,mhxx-romfs-game-array+mhxx-dex-1.0+mhxx-save-format-community+mhxx-romfs-native-table,8,1
1141,Blango Coat GX,Blango Coat GX,mhxx-romfs-game-array+mhxx-dex-1.0+mhxx-save-format-community+mhxx-romfs-native-table,8,1
1142,Gore Faulds GX,Gore Faulds GX,mhxx-romfs-game-array+mhxx-dex-1.0+mhxx-save-format-community+mhxx-romfs-native-table,9,1
1143,Gore Coat GX,Gore Coat GX,mhxx-romfs-game-array+mhxx-dex-1.0+mhxx-save-format-community+mhxx-romfs-native-table,9,1
1144,Zinogre Faulds GX,Zinogre Faulds GX,mhxx-romfs-game-array+mhxx-dex-1.0+mhxx-save-format-community+mhxx-romfs-native-table,9,1
1145,Zinogre Coat GX,Zinogre Coat GX,mhxx-romfs-game-array+mhxx-dex-1.0+mhxx-save-format-community+mhxx-romfs-native-table,9,1
1146,Tigrex Tassets GX,Tigrex Tassets GX,mhxx-romfs-game-array+mhxx-dex-1.0+mhxx-save-format-community+mhxx-romfs-native-table,9,1
1147,Tigrex Coat GX,Tigrex Coat GX,mhxx-romfs-game-array+mhxx-dex-1.0+mhxx-save-format-community+mhxx-romfs-native-table,9,1
1148,Brachydios Faulds GX,Brachydios Faulds GX,mhxx-romfs-game-array+mhxx-dex-1.0+mhxx-save-format-community+mhxx-romfs-native-table,9,3
1149,Brachydios Coat GX,Brachydios Coat GX,mhxx-romfs-game-array+mhxx-dex-1.0+mhxx-save-format-community+mhxx-romfs-native-table,9,3
1150,Rathalos Faulds GX,Rathalos Faulds GX,mhxx-romfs-game-array+mhxx-dex-1.0+mhxx-save-format-community+mhxx-romfs-native-table,9,2
1151,Rathalos Coat GX,Rathalos Coat GX,mhxx-romfs-game-array+mhxx-dex-1.0+mhxx-save-format-community+mhxx-romfs-native-table,9,2
1152,Arc Faulds GX,Arc Faulds GX,mhxx-romfs-game-array+mhxx-dex-1.0+mhxx-save-format-community+mhxx-romfs-native-table,9,2
1153,Arc Coat GX,Arc Coat GX,mhxx-romfs-game-array+mhxx-dex-1.0+mhxx-save-format-community+mhxx-romfs-native-table,9,2
1154,Storge Faulds GX,Storge Faulds GX,mhxx-romfs-game-array+mhxx-dex-1.0+mhxx-save-format-community+mhxx-romfs-native-table,9,2
1155,Storge Coat GX,Storge Coat GX,mhxx-romfs-game-array+mhxx-dex-1.0+mhxx-save-format-community+mhxx-romfs-native-table,9,2
1156,Kushala Cocoon GX,Kushala Cocoon GX,mhxx-romfs-game-array+mhxx-dex-1.0+mhxx-save-format-community+mhxx-romfs-native-table,10,1
1157,Kushala Wind Wrap GX,Kushala Wind Wrap GX,mhxx-romfs-game-array+mhxx-dex-1.0+mhxx-save-format-community+mhxx-romfs-native-table,10,1
1158,Mizuha Sash GX,Mizuha Sash GX,mhxx-romfs-game-array+mhxx-dex-1.0+mhxx-save-format-community+mhxx-romfs-native-table,10,0
1159,Cham Coat GX,Cham Coat GX,mhxx-romfs-game-array+mhxx-dex-1.0+mhxx-save-format-community+mhxx-romfs-native-table,10,0
1160,Kaiser Tassets GX,Kaiser Tassets GX,mhxx-romfs-game-array+mhxx-dex-1.0+mhxx-save-format-community+mhxx-romfs-native-table,10,1
1161,Kaiser Coat GX,Kaiser Coat GX,mhxx-romfs-game-array+mhxx-dex-1.0+mhxx-save-format-community+mhxx-romfs-native-table,10,1
1162,Lavasioth Tassets GX,Lavasioth Tassets GX,mhxx-romfs-game-array+mhxx-dex-1.0+mhxx-save-format-community+mhxx-romfs-native-table,8,2
1163,Lavasioth Coat GX,Lavasioth Coat GX,mhxx-romfs-game-array+mhxx-dex-1.0+mhxx-save-format-community+mhxx-romfs-native-table,8,2
1164,GX Silver Solcoil,GX Silver Solcoil,mhxx-romfs-game-array+mhxx-dex-1.0+mhxx-save-format-community+mhxx-romfs-native-table,10,0
1165,GX Silver Solcoat,GX Silver Solcoat,mhxx-romfs-game-array+mhxx-dex-1.0+mhxx-save-format-community+mhxx-romfs-native-table,10,0
1166,GX Golden Lunecoil,GX Golden Lunecoil,mhxx-romfs-game-array+mhxx-dex-1.0+mhxx-save-format-community+mhxx-romfs-native-table,10,0
1167,GX Golden Lunecoat,GX Golden Lunecoat,mhxx-romfs-game-array+mhxx-dex-1.0+mhxx-save-format-community+mhxx-romfs-native-table,10,0
1168,Tempest Obi XR,Tempest Obi XR,mhxx-romfs-game-array+mhxx-dex-1.0+mhxx-save-format-community+mhxx-romfs-native-table,10,1
1169,Welkin Obi XR,Welkin Obi XR,mhxx-romfs-game-array+mhxx-dex-1.0+mhxx-save-format-community+mhxx-romfs-native-table,10,1
1170,Leather Faulds X,Leather Faulds X,mhxx-romfs-game-array+mhxx-dex-1.0+mhxx-save-format-community+mhxx-romfs-native-table,8,3
1171,Leather Coat X,Leather Coat X,mhxx-romfs-game-array+mhxx-dex-1.0+mhxx-save-format-community+mhxx-romfs-native-table,8,3
1172,Chainmail Faulds X,Chainmail Faulds X,mhxx-romfs-game-array+mhxx-dex-1.0+mhxx-save-format-community+mhxx-romfs-native-table,8,2
1173,Chainmail Coat X,Chainmail Coat X,mhxx-romfs-game-array+mhxx-dex-1.0+mhxx-save-format-community+mhxx-romfs-native-table,8,2
1174,Loc Lac Kilt X,Loc Lac Kilt X,mhxx-romfs-game-array+mhxx-dex-1.0+mhxx-save-format-community+mhxx-romfs-native-table,8,1
1175,Hunter's Faulds X,Hunter's Faulds X,mhxx-romfs-game-array+mhxx-dex-1.0+mhxx-save-format-community+mhxx-romfs-native-table,8,1
1176,Hunter's Coat X,Hunter's Coat X,mhxx-romfs-game-array+mhxx-dex-1.0+mhxx-save-format-community+mhxx-romfs-native-table,8,1
1177,Bone Faulds X,Bone Faulds X,mhxx-romfs-game-array+mhxx-dex-1.0+mhxx-save-format-community+mhxx-romfs-native-table,8,2
1178,Bone Coat X,Bone Coat X,mhxx-romfs-game-array+mhxx-dex-1.0+mhxx-save-format-community+mhxx-romfs-native-table,8,2
1179,Dober Coil X,Dober Coil X,mhxx-romfs-game-array+mhxx-dex-1.0+mhxx-save-format-community+mhxx-romfs-native-table,8,1
1180,Dober Coat X,Dober Coat X,mhxx-romfs-game-array+mhxx-dex-1.0+mhxx-save-format-community+mhxx-romfs-native-table,8,1
1181,Alloy Coil X,Alloy Coil X,mhxx-romfs-game-array+mhxx-dex-1.0+mhxx-save-format-community+mhxx-romfs-native-table,8,2
1182,Alloy Coat X,Alloy Coat X,mhxx-romfs-game-array+mhxx-dex-1.0+mhxx-save-format-community+mhxx-romfs-native-table,8,2
1183,Ingot Coil X,Ingot Coil X,mhxx-romfs-game-array+mhxx-dex-1.0+mhxx-save-format-community+mhxx-romfs-native-table,8,3
1184,Ingot Coat X,Ingot Coat X,mhxx-romfs-game-array+mhxx-dex-1.0+mhxx-save-format-community+mhxx-romfs-native-table,8,3
1185,Damascus Coil XR,Damascus Coil XR,mhxx-romfs-game-array+mhxx-dex-1.0+mhxx-save-format-community+mhxx-romfs-native-table,9,1
1186,Damascus Coat XR,Damascus Coat XR,mhxx-romfs-game-array+mhxx-dex-1.0+mhxx-save-format-community+mhxx-romfs-native-table,9,1
1187,Battle Tassets X,Battle Tassets X,mhxx-romfs-game-array+mhxx-dex-1.0+mhxx-save-format-community+mhxx-romfs-native-table,8,0
1188,Battle Coat X,Battle Coat X,mhxx-romfs-game-array+mhxx-dex-1.0+mhxx-save-format-community+mhxx-romfs-native-table,8,0
1189,High Metal Tassets X,High Metal Tassets X,mhxx-romfs-game-array+mhxx-dex-1.0+mhxx-save-format-community+mhxx-romfs-native-table,8,2
1190,High Metal Coat X,High Metal Coat X,mhxx-romfs-game-array+mhxx-dex-1.0+mhxx-save-format-community+mhxx-romfs-native-table,8,2
1191,High Metal Tassets Z,High Metal Tassets Z,mhxx-romfs-game-array+mhxx-dex-1.0+mhxx-save-format-community+mhxx-romfs-native-table,8,1
1192,High Metal Coat Z,High Metal Coat Z,mhxx-romfs-game-array+mhxx-dex-1.0+mhxx-save-format-community+mhxx-romfs-native-table,8,1
1193,Mosgharl Folia X,Mosgharl Folia X,mhxx-romfs-game-array+mhxx-dex-1.0+mhxx-save-format-community+mhxx-romfs-native-table,8,2
1194,Mosgharl Fronds X,Mosgharl Fronds X,mhxx-romfs-game-array+mhxx-dex-1.0+mhxx-save-format-community+mhxx-romfs-native-table,8,2
1195,Mosgharl Folia X,Mosgharl Folia X,mhxx-romfs-game-array+mhxx-dex-1.0+mhxx-save-format-community+mhxx-romfs-native-table,8,2
1196,Mosgharl Fronds X,Mosgharl Fronds X,mhxx-romfs-game-array+mhxx-dex-1.0+mhxx-save-format-community+mhxx-romfs-native-table,8,2
1197,Obituary Elytra X,Obituary Elytra X,mhxx-romfs-game-array+mhxx-dex-1.0+mhxx-save-format-community+mhxx-romfs-native-table,8,2
1198,Obituary Alae X,Obituary Alae X,mhxx-romfs-game-array+mhxx-dex-1.0+mhxx-save-format-community+mhxx-romfs-native-table,8,2
1199,Butterfly Elytra X,Butterfly Elytra X,mhxx-romfs-game-array+mhxx-dex-1.0+mhxx-save-format-community+mhxx-romfs-native-table,8,2
1200,Butterfly Alae X,Butterfly Alae X,mhxx-romfs-game-array+mhxx-dex-1.0+mhxx-save-format-community+mhxx-romfs-native-table,8,2
1201,Aelucanth Elytra X,Aelucanth Elytra X,mhxx-romfs-game-array+mhxx-dex-1.0+mhxx-save-format-community+mhxx-romfs-native-table,8,1
1202,Aelucanth Alae X,Aelucanth Alae X,mhxx-romfs-game-array+mhxx-dex-1.0+mhxx-save-format-community+mhxx-romfs-native-table,8,1
1203,Rhopessa Elytra X,Rhopessa Elytra X,mhxx-romfs-game-array+mhxx-dex-1.0+mhxx-save-format-community+mhxx-romfs-native-table,8,1
1204,Rhopessa Alae X,Rhopessa Alae X,mhxx-romfs-game-array+mhxx-dex-1.0+mhxx-save-format-community+mhxx-romfs-native-table,8,1
1205,Vaik Faulds X,Vaik Faulds X,mhxx-romfs-game-array+mhxx-dex-1.0+mhxx-save-format-community+mhxx-romfs-native-table,8,2
1206,Vaik Coat X,Vaik Coat X,mhxx-romfs-game-array+mhxx-dex-1.0+mhxx-save-format-community+mhxx-romfs-native-table,8,2
1207,Guardian Coil Z,Guardian Coil Z,mhxx-romfs-game-array+mhxx-dex-1.0+mhxx-save-format-community+mhxx-romfs-native-table,9,2
1208,Guardian Coat Z,Guardian Coat Z,mhxx-romfs-game-array+mhxx-dex-1.0+mhxx-save-format-community+mhxx-romfs-native-table,9,2
1209,Helper Skirt Z,Helper Skirt Z,mhxx-romfs-game-array+mhxx-dex-1.0+mhxx-save-format-community+mhxx-romfs-native-table,9,3
1210,Healer Frills Z,Healer Frills Z,mhxx-romfs-game-array+mhxx-dex-1.0+mhxx-save-format-community+mhxx-romfs-native-table,9,3
1211,Death Stench Bowels XR,Death Stench Bowels XR,mhxx-romfs-game-array+mhxx-dex-1.0+mhxx-save-format-community+mhxx-romfs-native-table,8,1
1212,Death Stench Belly XR,Death Stench Belly XR,mhxx-romfs-game-array+mhxx-dex-1.0+mhxx-save-format-community+mhxx-romfs-native-table,8,1
1213,Makluva Coil X,Makluva Coil X,mhxx-romfs-game-array+mhxx-dex-1.0+mhxx-save-format-community+mhxx-romfs-native-table,8,1
1214,Makluva Fin X,Makluva Fin X,mhxx-romfs-game-array+mhxx-dex-1.0+mhxx-save-format-community+mhxx-romfs-native-table,8,1
1215,Makluva Coil Z,Makluva Coil Z,mhxx-romfs-game-array+mhxx-dex-1.0+mhxx-save-format-community+mhxx-romfs-native-table,8,1
1216,Makluva Fin Z,Makluva Fin Z,mhxx-romfs-game-array+mhxx-dex-1.0+mhxx-save-format-community+mhxx-romfs-native-table,8,1
1217,Melahoa Folia X,Melahoa Folia X,mhxx-romfs-game-array+mhxx-dex-1.0+mhxx-save-format-community+mhxx-romfs-native-table,8,3
1218,Melahoa Trunk X,Melahoa Trunk X,mhxx-romfs-game-array+mhxx-dex-1.0+mhxx-save-format-community+mhxx-romfs-native-table,8,3
1219,Melahoa Skirt Z,Melahoa Skirt Z,mhxx-romfs-game-array+mhxx-dex-1.0+mhxx-save-format-community+mhxx-romfs-native-table,8,3
1220,Melahoa Trunk Z,Melahoa Trunk Z,mhxx-romfs-game-array+mhxx-dex-1.0+mhxx-save-format-community+mhxx-romfs-native-table,8,3
1221,Derring Faulds X,Derring Faulds X,mhxx-romfs-game-array+mhxx-dex-1.0+mhxx-save-format-community+mhxx-romfs-native-table,8,0
1222,Derring Coat X,Derring Coat X,mhxx-romfs-game-array+mhxx-dex-1.0+mhxx-save-format-community+mhxx-romfs-native-table,8,0
1227,Wisdom Coil X,Wisdom Coil X,mhxx-romfs-game-array+mhxx-dex-1.0+mhxx-save-format-community+mhxx-romfs-native-table,9,2
1228,Wisdom Coat X,Wisdom Coat X,mhxx-romfs-game-array+mhxx-dex-1.0+mhxx-save-format-community+mhxx-romfs-native-table,9,2
1229,Cheerful Belt X,Cheerful Belt X,mhxx-romfs-game-array+mhxx-dex-1.0+mhxx-save-format-community+mhxx-romfs-native-table,9,2
1230,Cheerful Band X,Cheerful Band X,mhxx-romfs-game-array+mhxx-dex-1.0+mhxx-save-format-community+mhxx-romfs-native-table,9,2
1231,Mariner Skirt X,Mariner Skirt X,mhxx-romfs-game-array+mhxx-dex-1.0+mhxx-save-format-community+mhxx-romfs-native-table,8,1
1232,Mariner Frills X,Mariner Frills X,mhxx-romfs-game-array+mhxx-dex-1.0+mhxx-save-format-community+mhxx-romfs-native-table,8,1
1239,Chrome Metal Coil X,Chrome Metal Coil X,mhxx-romfs-game-array+mhxx-dex-1.0+mhxx-save-format-community+mhxx-romfs-native-table,8,0
1240,Chrome Metal Coat X,Chrome Metal Coat X,mhxx-romfs-game-array+mhxx-dex-1.0+mhxx-save-format-community+mhxx-romfs-native-table,8,0
1251,Artian Coil XR,Artian Coil XR,mhxx-romfs-game-array+mhxx-dex-1.0+mhxx-save-format-community+mhxx-romfs-native-table,8,0
1252,Artian Coat XR,Artian Coat XR,mhxx-romfs-game-array+mhxx-dex-1.0+mhxx-save-format-community+mhxx-romfs-native-table,8,0
1253,Dragonbarbs,Dragonbarbs,mhxx-romfs-game-array+mhxx-dex-1.0+mhxx-save-format-community+mhxx-romfs-native-table,10,1
1254,Dragonsheath,Dragonsheath,mhxx-romfs-game-array+mhxx-dex-1.0+mhxx-save-format-community+mhxx-romfs-native-table,10,1
1259,Arcfire Obi,Arcfire Obi,mhxx-romfs-game-array+mhxx-save-format-community+mhxx-romfs-native-table,0,0
1260,Bonfire Obi,Bonfire Obi,mhxx-romfs-game-array+mhxx-save-format-community+mhxx-romfs-native-table,0,0
1261,Waka Obi,Waka Obi,mhxx-romfs-game-array+mhxx-save-format-community+mhxx-romfs-native-table,0,0
1262,Wagaku Obi,Wagaku Obi,mhxx-romfs-game-array+mhxx-save-format-community+mhxx-romfs-native-table,0,0
1263,Ruler Arcfire Obi,Ruler Arcfire Obi,mhxx-romfs-game-array+mhxx-save-format-community+mhxx-romfs-native-table,0,0
1264,Ruler Bonfire Obi,Ruler Bonfire Obi,mhxx-romfs-game-array+mhxx-save-format-community+mhxx-romfs-native-table,0,0
1265,Ruler Waka Obi,Ruler Waka Obi,mhxx-romfs-game-array+mhxx-save-format-community+mhxx-romfs-native-table,0,0
1266,Ruler Wagaku Obi,Ruler Wagaku Obi,mhxx-romfs-game-array+mhxx-save-format-community+mhxx-romfs-native-table,0,0
1267,Supreme Arcfire Obi,Supreme Arcfire Obi,mhxx-romfs-game-array+mhxx-save-format-community+mhxx-romfs-native-table,0,1
1268,Supreme Bonfire Obi,Supreme Bonfire Obi,mhxx-romfs-game-array+mhxx-save-format-community+mhxx-romfs-native-table,0,1
1269,Supreme Wagaku Obi,Supreme Wagaku Obi,mhxx-romfs-game-array+mhxx-save-format-community+mhxx-romfs-native-table,0,1
1270,Supreme Wagaku Obi,Supreme Wagaku Obi,mhxx-romfs-game-array+mhxx-save-format-community+mhxx-romfs-native-table,0,1
1271,Garo Tassets,Garo Tassets,mhxx-romfs-game-array+mhxx-dex-1.0+mhxx-save-format-community+mhxx-romfs-native-table,10,1
1272,Garo Belt,Garo Belt,mhxx-romfs-game-array+mhxx-dex-1.0+mhxx-save-format-community+mhxx-romfs-native-table,10,1
1277,Lodestar Belt,Lodestar Belt,mhxx-romfs-game-array+mhxx-dex-1.0+mhxx-save-format-community+mhxx-romfs-native-table,7,2
1278,Lodestar Cloak,Lodestar Cloak,mhxx-romfs-game-array+mhxx-dex-1.0+mhxx-save-format-community+mhxx-romfs-native-table,7,2
1279,Hylian Belt,Hylian Belt,mhxx-romfs-game-array+mhxx-dex-1.0+mhxx-save-format-community+mhxx-romfs-native-table,10,0
1280,Hylian Bandolier,Hylian Bandolier,mhxx-romfs-game-array+mhxx-dex-1.0+mhxx-save-format-community+mhxx-romfs-native-table,10,0
1281,Hiryu Sky Belt,Hiryu Sky Belt,mhxx-romfs-game-array+mhxx-dex-1.0+mhxx-save-format-community+mhxx-romfs-native-table,7,0
1282,Hiryu Land Belt,Hiryu Land Belt,mhxx-romfs-game-array+mhxx-dex-1.0+mhxx-save-format-community+mhxx-romfs-native-table,7,0
