talisman_id,skill_id,skill1_min,skill1_max,skill2_min,skill2_max,source
1,0,0,0,0,0,kiranico-mhgu-charm-table-crosschecked-by-mhxx-save-editors
1,1,0,0,0,0,kiranico-mhgu-charm-table-crosschecked-by-mhxx-save-editors
1,2,1,5,0,0,kiranico-mhgu-charm-table-crosschecked-by-mhxx-save-editors
1,3,1,5,0,0,kiranico-mhgu-charm-table-crosschecked-by-mhxx-save-editors
1,4,1,5,0,0,kiranico-mhgu-charm-table-crosschecked-by-mhxx-save-editors
1,5,1,8,0,0,kiranico-mhgu-charm-table-crosschecked-by-mhxx-save-editors
1,6,0,0,0,0,kiranico-mhgu-charm-table-crosschecked-by-mhxx-save-editors
1,7,0,0,0,0,kiranico-mhgu-charm-table-crosschecked-by-mhxx-save-editors
1,8,1,7,0,0,kiranico-mhgu-charm-table-crosschecked-by-mhxx-save-editors
1,9,1,7,0,0,kiranico-mhgu-charm-table-crosschecked-by-mhxx-save-editors
1,10,1,10,0,0,kiranico-mhgu-charm-table-crosschecked-by-mhxx-save-editors
1,11,1,10,0,0,kiranico-mhgu-charm-table-crosschecked-by-mhxx-save-editors
1,12,0,0,0,0,kiranico-mhgu-charm-table-crosschecked-by-mhxx-save-editors
1,13,0,0,0,0,kiranico-mhgu-charm-table-crosschecked-by-mhxx-save-editors
1,14,1,10,0,0,kiranico-mhgu-charm-table-crosschecked-by-mhxx-save-editors
1,15,1,7,0,0,kiranico-mhgu-charm-table-crosschecked-by-mhxx-save-editors
1,16,1,3,0,0,kiranico-mhgu-charm-table-crosschecked-by-mhxx-save-editors
1,17,0,0,0,0,kiranico-mhgu-charm-table-crosschecked-by-mhxx-save-editors
1,18,1,5,0,0,kiranico-mhgu-charm-table-crosschecked-by-mhxx-save-editors
1,19,1,4,0,0,kiranico-mhgu-charm-table-crosschecked-by-mhxx-save-editors
1,20,1,4,0,0,kiranico-mhgu-charm-table-crosschecked-by-mhxx-save-editors
1,21,1,8,0,0,kiranico-mhgu-charm-table-crosschecked-by-mhxx-save-editors
1,22,1,6,0,0,kiranico-mhgu-charm-table-crosschecked-by-mhxx-save-editors
1,23,1,6,0,0,kiranico-mhgu-charm-table-crosschecked-by-mhxx-save-editors
1,24,1,6,0,0,kiranico-mhgu-charm-table-crosschecked-by-mhxx-save-editors
1,25,1,6,0,0,kiranico-mhgu-charm-table-crosschecked-by-mhxx-save-editors
1,26,1,6,0,0,kiranico-mhgu-charm-table-crosschecked-by-mhxx-save-editors
1,27,0,0,0,0,kiranico-mhgu-charm-table-crosschecked-by-mhxx-save-editors
1,28,0,0,0,0,kiranico-mhgu-charm-table-crosschecked-by-mhxx-save-editors
1,29,0,0,0,0,kiranico-mhgu-charm-table-crosschecked-by-mhxx-save-editors
1,30,0,0,0,0,kiranico-mhgu-charm-table-crosschecked-by-mhxx-save-editors
1,31,0,0,0,0,kiranico-mhgu-charm-table-crosschecked-by-mhxx-save-editors
1,32,0,0,0,0,kiranico-mhgu-charm-table-crosschecked-by-mhxx-save-editors
1,33,0,0,0,0,kiranico-mhgu-charm-table-crosschecked-by-mhxx-save-editors
1,34,0,0,0,0,kiranico-mhgu-charm-table-crosschecked-by-mhxx-save-editors
1,35,0,0,0,0,kiranico-mhgu-charm-table-crosschecked-by-mhxx-save-editors
1,36,0,0,0,0,kiranico-mhgu-charm-table-crosschecked-by-mhxx-save-editors
1,37,0,0,0,0,kiranico-mhgu-charm-table-crosschecked-by-mhxx-save-editors
1,38,0,0,0,0,kiranico-mhgu-charm-table-crosschecked-by-mhxx-save-editors
1,39,0,0,0,0,kiranico-mhgu-charm-table-crosschecked-by-mhxx-save-editors
1,40,0,0,0,0,kiranico-mhgu-charm-table-crosschecked-by-mhxx-save-editors
1,41,0,0,0,0,kiranico-mhgu-charm-table-crosschecked-by-mhxx-save-editors
1,42,0,0,0,0,kiranico-mhgu-charm-table-crosschecked-by-mhxx-save-editors
1,43,0,0,0,0,kiranico-mhgu-charm-table-crosschecked-by-mhxx-save-editors
1,44,0,0,0,0,kiranico-mhgu-charm-table-crosschecked-by-mhxx-save-editors
1,45,0,0,0,0,kiranico-mhgu-charm-table-crosschecked-by-mhxx-save-editors
1,46,0,0,0,0,kiranico-mhgu-charm-table-crosschecked-by-mhxx-save-editors
1,47,0,0,0,0,kiranico-mhgu-charm-table-crosschecked-by-mhxx-save-editors
1,48,1,6,0,0,kiranico-mhgu-charm-table-crosschecked-by-mhxx-save-editors
1,49,0,0,0,0,kiranico-mhgu-charm-table-crosschecked-by-mhxx-save-editors
1,50,0,0,0,0,kiranico-mhgu-charm-table-crosschecked-by-mhxx-save-editors
1,51,0,0,0,0,kiranico-mhgu-charm-table-crosschecked-by-mhxx-save-editors
1,52,0,0,0,0,kiranico-mhgu-charm-table-crosschecked-by-mhxx-save-editors
1,53,1,8,0,0,kiranico-mhgu-charm-table-crosschecked-by-mhxx-save-editors
1,54,1,8,0,0,kiranico-mhgu-charm-table-crosschecked-by-mhxx-save-editors
1,55,1,8,0,0,kiranico-mhgu-charm-table-crosschecked-by-mhxx-save-editors
1,56,1,8,0,0,kiranico-mhgu-charm-table-crosschecked-by-mhxx-save-editors
1,57,1,8,0,0,kiranico-mhgu-charm-table-crosschecked-by-mhxx-save-editors
1,58,1,8,0,0,kiranico-mhgu-charm-table-crosschecked-by-mhxx-save-editors
1,59,1,8,0,0,kiranico-mhgu-charm-table-crosschecked-by-mhxx-save-editors
1,60,1,8,0,0,kiranico-mhgu-charm-table-crosschecked-by-mhxx-save-editors
1,61,1,8,0,0,kiranico-mhgu-charm-table-crosschecked-by-mhxx-save-editors
1,62,1,8,0,0,kiranico-mhgu-charm-table-crosschecked-by-mhxx-save-editors
1,63,1,8,0,0,kiranico-mhgu-charm-table-crosschecked-by-mhxx-save-editors
1,64,1,8,0,0,kiranico-mhgu-charm-table-crosschecked-by-mhxx-save-editors
1,65,1,8,0,0,kiranico-mhgu-charm-table-crosschecked-by-mhxx-save-editors
1,66,0,0,0,0,kiranico-mhgu-charm-table-crosschecked-by-mhxx-save-editors
1,67,0,0,0,0,kiranico-mhgu-charm-table-crosschecked-by-mhxx-save-editors
1,68,0,0,0,0,kiranico-mhgu-charm-table-crosschecked-by-mhxx-save-editors
1,69,1,5,0,0,kiranico-mhgu-charm-table-crosschecked-by-mhxx-save-editors
1,70,0,0,0,0,kiranico-mhgu-charm-table-crosschecked-by-mhxx-save-editors
1,71,1,4,0,0,kiranico-mhgu-charm-table-crosschecked-by-mhxx-save-editors
1,72,0,0,0,0,kiranico-mhgu-charm-table-crosschecked-by-mhxx-save-editors
1,73,0,0,0,0,kiranico-mhgu-charm-table-crosschecked-by-mhxx-save-editors
1,74,0,0,0,0,kiranico-mhgu-charm-table-crosschecked-by-mhxx-save-editors
1,75,0,0,0,0,kiranico-mhgu-charm-table-crosschecked-by-mhxx-save-editors
1,76,0,0,0,0,kiranico-mhgu-charm-table-crosschecked-by-mhxx-save-editors
1,77,0,0,0,0,kiranico-mhgu-charm-table-crosschecked-by-mhxx-save-editors
1,78,0,0,0,0,kiranico-mhgu-charm-table-crosschecked-by-mhxx-save-editors
1,79,0,0,0,0,kiranico-mhgu-charm-table-crosschecked-by-mhxx-save-editors
1,80,0,0,0,0,kiranico-mhgu-charm-table-crosschecked-by-mhxx-save-editors
1,81,0,0,0,0,kiranico-mhgu-charm-table-crosschecked-by-mhxx-save-editors
1,82,0,0,0,0,kiranico-mhgu-charm-table-crosschecked-by-mhxx-save-editors
1,83,0,0,0,0,kiranico-mhgu-charm-table-crosschecked-by-mhxx-save-editors
1,84,0,0,0,0,kiranico-mhgu-charm-table-crosschecked-by-mhxx-save-editors
1,85,0,0,0,0,kiranico-mhgu-charm-table-crosschecked-by-mhxx-save-editors
1,86,0,0,0,0,kiranico-mhgu-charm-table-crosschecked-by-mhxx-save-editors
1,87,0,0,0,0,kiranico-mhgu-charm-table-crosschecked-by-mhxx-save-editors
1,88,0,0,0,0,kiranico-mhgu-charm-table-crosschecked-by-mhxx-save-editors
1,89,0,0,0,0,kiranico-mhgu-charm-table-crosschecked-by-mhxx-save-editors
1,90,1,6,0,0,kiranico-mhgu-charm-table-crosschecked-by-mhxx-save-editors
1,91,1,6,0,0,kiranico-mhgu-charm-table-crosschecked-by-mhxx-save-editors
1,92,0,0,0,0,kiranico-mhgu-charm-table-crosschecked-by-mhxx-save-editors
1,93,1,6,0,0,kiranico-mhgu-charm-table-crosschecked-by-mhxx-save-editors
1,94,0,0,0,0,kiranico-mhgu-charm-table-crosschecked-by-mhxx-save-editors
1,95,0,0,0,0,kiranico-mhgu-charm-table-crosschecked-by-mhxx-save-editors
1,96,0,0,0,0,kiranico-mhgu-charm-table-crosschecked-by-mhxx-save-editors
1,97,0,0,0,0,kiranico-mhgu-charm-table-crosschecked-by-mhxx-save-editors
1,98,0,0,0,0,kiranico-mhgu-charm-table-crosschecked-by-mhxx-save-editors
1,99,0,0,0,0,kiranico-mhgu-charm-table-crosschecked-by-mhxx-save-editors
1,100,1,4,0,0,kiranico-mhgu-charm-table-crosschecked-by-mhxx-save-editors
1,101,0,0,0,0,kiranico-mhgu-charm-table-crosschecked-by-mhxx-save-editors
1,102,0,0,0,0,kiranico-mhgu-charm-table-crosschecked-by-mhxx-save-editors
1,103,0,0,0,0,kiranico-mhgu-charm-table-crosschecked-by-mhxx-save-editors
1,104,1,8,0,0,kiranico-mhgu-charm-table-crosschecked-by-mhxx-save-editors
1,105,1,3,0,0,kiranico-mhgu-charm-table-crosschecked-by-mhxx-save-editors
1,106,1,3,0,0,kiranico-mhgu-charm-table-crosschecked-by-mhxx-save-editors
1,107,1,10,0,0,kiranico-mhgu-charm-table-crosschecked-by-mhxx-save-editors
1,108,0,0,0,0,kiranico-mhgu-charm-table-crosschecked-by-mhxx-save-editors
1,109,0,0,0,0,kiranico-mhgu-charm-table-crosschecked-by-mhxx-save-editors
1,110,0,0,0,0,kiranico-mhgu-charm-table-crosschecked-by-mhxx-save-editors
1,111,0,0,0,0,kiranico-mhgu-charm-table-crosschecked-by-mhxx-save-editors
1,112,1,8,0,0,kiranico-mhgu-charm-table-crosschecked-by-mhxx-save-editors
1,113,1,8,0,0,kiranico-mhgu-charm-table-crosschecked-by-mhxx-save-editors
1,114,1,8,0,0,kiranico-mhgu-charm-table-crosschecked-by-mhxx-save-editors
1,115,1,8,0,0,kiranico-mhgu-charm-table-crosschecked-by-mhxx-save-editors
1,116,0,0,0,0,kiranico-mhgu-charm-table-crosschecked-by-mhxx-save-editors
1,117,0,0,0,0,kiranico-mhgu-charm-table-crosschecked-by-mhxx-save-editors
1,118,0,0,0,0,kiranico-mhgu-charm-table-crosschecked-by-mhxx-save-editors
1,119,0,0,0,0,kiranico-mhgu-charm-table-crosschecked-by-mhxx-save-editors
1,120,1,8,0,0,kiranico-mhgu-charm-table-crosschecked-by-mhxx-save-editors
1,121,1,8,0,0,kiranico-mhgu-charm-table-crosschecked-by-mhxx-save-editors
1,122,1,8,0,0,kiranico-mhgu-charm-table-crosschecked-by-mhxx-save-editors
1,123,1,10,0,0,kiranico-mhgu-charm-table-crosschecked-by-mhxx-save-editors
1,124,0,0,0,0,kiranico-mhgu-charm-table-crosschecked-by-mhxx-save-editors
1,125,0,0,0,0,kiranico-mhgu-charm-table-crosschecked-by-mhxx-save-editors
1,126,0,0,0,0,kiranico-mhgu-charm-table-crosschecked-by-mhxx-save-editors
1,127,0,0,0,0,kiranico-mhgu-charm-table-crosschecked-by-mhxx-save-editors
1,128,1,8,0,0,kiranico-mhgu-charm-table-crosschecked-by-mhxx-save-editors
1,129,1,10,0,0,kiranico-mhgu-charm-table-crosschecked-by-mhxx-save-editors
1,130,1,8,0,0,kiranico-mhgu-charm-table-crosschecked-by-mhxx-save-editors
1,131,1,8,0,0,kiranico-mhgu-charm-table-crosschecked-by-mhxx-save-editors
1,132,1,10,0,0,kiranico-mhgu-charm-table-crosschecked-by-mhxx-save-editors
1,133,1,8,0,0,kiranico-mhgu-charm-table-crosschecked-by-mhxx-save-editors
1,134,0,0,0,0,kiranico-mhgu-charm-table-crosschecked-by-mhxx-save-editors
1,135,1,10,0,0,kiranico-mhgu-charm-table-crosschecked-by-mhxx-save-editors
1,136,0,0,0,0,kiranico-mhgu-charm-table-crosschecked-by-mhxx-save-editors
1,137,0,0,0,0,kiranico-mhgu-charm-table-crosschecked-by-mhxx-save-editors
1,138,0,0,0,0,kiranico-mhgu-charm-table-crosschecked-by-mhxx-save-editors
1,139,0,0,0,0,kiranico-mhgu-charm-table-crosschecked-by-mhxx-save-editors
1,140,0,0,0,0,kiranico-mhgu-charm-table-crosschecked-by-mhxx-save-editors
1,141,0,0,0,0,kiranico-mhgu-charm-table-crosschecked-by-mhxx-save-editors
1,142,0,0,0,0,kiranico-mhgu-charm-table-crosschecked-by-mhxx-save-editors
1,143,0,0,0,0,kiranico-mhgu-charm-table-crosschecked-by-mhxx-save-editors
1,144,0,0,0,0,kiranico-mhgu-charm-table-crosschecked-by-mhxx-save-editors
1,145,0,0,0,0,kiranico-mhgu-charm-table-crosschecked-by-mhxx-save-editors
1,146,0,0,0,0,kiranico-mhgu-charm-table-crosschecked-by-mhxx-save-editors
1,147,0,0,0,0,kiranico-mhgu-charm-table-crosschecked-by-mhxx-save-editors
1,148,0,0,0,0,kiranico-mhgu-charm-table-crosschecked-by-mhxx-save-editors
1,149,0,0,0,0,kiranico-mhgu-charm-table-crosschecked-by-mhxx-save-editors
1,150,0,0,0,0,kiranico-mhgu-charm-table-crosschecked-by-mhxx-save-editors
1,151,0,0,0,0,kiranico-mhgu-charm-table-crosschecked-by-mhxx-save-editors
1,152,0,0,0,0,kiranico-mhgu-charm-table-crosschecked-by-mhxx-save-editors
1,153,0,0,0,0,kiranico-mhgu-charm-table-crosschecked-by-mhxx-save-editors
1,154,0,0,0,0,kiranico-mhgu-charm-table-crosschecked-by-mhxx-save-editors
1,155,0,0,0,0,kiranico-mhgu-charm-table-crosschecked-by-mhxx-save-editors
1,156,0,0,0,0,kiranico-mhgu-charm-table-crosschecked-by-mhxx-save-editors
1,157,0,0,0,0,kiranico-mhgu-charm-table-crosschecked-by-mhxx-save-editors
1,158,0,0,0,0,kiranico-mhgu-charm-table-crosschecked-by-mhxx-save-editors
1,159,0,0,0,0,kiranico-mhgu-charm-table-crosschecked-by-mhxx-save-editors
1,160,0,0,0,0,kiranico-mhgu-charm-table-crosschecked-by-mhxx-save-editors
1,161,0,0,0,0,kiranico-mhgu-charm-table-crosschecked-by-mhxx-save-editors
1,162,0,0,0,0,kiranico-mhgu-charm-table-crosschecked-by-mhxx-save-editors
1,163,0,0,0,0,kiranico-mhgu-charm-table-crosschecked-by-mhxx-save-editors
1,164,0,0,0,0,kiranico-mhgu-charm-table-crosschecked-by-mhxx-save-editors
1,165,0,0,0,0,kiranico-mhgu-charm-table-crosschecked-by-mhxx-save-editors
1,166,0,0,0,0,kiranico-mhgu-charm-table-crosschecked-by-mhxx-save-editors
1,167,0,0,0,0,kiranico-mhgu-charm-table-crosschecked-by-mhxx-save-editors
1,168,0,0,0,0,kiranico-mhgu-charm-table-crosschecked-by-mhxx-save-editors
1,169,0,0,0,0,kiranico-mhgu-charm-table-crosschecked-by-mhxx-save-editors
1,170,0,0,0,0,kiranico-mhgu-charm-table-crosschecked-by-mhxx-save-editors
1,171,0,0,0,0,kiranico-mhgu-charm-table-crosschecked-by-mhxx-save-editors
1,172,0,0,0,0,kiranico-mhgu-charm-table-crosschecked-by-mhxx-save-editors
1,173,0,0,0,0,kiranico-mhgu-charm-table-crosschecked-by-mhxx-save-editors
1,174,0,0,0,0,kiranico-mhgu-charm-table-crosschecked-by-mhxx-save-editors
1,175,0,0,0,0,kiranico-mhgu-charm-table-crosschecked-by-mhxx-save-editors
1,176,0,0,0,0,kiranico-mhgu-charm-table-crosschecked-by-mhxx-save-editors
1,177,0,0,0,0,kiranico-mhgu-charm-table-crosschecked-by-mhxx-save-editors
1,178,0,0,0,0,kiranico-mhgu-charm-table-crosschecked-by-mhxx-save-editors
1,179,0,0,0,0,kiranico-mhgu-charm-table-crosschecked-by-mhxx-save-editors
1,180,0,0,0,0,kiranico-mhgu-charm-table-crosschecked-by-mhxx-save-editors
1,181,0,0,0,0,kiranico-mhgu-charm-table-crosschecked-by-mhxx-save-editors
1,182,0,0,0,0,kiranico-mhgu-charm-table-crosschecked-by-mhxx-save-editors
1,183,0,0,0,0,kiranico-mhgu-charm-table-crosschecked-by-mhxx-save-editors
1,184,0,0,0,0,kiranico-mhgu-charm-table-crosschecked-by-mhxx-save-editors
1,185,0,0,0,0,kiranico-mhgu-charm-table-crosschecked-by-mhxx-save-editors
1,186,0,0,0,0,kiranico-mhgu-charm-table-crosschecked-by-mhxx-save-editors
1,187,0,0,0,0,kiranico-mhgu-charm-table-crosschecked-by-mhxx-save-editors
1,188,0,0,0,0,kiranico-mhgu-charm-table-crosschecked-by-mhxx-save-editors
1,189,0,0,0,0,kiranico-mhgu-charm-table-crosschecked-by-mhxx-save-editors
1,190,0,0,0,0,kiranico-mhgu-charm-table-crosschecked-by-mhxx-save-editors
1,191,0,0,0,0,kiranico-mhgu-charm-table-crosschecked-by-mhxx-save-editors
1,192,0,0,0,0,kiranico-mhgu-charm-table-crosschecked-by-mhxx-save-editors
1,193,0,0,0,0,kiranico-mhgu-charm-table-crosschecked-by-mhxx-save-editors
1,194,0,0,0,0,kiranico-mhgu-charm-table-crosschecked-by-mhxx-save-editors
1,195,0,0,0,0,kiranico-mhgu-charm-table-crosschecked-by-mhxx-save-editors
1,196,0,0,0,0,kiranico-mhgu-charm-table-crosschecked-by-mhxx-save-editors
1,197,0,0,0,0,kiranico-mhgu-charm-table-crosschecked-by-mhxx-save-editors
1,198,0,0,0,0,kiranico-mhgu-charm-table-crosschecked-by-mhxx-save-editors
1,199,0,0,0,0,kiranico-mhgu-charm-table-crosschecked-by-mhxx-save-editors
1,200,0,0,0,0,kiranico-mhgu-charm-table-crosschecked-by-mhxx-save-editors
1,201,0,0,0,0,kiranico-mhgu-charm-table-crosschecked-by-mhxx-save-editors
1,202,0,0,0,0,kiranico-mhgu-charm-table-crosschecked-by-mhxx-save-editors
1,203,0,0,0,0,kiranico-mhgu-charm-table-crosschecked-by-mhxx-save-editors
1,204,0,0,0,0,kiranico-mhgu-charm-table-crosschecked-by-mhxx-save-editors
1,205,0,0,0,0,kiranico-mhgu-charm-table-crosschecked-by-mhxx-save-editors
2,0,0,0,0,0,kiranico-mhgu-charm-table-crosschecked-by-mhxx-save-editors
2,1,0,0,0,0,kiranico-mhgu-charm-table-crosschecked-by-mhxx-save-editors
2,2,1,5,0,0,kiranico-mhgu-charm-table-crosschecked-by-mhxx-save-editors
2,3,1,5,0,0,kiranico-mhgu-charm-table-crosschecked-by-mhxx-save-editors
2,4,1,5,0,0,kiranico-mhgu-charm-table-crosschecked-by-mhxx-save-editors
2,5,1,8,0,0,kiranico-mhgu-charm-table-crosschecked-by-mhxx-save-editors
2,6,0,0,0,0,kiranico-mhgu-charm-table-crosschecked-by-mhxx-save-editors
2,7,0,0,0,0,kiranico-mhgu-charm-table-crosschecked-by-mhxx-save-editors
2,8,1,7,0,0,kiranico-mhgu-charm-table-crosschecked-by-mhxx-save-editors
2,9,1,7,0,0,kiranico-mhgu-charm-table-crosschecked-by-mhxx-save-editors
2,10,1,10,0,0,kiranico-mhgu-charm-table-crosschecked-by-mhxx-save-editors
2,11,1,10,0,0,kiranico-mhgu-charm-table-crosschecked-by-mhxx-save-editors
2,12,0,0,0,0,kiranico-mhgu-charm-table-crosschecked-by-mhxx-save-editors
2,13,0,0,0,0,kiranico-mhgu-charm-table-crosschecked-by-mhxx-save-editors
2,14,1,10,0,0,kiranico-mhgu-charm-table-crosschecked-by-mhxx-save-editors
2,15,1,7,0,0,kiranico-mhgu-charm-table-crosschecked-by-mhxx-save-editors
2,16,1,3,0,0,kiranico-mhgu-charm-table-crosschecked-by-mhxx-save-editors
2,17,0,0,0,0,kiranico-mhgu-charm-table-crosschecked-by-mhxx-save-editors
2,18,1,5,0,0,kiranico-mhgu-charm-table-crosschecked-by-mhxx-save-editors
2,19,1,4,0,0,kiranico-mhgu-charm-table-crosschecked-by-mhxx-save-editors
2,20,1,4,0,0,kiranico-mhgu-charm-table-crosschecked-by-mhxx-save-editors
2,21,1,8,0,0,kiranico-mhgu-charm-table-crosschecked-by-mhxx-save-editors
2,22,1,6,0,0,kiranico-mhgu-charm-table-crosschecked-by-mhxx-save-editors
2,23,1,6,0,0,kiranico-mhgu-charm-table-crosschecked-by-mhxx-save-editors
2,24,1,6,0,0,kiranico-mhgu-charm-table-crosschecked-by-mhxx-save-editors
2,25,1,6,0,0,kiranico-mhgu-charm-table-crosschecked-by-mhxx-save-editors
2,26,1,6,0,0,kiranico-mhgu-charm-table-crosschecked-by-mhxx-save-editors
2,27,0,0,0,0,kiranico-mhgu-charm-table-crosschecked-by-mhxx-save-editors
2,28,0,0,0,0,kiranico-mhgu-charm-table-crosschecked-by-mhxx-save-editors
2,29,0,0,0,0,kiranico-mhgu-charm-table-crosschecked-by-mhxx-save-editors
2,30,0,0,0,0,kiranico-mhgu-charm-table-crosschecked-by-mhxx-save-editors
2,31,0,0,0,0,kiranico-mhgu-charm-table-crosschecked-by-mhxx-save-editors
2,32,0,0,0,0,kiranico-mhgu-charm-table-crosschecked-by-mhxx-save-editors
2,33,0,0,0,0,kiranico-mhgu-charm-table-crosschecked-by-mhxx-save-editors
2,34,0,0,0,0,kiranico-mhgu-charm-table-crosschecked-by-mhxx-save-editors
2,35,0,0,0,0,kiranico-mhgu-charm-table-crosschecked-by-mhxx-save-editors
2,36,0,0,0,0,kiranico-mhgu-charm-table-crosschecked-by-mhxx-save-editors
2,37,0,0,0,0,kiranico-mhgu-charm-table-crosschecked-by-mhxx-save-editors
2,38,0,0,0,0,kiranico-mhgu-charm-table-crosschecked-by-mhxx-save-editors
2,39,0,0,0,0,kiranico-mhgu-charm-table-crosschecked-by-mhxx-save-editors
2,40,0,0,0,0,kiranico-mhgu-charm-table-crosschecked-by-mhxx-save-editors
2,41,0,0,0,0,kiranico-mhgu-charm-table-crosschecked-by-mhxx-save-editors
2,42,0,0,0,0,kiranico-mhgu-charm-table-crosschecked-by-mhxx-save-editors
2,43,0,0,0,0,kiranico-mhgu-charm-table-crosschecked-by-mhxx-save-editors
2,44,0,0,0,0,kiranico-mhgu-charm-table-crosschecked-by-mhxx-save-editors
2,45,0,0,0,0,kiranico-mhgu-charm-table-crosschecked-by-mhxx-save-editors
2,46,0,0,0,0,kiranico-mhgu-charm-table-crosschecked-by-mhxx-save-editors
2,47,0,0,0,0,kiranico-mhgu-charm-table-crosschecked-by-mhxx-save-editors
2,48,1,6,0,0,kiranico-mhgu-charm-table-crosschecked-by-mhxx-save-editors
2,49,0,0,0,0,kiranico-mhgu-charm-table-crosschecked-by-mhxx-save-editors
2,50,0,0,0,0,kiranico-mhgu-charm-table-crosschecked-by-mhxx-save-editors
2,51,0,0,0,0,kiranico-mhgu-charm-table-crosschecked-by-mhxx-save-editors
2,52,0,0,0,0,kiranico-mhgu-charm-table-crosschecked-by-mhxx-save-editors
2,53,1,8,0,0,kiranico-mhgu-charm-table-crosschecked-by-mhxx-save-editors
2,54,1,8,0,0,kiranico-mhgu-charm-table-crosschecked-by-mhxx-save-editors
2,55,1,8,0,0,kiranico-mhgu-charm-table-crosschecked-by-mhxx-save-editors
2,56,1,8,0,0,kiranico-mhgu-charm-table-crosschecked-by-mhxx-save-editors
2,57,1,8,0,0,kiranico-mhgu-charm-table-crosschecked-by-mhxx-save-editors
2,58,1,8,0,0,kiranico-mhgu-charm-table-crosschecked-by-mhxx-save-editors
2,59,1,8,0,0,kiranico-mhgu-charm-table-crosschecked-by-mhxx-save-editors
2,60,1,8,0,0,kiranico-mhgu-charm-table-crosschecked-by-mhxx-save-editors
2,61,1,8,0,0,kiranico-mhgu-charm-table-crosschecked-by-mhxx-save-editors
2,62,1,8,0,0,kiranico-mhgu-charm-table-crosschecked-by-mhxx-save-editors
2,63,1,8,0,0,kiranico-mhgu-charm-table-crosschecked-by-mhxx-save-editors
2,64,1,8,0,0,kiranico-mhgu-charm-table-crosschecked-by-mhxx-save-editors
2,65,1,8,0,0,kiranico-mhgu-charm-table-crosschecked-by-mhxx-save-editors
2,66,0,0,0,0,kiranico-mhgu-charm-table-crosschecked-by-mhxx-save-editors
2,67,0,0,0,0,kiranico-mhgu-charm-table-crosschecked-by-mhxx-save-editors
2,68,0,0,0,0,kiranico-mhgu-charm-table-crosschecked-by-mhxx-save-editors
2,69,1,5,0,0,kiranico-mhgu-charm-table-crosschecked-by-mhxx-save-editors
2,70,0,0,0,0,kiranico-mhgu-charm-table-crosschecked-by-mhxx-save-editors
2,71,1,4,0,0,kiranico-mhgu-charm-table-crosschecked-by-mhxx-save-editors
2,72,0,0,0,0,kiranico-mhgu-charm-table-crosschecked-by-mhxx-save-editors
2,73,0,0,0,0,kiranico-mhgu-charm-table-crosschecked-by-mhxx-save-editors
2,74,0,0,0,0,kiranico-mhgu-charm-table-crosschecked-by-mhxx-save-editors
2,75,0,0,0,0,kiranico-mhgu-charm-table-crosschecked-by-mhxx-save-editors
2,76,0,0,0,0,kiranico-mhgu-charm-table-crosschecked-by-mhxx-save-editors
2,77,0,0,0,0,kiranico-mhgu-charm-table-crosschecked-by-mhxx-save-editors
2,78,0,0,0,0,kiranico-mhgu-charm-table-crosschecked-by-mhxx-save-editors
2,79,0,0,0,0,kiranico-mhgu-charm-table-crosschecked-by-mhxx-save-editors
2,80,0,0,0,0,kiranico-mhgu-charm-table-crosschecked-by-mhxx-save-editors
2,81,0,0,0,0,kiranico-mhgu-charm-table-crosschecked-by-mhxx-save-editors
2,82,0,0,0,0,kiranico-mhgu-charm-table-crosschecked-by-mhxx-save-editors
2,83,0,0,0,0,kiranico-mhgu-charm-table-crosschecked-by-mhxx-save-editors
2,84,0,0,0,0,kiranico-mhgu-charm-table-crosschecked-by-mhxx-save-editors
2,85,0,0,0,0,kiranico-mhgu-charm-table-crosschecked-by-mhxx-save-editors
2,86,0,0,0,0,kiranico-mhgu-charm-table-crosschecked-by-mhxx-save-editors
2,87,0,0,0,0,kiranico-mhgu-charm-table-crosschecked-by-mhxx-save-editors
2,88,0,0,0,0,kiranico-mhgu-charm-table-crosschecked-by-mhxx-save-editors
2,89,0,0,0,0,kiranico-mhgu-charm-table-crosschecked-by-mhxx-save-editors
2,90,1,6,0,0,kiranico-mhgu-charm-table-crosschecked-by-mhxx-save-editors
2,91,1,6,0,0,kiranico-mhgu-charm-table-crosschecked-by-mhxx-save-editors
2,92,0,0,0,0,kiranico-mhgu-charm-table-crosschecked-by-mhxx-save-editors
2,93,1,6,0,0,kiranico-mhgu-charm-table-crosschecked-by-mhxx-save-editors
2,94,0,0,0,0,kiranico-mhgu-charm-table-crosschecked-by-mhxx-save-editors
2,95,0,0,0,0,kiranico-mhgu-charm-table-crosschecked-by-mhxx-save-editors
2,96,0,0,0,0,kiranico-mhgu-charm-table-crosschecked-by-mhxx-save-editors
2,97,0,0,0,0,kiranico-mhgu-charm-table-crosschecked-by-mhxx-save-editors
2,98,0,0,0,0,kiranico-mhgu-charm-table-crosschecked-by-mhxx-save-editors
2,99,0,0,0,0,kiranico-mhgu-charm-table-crosschecked-by-mhxx-save-editors
2,100,1,4,0,0,kiranico-mhgu-charm-table-crosschecked-by-mhxx-save-editors
2,101,0,0,0,0,kiranico-mhgu-charm-table-crosschecked-by-mhxx-save-editors
2,102,0,0,0,0,kiranico-mhgu-charm-table-crosschecked-by-mhxx-save-editors
2,103,0,0,0,0,kiranico-mhgu-charm-table-crosschecked-by-mhxx-save-editors
2,104,1,8,0,0,kiranico-mhgu-charm-table-crosschecked-by-mhxx-save-editors
2,105,1,3,0,0,kiranico-mhgu-charm-table-crosschecked-by-mhxx-save-editors
2,106,1,3,0,0,kiranico-mhgu-charm-table-crosschecked-by-mhxx-save-editors
2,107,1,10,0,0,kiranico-mhgu-charm-table-crosschecked-by-mhxx-save-editors
2,108,0,0,0,0,kiranico-mhgu-charm-table-crosschecked-by-mhxx-save-editors
2,109,0,0,0,0,kiranico-mhgu-charm-table-crosschecked-by-mhxx-save-editors
2,110,0,0,0,0,kiranico-mhgu-charm-table-crosschecked-by-mhxx-save-editors
2,111,0,0,0,0,kiranico-mhgu-charm-table-crosschecked-by-mhxx-save-editors
2,112,1,8,0,0,kiranico-mhgu-charm-table-crosschecked-by-mhxx-save-editors
2,113,1,8,0,0,kiranico-mhgu-charm-table-crosschecked-by-mhxx-save-editors
2,114,1,8,0,0,kiranico-mhgu-charm-table-crosschecked-by-mhxx-save-editors
2,115,1,8,0,0,kiranico-mhgu-charm-table-crosschecked-by-mhxx-save-editors
2,116,0,0,0,0,kiranico-mhgu-charm-table-crosschecked-by-mhxx-save-editors
2,117,0,0,0,0,kiranico-mhgu-charm-table-crosschecked-by-mhxx-save-editors
2,118,0,0,0,0,kiranico-mhgu-charm-table-crosschecked-by-mhxx-save-editors
2,119,0,0,0,0,kiranico-mhgu-charm-table-crosschecked-by-mhxx-save-editors
2,120,1,8,0,0,kiranico-mhgu-charm-table-crosschecked-by-mhxx-save-editors
2,121,1,8,0,0,kiranico-mhgu-charm-table-crosschecked-by-mhxx-save-editors
2,122,1,8,0,0,kiranico-mhgu-charm-table-crosschecked-by-mhxx-save-editors
2,123,1,10,0,0,kiranico-mhgu-charm-table-crosschecked-by-mhxx-save-editors
2,124,0,0,0,0,kiranico-mhgu-charm-table-crosschecked-by-mhxx-save-editors
2,125,0,0,0,0,kiranico-mhgu-charm-table-crosschecked-by-mhxx-save-editors
2,126,0,0,0,0,kiranico-mhgu-charm-table-crosschecked-by-mhxx-save-editors
2,127,0,0,0,0,kiranico-mhgu-charm-table-crosschecked-by-mhxx-save-editors
2,128,1,8,0,0,kiranico-mhgu-charm-table-crosschecked-by-mhxx-save-editors
2,129,1,10,0,0,kiranico-mhgu-charm-table-crosschecked-by-mhxx-save-editors
2,130,1,8,0,0,kiranico-mhgu-charm-table-crosschecked-by-mhxx-save-editors
2,131,1,8,0,0,kiranico-mhgu-charm-table-crosschecked-by-mhxx-save-editors
2,132,1,10,0,0,kiranico-mhgu-charm-table-crosschecked-by-mhxx-save-editors
2,133,1,8,0,0,kiranico-mhgu-charm-table-crosschecked-by-mhxx-save-editors
2,134,0,0,0,0,kiranico-mhgu-charm-table-crosschecked-by-mhxx-save-editors
2,135,1,10,0,0,kiranico-mhgu-charm-table-crosschecked-by-mhxx-save-editors
2,136,0,0,0,0,kiranico-mhgu-charm-table-crosschecked-by-mhxx-save-editors
2,137,0,0,0,0,kiranico-mhgu-charm-table-crosschecked-by-mhxx-save-editors
2,138,0,0,0,0,kiranico-mhgu-charm-table-crosschecked-by-mhxx-save-editors
2,139,0,0,0,0,kiranico-mhgu-charm-table-crosschecked-by-mhxx-save-editors
2,140,0,0,0,0,kiranico-mhgu-charm-table-crosschecked-by-mhxx-save-editors
2,141,0,0,0,0,kiranico-mhgu-charm-table-crosschecked-by-mhxx-save-editors
2,142,0,0,0,0,kiranico-mhgu-charm-table-crosschecked-by-mhxx-save-editors
2,143,0,0,0,0,kiranico-mhgu-charm-table-crosschecked-by-mhxx-save-editors
2,144,0,0,0,0,kiranico-mhgu-charm-table-crosschecked-by-mhxx-save-editors
2,145,0,0,0,0,kiranico-mhgu-charm-table-crosschecked-by-mhxx-save-editors
2,146,0,0,0,0,kiranico-mhgu-charm-table-crosschecked-by-mhxx-save-editors
2,147,0,0,0,0,kiranico-mhgu-charm-table-crosschecked-by-mhxx-save-editors
2,148,0,0,0,0,kiranico-mhgu-charm-table-crosschecked-by-mhxx-save-editors
2,149,0,0,0,0,kiranico-mhgu-charm-table-crosschecked-by-mhxx-save-editors
2,150,0,0,0,0,kiranico-mhgu-charm-table-crosschecked-by-mhxx-save-editors
2,151,0,0,0,0,kiranico-mhgu-charm-table-crosschecked-by-mhxx-save-editors
2,152,0,0,0,0,kiranico-mhgu-charm-table-crosschecked-by-mhxx-save-editors
2,153,0,0,0,0,kiranico-mhgu-charm-table-crosschecked-by-mhxx-save-editors
2,154,0,0,0,0,kiranico-mhgu-charm-table-crosschecked-by-mhxx-save-editors
2,155,0,0,0,0,kiranico-mhgu-charm-table-crosschecked-by-mhxx-save-editors
2,156,0,0,0,0,kiranico-mhgu-charm-table-crosschecked-by-mhxx-save-editors
2,157,0,0,0,0,kiranico-mhgu-charm-table-crosschecked-by-mhxx-save-editors
2,158,0,0,0,0,kiranico-mhgu-charm-table-crosschecked-by-mhxx-save-editors
2,159,0,0,0,0,kiranico-mhgu-charm-table-crosschecked-by-mhxx-save-editors
2,160,0,0,0,0,kiranico-mhgu-charm-table-crosschecked-by-mhxx-save-editors
2,161,0,0,0,0,kiranico-mhgu-charm-table-crosschecked-by-mhxx-save-editors
2,162,0,0,0,0,kiranico-mhgu-charm-table-crosschecked-by-mhxx-save-editors
2,163,0,0,0,0,kiranico-mhgu-charm-table-crosschecked-by-mhxx-save-editors
2,164,0,0,0,0,kiranico-mhgu-charm-table-crosschecked-by-mhxx-save-editors
2,165,0,0,0,0,kiranico-mhgu-charm-table-crosschecked-by-mhxx-save-editors
2,166,0,0,0,0,kiranico-mhgu-charm-table-crosschecked-by-mhxx-save-editors
2,167,0,0,0,0,kiranico-mhgu-charm-table-crosschecked-by-mhxx-save-editors
2,168,0,0,0,0,kiranico-mhgu-charm-table-crosschecked-by-mhxx-save-editors
2,169,0,0,0,0,kiranico-mhgu-charm-table-crosschecked-by-mhxx-save-editors
2,170,0,0,0,0,kiranico-mhgu-charm-table-crosschecked-by-mhxx-save-editors
2,171,0,0,0,0,kiranico-mhgu-charm-table-crosschecked-by-mhxx-save-editors
2,172,0,0,0,0,kiranico-mhgu-charm-table-crosschecked-by-mhxx-save-editors
2,173,0,0,0,0,kiranico-mhgu-charm-table-crosschecked-by-mhxx-save-editors
2,174,0,0,0,0,kiranico-mhgu-charm-table-crosschecked-by-mhxx-save-editors
2,175,0,0,0,0,kiranico-mhgu-charm-table-crosschecked-by-mhxx-save-editors
2,176,0,0,0,0,kiranico-mhgu-charm-table-crosschecked-by-mhxx-save-editors
2,177,0,0,0,0,kiranico-mhgu-charm-table-crosschecked-by-mhxx-save-editors
2,178,0,0,0,0,kiranico-mhgu-charm-table-crosschecked-by-mhxx-save-editors
2,179,0,0,0,0,kiranico-mhgu-charm-table-crosschecked-by-mhxx-save-editors
2,180,0,0,0,0,kiranico-mhgu-charm-table-crosschecked-by-mhxx-save-editors
2,181,0,0,0,0,kiranico-mhgu-charm-table-crosschecked-by-mhxx-save-editors
2,182,0,0,0,0,kiranico-mhgu-charm-table-crosschecked-by-mhxx-save-editors
2,183,0,0,0,0,kiranico-mhgu-charm-table-crosschecked-by-mhxx-save-editors
2,184,0,0,0,0,kiranico-mhgu-charm-table-crosschecked-by-mhxx-save-editors
2,185,0,0,0,0,kiranico-mhgu-charm-table-crosschecked-by-mhxx-save-editors
2,186,0,0,0,0,kiranico-mhgu-charm-table-crosschecked-by-mhxx-save-editors
2,187,0,0,0,0,kiranico-mhgu-charm-table-crosschecked-by-mhxx-save-editors
2,188,0,0,0,0,kiranico-mhgu-charm-table-crosschecked-by-mhxx-save-editors
2,189,0,0,0,0,kiranico-mhgu-charm-table-crosschecked-by-mhxx-save-editors
2,190,0,0,0,0,kiranico-mhgu-charm-table-crosschecked-by-mhxx-save-editors
2,191,0,0,0,0,kiranico-mhgu-charm-table-crosschecked-by-mhxx-save-editors
2,192,0,0,0,0,kiranico-mhgu-charm-table-crosschecked-by-mhxx-save-editors
2,193,0,0,0,0,kiranico-mhgu-charm-table-crosschecked-by-mhxx-save-editors
2,194,0,0,0,0,kiranico-mhgu-charm-table-crosschecked-by-mhxx-save-editors
2,195,0,0,0,0,kiranico-mhgu-charm-table-crosschecked-by-mhxx-save-editors
2,196,0,0,0,0,kiranico-mhgu-charm-table-crosschecked-by-mhxx-save-editors
2,197,0,0,0,0,kiranico-mhgu-charm-table-crosschecked-by-mhxx-save-editors
2,198,0,0,0,0,kiranico-mhgu-charm-table-crosschecked-by-mhxx-save-editors
2,199,0,0,0,0,kiranico-mhgu-charm-table-crosschecked-by-mhxx-save-editors
2,200,0,0,0,0,kiranico-mhgu-charm-table-crosschecked-by-mhxx-save-editors
2,201,0,0,0,0,kiranico-mhgu-charm-table-crosschecked-by-mhxx-save-editors
2,202,0,0,0,0,kiranico-mhgu-charm-table-crosschecked-by-mhxx-save-editors
2,203,0,0,0,0,kiranico-mhgu-charm-table-crosschecked-by-mhxx-save-editors
2,204,0,0,0,0,kiranico-mhgu-charm-table-crosschecked-by-mhxx-save-editors
2,205,0,0,0,0,kiranico-mhgu-charm-table-crosschecked-by-mhxx-save-editors
3,0,0,0,0,0,kiranico-mhgu-charm-table-crosschecked-by-mhxx-save-editors
3,1,0,0,0,0,kiranico-mhgu-charm-table-crosschecked-by-mhxx-save-editors
3,2,1,5,-10,7,kiranico-mhgu-charm-table-crosschecked-by-mhxx-save-editors
3,3,1,5,-10,7,kiranico-mhgu-charm-table-crosschecked-by-mhxx-save-editors
3,4,1,5,-10,7,kiranico-mhgu-charm-table-crosschecked-by-mhxx-save-editors
3,5,1,8,-10,10,kiranico-mhgu-charm-table-crosschecked-by-mhxx-save-editors
3,6,0,0,0,0,kiranico-mhgu-charm-table-crosschecked-by-mhxx-save-editors
3,7,1,4,0,0,kiranico-mhgu-charm-table-crosschecked-by-mhxx-save-editors
3,8,1,7,-10,8,kiranico-mhgu-charm-table-crosschecked-by-mhxx-save-editors
3,9,1,7,-10,8,kiranico-mhgu-charm-table-crosschecked-by-mhxx-save-editors
3,10,0,0,-10,10,kiranico-mhgu-charm-table-crosschecked-by-mhxx-save-editors
3,11,0,0,-10,10,kiranico-mhgu-charm-table-crosschecked-by-mhxx-save-editors
3,12,0,0,0,0,kiranico-mhgu-charm-table-crosschecked-by-mhxx-save-editors
3,13,0,0,0,0,kiranico-mhgu-charm-table-crosschecked-by-mhxx-save-editors
3,14,0,0,-10,10,kiranico-mhgu-charm-table-crosschecked-by-mhxx-save-editors
3,15,1,7,-10,8,kiranico-mhgu-charm-table-crosschecked-by-mhxx-save-editors
3,16,0,0,-5,5,kiranico-mhgu-charm-table-crosschecked-by-mhxx-save-editors
3,17,0,0,-5,5,kiranico-mhgu-charm-table-crosschecked-by-mhxx-save-editors
3,18,0,0,-10,10,kiranico-mhgu-charm-table-crosschecked-by-mhxx-save-editors
3,19,1,4,-7,7,kiranico-mhgu-charm-table-crosschecked-by-mhxx-save-editors
3,20,1,4,-7,7,kiranico-mhgu-charm-table-crosschecked-by-mhxx-save-editors
3,21,1,8,-10,10,kiranico-mhgu-charm-table-crosschecked-by-mhxx-save-editors
3,22,1,6,-10,10,kiranico-mhgu-charm-table-crosschecked-by-mhxx-save-editors
3,23,1,6,-10,10,kiranico-mhgu-charm-table-crosschecked-by-mhxx-save-editors
3,24,1,6,-10,10,kiranico-mhgu-charm-table-crosschecked-by-mhxx-save-editors
3,25,1,6,-10,10,kiranico-mhgu-charm-table-crosschecked-by-mhxx-save-editors
3,26,1,6,-10,10,kiranico-mhgu-charm-table-crosschecked-by-mhxx-save-editors
3,27,0,0,0,0,kiranico-mhgu-charm-table-crosschecked-by-mhxx-save-editors
3,28,1,7,0,0,kiranico-mhgu-charm-table-crosschecked-by-mhxx-save-editors
3,29,1,7,0,0,kiranico-mhgu-charm-table-crosschecked-by-mhxx-save-editors
3,30,1,7,0,0,kiranico-mhgu-charm-table-crosschecked-by-mhxx-save-editors
3,31,1,7,0,0,kiranico-mhgu-charm-table-crosschecked-by-mhxx-save-editors
3,32,1,7,0,0,kiranico-mhgu-charm-table-crosschecked-by-mhxx-save-editors
3,33,0,0,0,0,kiranico-mhgu-charm-table-crosschecked-by-mhxx-save-editors
3,34,1,4,-4,4,kiranico-mhgu-charm-table-crosschecked-by-mhxx-save-editors
3,35,1,4,0,0,kiranico-mhgu-charm-table-crosschecked-by-mhxx-save-editors
3,36,0,0,0,0,kiranico-mhgu-charm-table-crosschecked-by-mhxx-save-editors
3,37,0,0,0,0,kiranico-mhgu-charm-table-crosschecked-by-mhxx-save-editors
3,38,0,0,0,0,kiranico-mhgu-charm-table-crosschecked-by-mhxx-save-editors
3,39,0,0,0,0,kiranico-mhgu-charm-table-crosschecked-by-mhxx-save-editors
3,40,1,4,0,0,kiranico-mhgu-charm-table-crosschecked-by-mhxx-save-editors
3,41,0,0,0,0,kiranico-mhgu-charm-table-crosschecked-by-mhxx-save-editors
3,42,0,0,-5,5,kiranico-mhgu-charm-table-crosschecked-by-mhxx-save-editors
3,43,1,6,0,0,kiranico-mhgu-charm-table-crosschecked-by-mhxx-save-editors
3,44,0,0,0,0,kiranico-mhgu-charm-table-crosschecked-by-mhxx-save-editors
3,45,0,0,0,0,kiranico-mhgu-charm-table-crosschecked-by-mhxx-save-editors
3,46,1,4,0,0,kiranico-mhgu-charm-table-crosschecked-by-mhxx-save-editors
3,47,0,0,0,0,kiranico-mhgu-charm-table-crosschecked-by-mhxx-save-editors
3,48,1,6,-10,10,kiranico-mhgu-charm-table-crosschecked-by-mhxx-save-editors
3,49,0,0,0,0,kiranico-mhgu-charm-table-crosschecked-by-mhxx-save-editors
3,50,0,0,0,0,kiranico-mhgu-charm-table-crosschecked-by-mhxx-save-editors
3,51,0,0,0,0,kiranico-mhgu-charm-table-crosschecked-by-mhxx-save-editors
3,52,0,0,0,0,kiranico-mhgu-charm-table-crosschecked-by-mhxx-save-editors
3,53,1,6,-8,8,kiranico-mhgu-charm-table-crosschecked-by-mhxx-save-editors
3,54,1,10,-10,10,kiranico-mhgu-charm-table-crosschecked-by-mhxx-save-editors
3,55,1,10,-10,10,kiranico-mhgu-charm-table-crosschecked-by-mhxx-save-editors
3,56,1,10,-10,10,kiranico-mhgu-charm-table-crosschecked-by-mhxx-save-editors
3,57,1,10,-10,10,kiranico-mhgu-charm-table-crosschecked-by-mhxx-save-editors
3,58,0,0,-10,10,kiranico-mhgu-charm-table-crosschecked-by-mhxx-save-editors
3,59,0,0,-10,10,kiranico-mhgu-charm-table-crosschecked-by-mhxx-save-editors
3,60,0,0,-10,10,kiranico-mhgu-charm-table-crosschecked-by-mhxx-save-editors
3,61,0,0,-10,12,kiranico-mhgu-charm-table-crosschecked-by-mhxx-save-editors
3,62,0,0,-10,12,kiranico-mhgu-charm-table-crosschecked-by-mhxx-save-editors
3,63,0,0,-10,10,kiranico-mhgu-charm-table-crosschecked-by-mhxx-save-editors
3,64,1,10,-10,10,kiranico-mhgu-charm-table-crosschecked-by-mhxx-save-editors
3,65,1,10,-10,10,kiranico-mhgu-charm-table-crosschecked-by-mhxx-save-editors
3,66,0,0,0,0,kiranico-mhgu-charm-table-crosschecked-by-mhxx-save-editors
3,67,0,0,-3,3,kiranico-mhgu-charm-table-crosschecked-by-mhxx-save-editors
3,68,0,0,0,0,kiranico-mhgu-charm-table-crosschecked-by-mhxx-save-editors
3,69,0,0,-10,10,kiranico-mhgu-charm-table-crosschecked-by-mhxx-save-editors
3,70,1,3,-5,5,kiranico-mhgu-charm-table-crosschecked-by-mhxx-save-editors
3,71,1,4,-7,7,kiranico-mhgu-charm-table-crosschecked-by-mhxx-save-editors
3,72,0,0,0,0,kiranico-mhgu-charm-table-crosschecked-by-mhxx-save-editors
3,73,0,0,0,0,kiranico-mhgu-charm-table-crosschecked-by-mhxx-save-editors
3,74,1,3,-5,5,kiranico-mhgu-charm-table-crosschecked-by-mhxx-save-editors
3,75,1,3,-5,5,kiranico-mhgu-charm-table-crosschecked-by-mhxx-save-editors
3,76,0,0,0,0,kiranico-mhgu-charm-table-crosschecked-by-mhxx-save-editors
3,77,0,0,0,0,kiranico-mhgu-charm-table-crosschecked-by-mhxx-save-editors
3,78,0,0,0,0,kiranico-mhgu-charm-table-crosschecked-by-mhxx-save-editors
3,79,0,0,0,0,kiranico-mhgu-charm-table-crosschecked-by-mhxx-save-editors
3,80,1,6,0,0,kiranico-mhgu-charm-table-crosschecked-by-mhxx-save-editors
3,81,1,6,0,0,kiranico-mhgu-charm-table-crosschecked-by-mhxx-save-editors
3,82,0,0,0,0,kiranico-mhgu-charm-table-crosschecked-by-mhxx-save-editors
3,83,1,6,0,0,kiranico-mhgu-charm-table-crosschecked-by-mhxx-save-editors
3,84,0,0,0,0,kiranico-mhgu-charm-table-crosschecked-by-mhxx-save-editors
3,85,0,0,0,0,kiranico-mhgu-charm-table-crosschecked-by-mhxx-save-editors
3,86,1,6,0,0,kiranico-mhgu-charm-table-crosschecked-by-mhxx-save-editors
3,87,1,4,0,0,kiranico-mhgu-charm-table-crosschecked-by-mhxx-save-editors
3,88,1,6,0,0,kiranico-mhgu-charm-table-crosschecked-by-mhxx-save-editors
3,89,1,6,0,0,kiranico-mhgu-charm-table-crosschecked-by-mhxx-save-editors
3,90,1,6,-8,8,kiranico-mhgu-charm-table-crosschecked-by-mhxx-save-editors
3,91,1,6,-8,8,kiranico-mhgu-charm-table-crosschecked-by-mhxx-save-editors
3,92,0,0,0,0,kiranico-mhgu-charm-table-crosschecked-by-mhxx-save-editors
3,93,1,6,-8,8,kiranico-mhgu-charm-table-crosschecked-by-mhxx-save-editors
3,94,0,0,0,0,kiranico-mhgu-charm-table-crosschecked-by-mhxx-save-editors
3,95,0,0,0,0,kiranico-mhgu-charm-table-crosschecked-by-mhxx-save-editors
3,96,0,0,0,0,kiranico-mhgu-charm-table-crosschecked-by-mhxx-save-editors
3,97,0,0,0,0,kiranico-mhgu-charm-table-crosschecked-by-mhxx-save-editors
3,98,0,0,0,0,kiranico-mhgu-charm-table-crosschecked-by-mhxx-save-editors
3,99,1,6,0,0,kiranico-mhgu-charm-table-crosschecked-by-mhxx-save-editors
3,100,1,5,-5,5,kiranico-mhgu-charm-table-crosschecked-by-mhxx-save-editors
3,101,1,3,-5,5,kiranico-mhgu-charm-table-crosschecked-by-mhxx-save-editors
3,102,1,3,-5,5,kiranico-mhgu-charm-table-crosschecked-by-mhxx-save-editors
3,103,0,0,0,0,kiranico-mhgu-charm-table-crosschecked-by-mhxx-save-editors
3,104,0,0,-10,10,kiranico-mhgu-charm-table-crosschecked-by-mhxx-save-editors
3,105,1,5,-7,7,kiranico-mhgu-charm-table-crosschecked-by-mhxx-save-editors
3,106,1,5,-7,7,kiranico-mhgu-charm-table-crosschecked-by-mhxx-save-editors
3,107,0,0,-8,8,kiranico-mhgu-charm-table-crosschecked-by-mhxx-save-editors
3,108,1,3,-5,5,kiranico-mhgu-charm-table-crosschecked-by-mhxx-save-editors
3,109,0,0,0,0,kiranico-mhgu-charm-table-crosschecked-by-mhxx-save-editors
3,110,1,3,-5,5,kiranico-mhgu-charm-table-crosschecked-by-mhxx-save-editors
3,111,1,6,0,0,kiranico-mhgu-charm-table-crosschecked-by-mhxx-save-editors
3,112,1,8,-10,10,kiranico-mhgu-charm-table-crosschecked-by-mhxx-save-editors
3,113,0,0,-10,10,kiranico-mhgu-charm-table-crosschecked-by-mhxx-save-editors
3,114,0,0,-10,10,kiranico-mhgu-charm-table-crosschecked-by-mhxx-save-editors
3,115,1,8,-10,10,kiranico-mhgu-charm-table-crosschecked-by-mhxx-save-editors
3,116,1,7,0,0,kiranico-mhgu-charm-table-crosschecked-by-mhxx-save-editors
3,117,0,0,0,0,kiranico-mhgu-charm-table-crosschecked-by-mhxx-save-editors
3,118,1,6,0,0,kiranico-mhgu-charm-table-crosschecked-by-mhxx-save-editors
3,119,1,7,-4,4,kiranico-mhgu-charm-table-crosschecked-by-mhxx-save-editors
3,120,0,0,-10,10,kiranico-mhgu-charm-table-crosschecked-by-mhxx-save-editors
3,121,1,8,-10,10,kiranico-mhgu-charm-table-crosschecked-by-mhxx-save-editors
3,122,1,8,-10,10,kiranico-mhgu-charm-table-crosschecked-by-mhxx-save-editors
3,123,0,0,-10,13,kiranico-mhgu-charm-table-crosschecked-by-mhxx-save-editors
3,124,1,4,0,0,kiranico-mhgu-charm-table-crosschecked-by-mhxx-save-editors
3,125,1,3,-5,5,kiranico-mhgu-charm-table-crosschecked-by-mhxx-save-editors
3,126,1,3,-5,5,kiranico-mhgu-charm-table-crosschecked-by-mhxx-save-editors
3,127,0,0,0,0,kiranico-mhgu-charm-table-crosschecked-by-mhxx-save-editors
3,128,1,8,-10,10,kiranico-mhgu-charm-table-crosschecked-by-mhxx-save-editors
3,129,0,0,-10,13,kiranico-mhgu-charm-table-crosschecked-by-mhxx-save-editors
3,130,0,0,-10,10,kiranico-mhgu-charm-table-crosschecked-by-mhxx-save-editors
3,131,1,8,-10,10,kiranico-mhgu-charm-table-crosschecked-by-mhxx-save-editors
3,132,0,0,-10,13,kiranico-mhgu-charm-table-crosschecked-by-mhxx-save-editors
3,133,1,8,-10,10,kiranico-mhgu-charm-table-crosschecked-by-mhxx-save-editors
3,134,1,3,-5,5,kiranico-mhgu-charm-table-crosschecked-by-mhxx-save-editors
3,135,0,0,-10,13,kiranico-mhgu-charm-table-crosschecked-by-mhxx-save-editors
3,136,0,0,0,0,kiranico-mhgu-charm-table-crosschecked-by-mhxx-save-editors
3,137,0,0,0,0,kiranico-mhgu-charm-table-crosschecked-by-mhxx-save-editors
3,138,0,0,0,0,kiranico-mhgu-charm-table-crosschecked-by-mhxx-save-editors
3,139,0,0,0,0,kiranico-mhgu-charm-table-crosschecked-by-mhxx-save-editors
3,140,0,0,0,0,kiranico-mhgu-charm-table-crosschecked-by-mhxx-save-editors
3,141,0,0,0,0,kiranico-mhgu-charm-table-crosschecked-by-mhxx-save-editors
3,142,0,0,0,0,kiranico-mhgu-charm-table-crosschecked-by-mhxx-save-editors
3,143,0,0,0,0,kiranico-mhgu-charm-table-crosschecked-by-mhxx-save-editors
3,144,0,0,0,0,kiranico-mhgu-charm-table-crosschecked-by-mhxx-save-editors
3,145,0,0,0,0,kiranico-mhgu-charm-table-crosschecked-by-mhxx-save-editors
3,146,0,0,0,0,kiranico-mhgu-charm-table-crosschecked-by-mhxx-save-editors
3,147,0,0,0,0,kiranico-mhgu-charm-table-crosschecked-by-mhxx-save-editors
3,148,0,0,0,0,kiranico-mhgu-charm-table-crosschecked-by-mhxx-save-editors
3,149,0,0,0,0,kiranico-mhgu-charm-table-crosschecked-by-mhxx-save-editors
3,150,0,0,0,0,kiranico-mhgu-charm-table-crosschecked-by-mhxx-save-editors
3,151,0,0,0,0,kiranico-mhgu-charm-table-crosschecked-by-mhxx-save-editors
3,152,0,0,0,0,kiranico-mhgu-charm-table-crosschecked-by-mhxx-save-editors
3,153,0,0,0,0,kiranico-mhgu-charm-table-crosschecked-by-mhxx-save-editors
3,154,0,0,0,0,kiranico-mhgu-charm-table-crosschecked-by-mhxx-save-editors
3,155,0,0,0,0,kiranico-mhgu-charm-table-crosschecked-by-mhxx-save-editors
3,156,0,0,0,0,kiranico-mhgu-charm-table-crosschecked-by-mhxx-save-editors
3,157,0,0,0,0,kiranico-mhgu-charm-table-crosschecked-by-mhxx-save-editors
3,158,0,0,0,0,kiranico-mhgu-charm-table-crosschecked-by-mhxx-save-editors
3,159,0,0,0,0,kiranico-mhgu-charm-table-crosschecked-by-mhxx-save-editors
3,160,0,0,0,0,kiranico-mhgu-charm-table-crosschecked-by-mhxx-save-editors
3,161,0,0,0,0,kiranico-mhgu-charm-table-crosschecked-by-mhxx-save-editors
3,162,0,0,0,0,kiranico-mhgu-charm-table-crosschecked-by-mhxx-save-editors
3,163,0,0,0,0,kiranico-mhgu-charm-table-crosschecked-by-mhxx-save-editors
3,164,0,0,0,0,kiranico-mhgu-charm-table-crosschecked-by-mhxx-save-editors
3,165,0,0,0,0,kiranico-mhgu-charm-table-crosschecked-by-mhxx-save-editors
3,166,0,0,0,0,kiranico-mhgu-charm-table-crosschecked-by-mhxx-save-editors
3,167,0,0,0,0,kiranico-mhgu-charm-table-crosschecked-by-mhxx-save-editors
3,168,0,0,0,0,kiranico-mhgu-charm-table-crosschecked-by-mhxx-save-editors
3,169,0,0,0,0,kiranico-mhgu-charm-table-crosschecked-by-mhxx-save-editors
3,170,0,0,0,0,kiranico-mhgu-charm-table-crosschecked-by-mhxx-save-editors
3,171,0,0,0,0,kiranico-mhgu-charm-table-crosschecked-by-mhxx-save-editors
3,172,0,0,0,0,kiranico-mhgu-charm-table-crosschecked-by-mhxx-save-editors
3,173,0,0,0,0,kiranico-mhgu-charm-table-crosschecked-by-mhxx-save-editors
3,174,0,0,0,0,kiranico-mhgu-charm-table-crosschecked-by-mhxx-save-editors
3,175,0,0,0,0,kiranico-mhgu-charm-table-crosschecked-by-mhxx-save-editors
3,176,0,0,0,0,kiranico-mhgu-charm-table-crosschecked-by-mhxx-save-editors
3,177,0,0,0,0,kiranico-mhgu-charm-table-crosschecked-by-mhxx-save-editors
3,178,0,0,0,0,kiranico-mhgu-charm-table-crosschecked-by-mhxx-save-editors
3,179,0,0,0,0,kiranico-mhgu-charm-table-crosschecked-by-mhxx-save-editors
3,180,0,0,0,0,kiranico-mhgu-charm-table-crosschecked-by-mhxx-save-editors
3,181,0,0,0,0,kiranico-mhgu-charm-table-crosschecked-by-mhxx-save-editors
3,182,0,0,0,0,kiranico-mhgu-charm-table-crosschecked-by-mhxx-save-editors
3,183,0,0,0,0,kiranico-mhgu-charm-table-crosschecked-by-mhxx-save-editors
3,184,0,0,0,0,kiranico-mhgu-charm-table-crosschecked-by-mhxx-save-editors
3,185,0,0,0,0,kiranico-mhgu-charm-table-crosschecked-by-mhxx-save-editors
3,186,0,0,0,0,kiranico-mhgu-charm-table-crosschecked-by-mhxx-save-editors
3,187,0,0,0,0,kiranico-mhgu-charm-table-crosschecked-by-mhxx-save-editors
3,188,0,0,0,0,kiranico-mhgu-charm-table-crosschecked-by-mhxx-save-editors
3,189,0,0,0,0,kiranico-mhgu-charm-table-crosschecked-by-mhxx-save-editors
3,190,0,0,0,0,kiranico-mhgu-charm-table-crosschecked-by-mhxx-save-editors
3,191,0,0,0,0,kiranico-mhgu-charm-table-crosschecked-by-mhxx-save-editors
3,192,0,0,0,0,kiranico-mhgu-charm-table-crosschecked-by-mhxx-save-editors
3,193,0,0,0,0,kiranico-mhgu-charm-table-crosschecked-by-mhxx-save-editors
3,194,0,0,0,0,kiranico-mhgu-charm-table-crosschecked-by-mhxx-save-editors
3,195,0,0,0,0,kiranico-mhgu-charm-table-crosschecked-by-mhxx-save-editors
3,196,0,0,0,0,kiranico-mhgu-charm-table-crosschecked-by-mhxx-save-editors
3,197,0,0,0,0,kiranico-mhgu-charm-table-crosschecked-by-mhxx-save-editors
3,198,0,0,0,0,kiranico-mhgu-charm-table-crosschecked-by-mhxx-save-editors
3,199,0,0,0,0,kiranico-mhgu-charm-table-crosschecked-by-mhxx-save-editors
3,200,0,0,0,0,kiranico-mhgu-charm-table-crosschecked-by-mhxx-save-editors
3,201,0,0,0,0,kiranico-mhgu-charm-table-crosschecked-by-mhxx-save-editors
3,202,0,0,0,0,kiranico-mhgu-charm-table-crosschecked-by-mhxx-save-editors
3,203,0,0,0,0,kiranico-mhgu-charm-table-crosschecked-by-mhxx-save-editors
3,204,0,0,0,0,kiranico-mhgu-charm-table-crosschecked-by-mhxx-save-editors
3,205,0,0,0,0,kiranico-mhgu-charm-table-crosschecked-by-mhxx-save-editors
4,0,0,0,0,0,kiranico-mhgu-charm-table-crosschecked-by-mhxx-save-editors
4,1,0,0,0,0,kiranico-mhgu-charm-table-crosschecked-by-mhxx-save-editors
4,2,1,5,-10,7,kiranico-mhgu-charm-table-crosschecked-by-mhxx-save-editors
4,3,1,5,-10,7,kiranico-mhgu-charm-table-crosschecked-by-mhxx-save-editors
4,4,1,5,-10,7,kiranico-mhgu-charm-table-crosschecked-by-mhxx-save-editors
4,5,1,8,-10,10,kiranico-mhgu-charm-table-crosschecked-by-mhxx-save-editors
4,6,0,0,0,0,kiranico-mhgu-charm-table-crosschecked-by-mhxx-save-editors
4,7,1,4,0,0,kiranico-mhgu-charm-table-crosschecked-by-mhxx-save-editors
4,8,1,7,-10,8,kiranico-mhgu-charm-table-crosschecked-by-mhxx-save-editors
4,9,1,7,-10,8,kiranico-mhgu-charm-table-crosschecked-by-mhxx-save-editors
4,10,0,0,-10,10,kiranico-mhgu-charm-table-crosschecked-by-mhxx-save-editors
4,11,0,0,-10,10,kiranico-mhgu-charm-table-crosschecked-by-mhxx-save-editors
4,12,0,0,0,0,kiranico-mhgu-charm-table-crosschecked-by-mhxx-save-editors
4,13,0,0,0,0,kiranico-mhgu-charm-table-crosschecked-by-mhxx-save-editors
4,14,0,0,-10,10,kiranico-mhgu-charm-table-crosschecked-by-mhxx-save-editors
4,15,1,7,-10,8,kiranico-mhgu-charm-table-crosschecked-by-mhxx-save-editors
4,16,0,0,-5,5,kiranico-mhgu-charm-table-crosschecked-by-mhxx-save-editors
4,17,0,0,-5,5,kiranico-mhgu-charm-table-crosschecked-by-mhxx-save-editors
4,18,0,0,-10,10,kiranico-mhgu-charm-table-crosschecked-by-mhxx-save-editors
4,19,1,4,-7,7,kiranico-mhgu-charm-table-crosschecked-by-mhxx-save-editors
4,20,1,4,-7,7,kiranico-mhgu-charm-table-crosschecked-by-mhxx-save-editors
4,21,1,8,-10,10,kiranico-mhgu-charm-table-crosschecked-by-mhxx-save-editors
4,22,1,6,-10,10,kiranico-mhgu-charm-table-crosschecked-by-mhxx-save-editors
4,23,1,6,-10,10,kiranico-mhgu-charm-table-crosschecked-by-mhxx-save-editors
4,24,1,6,-10,10,kiranico-mhgu-charm-table-crosschecked-by-mhxx-save-editors
4,25,1,6,-10,10,kiranico-mhgu-charm-table-crosschecked-by-mhxx-save-editors
4,26,1,6,-10,10,kiranico-mhgu-charm-table-crosschecked-by-mhxx-save-editors
4,27,0,0,0,0,kiranico-mhgu-charm-table-crosschecked-by-mhxx-save-editors
4,28,1,7,0,0,kiranico-mhgu-charm-table-crosschecked-by-mhxx-save-editors
4,29,1,7,0,0,kiranico-mhgu-charm-table-crosschecked-by-mhxx-save-editors
4,30,1,7,0,0,kiranico-mhgu-charm-table-crosschecked-by-mhxx-save-editors
4,31,1,7,0,0,kiranico-mhgu-charm-table-crosschecked-by-mhxx-save-editors
4,32,1,7,0,0,kiranico-mhgu-charm-table-crosschecked-by-mhxx-save-editors
4,33,0,0,0,0,kiranico-mhgu-charm-table-crosschecked-by-mhxx-save-editors
4,34,1,4,-4,4,kiranico-mhgu-charm-table-crosschecked-by-mhxx-save-editors
4,35,1,4,0,0,kiranico-mhgu-charm-table-crosschecked-by-mhxx-save-editors
4,36,0,0,0,0,kiranico-mhgu-charm-table-crosschecked-by-mhxx-save-editors
4,37,0,0,0,0,kiranico-mhgu-charm-table-crosschecked-by-mhxx-save-editors
4,38,0,0,0,0,kiranico-mhgu-charm-table-crosschecked-by-mhxx-save-editors
4,39,0,0,0,0,kiranico-mhgu-charm-table-crosschecked-by-mhxx-save-editors
4,40,1,4,0,0,kiranico-mhgu-charm-table-crosschecked-by-mhxx-save-editors
4,41,0,0,0,0,kiranico-mhgu-charm-table-crosschecked-by-mhxx-save-editors
4,42,0,0,-5,5,kiranico-mhgu-charm-table-crosschecked-by-mhxx-save-editors
4,43,1,6,0,0,kiranico-mhgu-charm-table-crosschecked-by-mhxx-save-editors
4,44,0,0,0,0,kiranico-mhgu-charm-table-crosschecked-by-mhxx-save-editors
4,45,0,0,0,0,kiranico-mhgu-charm-table-crosschecked-by-mhxx-save-editors
4,46,1,4,0,0,kiranico-mhgu-charm-table-crosschecked-by-mhxx-save-editors
4,47,0,0,0,0,kiranico-mhgu-charm-table-crosschecked-by-mhxx-save-editors
4,48,1,6,-10,10,kiranico-mhgu-charm-table-crosschecked-by-mhxx-save-editors
4,49,0,0,0,0,kiranico-mhgu-charm-table-crosschecked-by-mhxx-save-editors
4,50,0,0,0,0,kiranico-mhgu-charm-table-crosschecked-by-mhxx-save-editors
4,51,0,0,0,0,kiranico-mhgu-charm-table-crosschecked-by-mhxx-save-editors
4,52,0,0,0,0,kiranico-mhgu-charm-table-crosschecked-by-mhxx-save-editors
4,53,1,6,-8,8,kiranico-mhgu-charm-table-crosschecked-by-mhxx-save-editors
4,54,1,10,-10,10,kiranico-mhgu-charm-table-crosschecked-by-mhxx-save-editors
4,55,1,10,-10,10,kiranico-mhgu-charm-table-crosschecked-by-mhxx-save-editors
4,56,1,10,-10,10,kiranico-mhgu-charm-table-crosschecked-by-mhxx-save-editors
4,57,1,10,-10,10,kiranico-mhgu-charm-table-crosschecked-by-mhxx-save-editors
4,58,0,0,-10,10,kiranico-mhgu-charm-table-crosschecked-by-mhxx-save-editors
4,59,0,0,-10,10,kiranico-mhgu-charm-table-crosschecked-by-mhxx-save-editors
4,60,0,0,-10,10,kiranico-mhgu-charm-table-crosschecked-by-mhxx-save-editors
4,61,0,0,-10,12,kiranico-mhgu-charm-table-crosschecked-by-mhxx-save-editors
4,62,0,0,-10,12,kiranico-mhgu-charm-table-crosschecked-by-mhxx-save-editors
4,63,0,0,-10,10,kiranico-mhgu-charm-table-crosschecked-by-mhxx-save-editors
4,64,1,10,-10,10,kiranico-mhgu-charm-table-crosschecked-by-mhxx-save-editors
4,65,1,10,-10,10,kiranico-mhgu-charm-table-crosschecked-by-mhxx-save-editors
4,66,0,0,0,0,kiranico-mhgu-charm-table-crosschecked-by-mhxx-save-editors
4,67,0,0,-3,3,kiranico-mhgu-charm-table-crosschecked-by-mhxx-save-editors
4,68,0,0,0,0,kiranico-mhgu-charm-table-crosschecked-by-mhxx-save-editors
4,69,0,0,-10,10,kiranico-mhgu-charm-table-crosschecked-by-mhxx-save-editors
4,70,1,3,-5,5,kiranico-mhgu-charm-table-crosschecked-by-mhxx-save-editors
4,71,1,4,-7,7,kiranico-mhgu-charm-table-crosschecked-by-mhxx-save-editors
4,72,0,0,0,0,kiranico-mhgu-charm-table-crosschecked-by-mhxx-save-editors
4,73,0,0,0,0,kiranico-mhgu-charm-table-crosschecked-by-mhxx-save-editors
4,74,1,3,-5,5,kiranico-mhgu-charm-table-crosschecked-by-mhxx-save-editors
4,75,1,3,-5,5,kiranico-mhgu-charm-table-crosschecked-by-mhxx-save-editors
4,76,0,0,0,0,kiranico-mhgu-charm-table-crosschecked-by-mhxx-save-editors
4,77,0,0,0,0,kiranico-mhgu-charm-table-crosschecked-by-mhxx-save-editors
4,78,0,0,0,0,kiranico-mhgu-charm-table-crosschecked-by-mhxx-save-editors
4,79,0,0,0,0,kiranico-mhgu-charm-table-crosschecked-by-mhxx-save-editors
4,80,1,6,0,0,kiranico-mhgu-charm-table-crosschecked-by-mhxx-save-editors
4,81,1,6,0,0,kiranico-mhgu-charm-table-crosschecked-by-mhxx-save-editors
4,82,0,0,0,0,kiranico-mhgu-charm-table-crosschecked-by-mhxx-save-editors
4,83,1,6,0,0,kiranico-mhgu-charm-table-crosschecked-by-mhxx-save-editors
4,84,0,0,0,0,kiranico-mhgu-charm-table-crosschecked-by-mhxx-save-editors
4,85,0,0,0,0,kiranico-mhgu-charm-table-crosschecked-by-mhxx-save-editors
4,86,1,6,0,0,kiranico-mhgu-charm-table-crosschecked-by-mhxx-save-editors
4,87,1,4,0,0,kiranico-mhgu-charm-table-crosschecked-by-mhxx-save-editors
4,88,1,6,0,0,kiranico-mhgu-charm-table-crosschecked-by-mhxx-save-editors
4,89,1,6,0,0,kiranico-mhgu-charm-table-crosschecked-by-mhxx-save-editors
4,90,1,6,-8,8,kiranico-mhgu-charm-table-crosschecked-by-mhxx-save-editors
4,91,1,6,-8,8,kiranico-mhgu-charm-table-crosschecked-by-mhxx-save-editors
4,92,0,0,0,0,kiranico-mhgu-charm-table-crosschecked-by-mhxx-save-editors
4,93,1,6,-8,8,kiranico-mhgu-charm-table-crosschecked-by-mhxx-save-editors
4,94,0,0,0,0,kiranico-mhgu-charm-table-crosschecked-by-mhxx-save-editors
4,95,0,0,0,0,kiranico-mhgu-charm-table-crosschecked-by-mhxx-save-editors
4,96,0,0,0,0,kiranico-mhgu-charm-table-crosschecked-by-mhxx-save-editors
4,97,0,0,0,0,kiranico-mhgu-charm-table-crosschecked-by-mhxx-save-editors
4,98,0,0,0,0,kiranico-mhgu-charm-table-crosschecked-by-mhxx-save-editors
4,99,1,6,0,0,kiranico-mhgu-charm-table-crosschecked-by-mhxx-save-editors
4,100,1,5,-5,5,kiranico-mhgu-charm-table-crosschecked-by-mhxx-save-editors
4,101,1,3,-5,5,kiranico-mhgu-charm-table-crosschecked-by-mhxx-save-editors
4,102,1,3,-5,5,kiranico-mhgu-charm-table-crosschecked-by-mhxx-save-editors
4,103,0,0,0,0,kiranico-mhgu-charm-table-crosschecked-by-mhxx-save-editors
4,104,0,0,-10,10,kiranico-mhgu-charm-table-crosschecked-by-mhxx-save-editors
4,105,1,5,-7,7,kiranico-mhgu-charm-table-crosschecked-by-mhxx-save-editors
4,106,1,5,-7,7,kiranico-mhgu-charm-table-crosschecked-by-mhxx-save-editors
4,107,0,0,-8,8,kiranico-mhgu-charm-table-crosschecked-by-mhxx-save-editors
4,108,1,3,-5,5,kiranico-mhgu-charm-table-crosschecked-by-mhxx-save-editors
4,109,0,0,0,0,kiranico-mhgu-charm-table-crosschecked-by-mhxx-save-editors
4,110,1,3,-5,5,kiranico-mhgu-charm-table-crosschecked-by-mhxx-save-editors
4,111,1,6,0,0,kiranico-mhgu-charm-table-crosschecked-by-mhxx-save-editors
4,112,1,8,-10,10,kiranico-mhgu-charm-table-crosschecked-by-mhxx-save-editors
4,113,0,0,-10,10,kiranico-mhgu-charm-table-crosschecked-by-mhxx-save-editors
4,114,0,0,-10,10,kiranico-mhgu-charm-table-crosschecked-by-mhxx-save-editors
4,115,1,8,-10,10,kiranico-mhgu-charm-table-crosschecked-by-mhxx-save-editors
4,116,1,7,0,0,kiranico-mhgu-charm-table-crosschecked-by-mhxx-save-editors
4,117,0,0,0,0,kiranico-mhgu-charm-table-crosschecked-by-mhxx-save-editors
4,118,1,6,0,0,kiranico-mhgu-charm-table-crosschecked-by-mhxx-save-editors
4,119,1,7,-4,4,kiranico-mhgu-charm-table-crosschecked-by-mhxx-save-editors
4,120,0,0,-10,10,kiranico-mhgu-charm-table-crosschecked-by-mhxx-save-editors
4,121,1,8,-10,10,kiranico-mhgu-charm-table-crosschecked-by-mhxx-save-editors
4,122,1,8,-10,10,kiranico-mhgu-charm-table-crosschecked-by-mhxx-save-editors
4,123,0,0,-10,13,kiranico-mhgu-charm-table-crosschecked-by-mhxx-save-editors
4,124,1,4,0,0,kiranico-mhgu-charm-table-crosschecked-by-mhxx-save-editors
4,125,1,3,-5,5,kiranico-mhgu-charm-table-crosschecked-by-mhxx-save-editors
4,126,1,3,-5,5,kiranico-mhgu-charm-table-crosschecked-by-mhxx-save-editors
4,127,0,0,0,0,kiranico-mhgu-charm-table-crosschecked-by-mhxx-save-editors
4,128,1,8,-10,10,kiranico-mhgu-charm-table-crosschecked-by-mhxx-save-editors
4,129,0,0,-10,13,kiranico-mhgu-charm-table-crosschecked-by-mhxx-save-editors
4,130,0,0,-10,10,kiranico-mhgu-charm-table-crosschecked-by-mhxx-save-editors
4,131,1,8,-10,10,kiranico-mhgu-charm-table-crosschecked-by-mhxx-save-editors
4,132,0,0,-10,13,kiranico-mhgu-charm-table-crosschecked-by-mhxx-save-editors
4,133,1,8,-10,10,kiranico-mhgu-charm-table-crosschecked-by-mhxx-save-editors
4,134,1,3,-5,5,kiranico-mhgu-charm-table-crosschecked-by-mhxx-save-editors
4,135,0,0,-10,13,kiranico-mhgu-charm-table-crosschecked-by-mhxx-save-editors
4,136,0,0,0,0,kiranico-mhgu-charm-table-crosschecked-by-mhxx-save-editors
4,137,0,0,0,0,kiranico-mhgu-charm-table-crosschecked-by-mhxx-save-editors
4,138,0,0,0,0,kiranico-mhgu-charm-table-crosschecked-by-mhxx-save-editors
4,139,0,0,0,0,kiranico-mhgu-charm-table-crosschecked-by-mhxx-save-editors
4,140,0,0,0,0,kiranico-mhgu-charm-table-crosschecked-by-mhxx-save-editors
4,141,0,0,0,0,kiranico-mhgu-charm-table-crosschecked-by-mhxx-save-editors
4,142,0,0,0,0,kiranico-mhgu-charm-table-crosschecked-by-mhxx-save-editors
4,143,0,0,0,0,kiranico-mhgu-charm-table-crosschecked-by-mhxx-save-editors
4,144,0,0,0,0,kiranico-mhgu-charm-table-crosschecked-by-mhxx-save-editors
4,145,0,0,0,0,kiranico-mhgu-charm-table-crosschecked-by-mhxx-save-editors
4,146,0,0,0,0,kiranico-mhgu-charm-table-crosschecked-by-mhxx-save-editors
4,147,0,0,0,0,kiranico-mhgu-charm-table-crosschecked-by-mhxx-save-editors
4,148,0,0,0,0,kiranico-mhgu-charm-table-crosschecked-by-mhxx-save-editors
4,149,0,0,0,0,kiranico-mhgu-charm-table-crosschecked-by-mhxx-save-editors
4,150,0,0,0,0,kiranico-mhgu-charm-table-crosschecked-by-mhxx-save-editors
4,151,0,0,0,0,kiranico-mhgu-charm-table-crosschecked-by-mhxx-save-editors
4,152,0,0,0,0,kiranico-mhgu-charm-table-crosschecked-by-mhxx-save-editors
4,153,0,0,0,0,kiranico-mhgu-charm-table-crosschecked-by-mhxx-save-editors
4,154,0,0,0,0,kiranico-mhgu-charm-table-crosschecked-by-mhxx-save-editors
4,155,0,0,0,0,kiranico-mhgu-charm-table-crosschecked-by-mhxx-save-editors
4,156,0,0,0,0,kiranico-mhgu-charm-table-crosschecked-by-mhxx-save-editors
4,157,0,0,0,0,kiranico-mhgu-charm-table-crosschecked-by-mhxx-save-editors
4,158,0,0,0,0,kiranico-mhgu-charm-table-crosschecked-by-mhxx-save-editors
4,159,0,0,0,0,kiranico-mhgu-charm-table-crosschecked-by-mhxx-save-editors
4,160,0,0,0,0,kiranico-mhgu-charm-table-crosschecked-by-mhxx-save-editors
4,161,0,0,0,0,kiranico-mhgu-charm-table-crosschecked-by-mhxx-save-editors
4,162,0,0,0,0,kiranico-mhgu-charm-table-crosschecked-by-mhxx-save-editors
4,163,0,0,0,0,kiranico-mhgu-charm-table-crosschecked-by-mhxx-save-editors
4,164,0,0,0,0,kiranico-mhgu-charm-table-crosschecked-by-mhxx-save-editors
4,165,0,0,0,0,kiranico-mhgu-charm-table-crosschecked-by-mhxx-save-editors
4,166,0,0,0,0,kiranico-mhgu-charm-table-crosschecked-by-mhxx-save-editors
4,167,0,0,0,0,kiranico-mhgu-charm-table-crosschecked-by-mhxx-save-editors
4,168,0,0,0,0,kiranico-mhgu-charm-table-crosschecked-by-mhxx-save-editors
4,169,0,0,0,0,kiranico-mhgu-charm-table-crosschecked-by-mhxx-save-editors
4,170,0,0,0,0,kiranico-mhgu-charm-table-crosschecked-by-mhxx-save-editors
4,171,0,0,0,0,kiranico-mhgu-charm-table-crosschecked-by-mhxx-save-editors
4,172,0,0,0,0,kiranico-mhgu-charm-table-crosschecked-by-mhxx-save-editors
4,173,0,0,0,0,kiranico-mhgu-charm-table-crosschecked-by-mhxx-save-editors
4,174,0,0,0,0,kiranico-mhgu-charm-table-crosschecked-by-mhxx-save-editors
4,175,0,0,0,0,kiranico-mhgu-charm-table-crosschecked-by-mhxx-save-editors
4,176,0,0,0,0,kiranico-mhgu-charm-table-crosschecked-by-mhxx-save-editors
4,177,0,0,0,0,kiranico-mhgu-charm-table-crosschecked-by-mhxx-save-editors
4,178,0,0,0,0,kiranico-mhgu-charm-table-crosschecked-by-mhxx-save-editors
4,179,0,0,0,0,kiranico-mhgu-charm-table-crosschecked-by-mhxx-save-editors
4,180,0,0,0,0,kiranico-mhgu-charm-table-crosschecked-by-mhxx-save-editors
4,181,0,0,0,0,kiranico-mhgu-charm-table-crosschecked-by-mhxx-save-editors
4,182,0,0,0,0,kiranico-mhgu-charm-table-crosschecked-by-mhxx-save-editors
4,183,0,0,0,0,kiranico-mhgu-charm-table-crosschecked-by-mhxx-save-editors
4,184,0,0,0,0,kiranico-mhgu-charm-table-crosschecked-by-mhxx-save-editors
4,185,0,0,0,0,kiranico-mhgu-charm-table-crosschecked-by-mhxx-save-editors
4,186,0,0,0,0,kiranico-mhgu-charm-table-crosschecked-by-mhxx-save-editors
4,187,0,0,0,0,kiranico-mhgu-charm-table-crosschecked-by-mhxx-save-editors
4,188,0,0,0,0,kiranico-mhgu-charm-table-crosschecked-by-mhxx-save-editors
4,189,0,0,0,0,kiranico-mhgu-charm-table-crosschecked-by-mhxx-save-editors
4,190,0,0,0,0,kiranico-mhgu-charm-table-crosschecked-by-mhxx-save-editors
4,191,0,0,0,0,kiranico-mhgu-charm-table-crosschecked-by-mhxx-save-editors
4,192,0,0,0,0,kiranico-mhgu-charm-table-crosschecked-by-mhxx-save-editors
4,193,0,0,0,0,kiranico-mhgu-charm-table-crosschecked-by-mhxx-save-editors
4,194,0,0,0,0,kiranico-mhgu-charm-table-crosschecked-by-mhxx-save-editors
4,195,0,0,0,0,kiranico-mhgu-charm-table-crosschecked-by-mhxx-save-editors
4,196,0,0,0,0,kiranico-mhgu-charm-table-crosschecked-by-mhxx-save-editors
4,197,0,0,0,0,kiranico-mhgu-charm-table-crosschecked-by-mhxx-save-editors
4,198,0,0,0,0,kiranico-mhgu-charm-table-crosschecked-by-mhxx-save-editors
4,199,0,0,0,0,kiranico-mhgu-charm-table-crosschecked-by-mhxx-save-editors
4,200,0,0,0,0,kiranico-mhgu-charm-table-crosschecked-by-mhxx-save-editors
4,201,0,0,0,0,kiranico-mhgu-charm-table-crosschecked-by-mhxx-save-editors
4,202,0,0,0,0,kiranico-mhgu-charm-table-crosschecked-by-mhxx-save-editors
4,203,0,0,0,0,kiranico-mhgu-charm-table-crosschecked-by-mhxx-save-editors
4,204,0,0,0,0,kiranico-mhgu-charm-table-crosschecked-by-mhxx-save-editors
4,205,0,0,0,0,kiranico-mhgu-charm-table-crosschecked-by-mhxx-save-editors
5,0,0,0,0,0,kiranico-mhgu-charm-table-crosschecked-by-mhxx-save-editors
5,1,0,0,0,0,kiranico-mhgu-charm-table-crosschecked-by-mhxx-save-editors
5,2,0,0,0,0,kiranico-mhgu-charm-table-crosschecked-by-mhxx-save-editors
5,3,0,0,0,0,kiranico-mhgu-charm-table-crosschecked-by-mhxx-save-editors
5,4,0,0,0,0,kiranico-mhgu-charm-table-crosschecked-by-mhxx-save-editors
5,5,0,0,-10,13,kiranico-mhgu-charm-table-crosschecked-by-mhxx-save-editors
5,6,1,5,-3,3,kiranico-mhgu-charm-table-crosschecked-by-mhxx-save-editors
5,7,1,5,-10,3,kiranico-mhgu-charm-table-crosschecked-by-mhxx-save-editors
5,8,0,0,0,0,kiranico-mhgu-charm-table-crosschecked-by-mhxx-save-editors
5,9,0,0,0,0,kiranico-mhgu-charm-table-crosschecked-by-mhxx-save-editors
5,10,0,0,0,0,kiranico-mhgu-charm-table-crosschecked-by-mhxx-save-editors
5,11,0,0,0,0,kiranico-mhgu-charm-table-crosschecked-by-mhxx-save-editors
5,12,1,5,0,0,kiranico-mhgu-charm-table-crosschecked-by-mhxx-save-editors
5,13,1,5,0,0,kiranico-mhgu-charm-table-crosschecked-by-mhxx-save-editors
5,14,0,0,0,0,kiranico-mhgu-charm-table-crosschecked-by-mhxx-save-editors
5,15,0,0,0,0,kiranico-mhgu-charm-table-crosschecked-by-mhxx-save-editors
5,16,1,5,0,0,kiranico-mhgu-charm-table-crosschecked-by-mhxx-save-editors
5,17,1,8,0,0,kiranico-mhgu-charm-table-crosschecked-by-mhxx-save-editors
5,18,0,0,0,0,kiranico-mhgu-charm-table-crosschecked-by-mhxx-save-editors
5,19,0,0,-10,10,kiranico-mhgu-charm-table-crosschecked-by-mhxx-save-editors
5,20,0,0,-10,10,kiranico-mhgu-charm-table-crosschecked-by-mhxx-save-editors
5,21,0,0,-10,13,kiranico-mhgu-charm-table-crosschecked-by-mhxx-save-editors
5,22,0,0,-10,13,kiranico-mhgu-charm-table-crosschecked-by-mhxx-save-editors
5,23,0,0,-10,13,kiranico-mhgu-charm-table-crosschecked-by-mhxx-save-editors
5,24,0,0,-10,13,kiranico-mhgu-charm-table-crosschecked-by-mhxx-save-editors
5,25,0,0,-10,13,kiranico-mhgu-charm-table-crosschecked-by-mhxx-save-editors
5,26,0,0,-10,13,kiranico-mhgu-charm-table-crosschecked-by-mhxx-save-editors
5,27,1,5,-3,3,kiranico-mhgu-charm-table-crosschecked-by-mhxx-save-editors
5,28,1,7,-10,13,kiranico-mhgu-charm-table-crosschecked-by-mhxx-save-editors
5,29,1,7,-10,13,kiranico-mhgu-charm-table-crosschecked-by-mhxx-save-editors
5,30,1,7,-10,13,kiranico-mhgu-charm-table-crosschecked-by-mhxx-save-editors
5,31,1,7,-10,13,kiranico-mhgu-charm-table-crosschecked-by-mhxx-save-editors
5,32,1,7,-10,13,kiranico-mhgu-charm-table-crosschecked-by-mhxx-save-editors
5,33,1,5,0,0,kiranico-mhgu-charm-table-crosschecked-by-mhxx-save-editors
5,34,1,6,-10,4,kiranico-mhgu-charm-table-crosschecked-by-mhxx-save-editors
5,35,0,0,-10,8,kiranico-mhgu-charm-table-crosschecked-by-mhxx-save-editors
5,36,0,0,-5,5,kiranico-mhgu-charm-table-crosschecked-by-mhxx-save-editors
5,37,1,5,-3,3,kiranico-mhgu-charm-table-crosschecked-by-mhxx-save-editors
5,38,1,5,-3,3,kiranico-mhgu-charm-table-crosschecked-by-mhxx-save-editors
5,39,0,0,-3,3,kiranico-mhgu-charm-table-crosschecked-by-mhxx-save-editors
5,40,1,6,0,0,kiranico-mhgu-charm-table-crosschecked-by-mhxx-save-editors
5,41,0,0,-3,3,kiranico-mhgu-charm-table-crosschecked-by-mhxx-save-editors
5,42,0,0,-5,8,kiranico-mhgu-charm-table-crosschecked-by-mhxx-save-editors
5,43,1,6,-10,4,kiranico-mhgu-charm-table-crosschecked-by-mhxx-save-editors
5,44,1,6,-3,3,kiranico-mhgu-charm-table-crosschecked-by-mhxx-save-editors
5,45,0,0,0,0,kiranico-mhgu-charm-table-crosschecked-by-mhxx-save-editors
5,46,1,6,-3,4,kiranico-mhgu-charm-table-crosschecked-by-mhxx-save-editors
5,47,1,5,-3,3,kiranico-mhgu-charm-table-crosschecked-by-mhxx-save-editors
5,48,0,0,0,0,kiranico-mhgu-charm-table-crosschecked-by-mhxx-save-editors
5,49,1,5,-3,3,kiranico-mhgu-charm-table-crosschecked-by-mhxx-save-editors
5,50,1,5,-3,3,kiranico-mhgu-charm-table-crosschecked-by-mhxx-save-editors
5,51,1,5,-3,3,kiranico-mhgu-charm-table-crosschecked-by-mhxx-save-editors
5,52,1,5,-3,3,kiranico-mhgu-charm-table-crosschecked-by-mhxx-save-editors
5,53,0,0,0,0,kiranico-mhgu-charm-table-crosschecked-by-mhxx-save-editors
5,54,0,0,0,0,kiranico-mhgu-charm-table-crosschecked-by-mhxx-save-editors
5,55,0,0,0,0,kiranico-mhgu-charm-table-crosschecked-by-mhxx-save-editors
5,56,0,0,0,0,kiranico-mhgu-charm-table-crosschecked-by-mhxx-save-editors
5,57,0,0,0,0,kiranico-mhgu-charm-table-crosschecked-by-mhxx-save-editors
5,58,0,0,0,0,kiranico-mhgu-charm-table-crosschecked-by-mhxx-save-editors
5,59,0,0,0,0,kiranico-mhgu-charm-table-crosschecked-by-mhxx-save-editors
5,60,0,0,0,0,kiranico-mhgu-charm-table-crosschecked-by-mhxx-save-editors
5,61,0,0,0,0,kiranico-mhgu-charm-table-crosschecked-by-mhxx-save-editors
5,62,0,0,0,0,kiranico-mhgu-charm-table-crosschecked-by-mhxx-save-editors
5,63,0,0,0,0,kiranico-mhgu-charm-table-crosschecked-by-mhxx-save-editors
5,64,0,0,0,0,kiranico-mhgu-charm-table-crosschecked-by-mhxx-save-editors
5,65,0,0,0,0,kiranico-mhgu-charm-table-crosschecked-by-mhxx-save-editors
5,66,0,0,-3,3,kiranico-mhgu-charm-table-crosschecked-by-mhxx-save-editors
5,67,1,3,-5,5,kiranico-mhgu-charm-table-crosschecked-by-mhxx-save-editors
5,68,0,0,-3,3,kiranico-mhgu-charm-table-crosschecked-by-mhxx-save-editors
5,69,0,0,0,0,kiranico-mhgu-charm-table-crosschecked-by-mhxx-save-editors
5,70,1,5,-5,5,kiranico-mhgu-charm-table-crosschecked-by-mhxx-save-editors
5,71,0,0,-10,10,kiranico-mhgu-charm-table-crosschecked-by-mhxx-save-editors
5,72,1,5,-3,3,kiranico-mhgu-charm-table-crosschecked-by-mhxx-save-editors
5,73,0,0,-3,3,kiranico-mhgu-charm-table-crosschecked-by-mhxx-save-editors
5,74,1,5,0,0,kiranico-mhgu-charm-table-crosschecked-by-mhxx-save-editors
5,75,1,5,0,0,kiranico-mhgu-charm-table-crosschecked-by-mhxx-save-editors
5,76,0,0,-3,3,kiranico-mhgu-charm-table-crosschecked-by-mhxx-save-editors
5,77,0,0,0,0,kiranico-mhgu-charm-table-crosschecked-by-mhxx-save-editors
5,78,1,5,-3,3,kiranico-mhgu-charm-table-crosschecked-by-mhxx-save-editors
5,79,1,5,-3,3,kiranico-mhgu-charm-table-crosschecked-by-mhxx-save-editors
5,80,1,6,-3,4,kiranico-mhgu-charm-table-crosschecked-by-mhxx-save-editors
5,81,1,6,-3,4,kiranico-mhgu-charm-table-crosschecked-by-mhxx-save-editors
5,82,0,0,-5,5,kiranico-mhgu-charm-table-crosschecked-by-mhxx-save-editors
5,83,1,6,-3,4,kiranico-mhgu-charm-table-crosschecked-by-mhxx-save-editors
5,84,1,6,-3,4,kiranico-mhgu-charm-table-crosschecked-by-mhxx-save-editors
5,85,0,0,-3,3,kiranico-mhgu-charm-table-crosschecked-by-mhxx-save-editors
5,86,1,6,-3,4,kiranico-mhgu-charm-table-crosschecked-by-mhxx-save-editors
5,87,1,6,-3,4,kiranico-mhgu-charm-table-crosschecked-by-mhxx-save-editors
5,88,1,6,-3,4,kiranico-mhgu-charm-table-crosschecked-by-mhxx-save-editors
5,89,1,6,-3,4,kiranico-mhgu-charm-table-crosschecked-by-mhxx-save-editors
5,90,0,0,-10,10,kiranico-mhgu-charm-table-crosschecked-by-mhxx-save-editors
5,91,0,0,-10,10,kiranico-mhgu-charm-table-crosschecked-by-mhxx-save-editors
5,92,1,5,-3,3,kiranico-mhgu-charm-table-crosschecked-by-mhxx-save-editors
5,93,0,0,-10,10,kiranico-mhgu-charm-table-crosschecked-by-mhxx-save-editors
5,94,1,6,-3,4,kiranico-mhgu-charm-table-crosschecked-by-mhxx-save-editors
5,95,0,0,-3,3,kiranico-mhgu-charm-table-crosschecked-by-mhxx-save-editors
5,96,0,0,-3,3,kiranico-mhgu-charm-table-crosschecked-by-mhxx-save-editors
5,97,0,0,-3,3,kiranico-mhgu-charm-table-crosschecked-by-mhxx-save-editors
5,98,0,0,0,0,kiranico-mhgu-charm-table-crosschecked-by-mhxx-save-editors
5,99,1,6,-3,4,kiranico-mhgu-charm-table-crosschecked-by-mhxx-save-editors
5,100,0,0,0,0,kiranico-mhgu-charm-table-crosschecked-by-mhxx-save-editors
5,101,1,5,-5,5,kiranico-mhgu-charm-table-crosschecked-by-mhxx-save-editors
5,102,1,5,-5,5,kiranico-mhgu-charm-table-crosschecked-by-mhxx-save-editors
5,103,0,0,-3,3,kiranico-mhgu-charm-table-crosschecked-by-mhxx-save-editors
5,104,0,0,0,0,kiranico-mhgu-charm-table-crosschecked-by-mhxx-save-editors
5,105,1,7,-10,10,kiranico-mhgu-charm-table-crosschecked-by-mhxx-save-editors
5,106,1,7,-10,10,kiranico-mhgu-charm-table-crosschecked-by-mhxx-save-editors
5,107,0,0,-5,5,kiranico-mhgu-charm-table-crosschecked-by-mhxx-save-editors
5,108,1,5,-5,5,kiranico-mhgu-charm-table-crosschecked-by-mhxx-save-editors
5,109,0,0,-3,3,kiranico-mhgu-charm-table-crosschecked-by-mhxx-save-editors
5,110,1,5,-5,5,kiranico-mhgu-charm-table-crosschecked-by-mhxx-save-editors
5,111,1,6,-3,3,kiranico-mhgu-charm-table-crosschecked-by-mhxx-save-editors
5,112,0,0,-10,12,kiranico-mhgu-charm-table-crosschecked-by-mhxx-save-editors
5,113,0,0,0,0,kiranico-mhgu-charm-table-crosschecked-by-mhxx-save-editors
5,114,0,0,0,0,kiranico-mhgu-charm-table-crosschecked-by-mhxx-save-editors
5,115,0,0,0,0,kiranico-mhgu-charm-table-crosschecked-by-mhxx-save-editors
5,116,1,7,-10,9,kiranico-mhgu-charm-table-crosschecked-by-mhxx-save-editors
5,117,0,0,-3,3,kiranico-mhgu-charm-table-crosschecked-by-mhxx-save-editors
5,118,1,6,-3,4,kiranico-mhgu-charm-table-crosschecked-by-mhxx-save-editors
5,119,0,0,-10,12,kiranico-mhgu-charm-table-crosschecked-by-mhxx-save-editors
5,120,0,0,0,0,kiranico-mhgu-charm-table-crosschecked-by-mhxx-save-editors
5,121,0,0,-10,12,kiranico-mhgu-charm-table-crosschecked-by-mhxx-save-editors
5,122,0,0,-10,10,kiranico-mhgu-charm-table-crosschecked-by-mhxx-save-editors
5,123,0,0,0,0,kiranico-mhgu-charm-table-crosschecked-by-mhxx-save-editors
5,124,1,5,-3,3,kiranico-mhgu-charm-table-crosschecked-by-mhxx-save-editors
5,125,1,5,-5,5,kiranico-mhgu-charm-table-crosschecked-by-mhxx-save-editors
5,126,1,5,-5,5,kiranico-mhgu-charm-table-crosschecked-by-mhxx-save-editors
5,127,0,0,-3,3,kiranico-mhgu-charm-table-crosschecked-by-mhxx-save-editors
5,128,0,0,0,0,kiranico-mhgu-charm-table-crosschecked-by-mhxx-save-editors
5,129,0,0,0,0,kiranico-mhgu-charm-table-crosschecked-by-mhxx-save-editors
5,130,0,0,0,0,kiranico-mhgu-charm-table-crosschecked-by-mhxx-save-editors
5,131,0,0,0,0,kiranico-mhgu-charm-table-crosschecked-by-mhxx-save-editors
5,132,0,0,0,0,kiranico-mhgu-charm-table-crosschecked-by-mhxx-save-editors
5,133,0,0,0,0,kiranico-mhgu-charm-table-crosschecked-by-mhxx-save-editors
5,134,1,7,-8,10,kiranico-mhgu-charm-table-crosschecked-by-mhxx-save-editors
5,135,0,0,0,0,kiranico-mhgu-charm-table-crosschecked-by-mhxx-save-editors
5,136,0,0,-3,3,kiranico-mhgu-charm-table-crosschecked-by-mhxx-save-editors
5,137,0,0,-3,3,kiranico-mhgu-charm-table-crosschecked-by-mhxx-save-editors
5,138,0,0,-3,3,kiranico-mhgu-charm-table-crosschecked-by-mhxx-save-editors
5,139,0,0,0,0,kiranico-mhgu-charm-table-crosschecked-by-mhxx-save-editors
5,140,0,0,0,0,kiranico-mhgu-charm-table-crosschecked-by-mhxx-save-editors
5,141,0,0,0,0,kiranico-mhgu-charm-table-crosschecked-by-mhxx-save-editors
5,142,0,0,0,0,kiranico-mhgu-charm-table-crosschecked-by-mhxx-save-editors
5,143,0,0,0,0,kiranico-mhgu-charm-table-crosschecked-by-mhxx-save-editors
5,144,0,0,0,0,kiranico-mhgu-charm-table-crosschecked-by-mhxx-save-editors
5,145,0,0,-3,3,kiranico-mhgu-charm-table-crosschecked-by-mhxx-save-editors
5,146,0,0,-3,3,kiranico-mhgu-charm-table-crosschecked-by-mhxx-save-editors
5,147,0,0,-3,3,kiranico-mhgu-charm-table-crosschecked-by-mhxx-save-editors
5,148,0,0,-3,3,kiranico-mhgu-charm-table-crosschecked-by-mhxx-save-editors
5,149,0,0,-3,3,kiranico-mhgu-charm-table-crosschecked-by-mhxx-save-editors
5,150,0,0,-3,3,kiranico-mhgu-charm-table-crosschecked-by-mhxx-save-editors
5,151,0,0,-3,3,kiranico-mhgu-charm-table-crosschecked-by-mhxx-save-editors
5,152,0,0,-3,3,kiranico-mhgu-charm-table-crosschecked-by-mhxx-save-editors
5,153,0,0,-3,3,kiranico-mhgu-charm-table-crosschecked-by-mhxx-save-editors
5,154,0,0,-3,3,kiranico-mhgu-charm-table-crosschecked-by-mhxx-save-editors
5,155,0,0,-3,3,kiranico-mhgu-charm-table-crosschecked-by-mhxx-save-editors
5,156,0,0,-3,3,kiranico-mhgu-charm-table-crosschecked-by-mhxx-save-editors
5,157,0,0,-3,3,kiranico-mhgu-charm-table-crosschecked-by-mhxx-save-editors
5,158,0,0,-3,3,kiranico-mhgu-charm-table-crosschecked-by-mhxx-save-editors
5,159,0,0,-3,3,kiranico-mhgu-charm-table-crosschecked-by-mhxx-save-editors
5,160,0,0,-3,3,kiranico-mhgu-charm-table-crosschecked-by-mhxx-save-editors
5,161,0,0,-3,3,kiranico-mhgu-charm-table-crosschecked-by-mhxx-save-editors
5,162,0,0,-3,3,kiranico-mhgu-charm-table-crosschecked-by-mhxx-save-editors
5,163,0,0,0,0,kiranico-mhgu-charm-table-crosschecked-by-mhxx-save-editors
5,164,0,0,0,0,kiranico-mhgu-charm-table-crosschecked-by-mhxx-save-editors
5,165,0,0,0,0,kiranico-mhgu-charm-table-crosschecked-by-mhxx-save-editors
5,166,0,0,0,0,kiranico-mhgu-charm-table-crosschecked-by-mhxx-save-editors
5,167,0,0,0,0,kiranico-mhgu-charm-table-crosschecked-by-mhxx-save-editors
5,168,0,0,0,0,kiranico-mhgu-charm-table-crosschecked-by-mhxx-save-editors
5,169,0,0,0,0,kiranico-mhgu-charm-table-crosschecked-by-mhxx-save-editors
5,170,0,0,0,0,kiranico-mhgu-charm-table-crosschecked-by-mhxx-save-editors
5,171,0,0,0,0,kiranico-mhgu-charm-table-crosschecked-by-mhxx-save-editors
5,172,0,0,0,0,kiranico-mhgu-charm-table-crosschecked-by-mhxx-save-editors
5,173,0,0,0,0,kiranico-mhgu-charm-table-crosschecked-by-mhxx-save-editors
5,174,0,0,0,0,kiranico-mhgu-charm-table-crosschecked-by-mhxx-save-editors
5,175,0,0,0,0,kiranico-mhgu-charm-table-crosschecked-by-mhxx-save-editors
5,176,0,0,0,0,kiranico-mhgu-charm-table-crosschecked-by-mhxx-save-editors
5,177,0,0,0,0,kiranico-mhgu-charm-table-crosschecked-by-mhxx-save-editors
5,178,0,0,0,0,kiranico-mhgu-charm-table-crosschecked-by-mhxx-save-editors
5,179,0,0,0,0,kiranico-mhgu-charm-table-crosschecked-by-mhxx-save-editors
5,180,0,0,0,0,kiranico-mhgu-charm-table-crosschecked-by-mhxx-save-editors
5,181,0,0,0,0,kiranico-mhgu-charm-table-crosschecked-by-mhxx-save-editors
5,182,0,0,0,0,kiranico-mhgu-charm-table-crosschecked-by-mhxx-save-editors
5,183,0,0,0,0,kiranico-mhgu-charm-table-crosschecked-by-mhxx-save-editors
5,184,0,0,0,0,kiranico-mhgu-charm-table-crosschecked-by-mhxx-save-editors
5,185,0,0,0,0,kiranico-mhgu-charm-table-crosschecked-by-mhxx-save-editors
5,186,0,0,0,0,kiranico-mhgu-charm-table-crosschecked-by-mhxx-save-editors
5,187,0,0,0,0,kiranico-mhgu-charm-table-crosschecked-by-mhxx-save-editors
5,188,0,0,0,0,kiranico-mhgu-charm-table-crosschecked-by-mhxx-save-editors
5,189,0,0,0,0,kiranico-mhgu-charm-table-crosschecked-by-mhxx-save-editors
5,190,0,0,0,0,kiranico-mhgu-charm-table-crosschecked-by-mhxx-save-editors
5,191,0,0,0,0,kiranico-mhgu-charm-table-crosschecked-by-mhxx-save-editors
5,192,0,0,0,0,kiranico-mhgu-charm-table-crosschecked-by-mhxx-save-editors
5,193,0,0,0,0,kiranico-mhgu-charm-table-crosschecked-by-mhxx-save-editors
5,194,0,0,0,0,kiranico-mhgu-charm-table-crosschecked-by-mhxx-save-editors
5,195,0,0,0,0,kiranico-mhgu-charm-table-crosschecked-by-mhxx-save-editors
5,196,0,0,0,0,kiranico-mhgu-charm-table-crosschecked-by-mhxx-save-editors
5,197,0,0,0,0,kiranico-mhgu-charm-table-crosschecked-by-mhxx-save-editors
5,198,0,0,0,0,kiranico-mhgu-charm-table-crosschecked-by-mhxx-save-editors
5,199,0,0,0,0,kiranico-mhgu-charm-table-crosschecked-by-mhxx-save-editors
5,200,0,0,0,0,kiranico-mhgu-charm-table-crosschecked-by-mhxx-save-editors
5,201,0,0,0,0,kiranico-mhgu-charm-table-crosschecked-by-mhxx-save-editors
5,202,0,0,0,0,kiranico-mhgu-charm-table-crosschecked-by-mhxx-save-editors
5,203,0,0,0,0,kiranico-mhgu-charm-table-crosschecked-by-mhxx-save-editors
5,204,0,0,0,0,kiranico-mhgu-charm-table-crosschecked-by-mhxx-save-editors
5,205,0,0,0,0,kiranico-mhgu-charm-table-crosschecked-by-mhxx-save-editors
6,0,0,0,0,0,kiranico-mhgu-charm-table-crosschecked-by-mhxx-save-editors
6,1,0,0,0,0,kiranico-mhgu-charm-table-crosschecked-by-mhxx-save-editors
6,2,0,0,0,0,kiranico-mhgu-charm-table-crosschecked-by-mhxx-save-editors
6,3,0,0,0,0,kiranico-mhgu-charm-table-crosschecked-by-mhxx-save-editors
6,4,0,0,0,0,kiranico-mhgu-charm-table-crosschecked-by-mhxx-save-editors
6,5,0,0,-10,13,kiranico-mhgu-charm-table-crosschecked-by-mhxx-save-editors
6,6,1,5,-3,3,kiranico-mhgu-charm-table-crosschecked-by-mhxx-save-editors
6,7,1,5,-10,3,kiranico-mhgu-charm-table-crosschecked-by-mhxx-save-editors
6,8,0,0,0,0,kiranico-mhgu-charm-table-crosschecked-by-mhxx-save-editors
6,9,0,0,0,0,kiranico-mhgu-charm-table-crosschecked-by-mhxx-save-editors
6,10,0,0,0,0,kiranico-mhgu-charm-table-crosschecked-by-mhxx-save-editors
6,11,0,0,0,0,kiranico-mhgu-charm-table-crosschecked-by-mhxx-save-editors
6,12,1,5,0,0,kiranico-mhgu-charm-table-crosschecked-by-mhxx-save-editors
6,13,1,5,0,0,kiranico-mhgu-charm-table-crosschecked-by-mhxx-save-editors
6,14,0,0,0,0,kiranico-mhgu-charm-table-crosschecked-by-mhxx-save-editors
6,15,0,0,0,0,kiranico-mhgu-charm-table-crosschecked-by-mhxx-save-editors
6,16,1,5,0,0,kiranico-mhgu-charm-table-crosschecked-by-mhxx-save-editors
6,17,1,8,0,0,kiranico-mhgu-charm-table-crosschecked-by-mhxx-save-editors
6,18,0,0,0,0,kiranico-mhgu-charm-table-crosschecked-by-mhxx-save-editors
6,19,0,0,-10,10,kiranico-mhgu-charm-table-crosschecked-by-mhxx-save-editors
6,20,0,0,-10,10,kiranico-mhgu-charm-table-crosschecked-by-mhxx-save-editors
6,21,0,0,-10,13,kiranico-mhgu-charm-table-crosschecked-by-mhxx-save-editors
6,22,0,0,-10,13,kiranico-mhgu-charm-table-crosschecked-by-mhxx-save-editors
6,23,0,0,-10,13,kiranico-mhgu-charm-table-crosschecked-by-mhxx-save-editors
6,24,0,0,-10,13,kiranico-mhgu-charm-table-crosschecked-by-mhxx-save-editors
6,25,0,0,-10,13,kiranico-mhgu-charm-table-crosschecked-by-mhxx-save-editors
6,26,0,0,-10,13,kiranico-mhgu-charm-table-crosschecked-by-mhxx-save-editors
6,27,1,5,-3,3,kiranico-mhgu-charm-table-crosschecked-by-mhxx-save-editors
6,28,1,7,-10,13,kiranico-mhgu-charm-table-crosschecked-by-mhxx-save-editors
6,29,1,7,-10,13,kiranico-mhgu-charm-table-crosschecked-by-mhxx-save-editors
6,30,1,7,-10,13,kiranico-mhgu-charm-table-crosschecked-by-mhxx-save-editors
6,31,1,7,-10,13,kiranico-mhgu-charm-table-crosschecked-by-mhxx-save-editors
6,32,1,7,-10,13,kiranico-mhgu-charm-table-crosschecked-by-mhxx-save-editors
6,33,1,5,0,0,kiranico-mhgu-charm-table-crosschecked-by-mhxx-save-editors
6,34,1,6,-10,4,kiranico-mhgu-charm-table-crosschecked-by-mhxx-save-editors
6,35,0,0,-10,8,kiranico-mhgu-charm-table-crosschecked-by-mhxx-save-editors
6,36,0,0,-5,5,kiranico-mhgu-charm-table-crosschecked-by-mhxx-save-editors
6,37,1,5,-3,3,kiranico-mhgu-charm-table-crosschecked-by-mhxx-save-editors
6,38,1,5,-3,3,kiranico-mhgu-charm-table-crosschecked-by-mhxx-save-editors
6,39,0,0,-3,3,kiranico-mhgu-charm-table-crosschecked-by-mhxx-save-editors
6,40,1,6,0,0,kiranico-mhgu-charm-table-crosschecked-by-mhxx-save-editors
6,41,0,0,-3,3,kiranico-mhgu-charm-table-crosschecked-by-mhxx-save-editors
6,42,0,0,-5,8,kiranico-mhgu-charm-table-crosschecked-by-mhxx-save-editors
6,43,1,6,-10,4,kiranico-mhgu-charm-table-crosschecked-by-mhxx-save-editors
6,44,1,6,-3,3,kiranico-mhgu-charm-table-crosschecked-by-mhxx-save-editors
6,45,0,0,0,0,kiranico-mhgu-charm-table-crosschecked-by-mhxx-save-editors
6,46,1,6,-3,4,kiranico-mhgu-charm-table-crosschecked-by-mhxx-save-editors
6,47,1,5,-3,3,kiranico-mhgu-charm-table-crosschecked-by-mhxx-save-editors
6,48,0,0,0,0,kiranico-mhgu-charm-table-crosschecked-by-mhxx-save-editors
6,49,1,5,-3,3,kiranico-mhgu-charm-table-crosschecked-by-mhxx-save-editors
6,50,1,5,-3,3,kiranico-mhgu-charm-table-crosschecked-by-mhxx-save-editors
6,51,1,5,-3,3,kiranico-mhgu-charm-table-crosschecked-by-mhxx-save-editors
6,52,1,5,-3,3,kiranico-mhgu-charm-table-crosschecked-by-mhxx-save-editors
6,53,0,0,0,0,kiranico-mhgu-charm-table-crosschecked-by-mhxx-save-editors
6,54,0,0,0,0,kiranico-mhgu-charm-table-crosschecked-by-mhxx-save-editors
6,55,0,0,0,0,kiranico-mhgu-charm-table-crosschecked-by-mhxx-save-editors
6,56,0,0,0,0,kiranico-mhgu-charm-table-crosschecked-by-mhxx-save-editors
6,57,0,0,0,0,kiranico-mhgu-charm-table-crosschecked-by-mhxx-save-editors
6,58,0,0,0,0,kiranico-mhgu-charm-table-crosschecked-by-mhxx-save-editors
6,59,0,0,0,0,kiranico-mhgu-charm-table-crosschecked-by-mhxx-save-editors
6,60,0,0,0,0,kiranico-mhgu-charm-table-crosschecked-by-mhxx-save-editors
6,61,0,0,0,0,kiranico-mhgu-charm-table-crosschecked-by-mhxx-save-editors
6,62,0,0,0,0,kiranico-mhgu-charm-table-crosschecked-by-mhxx-save-editors
6,63,0,0,0,0,kiranico-mhgu-charm-table-crosschecked-by-mhxx-save-editors
6,64,0,0,0,0,kiranico-mhgu-charm-table-crosschecked-by-mhxx-save-editors
6,65,0,0,0,0,kiranico-mhgu-charm-table-crosschecked-by-mhxx-save-editors
6,66,0,0,-3,3,kiranico-mhgu-charm-table-crosschecked-by-mhxx-save-editors
6,67,1,3,-5,5,kiranico-mhgu-charm-table-crosschecked-by-mhxx-save-editors
6,68,0,0,-3,3,kiranico-mhgu-charm-table-crosschecked-by-mhxx-save-editors
6,69,0,0,0,0,kiranico-mhgu-charm-table-crosschecked-by-mhxx-save-editors
6,70,1,5,-5,5,kiranico-mhgu-charm-table-crosschecked-by-mhxx-save-editors
6,71,0,0,-10,10,kiranico-mhgu-charm-table-crosschecked-by-mhxx-save-editors
6,72,1,5,-3,3,kiranico-mhgu-charm-table-crosschecked-by-mhxx-save-editors
6,73,0,0,-3,3,kiranico-mhgu-charm-table-crosschecked-by-mhxx-save-editors
6,74,1,5,0,0,kiranico-mhgu-charm-table-crosschecked-by-mhxx-save-editors
6,75,1,5,0,0,kiranico-mhgu-charm-table-crosschecked-by-mhxx-save-editors
6,76,0,0,-3,3,kiranico-mhgu-charm-table-crosschecked-by-mhxx-save-editors
6,77,0,0,0,0,kiranico-mhgu-charm-table-crosschecked-by-mhxx-save-editors
6,78,1,5,-3,3,kiranico-mhgu-charm-table-crosschecked-by-mhxx-save-editors
6,79,1,5,-3,3,kiranico-mhgu-charm-table-crosschecked-by-mhxx-save-editors
6,80,1,6,-3,4,kiranico-mhgu-charm-table-crosschecked-by-mhxx-save-editors
6,81,1,6,-3,4,kiranico-mhgu-charm-table-crosschecked-by-mhxx-save-editors
6,82,0,0,-5,5,kiranico-mhgu-charm-table-crosschecked-by-mhxx-save-editors
6,83,1,6,-3,4,kiranico-mhgu-charm-table-crosschecked-by-mhxx-save-editors
6,84,1,6,-3,4,kiranico-mhgu-charm-table-crosschecked-by-mhxx-save-editors
6,85,0,0,-3,3,kiranico-mhgu-charm-table-crosschecked-by-mhxx-save-editors
6,86,1,6,-3,4,kiranico-mhgu-charm-table-crosschecked-by-mhxx-save-editors
6,87,1,6,-3,4,kiranico-mhgu-charm-table-crosschecked-by-mhxx-save-editors
6,88,1,6,-3,4,kiranico-mhgu-charm-table-crosschecked-by-mhxx-save-editors
6,89,1,6,-3,4,kiranico-mhgu-charm-table-crosschecked-by-mhxx-save-editors
6,90,0,0,-10,10,kiranico-mhgu-charm-table-crosschecked-by-mhxx-save-editors
6,91,0,0,-10,10,kiranico-mhgu-charm-table-crosschecked-by-mhxx-save-editors
6,92,1,5,-3,3,kiranico-mhgu-charm-table-crosschecked-by-mhxx-save-editors
6,93,0,0,-10,10,kiranico-mhgu-charm-table-crosschecked-by-mhxx-save-editors
6,94,1,6,-3,4,kiranico-mhgu-charm-table-crosschecked-by-mhxx-save-editors
6,95,0,0,-3,3,kiranico-mhgu-charm-table-crosschecked-by-mhxx-save-editors
6,96,0,0,-3,3,kiranico-mhgu-charm-table-crosschecked-by-mhxx-save-editors
6,97,0,0,-3,3,kiranico-mhgu-charm-table-crosschecked-by-mhxx-save-editors
6,98,0,0,0,0,kiranico-mhgu-charm-table-crosschecked-by-mhxx-save-editors
6,99,1,6,-3,4,kiranico-mhgu-charm-table-crosschecked-by-mhxx-save-editors
6,100,0,0,0,0,kiranico-mhgu-charm-table-crosschecked-by-mhxx-save-editors
6,101,1,5,-5,5,kiranico-mhgu-charm-table-crosschecked-by-mhxx-save-editors
6,102,1,5,-5,5,kiranico-mhgu-charm-table-crosschecked-by-mhxx-save-editors
6,103,0,0,-3,3,kiranico-mhgu-charm-table-crosschecked-by-mhxx-save-editors
6,104,0,0,0,0,kiranico-mhgu-charm-table-crosschecked-by-mhxx-save-editors
6,105,1,7,-10,10,kiranico-mhgu-charm-table-crosschecked-by-mhxx-save-editors
6,106,1,7,-10,10,kiranico-mhgu-charm-table-crosschecked-by-mhxx-save-editors
6,107,0,0,-5,5,kiranico-mhgu-charm-table-crosschecked-by-mhxx-save-editors
6,108,1,5,-5,5,kiranico-mhgu-charm-table-crosschecked-by-mhxx-save-editors
6,109,0,0,-3,3,kiranico-mhgu-charm-table-crosschecked-by-mhxx-save-editors
6,110,1,5,-5,5,kiranico-mhgu-charm-table-crosschecked-by-mhxx-save-editors
6,111,1,6,-3,3,kiranico-mhgu-charm-table-crosschecked-by-mhxx-save-editors
6,112,0,0,-10,12,kiranico-mhgu-charm-table-crosschecked-by-mhxx-save-editors
6,113,0,0,0,0,kiranico-mhgu-charm-table-crosschecked-by-mhxx-save-editors
6,114,0,0,0,0,kiranico-mhgu-charm-table-crosschecked-by-mhxx-save-editors
6,115,0,0,0,0,kiranico-mhgu-charm-table-crosschecked-by-mhxx-save-editors
6,116,1,7,-10,9,kiranico-mhgu-charm-table-crosschecked-by-mhxx-save-editors
6,117,0,0,-3,3,kiranico-mhgu-charm-table-crosschecked-by-mhxx-save-editors
6,118,1,6,-3,4,kiranico-mhgu-charm-table-crosschecked-by-mhxx-save-editors
6,119,0,0,-10,12,kiranico-mhgu-charm-table-crosschecked-by-mhxx-save-editors
6,120,0,0,0,0,kiranico-mhgu-charm-table-crosschecked-by-mhxx-save-editors
6,121,0,0,-10,12,kiranico-mhgu-charm-table-crosschecked-by-mhxx-save-editors
6,122,0,0,-10,10,kiranico-mhgu-charm-table-crosschecked-by-mhxx-save-editors
6,123,0,0,0,0,kiranico-mhgu-charm-table-crosschecked-by-mhxx-save-editors
6,124,1,5,-3,3,kiranico-mhgu-charm-table-crosschecked-by-mhxx-save-editors
6,125,1,5,-5,5,kiranico-mhgu-charm-table-crosschecked-by-mhxx-save-editors
6,126,1,5,-5,5,kiranico-mhgu-charm-table-crosschecked-by-mhxx-save-editors
6,127,0,0,-3,3,kiranico-mhgu-charm-table-crosschecked-by-mhxx-save-editors
6,128,0,0,0,0,kiranico-mhgu-charm-table-crosschecked-by-mhxx-save-editors
6,129,0,0,0,0,kiranico-mhgu-charm-table-crosschecked-by-mhxx-save-editors
6,130,0,0,0,0,kiranico-mhgu-charm-table-crosschecked-by-mhxx-save-editors
6,131,0,0,0,0,kiranico-mhgu-charm-table-crosschecked-by-mhxx-save-editors
6,132,0,0,0,0,kiranico-mhgu-charm-table-crosschecked-by-mhxx-save-editors
6,133,0,0,0,0,kiranico-mhgu-charm-table-crosschecked-by-mhxx-save-editors
6,134,1,7,-8,10,kiranico-mhgu-charm-table-crosschecked-by-mhxx-save-editors
6,135,0,0,0,0,kiranico-mhgu-charm-table-crosschecked-by-mhxx-save-editors
6,136,0,0,-3,3,kiranico-mhgu-charm-table-crosschecked-by-mhxx-save-editors
6,137,0,0,-3,3,kiranico-mhgu-charm-table-crosschecked-by-mhxx-save-editors
6,138,0,0,-3,3,kiranico-mhgu-charm-table-crosschecked-by-mhxx-save-editors
6,139,0,0,0,0,kiranico-mhgu-charm-table-crosschecked-by-mhxx-save-editors
6,140,0,0,0,0,kiranico-mhgu-charm-table-crosschecked-by-mhxx-save-editors
6,141,0,0,0,0,kiranico-mhgu-charm-table-crosschecked-by-mhxx-save-editors
6,142,0,0,0,0,kiranico-mhgu-charm-table-crosschecked-by-mhxx-save-editors
6,143,0,0,0,0,kiranico-mhgu-charm-table-crosschecked-by-mhxx-save-editors
6,144,0,0,0,0,kiranico-mhgu-charm-table-crosschecked-by-mhxx-save-editors
6,145,0,0,-3,3,kiranico-mhgu-charm-table-crosschecked-by-mhxx-save-editors
6,146,0,0,-3,3,kiranico-mhgu-charm-table-crosschecked-by-mhxx-save-editors
6,147,0,0,-3,3,kiranico-mhgu-charm-table-crosschecked-by-mhxx-save-editors
6,148,0,0,-3,3,kiranico-mhgu-charm-table-crosschecked-by-mhxx-save-editors
6,149,0,0,-3,3,kiranico-mhgu-charm-table-crosschecked-by-mhxx-save-editors
6,150,0,0,-3,3,kiranico-mhgu-charm-table-crosschecked-by-mhxx-save-editors
6,151,0,0,-3,3,kiranico-mhgu-charm-table-crosschecked-by-mhxx-save-editors
6,152,0,0,-3,3,kiranico-mhgu-charm-table-crosschecked-by-mhxx-save-editors
6,153,0,0,-3,3,kiranico-mhgu-charm-table-crosschecked-by-mhxx-save-editors
6,154,0,0,-3,3,kiranico-mhgu-charm-table-crosschecked-by-mhxx-save-editors
6,155,0,0,-3,3,kiranico-mhgu-charm-table-crosschecked-by-mhxx-save-editors
6,156,0,0,-3,3,kiranico-mhgu-charm-table-crosschecked-by-mhxx-save-editors
6,157,0,0,-3,3,kiranico-mhgu-charm-table-crosschecked-by-mhxx-save-editors
6,158,0,0,-3,3,kiranico-mhgu-charm-table-crosschecked-by-mhxx-save-editors
6,159,0,0,-3,3,kiranico-mhgu-charm-table-crosschecked-by-mhxx-save-editors
6,160,0,0,-3,3,kiranico-mhgu-charm-table-crosschecked-by-mhxx-save-editors
6,161,0,0,-3,3,kiranico-mhgu-charm-table-crosschecked-by-mhxx-save-editors
6,162,0,0,-3,3,kiranico-mhgu-charm-table-crosschecked-by-mhxx-save-editors
6,163,0,0,0,0,kiranico-mhgu-charm-table-crosschecked-by-mhxx-save-editors
6,164,0,0,0,0,kiranico-mhgu-charm-table-crosschecked-by-mhxx-save-editors
6,165,0,0,0,0,kiranico-mhgu-charm-table-crosschecked-by-mhxx-save-editors
6,166,0,0,0,0,kiranico-mhgu-charm-table-crosschecked-by-mhxx-save-editors
6,167,0,0,0,0,kiranico-mhgu-charm-table-crosschecked-by-mhxx-save-editors
6,168,0,0,0,0,kiranico-mhgu-charm-table-crosschecked-by-mhxx-save-editors
6,169,0,0,0,0,kiranico-mhgu-charm-table-crosschecked-by-mhxx-save-editors
6,170,0,0,0,0,kiranico-mhgu-charm-table-crosschecked-by-mhxx-save-editors
6,171,0,0,0,0,kiranico-mhgu-charm-table-crosschecked-by-mhxx-save-editors
6,172,0,0,0,0,kiranico-mhgu-charm-table-crosschecked-by-mhxx-save-editors
6,173,0,0,0,0,kiranico-mhgu-charm-table-crosschecked-by-mhxx-save-editors
6,174,0,0,0,0,kiranico-mhgu-charm-table-crosschecked-by-mhxx-save-editors
6,175,0,0,0,0,kiranico-mhgu-charm-table-crosschecked-by-mhxx-save-editors
6,176,0,0,0,0,kiranico-mhgu-charm-table-crosschecked-by-mhxx-save-editors
6,177,0,0,0,0,kiranico-mhgu-charm-table-crosschecked-by-mhxx-save-editors
6,178,0,0,0,0,kiranico-mhgu-charm-table-crosschecked-by-mhxx-save-editors
6,179,0,0,0,0,kiranico-mhgu-charm-table-crosschecked-by-mhxx-save-editors
6,180,0,0,0,0,kiranico-mhgu-charm-table-crosschecked-by-mhxx-save-editors
6,181,0,0,0,0,kiranico-mhgu-charm-table-crosschecked-by-mhxx-save-editors
6,182,0,0,0,0,kiranico-mhgu-charm-table-crosschecked-by-mhxx-save-editors
6,183,0,0,0,0,kiranico-mhgu-charm-table-crosschecked-by-mhxx-save-editors
6,184,0,0,0,0,kiranico-mhgu-charm-table-crosschecked-by-mhxx-save-editors
6,185,0,0,0,0,kiranico-mhgu-charm-table-crosschecked-by-mhxx-save-editors
6,186,0,0,0,0,kiranico-mhgu-charm-table-crosschecked-by-mhxx-save-editors
6,187,0,0,0,0,kiranico-mhgu-charm-table-crosschecked-by-mhxx-save-editors
6,188,0,0,0,0,kiranico-mhgu-charm-table-crosschecked-by-mhxx-save-editors
6,189,0,0,0,0,kiranico-mhgu-charm-table-crosschecked-by-mhxx-save-editors
6,190,0,0,0,0,kiranico-mhgu-charm-table-crosschecked-by-mhxx-save-editors
6,191,0,0,0,0,kiranico-mhgu-charm-table-crosschecked-by-mhxx-save-editors
6,192,0,0,0,0,kiranico-mhgu-charm-table-crosschecked-by-mhxx-save-editors
6,193,0,0,0,0,kiranico-mhgu-charm-table-crosschecked-by-mhxx-save-editors
6,194,0,0,0,0,kiranico-mhgu-charm-table-crosschecked-by-mhxx-save-editors
6,195,0,0,0,0,kiranico-mhgu-charm-table-crosschecked-by-mhxx-save-editors
6,196,0,0,0,0,kiranico-mhgu-charm-table-crosschecked-by-mhxx-save-editors
6,197,0,0,0,0,kiranico-mhgu-charm-table-crosschecked-by-mhxx-save-editors
6,198,0,0,0,0,kiranico-mhgu-charm-table-crosschecked-by-mhxx-save-editors
6,199,0,0,0,0,kiranico-mhgu-charm-table-crosschecked-by-mhxx-save-editors
6,200,0,0,0,0,kiranico-mhgu-charm-table-crosschecked-by-mhxx-save-editors
6,201,0,0,0,0,kiranico-mhgu-charm-table-crosschecked-by-mhxx-save-editors
6,202,0,0,0,0,kiranico-mhgu-charm-table-crosschecked-by-mhxx-save-editors
6,203,0,0,0,0,kiranico-mhgu-charm-table-crosschecked-by-mhxx-save-editors
6,204,0,0,0,0,kiranico-mhgu-charm-table-crosschecked-by-mhxx-save-editors
6,205,0,0,0,0,kiranico-mhgu-charm-table-crosschecked-by-mhxx-save-editors
7,0,0,0,0,0,kiranico-mhgu-charm-table-crosschecked-by-mhxx-save-editors
7,1,0,0,0,0,kiranico-mhgu-charm-table-crosschecked-by-mhxx-save-editors
7,2,0,0,0,0,kiranico-mhgu-charm-table-crosschecked-by-mhxx-save-editors
7,3,0,0,0,0,kiranico-mhgu-charm-table-crosschecked-by-mhxx-save-editors
7,4,0,0,0,0,kiranico-mhgu-charm-table-crosschecked-by-mhxx-save-editors
7,5,0,0,-10,13,kiranico-mhgu-charm-table-crosschecked-by-mhxx-save-editors
7,6,1,5,-3,3,kiranico-mhgu-charm-table-crosschecked-by-mhxx-save-editors
7,7,1,5,-10,3,kiranico-mhgu-charm-table-crosschecked-by-mhxx-save-editors
7,8,0,0,0,0,kiranico-mhgu-charm-table-crosschecked-by-mhxx-save-editors
7,9,0,0,0,0,kiranico-mhgu-charm-table-crosschecked-by-mhxx-save-editors
7,10,0,0,0,0,kiranico-mhgu-charm-table-crosschecked-by-mhxx-save-editors
7,11,0,0,0,0,kiranico-mhgu-charm-table-crosschecked-by-mhxx-save-editors
7,12,1,5,0,0,kiranico-mhgu-charm-table-crosschecked-by-mhxx-save-editors
7,13,1,5,0,0,kiranico-mhgu-charm-table-crosschecked-by-mhxx-save-editors
7,14,0,0,0,0,kiranico-mhgu-charm-table-crosschecked-by-mhxx-save-editors
7,15,0,0,0,0,kiranico-mhgu-charm-table-crosschecked-by-mhxx-save-editors
7,16,1,5,0,0,kiranico-mhgu-charm-table-crosschecked-by-mhxx-save-editors
7,17,1,8,0,0,kiranico-mhgu-charm-table-crosschecked-by-mhxx-save-editors
7,18,0,0,0,0,kiranico-mhgu-charm-table-crosschecked-by-mhxx-save-editors
7,19,0,0,-10,10,kiranico-mhgu-charm-table-crosschecked-by-mhxx-save-editors
7,20,0,0,-10,10,kiranico-mhgu-charm-table-crosschecked-by-mhxx-save-editors
7,21,0,0,-10,13,kiranico-mhgu-charm-table-crosschecked-by-mhxx-save-editors
7,22,0,0,-10,13,kiranico-mhgu-charm-table-crosschecked-by-mhxx-save-editors
7,23,0,0,-10,13,kiranico-mhgu-charm-table-crosschecked-by-mhxx-save-editors
7,24,0,0,-10,13,kiranico-mhgu-charm-table-crosschecked-by-mhxx-save-editors
7,25,0,0,-10,13,kiranico-mhgu-charm-table-crosschecked-by-mhxx-save-editors
7,26,0,0,-10,13,kiranico-mhgu-charm-table-crosschecked-by-mhxx-save-editors
7,27,1,5,-3,3,kiranico-mhgu-charm-table-crosschecked-by-mhxx-save-editors
7,28,1,7,-10,13,kiranico-mhgu-charm-table-crosschecked-by-mhxx-save-editors
7,29,1,7,-10,13,kiranico-mhgu-charm-table-crosschecked-by-mhxx-save-editors
7,30,1,7,-10,13,kiranico-mhgu-charm-table-crosschecked-by-mhxx-save-editors
7,31,1,7,-10,13,kiranico-mhgu-charm-table-crosschecked-by-mhxx-save-editors
7,32,1,7,-10,13,kiranico-mhgu-charm-table-crosschecked-by-mhxx-save-editors
7,33,1,5,0,0,kiranico-mhgu-charm-table-crosschecked-by-mhxx-save-editors
7,34,1,6,-10,4,kiranico-mhgu-charm-table-crosschecked-by-mhxx-save-editors
7,35,0,0,-10,8,kiranico-mhgu-charm-table-crosschecked-by-mhxx-save-editors
7,36,0,0,-5,5,kiranico-mhgu-charm-table-crosschecked-by-mhxx-save-editors
7,37,1,5,-3,3,kiranico-mhgu-charm-table-crosschecked-by-mhxx-save-editors
7,38,1,5,-3,3,kiranico-mhgu-charm-table-crosschecked-by-mhxx-save-editors
7,39,0,0,-3,3,kiranico-mhgu-charm-table-crosschecked-by-mhxx-save-editors
7,40,1,6,0,0,kiranico-mhgu-charm-table-crosschecked-by-mhxx-save-editors
7,41,0,0,-3,3,kiranico-mhgu-charm-table-crosschecked-by-mhxx-save-editors
7,42,0,0,-5,8,kiranico-mhgu-charm-table-crosschecked-by-mhxx-save-editors
7,43,1,6,-10,4,kiranico-mhgu-charm-table-crosschecked-by-mhxx-save-editors
7,44,1,6,-3,3,kiranico-mhgu-charm-table-crosschecked-by-mhxx-save-editors
7,45,0,0,0,0,kiranico-mhgu-charm-table-crosschecked-by-mhxx-save-editors
7,46,1,6,-3,4,kiranico-mhgu-charm-table-crosschecked-by-mhxx-save-editors
7,47,1,5,-3,3,kiranico-mhgu-charm-table-crosschecked-by-mhxx-save-editors
7,48,0,0,0,0,kiranico-mhgu-charm-table-crosschecked-by-mhxx-save-editors
7,49,1,5,-3,3,kiranico-mhgu-charm-table-crosschecked-by-mhxx-save-editors
7,50,1,5,-3,3,kiranico-mhgu-charm-table-crosschecked-by-mhxx-save-editors
7,51,1,5,-3,3,kiranico-mhgu-charm-table-crosschecked-by-mhxx-save-editors
7,52,1,5,-3,3,kiranico-mhgu-charm-table-crosschecked-by-mhxx-save-editors
7,53,0,0,0,0,kiranico-mhgu-charm-table-crosschecked-by-mhxx-save-editors
7,54,0,0,0,0,kiranico-mhgu-charm-table-crosschecked-by-mhxx-save-editors
7,55,0,0,0,0,kiranico-mhgu-charm-table-crosschecked-by-mhxx-save-editors
7,56,0,0,0,0,kiranico-mhgu-charm-table-crosschecked-by-mhxx-save-editors
7,57,0,0,0,0,kiranico-mhgu-charm-table-crosschecked-by-mhxx-save-editors
7,58,0,0,0,0,kiranico-mhgu-charm-table-crosschecked-by-mhxx-save-editors
7,59,0,0,0,0,kiranico-mhgu-charm-table-crosschecked-by-mhxx-save-editors
7,60,0,0,0,0,kiranico-mhgu-charm-table-crosschecked-by-mhxx-save-editors
7,61,0,0,0,0,kiranico-mhgu-charm-table-crosschecked-by-mhxx-save-editors
7,62,0,0,0,0,kiranico-mhgu-charm-table-crosschecked-by-mhxx-save-editors
7,63,0,0,0,0,kiranico-mhgu-charm-table-crosschecked-by-mhxx-save-editors
7,64,0,0,0,0,kiranico-mhgu-charm-table-crosschecked-by-mhxx-save-editors
7,65,0,0,0,0,kiranico-mhgu-charm-table-crosschecked-by-mhxx-save-editors
7,66,0,0,-3,3,kiranico-mhgu-charm-table-crosschecked-by-mhxx-save-editors
7,67,1,3,-5,5,kiranico-mhgu-charm-table-crosschecked-by-mhxx-save-editors
7,68,0,0,-3,3,kiranico-mhgu-charm-table-crosschecked-by-mhxx-save-editors
7,69,0,0,0,0,kiranico-mhgu-charm-table-crosschecked-by-mhxx-save-editors
7,70,1,5,-5,5,kiranico-mhgu-charm-table-crosschecked-by-mhxx-save-editors
7,71,0,0,-10,10,kiranico-mhgu-charm-table-crosschecked-by-mhxx-save-editors
7,72,1,5,-3,3,kiranico-mhgu-charm-table-crosschecked-by-mhxx-save-editors
7,73,0,0,-3,3,kiranico-mhgu-charm-table-crosschecked-by-mhxx-save-editors
7,74,1,5,0,0,kiranico-mhgu-charm-table-crosschecked-by-mhxx-save-editors
7,75,1,5,0,0,kiranico-mhgu-charm-table-crosschecked-by-mhxx-save-editors
7,76,0,0,-3,3,kiranico-mhgu-charm-table-crosschecked-by-mhxx-save-editors
7,77,0,0,0,0,kiranico-mhgu-charm-table-crosschecked-by-mhxx-save-editors
7,78,1,5,-3,3,kiranico-mhgu-charm-table-crosschecked-by-mhxx-save-editors
7,79,1,5,-3,3,kiranico-mhgu-charm-table-crosschecked-by-mhxx-save-editors
7,80,1,6,-3,4,kiranico-mhgu-charm-table-crosschecked-by-mhxx-save-editors
7,81,1,6,-3,4,kiranico-mhgu-charm-table-crosschecked-by-mhxx-save-editors
7,82,0,0,-5,5,kiranico-mhgu-charm-table-crosschecked-by-mhxx-save-editors
7,83,1,6,-3,4,kiranico-mhgu-charm-table-crosschecked-by-mhxx-save-editors
7,84,1,6,-3,4,kiranico-mhgu-charm-table-crosschecked-by-mhxx-save-editors
7,85,0,0,-3,3,kiranico-mhgu-charm-table-crosschecked-by-mhxx-save-editors
7,86,1,6,-3,4,kiranico-mhgu-charm-table-crosschecked-by-mhxx-save-editors
7,87,1,6,-3,4,kiranico-mhgu-charm-table-crosschecked-by-mhxx-save-editors
7,88,1,6,-3,4,kiranico-mhgu-charm-table-crosschecked-by-mhxx-save-editors
7,89,1,6,-3,4,kiranico-mhgu-charm-table-crosschecked-by-mhxx-save-editors
7,90,0,0,-10,10,kiranico-mhgu-charm-table-crosschecked-by-mhxx-save-editors
7,91,0,0,-10,10,kiranico-mhgu-charm-table-crosschecked-by-mhxx-save-editors
7,92,1,5,-3,3,kiranico-mhgu-charm-table-crosschecked-by-mhxx-save-editors
7,93,0,0,-10,10,kiranico-mhgu-charm-table-crosschecked-by-mhxx-save-editors
7,94,1,6,-3,4,kiranico-mhgu-charm-table-crosschecked-by-mhxx-save-editors
7,95,0,0,-3,3,kiranico-mhgu-charm-table-crosschecked-by-mhxx-save-editors
7,96,0,0,-3,3,kiranico-mhgu-charm-table-crosschecked-by-mhxx-save-editors
7,97,0,0,-3,3,kiranico-mhgu-charm-table-crosschecked-by-mhxx-save-editors
7,98,0,0,0,0,kiranico-mhgu-charm-table-crosschecked-by-mhxx-save-editors
7,99,1,6,-3,4,kiranico-mhgu-charm-table-crosschecked-by-mhxx-save-editors
7,100,0,0,0,0,kiranico-mhgu-charm-table-crosschecked-by-mhxx-save-editors
7,101,1,5,-5,5,kiranico-mhgu-charm-table-crosschecked-by-mhxx-save-editors
7,102,1,5,-5,5,kiranico-mhgu-charm-table-crosschecked-by-mhxx-save-editors
7,103,0,0,-3,3,kiranico-mhgu-charm-table-crosschecked-by-mhxx-save-editors
7,104,0,0,0,0,kiranico-mhgu-charm-table-crosschecked-by-mhxx-save-editors
7,105,1,7,-10,10,kiranico-mhgu-charm-table-crosschecked-by-mhxx-save-editors
7,106,1,7,-10,10,kiranico-mhgu-charm-table-crosschecked-by-mhxx-save-editors
7,107,0,0,-5,5,kiranico-mhgu-charm-table-crosschecked-by-mhxx-save-editors
7,108,1,5,-5,5,kiranico-mhgu-charm-table-crosschecked-by-mhxx-save-editors
7,109,0,0,-3,3,kiranico-mhgu-charm-table-crosschecked-by-mhxx-save-editors
7,110,1,5,-5,5,kiranico-mhgu-charm-table-crosschecked-by-mhxx-save-editors
7,111,1,6,-3,3,kiranico-mhgu-charm-table-crosschecked-by-mhxx-save-editors
7,112,0,0,-10,12,kiranico-mhgu-charm-table-crosschecked-by-mhxx-save-editors
7,113,0,0,0,0,kiranico-mhgu-charm-table-crosschecked-by-mhxx-save-editors
7,114,0,0,0,0,kiranico-mhgu-charm-table-crosschecked-by-mhxx-save-editors
7,115,0,0,0,0,kiranico-mhgu-charm-table-crosschecked-by-mhxx-save-editors
7,116,1,7,-10,9,kiranico-mhgu-charm-table-crosschecked-by-mhxx-save-editors
7,117,0,0,-3,3,kiranico-mhgu-charm-table-crosschecked-by-mhxx-save-editors
7,118,1,6,-3,4,kiranico-mhgu-charm-table-crosschecked-by-mhxx-save-editors
7,119,0,0,-10,12,kiranico-mhgu-charm-table-crosschecked-by-mhxx-save-editors
7,120,0,0,0,0,kiranico-mhgu-charm-table-crosschecked-by-mhxx-save-editors
7,121,0,0,-10,12,kiranico-mhgu-charm-table-crosschecked-by-mhxx-save-editors
7,122,0,0,-10,10,kiranico-mhgu-charm-table-crosschecked-by-mhxx-save-editors
7,123,0,0,0,0,kiranico-mhgu-charm-table-crosschecked-by-mhxx-save-editors
7,124,1,5,-3,3,kiranico-mhgu-charm-table-crosschecked-by-mhxx-save-editors
7,125,1,5,-5,5,kiranico-mhgu-charm-table-crosschecked-by-mhxx-save-editors
7,126,1,5,-5,5,kiranico-mhgu-charm-table-crosschecked-by-mhxx-save-editors
7,127,0,0,-3,3,kiranico-mhgu-charm-table-crosschecked-by-mhxx-save-editors
7,128,0,0,0,0,kiranico-mhgu-charm-table-crosschecked-by-mhxx-save-editors
7,129,0,0,0,0,kiranico-mhgu-charm-table-crosschecked-by-mhxx-save-editors
7,130,0,0,0,0,kiranico-mhgu-charm-table-crosschecked-by-mhxx-save-editors
7,131,0,0,0,0,kiranico-mhgu-charm-table-crosschecked-by-mhxx-save-editors
7,132,0,0,0,0,kiranico-mhgu-charm-table-crosschecked-by-mhxx-save-editors
7,133,0,0,0,0,kiranico-mhgu-charm-table-crosschecked-by-mhxx-save-editors
7,134,1,7,-8,10,kiranico-mhgu-charm-table-crosschecked-by-mhxx-save-editors
7,135,0,0,0,0,kiranico-mhgu-charm-table-crosschecked-by-mhxx-save-editors
7,136,0,0,-3,3,kiranico-mhgu-charm-table-crosschecked-by-mhxx-save-editors
7,137,0,0,-3,3,kiranico-mhgu-charm-table-crosschecked-by-mhxx-save-editors
7,138,0,0,-3,3,kiranico-mhgu-charm-table-crosschecked-by-mhxx-save-editors
7,139,0,0,0,0,kiranico-mhgu-charm-table-crosschecked-by-mhxx-save-editors
7,140,0,0,0,0,kiranico-mhgu-charm-table-crosschecked-by-mhxx-save-editors
7,141,0,0,0,0,kiranico-mhgu-charm-table-crosschecked-by-mhxx-save-editors
7,142,0,0,0,0,kiranico-mhgu-charm-table-crosschecked-by-mhxx-save-editors
7,143,0,0,0,0,kiranico-mhgu-charm-table-crosschecked-by-mhxx-save-editors
7,144,0,0,0,0,kiranico-mhgu-charm-table-crosschecked-by-mhxx-save-editors
7,145,0,0,-3,3,kiranico-mhgu-charm-table-crosschecked-by-mhxx-save-editors
7,146,0,0,-3,3,kiranico-mhgu-charm-table-crosschecked-by-mhxx-save-editors
7,147,0,0,-3,3,kiranico-mhgu-charm-table-crosschecked-by-mhxx-save-editors
7,148,0,0,-3,3,kiranico-mhgu-charm-table-crosschecked-by-mhxx-save-editors
7,149,0,0,-3,3,kiranico-mhgu-charm-table-crosschecked-by-mhxx-save-editors
7,150,0,0,-3,3,kiranico-mhgu-charm-table-crosschecked-by-mhxx-save-editors
7,151,0,0,-3,3,kiranico-mhgu-charm-table-crosschecked-by-mhxx-save-editors
7,152,0,0,-3,3,kiranico-mhgu-charm-table-crosschecked-by-mhxx-save-editors
7,153,0,0,-3,3,kiranico-mhgu-charm-table-crosschecked-by-mhxx-save-editors
7,154,0,0,-3,3,kiranico-mhgu-charm-table-crosschecked-by-mhxx-save-editors
7,155,0,0,-3,3,kiranico-mhgu-charm-table-crosschecked-by-mhxx-save-editors
7,156,0,0,-3,3,kiranico-mhgu-charm-table-crosschecked-by-mhxx-save-editors
7,157,0,0,-3,3,kiranico-mhgu-charm-table-crosschecked-by-mhxx-save-editors
7,158,0,0,-3,3,kiranico-mhgu-charm-table-crosschecked-by-mhxx-save-editors
7,159,0,0,-3,3,kiranico-mhgu-charm-table-crosschecked-by-mhxx-save-editors
7,160,0,0,-3,3,kiranico-mhgu-charm-table-crosschecked-by-mhxx-save-editors
7,161,0,0,-3,3,kiranico-mhgu-charm-table-crosschecked-by-mhxx-save-editors
7,162,0,0,-3,3,kiranico-mhgu-charm-table-crosschecked-by-mhxx-save-editors
7,163,0,0,0,0,kiranico-mhgu-charm-table-crosschecked-by-mhxx-save-editors
7,164,0,0,0,0,kiranico-mhgu-charm-table-crosschecked-by-mhxx-save-editors
7,165,0,0,0,0,kiranico-mhgu-charm-table-crosschecked-by-mhxx-save-editors
7,166,0,0,0,0,kiranico-mhgu-charm-table-crosschecked-by-mhxx-save-editors
7,167,0,0,0,0,kiranico-mhgu-charm-table-crosschecked-by-mhxx-save-editors
7,168,0,0,0,0,kiranico-mhgu-charm-table-crosschecked-by-mhxx-save-editors
7,169,0,0,0,0,kiranico-mhgu-charm-table-crosschecked-by-mhxx-save-editors
7,170,0,0,0,0,kiranico-mhgu-charm-table-crosschecked-by-mhxx-save-editors
7,171,0,0,0,0,kiranico-mhgu-charm-table-crosschecked-by-mhxx-save-editors
7,172,0,0,0,0,kiranico-mhgu-charm-table-crosschecked-by-mhxx-save-editors
7,173,0,0,0,0,kiranico-mhgu-charm-table-crosschecked-by-mhxx-save-editors
7,174,0,0,0,0,kiranico-mhgu-charm-table-crosschecked-by-mhxx-save-editors
7,175,0,0,0,0,kiranico-mhgu-charm-table-crosschecked-by-mhxx-save-editors
7,176,0,0,0,0,kiranico-mhgu-charm-table-crosschecked-by-mhxx-save-editors
7,177,0,0,0,0,kiranico-mhgu-charm-table-crosschecked-by-mhxx-save-editors
7,178,0,0,0,0,kiranico-mhgu-charm-table-crosschecked-by-mhxx-save-editors
7,179,0,0,0,0,kiranico-mhgu-charm-table-crosschecked-by-mhxx-save-editors
7,180,0,0,0,0,kiranico-mhgu-charm-table-crosschecked-by-mhxx-save-editors
7,181,0,0,0,0,kiranico-mhgu-charm-table-crosschecked-by-mhxx-save-editors
7,182,0,0,0,0,kiranico-mhgu-charm-table-crosschecked-by-mhxx-save-editors
7,183,0,0,0,0,kiranico-mhgu-charm-table-crosschecked-by-mhxx-save-editors
7,184,0,0,0,0,kiranico-mhgu-charm-table-crosschecked-by-mhxx-save-editors
7,185,0,0,0,0,kiranico-mhgu-charm-table-crosschecked-by-mhxx-save-editors
7,186,0,0,0,0,kiranico-mhgu-charm-table-crosschecked-by-mhxx-save-editors
7,187,0,0,0,0,kiranico-mhgu-charm-table-crosschecked-by-mhxx-save-editors
7,188,0,0,0,0,kiranico-mhgu-charm-table-crosschecked-by-mhxx-save-editors
7,189,0,0,0,0,kiranico-mhgu-charm-table-crosschecked-by-mhxx-save-editors
7,190,0,0,0,0,kiranico-mhgu-charm-table-crosschecked-by-mhxx-save-editors
7,191,0,0,0,0,kiranico-mhgu-charm-table-crosschecked-by-mhxx-save-editors
7,192,0,0,0,0,kiranico-mhgu-charm-table-crosschecked-by-mhxx-save-editors
7,193,0,0,0,0,kiranico-mhgu-charm-table-crosschecked-by-mhxx-save-editors
7,194,0,0,0,0,kiranico-mhgu-charm-table-crosschecked-by-mhxx-save-editors
7,195,0,0,0,0,kiranico-mhgu-charm-table-crosschecked-by-mhxx-save-editors
7,196,0,0,0,0,kiranico-mhgu-charm-table-crosschecked-by-mhxx-save-editors
7,197,0,0,0,0,kiranico-mhgu-charm-table-crosschecked-by-mhxx-save-editors
7,198,0,0,0,0,kiranico-mhgu-charm-table-crosschecked-by-mhxx-save-editors
7,199,0,0,0,0,kiranico-mhgu-charm-table-crosschecked-by-mhxx-save-editors
7,200,0,0,0,0,kiranico-mhgu-charm-table-crosschecked-by-mhxx-save-editors
7,201,0,0,0,0,kiranico-mhgu-charm-table-crosschecked-by-mhxx-save-editors
7,202,0,0,0,0,kiranico-mhgu-charm-table-crosschecked-by-mhxx-save-editors
7,203,0,0,0,0,kiranico-mhgu-charm-table-crosschecked-by-mhxx-save-editors
7,204,0,0,0,0,kiranico-mhgu-charm-table-crosschecked-by-mhxx-save-editors
7,205,0,0,0,0,kiranico-mhgu-charm-table-crosschecked-by-mhxx-save-editors
8,0,0,0,0,0,kiranico-mhgu-charm-table-crosschecked-by-mhxx-save-editors
8,1,0,0,0,0,kiranico-mhgu-charm-table-crosschecked-by-mhxx-save-editors
8,2,0,0,0,0,kiranico-mhgu-charm-table-crosschecked-by-mhxx-save-editors
8,3,0,0,0,0,kiranico-mhgu-charm-table-crosschecked-by-mhxx-save-editors
8,4,0,0,0,0,kiranico-mhgu-charm-table-crosschecked-by-mhxx-save-editors
8,5,0,0,0,0,kiranico-mhgu-charm-table-crosschecked-by-mhxx-save-editors
8,6,3,7,-3,5,kiranico-mhgu-charm-table-crosschecked-by-mhxx-save-editors
8,7,5,10,-5,7,kiranico-mhgu-charm-table-crosschecked-by-mhxx-save-editors
8,8,0,0,0,0,kiranico-mhgu-charm-table-crosschecked-by-mhxx-save-editors
8,9,0,0,0,0,kiranico-mhgu-charm-table-crosschecked-by-mhxx-save-editors
8,10,0,0,0,0,kiranico-mhgu-charm-table-crosschecked-by-mhxx-save-editors
8,11,0,0,0,0,kiranico-mhgu-charm-table-crosschecked-by-mhxx-save-editors
8,12,3,7,0,0,kiranico-mhgu-charm-table-crosschecked-by-mhxx-save-editors
8,13,3,7,0,0,kiranico-mhgu-charm-table-crosschecked-by-mhxx-save-editors
8,14,0,0,0,0,kiranico-mhgu-charm-table-crosschecked-by-mhxx-save-editors
8,15,0,0,0,0,kiranico-mhgu-charm-table-crosschecked-by-mhxx-save-editors
8,16,3,7,0,0,kiranico-mhgu-charm-table-crosschecked-by-mhxx-save-editors
8,17,5,10,0,0,kiranico-mhgu-charm-table-crosschecked-by-mhxx-save-editors
8,18,0,0,0,0,kiranico-mhgu-charm-table-crosschecked-by-mhxx-save-editors
8,19,0,0,-7,10,kiranico-mhgu-charm-table-crosschecked-by-mhxx-save-editors
8,20,0,0,-5,13,kiranico-mhgu-charm-table-crosschecked-by-mhxx-save-editors
8,21,0,0,0,0,kiranico-mhgu-charm-table-crosschecked-by-mhxx-save-editors
8,22,0,0,0,0,kiranico-mhgu-charm-table-crosschecked-by-mhxx-save-editors
8,23,0,0,0,0,kiranico-mhgu-charm-table-crosschecked-by-mhxx-save-editors
8,24,0,0,0,0,kiranico-mhgu-charm-table-crosschecked-by-mhxx-save-editors
8,25,0,0,0,0,kiranico-mhgu-charm-table-crosschecked-by-mhxx-save-editors
8,26,0,0,0,0,kiranico-mhgu-charm-table-crosschecked-by-mhxx-save-editors
8,27,3,7,-5,7,kiranico-mhgu-charm-table-crosschecked-by-mhxx-save-editors
8,28,0,0,-5,13,kiranico-mhgu-charm-table-crosschecked-by-mhxx-save-editors
8,29,0,0,-5,13,kiranico-mhgu-charm-table-crosschecked-by-mhxx-save-editors
8,30,0,0,-5,13,kiranico-mhgu-charm-table-crosschecked-by-mhxx-save-editors
8,31,0,0,-5,13,kiranico-mhgu-charm-table-crosschecked-by-mhxx-save-editors
8,32,0,0,-5,13,kiranico-mhgu-charm-table-crosschecked-by-mhxx-save-editors
8,33,3,7,0,0,kiranico-mhgu-charm-table-crosschecked-by-mhxx-save-editors
8,34,3,7,-5,7,kiranico-mhgu-charm-table-crosschecked-by-mhxx-save-editors
8,35,0,0,-7,10,kiranico-mhgu-charm-table-crosschecked-by-mhxx-save-editors
8,36,0,0,-3,5,kiranico-mhgu-charm-table-crosschecked-by-mhxx-save-editors
8,37,3,7,-5,7,kiranico-mhgu-charm-table-crosschecked-by-mhxx-save-editors
8,38,3,7,-5,7,kiranico-mhgu-charm-table-crosschecked-by-mhxx-save-editors
8,39,1,5,-3,5,kiranico-mhgu-charm-table-crosschecked-by-mhxx-save-editors
8,40,2,6,0,0,kiranico-mhgu-charm-table-crosschecked-by-mhxx-save-editors
8,41,1,5,-5,5,kiranico-mhgu-charm-table-crosschecked-by-mhxx-save-editors
8,42,1,5,-2,8,kiranico-mhgu-charm-table-crosschecked-by-mhxx-save-editors
8,43,5,10,-5,7,kiranico-mhgu-charm-table-crosschecked-by-mhxx-save-editors
8,44,5,10,0,0,kiranico-mhgu-charm-table-crosschecked-by-mhxx-save-editors
8,45,0,0,-3,3,kiranico-mhgu-charm-table-crosschecked-by-mhxx-save-editors
8,46,3,7,-5,7,kiranico-mhgu-charm-table-crosschecked-by-mhxx-save-editors
8,47,2,6,-5,7,kiranico-mhgu-charm-table-crosschecked-by-mhxx-save-editors
8,48,0,0,0,0,kiranico-mhgu-charm-table-crosschecked-by-mhxx-save-editors
8,49,2,6,-3,5,kiranico-mhgu-charm-table-crosschecked-by-mhxx-save-editors
8,50,2,6,-3,5,kiranico-mhgu-charm-table-crosschecked-by-mhxx-save-editors
8,51,2,6,-3,5,kiranico-mhgu-charm-table-crosschecked-by-mhxx-save-editors
8,52,2,6,-3,5,kiranico-mhgu-charm-table-crosschecked-by-mhxx-save-editors
8,53,0,0,0,0,kiranico-mhgu-charm-table-crosschecked-by-mhxx-save-editors
8,54,0,0,0,0,kiranico-mhgu-charm-table-crosschecked-by-mhxx-save-editors
8,55,0,0,0,0,kiranico-mhgu-charm-table-crosschecked-by-mhxx-save-editors
8,56,0,0,0,0,kiranico-mhgu-charm-table-crosschecked-by-mhxx-save-editors
8,57,0,0,0,0,kiranico-mhgu-charm-table-crosschecked-by-mhxx-save-editors
8,58,0,0,0,0,kiranico-mhgu-charm-table-crosschecked-by-mhxx-save-editors
8,59,0,0,0,0,kiranico-mhgu-charm-table-crosschecked-by-mhxx-save-editors
8,60,0,0,0,0,kiranico-mhgu-charm-table-crosschecked-by-mhxx-save-editors
8,61,0,0,0,0,kiranico-mhgu-charm-table-crosschecked-by-mhxx-save-editors
8,62,0,0,0,0,kiranico-mhgu-charm-table-crosschecked-by-mhxx-save-editors
8,63,0,0,0,0,kiranico-mhgu-charm-table-crosschecked-by-mhxx-save-editors
8,64,0,0,0,0,kiranico-mhgu-charm-table-crosschecked-by-mhxx-save-editors
8,65,0,0,0,0,kiranico-mhgu-charm-table-crosschecked-by-mhxx-save-editors
8,66,1,5,-3,5,kiranico-mhgu-charm-table-crosschecked-by-mhxx-save-editors
8,67,1,5,-3,5,kiranico-mhgu-charm-table-crosschecked-by-mhxx-save-editors
8,68,1,5,-3,5,kiranico-mhgu-charm-table-crosschecked-by-mhxx-save-editors
8,69,0,0,0,0,kiranico-mhgu-charm-table-crosschecked-by-mhxx-save-editors
8,70,3,7,-5,7,kiranico-mhgu-charm-table-crosschecked-by-mhxx-save-editors
8,71,0,0,-7,10,kiranico-mhgu-charm-table-crosschecked-by-mhxx-save-editors
8,72,2,6,-3,5,kiranico-mhgu-charm-table-crosschecked-by-mhxx-save-editors
8,73,1,5,-1,3,kiranico-mhgu-charm-table-crosschecked-by-mhxx-save-editors
8,74,2,6,0,0,kiranico-mhgu-charm-table-crosschecked-by-mhxx-save-editors
8,75,2,6,0,0,kiranico-mhgu-charm-table-crosschecked-by-mhxx-save-editors
8,76,0,0,-3,5,kiranico-mhgu-charm-table-crosschecked-by-mhxx-save-editors
8,77,0,0,-3,3,kiranico-mhgu-charm-table-crosschecked-by-mhxx-save-editors
8,78,2,6,-3,5,kiranico-mhgu-charm-table-crosschecked-by-mhxx-save-editors
8,79,2,6,-3,5,kiranico-mhgu-charm-table-crosschecked-by-mhxx-save-editors
8,80,3,7,-3,5,kiranico-mhgu-charm-table-crosschecked-by-mhxx-save-editors
8,81,3,7,-3,5,kiranico-mhgu-charm-table-crosschecked-by-mhxx-save-editors
8,82,2,6,-3,5,kiranico-mhgu-charm-table-crosschecked-by-mhxx-save-editors
8,83,2,6,-3,5,kiranico-mhgu-charm-table-crosschecked-by-mhxx-save-editors
8,84,2,6,-3,5,kiranico-mhgu-charm-table-crosschecked-by-mhxx-save-editors
8,85,1,5,-1,3,kiranico-mhgu-charm-table-crosschecked-by-mhxx-save-editors
8,86,3,7,-3,5,kiranico-mhgu-charm-table-crosschecked-by-mhxx-save-editors
8,87,3,7,-3,5,kiranico-mhgu-charm-table-crosschecked-by-mhxx-save-editors
8,88,5,10,-7,10,kiranico-mhgu-charm-table-crosschecked-by-mhxx-save-editors
8,89,5,10,-7,10,kiranico-mhgu-charm-table-crosschecked-by-mhxx-save-editors
8,90,0,0,-5,10,kiranico-mhgu-charm-table-crosschecked-by-mhxx-save-editors
8,91,0,0,-5,10,kiranico-mhgu-charm-table-crosschecked-by-mhxx-save-editors
8,92,2,6,-3,5,kiranico-mhgu-charm-table-crosschecked-by-mhxx-save-editors
8,93,0,0,-5,10,kiranico-mhgu-charm-table-crosschecked-by-mhxx-save-editors
8,94,2,6,-3,5,kiranico-mhgu-charm-table-crosschecked-by-mhxx-save-editors
8,95,1,5,-1,3,kiranico-mhgu-charm-table-crosschecked-by-mhxx-save-editors
8,96,1,5,-1,3,kiranico-mhgu-charm-table-crosschecked-by-mhxx-save-editors
8,97,1,5,-1,3,kiranico-mhgu-charm-table-crosschecked-by-mhxx-save-editors
8,98,0,0,-3,3,kiranico-mhgu-charm-table-crosschecked-by-mhxx-save-editors
8,99,2,6,-3,5,kiranico-mhgu-charm-table-crosschecked-by-mhxx-save-editors
8,100,0,0,0,0,kiranico-mhgu-charm-table-crosschecked-by-mhxx-save-editors
8,101,2,6,-3,5,kiranico-mhgu-charm-table-crosschecked-by-mhxx-save-editors
8,102,2,6,-3,5,kiranico-mhgu-charm-table-crosschecked-by-mhxx-save-editors
8,103,1,5,-1,3,kiranico-mhgu-charm-table-crosschecked-by-mhxx-save-editors
8,104,0,0,0,0,kiranico-mhgu-charm-table-crosschecked-by-mhxx-save-editors
8,105,0,0,0,0,kiranico-mhgu-charm-table-crosschecked-by-mhxx-save-editors
8,106,0,0,0,0,kiranico-mhgu-charm-table-crosschecked-by-mhxx-save-editors
8,107,0,0,-7,10,kiranico-mhgu-charm-table-crosschecked-by-mhxx-save-editors
8,108,2,6,-3,5,kiranico-mhgu-charm-table-crosschecked-by-mhxx-save-editors
8,109,1,5,-1,3,kiranico-mhgu-charm-table-crosschecked-by-mhxx-save-editors
8,110,3,7,-5,7,kiranico-mhgu-charm-table-crosschecked-by-mhxx-save-editors
8,111,3,7,-5,7,kiranico-mhgu-charm-table-crosschecked-by-mhxx-save-editors
8,112,0,0,0,0,kiranico-mhgu-charm-table-crosschecked-by-mhxx-save-editors
8,113,0,0,0,0,kiranico-mhgu-charm-table-crosschecked-by-mhxx-save-editors
8,114,0,0,0,0,kiranico-mhgu-charm-table-crosschecked-by-mhxx-save-editors
8,115,0,0,0,0,kiranico-mhgu-charm-table-crosschecked-by-mhxx-save-editors
8,116,3,7,-7,10,kiranico-mhgu-charm-table-crosschecked-by-mhxx-save-editors
8,117,1,5,-1,3,kiranico-mhgu-charm-table-crosschecked-by-mhxx-save-editors
8,118,3,7,-3,5,kiranico-mhgu-charm-table-crosschecked-by-mhxx-save-editors
8,119,0,0,0,0,kiranico-mhgu-charm-table-crosschecked-by-mhxx-save-editors
8,120,0,0,0,0,kiranico-mhgu-charm-table-crosschecked-by-mhxx-save-editors
8,121,0,0,-5,12,kiranico-mhgu-charm-table-crosschecked-by-mhxx-save-editors
8,122,0,0,0,0,kiranico-mhgu-charm-table-crosschecked-by-mhxx-save-editors
8,123,0,0,0,0,kiranico-mhgu-charm-table-crosschecked-by-mhxx-save-editors
8,124,2,6,-3,5,kiranico-mhgu-charm-table-crosschecked-by-mhxx-save-editors
8,125,3,7,-5,7,kiranico-mhgu-charm-table-crosschecked-by-mhxx-save-editors
8,126,0,0,0,0,kiranico-mhgu-charm-table-crosschecked-by-mhxx-save-editors
8,127,0,0,-3,5,kiranico-mhgu-charm-table-crosschecked-by-mhxx-save-editors
8,128,0,0,0,0,kiranico-mhgu-charm-table-crosschecked-by-mhxx-save-editors
8,129,0,0,0,0,kiranico-mhgu-charm-table-crosschecked-by-mhxx-save-editors
8,130,0,0,0,0,kiranico-mhgu-charm-table-crosschecked-by-mhxx-save-editors
8,131,0,0,0,0,kiranico-mhgu-charm-table-crosschecked-by-mhxx-save-editors
8,132,0,0,0,0,kiranico-mhgu-charm-table-crosschecked-by-mhxx-save-editors
8,133,0,0,0,0,kiranico-mhgu-charm-table-crosschecked-by-mhxx-save-editors
8,134,3,7,-7,10,kiranico-mhgu-charm-table-crosschecked-by-mhxx-save-editors
8,135,0,0,0,0,kiranico-mhgu-charm-table-crosschecked-by-mhxx-save-editors
8,136,0,0,-5,7,kiranico-mhgu-charm-table-crosschecked-by-mhxx-save-editors
8,137,0,0,-3,5,kiranico-mhgu-charm-table-crosschecked-by-mhxx-save-editors
8,138,0,0,-5,7,kiranico-mhgu-charm-table-crosschecked-by-mhxx-save-editors
8,139,0,0,0,0,kiranico-mhgu-charm-table-crosschecked-by-mhxx-save-editors
8,140,0,0,0,0,kiranico-mhgu-charm-table-crosschecked-by-mhxx-save-editors
8,141,0,0,0,0,kiranico-mhgu-charm-table-crosschecked-by-mhxx-save-editors
8,142,0,0,0,0,kiranico-mhgu-charm-table-crosschecked-by-mhxx-save-editors
8,143,0,0,0,0,kiranico-mhgu-charm-table-crosschecked-by-mhxx-save-editors
8,144,0,0,0,0,kiranico-mhgu-charm-table-crosschecked-by-mhxx-save-editors
8,145,0,0,0,0,kiranico-mhgu-charm-table-crosschecked-by-mhxx-save-editors
8,146,0,0,0,0,kiranico-mhgu-charm-table-crosschecked-by-mhxx-save-editors
8,147,0,0,0,0,kiranico-mhgu-charm-table-crosschecked-by-mhxx-save-editors
8,148,0,0,0,0,kiranico-mhgu-charm-table-crosschecked-by-mhxx-save-editors
8,149,0,0,0,0,kiranico-mhgu-charm-table-crosschecked-by-mhxx-save-editors
8,150,0,0,0,0,kiranico-mhgu-charm-table-crosschecked-by-mhxx-save-editors
8,151,0,0,0,0,kiranico-mhgu-charm-table-crosschecked-by-mhxx-save-editors
8,152,0,0,0,0,kiranico-mhgu-charm-table-crosschecked-by-mhxx-save-editors
8,153,0,0,0,0,kiranico-mhgu-charm-table-crosschecked-by-mhxx-save-editors
8,154,0,0,0,0,kiranico-mhgu-charm-table-crosschecked-by-mhxx-save-editors
8,155,0,0,0,0,kiranico-mhgu-charm-table-crosschecked-by-mhxx-save-editors
8,156,0,0,0,0,kiranico-mhgu-charm-table-crosschecked-by-mhxx-save-editors
8,157,0,0,0,0,kiranico-mhgu-charm-table-crosschecked-by-mhxx-save-editors
8,158,0,0,0,0,kiranico-mhgu-charm-table-crosschecked-by-mhxx-save-editors
8,159,0,0,0,0,kiranico-mhgu-charm-table-crosschecked-by-mhxx-save-editors
8,160,0,0,0,0,kiranico-mhgu-charm-table-crosschecked-by-mhxx-save-editors
8,161,0,0,0,0,kiranico-mhgu-charm-table-crosschecked-by-mhxx-save-editors
8,162,0,0,0,0,kiranico-mhgu-charm-table-crosschecked-by-mhxx-save-editors
8,163,0,0,-3,3,kiranico-mhgu-charm-table-crosschecked-by-mhxx-save-editors
8,164,0,0,-3,3,kiranico-mhgu-charm-table-crosschecked-by-mhxx-save-editors
8,165,0,0,-3,3,kiranico-mhgu-charm-table-crosschecked-by-mhxx-save-editors
8,166,0,0,-3,3,kiranico-mhgu-charm-table-crosschecked-by-mhxx-save-editors
8,167,0,0,-3,3,kiranico-mhgu-charm-table-crosschecked-by-mhxx-save-editors
8,168,0,0,-3,3,kiranico-mhgu-charm-table-crosschecked-by-mhxx-save-editors
8,169,0,0,-3,3,kiranico-mhgu-charm-table-crosschecked-by-mhxx-save-editors
8,170,0,0,-3,3,kiranico-mhgu-charm-table-crosschecked-by-mhxx-save-editors
8,171,0,0,-3,3,kiranico-mhgu-charm-table-crosschecked-by-mhxx-save-editors
8,172,0,0,-3,3,kiranico-mhgu-charm-table-crosschecked-by-mhxx-save-editors
8,173,0,0,-3,3,kiranico-mhgu-charm-table-crosschecked-by-mhxx-save-editors
8,174,0,0,-3,3,kiranico-mhgu-charm-table-crosschecked-by-mhxx-save-editors
8,175,0,0,-3,3,kiranico-mhgu-charm-table-crosschecked-by-mhxx-save-editors
8,176,0,0,-3,3,kiranico-mhgu-charm-table-crosschecked-by-mhxx-save-editors
8,177,0,0,-3,3,kiranico-mhgu-charm-table-crosschecked-by-mhxx-save-editors
8,178,0,0,-3,3,kiranico-mhgu-charm-table-crosschecked-by-mhxx-save-editors
8,179,0,0,-3,3,kiranico-mhgu-charm-table-crosschecked-by-mhxx-save-editors
8,180,0,0,-3,3,kiranico-mhgu-charm-table-crosschecked-by-mhxx-save-editors
8,181,0,0,0,0,kiranico-mhgu-charm-table-crosschecked-by-mhxx-save-editors
8,182,0,0,0,0,kiranico-mhgu-charm-table-crosschecked-by-mhxx-save-editors
8,183,0,0,0,0,kiranico-mhgu-charm-table-crosschecked-by-mhxx-save-editors
8,184,0,0,0,0,kiranico-mhgu-charm-table-crosschecked-by-mhxx-save-editors
8,185,0,0,0,0,kiranico-mhgu-charm-table-crosschecked-by-mhxx-save-editors
8,186,0,0,0,0,kiranico-mhgu-charm-table-crosschecked-by-mhxx-save-editors
8,187,0,0,0,0,kiranico-mhgu-charm-table-crosschecked-by-mhxx-save-editors
8,188,0,0,0,0,kiranico-mhgu-charm-table-crosschecked-by-mhxx-save-editors
8,189,0,0,0,0,kiranico-mhgu-charm-table-crosschecked-by-mhxx-save-editors
8,190,0,0,0,0,kiranico-mhgu-charm-table-crosschecked-by-mhxx-save-editors
8,191,0,0,0,0,kiranico-mhgu-charm-table-crosschecked-by-mhxx-save-editors
8,192,0,0,0,0,kiranico-mhgu-charm-table-crosschecked-by-mhxx-save-editors
8,193,0,0,0,0,kiranico-mhgu-charm-table-crosschecked-by-mhxx-save-editors
8,194,0,0,0,0,kiranico-mhgu-charm-table-crosschecked-by-mhxx-save-editors
8,195,0,0,0,0,kiranico-mhgu-charm-table-crosschecked-by-mhxx-save-editors
8,196,0,0,0,0,kiranico-mhgu-charm-table-crosschecked-by-mhxx-save-editors
8,197,0,0,0,0,kiranico-mhgu-charm-table-crosschecked-by-mhxx-save-editors
8,198,0,0,0,0,kiranico-mhgu-charm-table-crosschecked-by-mhxx-save-editors
8,199,0,0,0,0,kiranico-mhgu-charm-table-crosschecked-by-mhxx-save-editors
8,200,0,0,0,0,kiranico-mhgu-charm-table-crosschecked-by-mhxx-save-editors
8,201,0,0,0,0,kiranico-mhgu-charm-table-crosschecked-by-mhxx-save-editors
8,202,0,0,0,0,kiranico-mhgu-charm-table-crosschecked-by-mhxx-save-editors
8,203,0,0,0,0,kiranico-mhgu-charm-table-crosschecked-by-mhxx-save-editors
8,204,0,0,0,0,kiranico-mhgu-charm-table-crosschecked-by-mhxx-save-editors
8,205,0,0,0,0,kiranico-mhgu-charm-table-crosschecked-by-mhxx-save-editors
9,0,0,0,0,0,kiranico-mhgu-charm-table-crosschecked-by-mhxx-save-editors
9,1,0,0,0,0,kiranico-mhgu-charm-table-crosschecked-by-mhxx-save-editors
9,2,0,0,0,0,kiranico-mhgu-charm-table-crosschecked-by-mhxx-save-editors
9,3,0,0,0,0,kiranico-mhgu-charm-table-crosschecked-by-mhxx-save-editors
9,4,0,0,0,0,kiranico-mhgu-charm-table-crosschecked-by-mhxx-save-editors
9,5,0,0,0,0,kiranico-mhgu-charm-table-crosschecked-by-mhxx-save-editors
9,6,3,7,-3,5,kiranico-mhgu-charm-table-crosschecked-by-mhxx-save-editors
9,7,5,10,-5,7,kiranico-mhgu-charm-table-crosschecked-by-mhxx-save-editors
9,8,0,0,0,0,kiranico-mhgu-charm-table-crosschecked-by-mhxx-save-editors
9,9,0,0,0,0,kiranico-mhgu-charm-table-crosschecked-by-mhxx-save-editors
9,10,0,0,0,0,kiranico-mhgu-charm-table-crosschecked-by-mhxx-save-editors
9,11,0,0,0,0,kiranico-mhgu-charm-table-crosschecked-by-mhxx-save-editors
9,12,3,7,0,0,kiranico-mhgu-charm-table-crosschecked-by-mhxx-save-editors
9,13,3,7,0,0,kiranico-mhgu-charm-table-crosschecked-by-mhxx-save-editors
9,14,0,0,0,0,kiranico-mhgu-charm-table-crosschecked-by-mhxx-save-editors
9,15,0,0,0,0,kiranico-mhgu-charm-table-crosschecked-by-mhxx-save-editors
9,16,3,7,0,0,kiranico-mhgu-charm-table-crosschecked-by-mhxx-save-editors
9,17,5,10,0,0,kiranico-mhgu-charm-table-crosschecked-by-mhxx-save-editors
9,18,0,0,0,0,kiranico-mhgu-charm-table-crosschecked-by-mhxx-save-editors
9,19,0,0,-7,10,kiranico-mhgu-charm-table-crosschecked-by-mhxx-save-editors
9,20,0,0,-5,13,kiranico-mhgu-charm-table-crosschecked-by-mhxx-save-editors
9,21,0,0,0,0,kiranico-mhgu-charm-table-crosschecked-by-mhxx-save-editors
9,22,0,0,0,0,kiranico-mhgu-charm-table-crosschecked-by-mhxx-save-editors
9,23,0,0,0,0,kiranico-mhgu-charm-table-crosschecked-by-mhxx-save-editors
9,24,0,0,0,0,kiranico-mhgu-charm-table-crosschecked-by-mhxx-save-editors
9,25,0,0,0,0,kiranico-mhgu-charm-table-crosschecked-by-mhxx-save-editors
9,26,0,0,0,0,kiranico-mhgu-charm-table-crosschecked-by-mhxx-save-editors
9,27,3,7,-5,7,kiranico-mhgu-charm-table-crosschecked-by-mhxx-save-editors
9,28,0,0,-5,13,kiranico-mhgu-charm-table-crosschecked-by-mhxx-save-editors
9,29,0,0,-5,13,kiranico-mhgu-charm-table-crosschecked-by-mhxx-save-editors
9,30,0,0,-5,13,kiranico-mhgu-charm-table-crosschecked-by-mhxx-save-editors
9,31,0,0,-5,13,kiranico-mhgu-charm-table-crosschecked-by-mhxx-save-editors
9,32,0,0,-5,13,kiranico-mhgu-charm-table-crosschecked-by-mhxx-save-editors
9,33,3,7,0,0,kiranico-mhgu-charm-table-crosschecked-by-mhxx-save-editors
9,34,3,7,-5,7,kiranico-mhgu-charm-table-crosschecked-by-mhxx-save-editors
9,35,0,0,-7,10,kiranico-mhgu-charm-table-crosschecked-by-mhxx-save-editors
9,36,0,0,-3,5,kiranico-mhgu-charm-table-crosschecked-by-mhxx-save-editors
9,37,3,7,-5,7,kiranico-mhgu-charm-table-crosschecked-by-mhxx-save-editors
9,38,3,7,-5,7,kiranico-mhgu-charm-table-crosschecked-by-mhxx-save-editors
9,39,1,5,-3,5,kiranico-mhgu-charm-table-crosschecked-by-mhxx-save-editors
9,40,2,6,0,0,kiranico-mhgu-charm-table-crosschecked-by-mhxx-save-editors
9,41,1,5,-5,5,kiranico-mhgu-charm-table-crosschecked-by-mhxx-save-editors
9,42,1,5,-2,8,kiranico-mhgu-charm-table-crosschecked-by-mhxx-save-editors
9,43,5,10,-5,7,kiranico-mhgu-charm-table-crosschecked-by-mhxx-save-editors
9,44,5,10,0,0,kiranico-mhgu-charm-table-crosschecked-by-mhxx-save-editors
9,45,0,0,-3,3,kiranico-mhgu-charm-table-crosschecked-by-mhxx-save-editors
9,46,3,7,-5,7,kiranico-mhgu-charm-table-crosschecked-by-mhxx-save-editors
9,47,2,6,-5,7,kiranico-mhgu-charm-table-crosschecked-by-mhxx-save-editors
9,48,0,0,0,0,kiranico-mhgu-charm-table-crosschecked-by-mhxx-save-editors
9,49,2,6,-3,5,kiranico-mhgu-charm-table-crosschecked-by-mhxx-save-editors
9,50,2,6,-3,5,kiranico-mhgu-charm-table-crosschecked-by-mhxx-save-editors
9,51,2,6,-3,5,kiranico-mhgu-charm-table-crosschecked-by-mhxx-save-editors
9,52,2,6,-3,5,kiranico-mhgu-charm-table-crosschecked-by-mhxx-save-editors
9,53,0,0,0,0,kiranico-mhgu-charm-table-crosschecked-by-mhxx-save-editors
9,54,0,0,0,0,kiranico-mhgu-charm-table-crosschecked-by-mhxx-save-editors
9,55,0,0,0,0,kiranico-mhgu-charm-table-crosschecked-by-mhxx-save-editors
9,56,0,0,0,0,kiranico-mhgu-charm-table-crosschecked-by-mhxx-save-editors
9,57,0,0,0,0,kiranico-mhgu-charm-table-crosschecked-by-mhxx-save-editors
9,58,0,0,0,0,kiranico-mhgu-charm-table-crosschecked-by-mhxx-save-editors
9,59,0,0,0,0,kiranico-mhgu-charm-table-crosschecked-by-mhxx-save-editors
9,60,0,0,0,0,kiranico-mhgu-charm-table-crosschecked-by-mhxx-save-editors
9,61,0,0,0,0,kiranico-mhgu-charm-table-crosschecked-by-mhxx-save-editors
9,62,0,0,0,0,kiranico-mhgu-charm-table-crosschecked-by-mhxx-save-editors
9,63,0,0,0,0,kiranico-mhgu-charm-table-crosschecked-by-mhxx-save-editors
9,64,0,0,0,0,kiranico-mhgu-charm-table-crosschecked-by-mhxx-save-editors
9,65,0,0,0,0,kiranico-mhgu-charm-table-crosschecked-by-mhxx-save-editors
9,66,1,5,-3,5,kiranico-mhgu-charm-table-crosschecked-by-mhxx-save-editors
9,67,1,5,-3,5,kiranico-mhgu-charm-table-crosschecked-by-mhxx-save-editors
9,68,1,5,-3,5,kiranico-mhgu-charm-table-crosschecked-by-mhxx-save-editors
9,69,0,0,0,0,kiranico-mhgu-charm-table-crosschecked-by-mhxx-save-editors
9,70,3,7,-5,7,kiranico-mhgu-charm-table-crosschecked-by-mhxx-save-editors
9,71,0,0,-7,10,kiranico-mhgu-charm-table-crosschecked-by-mhxx-save-editors
9,72,2,6,-3,5,kiranico-mhgu-charm-table-crosschecked-by-mhxx-save-editors
9,73,1,5,-1,3,kiranico-mhgu-charm-table-crosschecked-by-mhxx-save-editors
9,74,2,6,0,0,kiranico-mhgu-charm-table-crosschecked-by-mhxx-save-editors
9,75,2,6,0,0,kiranico-mhgu-charm-table-crosschecked-by-mhxx-save-editors
9,76,0,0,-3,5,kiranico-mhgu-charm-table-crosschecked-by-mhxx-save-editors
9,77,0,0,-3,3,kiranico-mhgu-charm-table-crosschecked-by-mhxx-save-editors
9,78,2,6,-3,5,kiranico-mhgu-charm-table-crosschecked-by-mhxx-save-editors
9,79,2,6,-3,5,kiranico-mhgu-charm-table-crosschecked-by-mhxx-save-editors
9,80,3,7,-3,5,kiranico-mhgu-charm-table-crosschecked-by-mhxx-save-editors
9,81,3,7,-3,5,kiranico-mhgu-charm-table-crosschecked-by-mhxx-save-editors
9,82,2,6,-3,5,kiranico-mhgu-charm-table-crosschecked-by-mhxx-save-editors
9,83,2,6,-3,5,kiranico-mhgu-charm-table-crosschecked-by-mhxx-save-editors
9,84,2,6,-3,5,kiranico-mhgu-charm-table-crosschecked-by-mhxx-save-editors
9,85,1,5,-1,3,kiranico-mhgu-charm-table-crosschecked-by-mhxx-save-editors
9,86,3,7,-3,5,kiranico-mhgu-charm-table-crosschecked-by-mhxx-save-editors
9,87,3,7,-3,5,kiranico-mhgu-charm-table-crosschecked-by-mhxx-save-editors
9,88,5,10,-7,10,kiranico-mhgu-charm-table-crosschecked-by-mhxx-save-editors
9,89,5,10,-7,10,kiranico-mhgu-charm-table-crosschecked-by-mhxx-save-editors
9,90,0,0,-5,10,kiranico-mhgu-charm-table-crosschecked-by-mhxx-save-editors
9,91,0,0,-5,10,kiranico-mhgu-charm-table-crosschecked-by-mhxx-save-editors
9,92,2,6,-3,5,kiranico-mhgu-charm-table-crosschecked-by-mhxx-save-editors
9,93,0,0,-5,10,kiranico-mhgu-charm-table-crosschecked-by-mhxx-save-editors
9,94,2,6,-3,5,kiranico-mhgu-charm-table-crosschecked-by-mhxx-save-editors
9,95,1,5,-1,3,kiranico-mhgu-charm-table-crosschecked-by-mhxx-save-editors
9,96,1,5,-1,3,kiranico-mhgu-charm-table-crosschecked-by-mhxx-save-editors
9,97,1,5,-1,3,kiranico-mhgu-charm-table-crosschecked-by-mhxx-save-editors
9,98,0,0,-3,3,kiranico-mhgu-charm-table-crosschecked-by-mhxx-save-editors
9,99,2,6,-3,5,kiranico-mhgu-charm-table-crosschecked-by-mhxx-save-editors
9,100,0,0,0,0,kiranico-mhgu-charm-table-crosschecked-by-mhxx-save-editors
9,101,2,6,-3,5,kiranico-mhgu-charm-table-crosschecked-by-mhxx-save-editors
9,102,2,6,-3,5,kiranico-mhgu-charm-table-crosschecked-by-mhxx-save-editors
9,103,1,5,-1,3,kiranico-mhgu-charm-table-crosschecked-by-mhxx-save-editors
9,104,0,0,0,0,kiranico-mhgu-charm-table-crosschecked-by-mhxx-save-editors
9,105,0,0,0,0,kiranico-mhgu-charm-table-crosschecked-by-mhxx-save-editors
9,106,0,0,0,0,kiranico-mhgu-charm-table-crosschecked-by-mhxx-save-editors
9,107,0,0,-7,10,kiranico-mhgu-charm-table-crosschecked-by-mhxx-save-editors
9,108,2,6,-3,5,kiranico-mhgu-charm-table-crosschecked-by-mhxx-save-editors
9,109,1,5,-1,3,kiranico-mhgu-charm-table-crosschecked-by-mhxx-save-editors
9,110,3,7,-5,7,kiranico-mhgu-charm-table-crosschecked-by-mhxx-save-editors
9,111,3,7,-5,7,kiranico-mhgu-charm-table-crosschecked-by-mhxx-save-editors
9,112,0,0,0,0,kiranico-mhgu-charm-table-crosschecked-by-mhxx-save-editors
9,113,0,0,0,0,kiranico-mhgu-charm-table-crosschecked-by-mhxx-save-editors
9,114,0,0,0,0,kiranico-mhgu-charm-table-crosschecked-by-mhxx-save-editors
9,115,0,0,0,0,kiranico-mhgu-charm-table-crosschecked-by-mhxx-save-editors
9,116,3,7,-7,10,kiranico-mhgu-charm-table-crosschecked-by-mhxx-save-editors
9,117,1,5,-1,3,kiranico-mhgu-charm-table-crosschecked-by-mhxx-save-editors
9,118,3,7,-3,5,kiranico-mhgu-charm-table-crosschecked-by-mhxx-save-editors
9,119,0,0,0,0,kiranico-mhgu-charm-table-crosschecked-by-mhxx-save-editors
9,120,0,0,0,0,kiranico-mhgu-charm-table-crosschecked-by-mhxx-save-editors
9,121,0,0,-5,12,kiranico-mhgu-charm-table-crosschecked-by-mhxx-save-editors
9,122,0,0,0,0,kiranico-mhgu-charm-table-crosschecked-by-mhxx-save-editors
9,123,0,0,0,0,kiranico-mhgu-charm-table-crosschecked-by-mhxx-save-editors
9,124,2,6,-3,5,kiranico-mhgu-charm-table-crosschecked-by-mhxx-save-editors
9,125,3,7,-5,7,kiranico-mhgu-charm-table-crosschecked-by-mhxx-save-editors
9,126,0,0,0,0,kiranico-mhgu-charm-table-crosschecked-by-mhxx-save-editors
9,127,0,0,-3,5,kiranico-mhgu-charm-table-crosschecked-by-mhxx-save-editors
9,128,0,0,0,0,kiranico-mhgu-charm-table-crosschecked-by-mhxx-save-editors
9,129,0,0,0,0,kiranico-mhgu-charm-table-crosschecked-by-mhxx-save-editors
9,130,0,0,0,0,kiranico-mhgu-charm-table-crosschecked-by-mhxx-save-editors
9,131,0,0,0,0,kiranico-mhgu-charm-table-crosschecked-by-mhxx-save-editors
9,132,0,0,0,0,kiranico-mhgu-charm-table-crosschecked-by-mhxx-save-editors
9,133,0,0,0,0,kiranico-mhgu-charm-table-crosschecked-by-mhxx-save-editors
9,134,3,7,-7,10,kiranico-mhgu-charm-table-crosschecked-by-mhxx-save-editors
9,135,0,0,0,0,kiranico-mhgu-charm-table-crosschecked-by-mhxx-save-editors
9,136,0,0,-5,7,kiranico-mhgu-charm-table-crosschecked-by-mhxx-save-editors
9,137,0,0,-3,5,kiranico-mhgu-charm-table-crosschecked-by-mhxx-save-editors
9,138,0,0,-5,7,kiranico-mhgu-charm-table-crosschecked-by-mhxx-save-editors
9,139,0,0,0,0,kiranico-mhgu-charm-table-crosschecked-by-mhxx-save-editors
9,140,0,0,0,0,kiranico-mhgu-charm-table-crosschecked-by-mhxx-save-editors
9,141,0,0,0,0,kiranico-mhgu-charm-table-crosschecked-by-mhxx-save-editors
9,142,0,0,0,0,kiranico-mhgu-charm-table-crosschecked-by-mhxx-save-editors
9,143,0,0,0,0,kiranico-mhgu-charm-table-crosschecked-by-mhxx-save-editors
9,144,0,0,0,0,kiranico-mhgu-charm-table-crosschecked-by-mhxx-save-editors
9,145,0,0,0,0,kiranico-mhgu-charm-table-crosschecked-by-mhxx-save-editors
9,146,0,0,0,0,kiranico-mhgu-charm-table-crosschecked-by-mhxx-save-editors
9,147,0,0,0,0,kiranico-mhgu-charm-table-crosschecked-by-mhxx-save-editors
9,148,0,0,0,0,kiranico-mhgu-charm-table-crosschecked-by-mhxx-save-editors
9,149,0,0,0,0,kiranico-mhgu-charm-table-crosschecked-by-mhxx-save-editors
9,150,0,0,0,0,kiranico-mhgu-charm-table-crosschecked-by-mhxx-save-editors
9,151,0,0,0,0,kiranico-mhgu-charm-table-crosschecked-by-mhxx-save-editors
9,152,0,0,0,0,kiranico-mhgu-charm-table-crosschecked-by-mhxx-save-editors
9,153,0,0,0,0,kiranico-mhgu-charm-table-crosschecked-by-mhxx-save-editors
9,154,0,0,0,0,kiranico-mhgu-charm-table-crosschecked-by-mhxx-save-editors
9,155,0,0,0,0,kiranico-mhgu-charm-table-crosschecked-by-mhxx-save-editors
9,156,0,0,0,0,kiranico-mhgu-charm-table-crosschecked-by-mhxx-save-editors
9,157,0,0,0,0,kiranico-mhgu-charm-table-crosschecked-by-mhxx-save-editors
9,158,0,0,0,0,kiranico-mhgu-charm-table-crosschecked-by-mhxx-save-editors
9,159,0,0,0,0,kiranico-mhgu-charm-table-crosschecked-by-mhxx-save-editors
9,160,0,0,0,0,kiranico-mhgu-charm-table-crosschecked-by-mhxx-save-editors
9,161,0,0,0,0,kiranico-mhgu-charm-table-crosschecked-by-mhxx-save-editors
9,162,0,0,0,0,kiranico-mhgu-charm-table-crosschecked-by-mhxx-save-editors
9,163,0,0,-3,3,kiranico-mhgu-charm-table-crosschecked-by-mhxx-save-editors
9,164,0,0,-3,3,kiranico-mhgu-charm-table-crosschecked-by-mhxx-save-editors
9,165,0,0,-3,3,kiranico-mhgu-charm-table-crosschecked-by-mhxx-save-editors
9,166,0,0,-3,3,kiranico-mhgu-charm-table-crosschecked-by-mhxx-save-editors
9,167,0,0,-3,3,kiranico-mhgu-charm-table-crosschecked-by-mhxx-save-editors
9,168,0,0,-3,3,kiranico-mhgu-charm-table-crosschecked-by-mhxx-save-editors
9,169,0,0,-3,3,kiranico-mhgu-charm-table-crosschecked-by-mhxx-save-editors
9,170,0,0,-3,3,kiranico-mhgu-charm-table-crosschecked-by-mhxx-save-editors
9,171,0,0,-3,3,kiranico-mhgu-charm-table-crosschecked-by-mhxx-save-editors
9,172,0,0,-3,3,kiranico-mhgu-charm-table-crosschecked-by-mhxx-save-editors
9,173,0,0,-3,3,kiranico-mhgu-charm-table-crosschecked-by-mhxx-save-editors
9,174,0,0,-3,3,kiranico-mhgu-charm-table-crosschecked-by-mhxx-save-editors
9,175,0,0,-3,3,kiranico-mhgu-charm-table-crosschecked-by-mhxx-save-editors
9,176,0,0,-3,3,kiranico-mhgu-charm-table-crosschecked-by-mhxx-save-editors
9,177,0,0,-3,3,kiranico-mhgu-charm-table-crosschecked-by-mhxx-save-editors
9,178,0,0,-3,3,kiranico-mhgu-charm-table-crosschecked-by-mhxx-save-editors
9,179,0,0,-3,3,kiranico-mhgu-charm-table-crosschecked-by-mhxx-save-editors
9,180,0,0,-3,3,kiranico-mhgu-charm-table-crosschecked-by-mhxx-save-editors
9,181,0,0,0,0,kiranico-mhgu-charm-table-crosschecked-by-mhxx-save-editors
9,182,0,0,0,0,kiranico-mhgu-charm-table-crosschecked-by-mhxx-save-editors
9,183,0,0,0,0,kiranico-mhgu-charm-table-crosschecked-by-mhxx-save-editors
9,184,0,0,0,0,kiranico-mhgu-charm-table-crosschecked-by-mhxx-save-editors
9,185,0,0,0,0,kiranico-mhgu-charm-table-crosschecked-by-mhxx-save-editors
9,186,0,0,0,0,kiranico-mhgu-charm-table-crosschecked-by-mhxx-save-editors
9,187,0,0,0,0,kiranico-mhgu-charm-table-crosschecked-by-mhxx-save-editors
9,188,0,0,0,0,kiranico-mhgu-charm-table-crosschecked-by-mhxx-save-editors
9,189,0,0,0,0,kiranico-mhgu-charm-table-crosschecked-by-mhxx-save-editors
9,190,0,0,0,0,kiranico-mhgu-charm-table-crosschecked-by-mhxx-save-editors
9,191,0,0,0,0,kiranico-mhgu-charm-table-crosschecked-by-mhxx-save-editors
9,192,0,0,0,0,kiranico-mhgu-charm-table-crosschecked-by-mhxx-save-editors
9,193,0,0,0,0,kiranico-mhgu-charm-table-crosschecked-by-mhxx-save-editors
9,194,0,0,0,0,kiranico-mhgu-charm-table-crosschecked-by-mhxx-save-editors
9,195,0,0,0,0,kiranico-mhgu-charm-table-crosschecked-by-mhxx-save-editors
9,196,0,0,0,0,kiranico-mhgu-charm-table-crosschecked-by-mhxx-save-editors
9,197,0,0,0,0,kiranico-mhgu-charm-table-crosschecked-by-mhxx-save-editors
9,198,0,0,0,0,kiranico-mhgu-charm-table-crosschecked-by-mhxx-save-editors
9,199,0,0,0,0,kiranico-mhgu-charm-table-crosschecked-by-mhxx-save-editors
9,200,0,0,0,0,kiranico-mhgu-charm-table-crosschecked-by-mhxx-save-editors
9,201,0,0,0,0,kiranico-mhgu-charm-table-crosschecked-by-mhxx-save-editors
9,202,0,0,0,0,kiranico-mhgu-charm-table-crosschecked-by-mhxx-save-editors
9,203,0,0,0,0,kiranico-mhgu-charm-table-crosschecked-by-mhxx-save-editors
9,204,0,0,0,0,kiranico-mhgu-charm-table-crosschecked-by-mhxx-save-editors
9,205,0,0,0,0,kiranico-mhgu-charm-table-crosschecked-by-mhxx-save-editors
10,0,0,0,0,0,kiranico-mhgu-charm-table-crosschecked-by-mhxx-save-editors
10,1,0,0,0,0,kiranico-mhgu-charm-table-crosschecked-by-mhxx-save-editors
10,2,0,0,0,0,kiranico-mhgu-charm-table-crosschecked-by-mhxx-save-editors
10,3,0,0,0,0,kiranico-mhgu-charm-table-crosschecked-by-mhxx-save-editors
10,4,0,0,0,0,kiranico-mhgu-charm-table-crosschecked-by-mhxx-save-editors
10,5,0,0,0,0,kiranico-mhgu-charm-table-crosschecked-by-mhxx-save-editors
10,6,3,7,-3,5,kiranico-mhgu-charm-table-crosschecked-by-mhxx-save-editors
10,7,5,10,-5,7,kiranico-mhgu-charm-table-crosschecked-by-mhxx-save-editors
10,8,0,0,0,0,kiranico-mhgu-charm-table-crosschecked-by-mhxx-save-editors
10,9,0,0,0,0,kiranico-mhgu-charm-table-crosschecked-by-mhxx-save-editors
10,10,0,0,0,0,kiranico-mhgu-charm-table-crosschecked-by-mhxx-save-editors
10,11,0,0,0,0,kiranico-mhgu-charm-table-crosschecked-by-mhxx-save-editors
10,12,3,7,0,0,kiranico-mhgu-charm-table-crosschecked-by-mhxx-save-editors
10,13,3,7,0,0,kiranico-mhgu-charm-table-crosschecked-by-mhxx-save-editors
10,14,0,0,0,0,kiranico-mhgu-charm-table-crosschecked-by-mhxx-save-editors
10,15,0,0,0,0,kiranico-mhgu-charm-table-crosschecked-by-mhxx-save-editors
10,16,3,7,0,0,kiranico-mhgu-charm-table-crosschecked-by-mhxx-save-editors
10,17,5,10,0,0,kiranico-mhgu-charm-table-crosschecked-by-mhxx-save-editors
10,18,0,0,0,0,kiranico-mhgu-charm-table-crosschecked-by-mhxx-save-editors
10,19,0,0,-7,10,kiranico-mhgu-charm-table-crosschecked-by-mhxx-save-editors
10,20,0,0,-5,13,kiranico-mhgu-charm-table-crosschecked-by-mhxx-save-editors
10,21,0,0,0,0,kiranico-mhgu-charm-table-crosschecked-by-mhxx-save-editors
10,22,0,0,0,0,kiranico-mhgu-charm-table-crosschecked-by-mhxx-save-editors
10,23,0,0,0,0,kiranico-mhgu-charm-table-crosschecked-by-mhxx-save-editors
10,24,0,0,0,0,kiranico-mhgu-charm-table-crosschecked-by-mhxx-save-editors
10,25,0,0,0,0,kiranico-mhgu-charm-table-crosschecked-by-mhxx-save-editors
10,26,0,0,0,0,kiranico-mhgu-charm-table-crosschecked-by-mhxx-save-editors
10,27,3,7,-5,7,kiranico-mhgu-charm-table-crosschecked-by-mhxx-save-editors
10,28,0,0,-5,13,kiranico-mhgu-charm-table-crosschecked-by-mhxx-save-editors
10,29,0,0,-5,13,kiranico-mhgu-charm-table-crosschecked-by-mhxx-save-editors
10,30,0,0,-5,13,kiranico-mhgu-charm-table-crosschecked-by-mhxx-save-editors
10,31,0,0,-5,13,kiranico-mhgu-charm-table-crosschecked-by-mhxx-save-editors
10,32,0,0,-5,13,kiranico-mhgu-charm-table-crosschecked-by-mhxx-save-editors
10,33,3,7,0,0,kiranico-mhgu-charm-table-crosschecked-by-mhxx-save-editors
10,34,3,7,-5,7,kiranico-mhgu-charm-table-crosschecked-by-mhxx-save-editors
10,35,0,0,-7,10,kiranico-mhgu-charm-table-crosschecked-by-mhxx-save-editors
10,36,0,0,-3,5,kiranico-mhgu-charm-table-crosschecked-by-mhxx-save-editors
10,37,3,7,-5,7,kiranico-mhgu-charm-table-crosschecked-by-mhxx-save-editors
10,38,3,7,-5,7,kiranico-mhgu-charm-table-crosschecked-by-mhxx-save-editors
10,39,1,5,-3,5,kiranico-mhgu-charm-table-crosschecked-by-mhxx-save-editors
10,40,2,6,0,0,kiranico-mhgu-charm-table-crosschecked-by-mhxx-save-editors
10,41,1,5,-5,5,kiranico-mhgu-charm-table-crosschecked-by-mhxx-save-editors
10,42,1,5,-2,8,kiranico-mhgu-charm-table-crosschecked-by-mhxx-save-editors
10,43,5,10,-5,7,kiranico-mhgu-charm-table-crosschecked-by-mhxx-save-editors
10,44,5,10,0,0,kiranico-mhgu-charm-table-crosschecked-by-mhxx-save-editors
10,45,0,0,-3,3,kiranico-mhgu-charm-table-crosschecked-by-mhxx-save-editors
10,46,3,7,-5,7,kiranico-mhgu-charm-table-crosschecked-by-mhxx-save-editors
10,47,2,6,-5,7,kiranico-mhgu-charm-table-crosschecked-by-mhxx-save-editors
10,48,0,0,0,0,kiranico-mhgu-charm-table-crosschecked-by-mhxx-save-editors
10,49,2,6,-3,5,kiranico-mhgu-charm-table-crosschecked-by-mhxx-save-editors
10,50,2,6,-3,5,kiranico-mhgu-charm-table-crosschecked-by-mhxx-save-editors
10,51,2,6,-3,5,kiranico-mhgu-charm-table-crosschecked-by-mhxx-save-editors
10,52,2,6,-3,5,kiranico-mhgu-charm-table-crosschecked-by-mhxx-save-editors
10,53,0,0,0,0,kiranico-mhgu-charm-table-crosschecked-by-mhxx-save-editors
10,54,0,0,0,0,kiranico-mhgu-charm-table-crosschecked-by-mhxx-save-editors
10,55,0,0,0,0,kiranico-mhgu-charm-table-crosschecked-by-mhxx-save-editors
10,56,0,0,0,0,kiranico-mhgu-charm-table-crosschecked-by-mhxx-save-editors
10,57,0,0,0,0,kiranico-mhgu-charm-table-crosschecked-by-mhxx-save-editors
10,58,0,0,0,0,kiranico-mhgu-charm-table-crosschecked-by-mhxx-save-editors
10,59,0,0,0,0,kiranico-mhgu-charm-table-crosschecked-by-mhxx-save-editors
10,60,0,0,0,0,kiranico-mhgu-charm-table-crosschecked-by-mhxx-save-editors
10,61,0,0,0,0,kiranico-mhgu-charm-table-crosschecked-by-mhxx-save-editors
10,62,0,0,0,0,kiranico-mhgu-charm-table-crosschecked-by-mhxx-save-editors
10,63,0,0,0,0,kiranico-mhgu-charm-table-crosschecked-by-mhxx-save-editors
10,64,0,0,0,0,kiranico-mhgu-charm-table-crosschecked-by-mhxx-save-editors
10,65,0,0,0,0,kiranico-mhgu-charm-table-crosschecked-by-mhxx-save-editors
10,66,1,5,-3,5,kiranico-mhgu-charm-table-crosschecked-by-mhxx-save-editors
10,67,1,5,-3,5,kiranico-mhgu-charm-table-crosschecked-by-mhxx-save-editors
10,68,1,5,-3,5,kiranico-mhgu-charm-table-crosschecked-by-mhxx-save-editors
10,69,0,0,0,0,kiranico-mhgu-charm-table-crosschecked-by-mhxx-save-editors
10,70,3,7,-5,7,kiranico-mhgu-charm-table-crosschecked-by-mhxx-save-editors
10,71,0,0,-7,10,kiranico-mhgu-charm-table-crosschecked-by-mhxx-save-editors
10,72,2,6,-3,5,kiranico-mhgu-charm-table-crosschecked-by-mhxx-save-editors
10,73,1,5,-1,3,kiranico-mhgu-charm-table-crosschecked-by-mhxx-save-editors
10,74,2,6,0,0,kiranico-mhgu-charm-table-crosschecked-by-mhxx-save-editors
10,75,2,6,0,0,kiranico-mhgu-charm-table-crosschecked-by-mhxx-save-editors
10,76,0,0,-3,5,kiranico-mhgu-charm-table-crosschecked-by-mhxx-save-editors
10,77,0,0,-3,3,kiranico-mhgu-charm-table-crosschecked-by-mhxx-save-editors
10,78,2,6,-3,5,kiranico-mhgu-charm-table-crosschecked-by-mhxx-save-editors
10,79,2,6,-3,5,kiranico-mhgu-charm-table-crosschecked-by-mhxx-save-editors
10,80,3,7,-3,5,kiranico-mhgu-charm-table-crosschecked-by-mhxx-save-editors
10,81,3,7,-3,5,kiranico-mhgu-charm-table-crosschecked-by-mhxx-save-editors
10,82,2,6,-3,5,kiranico-mhgu-charm-table-crosschecked-by-mhxx-save-editors
10,83,2,6,-3,5,kiranico-mhgu-charm-table-crosschecked-by-mhxx-save-editors
10,84,2,6,-3,5,kiranico-mhgu-charm-table-crosschecked-by-mhxx-save-editors
10,85,1,5,-1,3,kiranico-mhgu-charm-table-crosschecked-by-mhxx-save-editors
10,86,3,7,-3,5,kiranico-mhgu-charm-table-crosschecked-by-mhxx-save-editors
10,87,3,7,-3,5,kiranico-mhgu-charm-table-crosschecked-by-mhxx-save-editors
10,88,5,10,-7,10,kiranico-mhgu-charm-table-crosschecked-by-mhxx-save-editors
10,89,5,10,-7,10,kiranico-mhgu-charm-table-crosschecked-by-mhxx-save-editors
10,90,0,0,-5,10,kiranico-mhgu-charm-table-crosschecked-by-mhxx-save-editors
10,91,0,0,-5,10,kiranico-mhgu-charm-table-crosschecked-by-mhxx-save-editors
10,92,2,6,-3,5,kiranico-mhgu-charm-table-crosschecked-by-mhxx-save-editors
10,93,0,0,-5,10,kiranico-mhgu-charm-table-crosschecked-by-mhxx-save-editors
10,94,2,6,-3,5,kiranico-mhgu-charm-table-crosschecked-by-mhxx-save-editors
10,95,1,5,-1,3,kiranico-mhgu-charm-table-crosschecked-by-mhxx-save-editors
10,96,1,5,-1,3,kiranico-mhgu-charm-table-crosschecked-by-mhxx-save-editors
10,97,1,5,-1,3,kiranico-mhgu-charm-table-crosschecked-by-mhxx-save-editors
10,98,0,0,-3,3,kiranico-mhgu-charm-table-crosschecked-by-mhxx-save-editors
10,99,2,6,-3,5,kiranico-mhgu-charm-table-crosschecked-by-mhxx-save-editors
10,100,0,0,0,0,kiranico-mhgu-charm-table-crosschecked-by-mhxx-save-editors
10,101,2,6,-3,5,kiranico-mhgu-charm-table-crosschecked-by-mhxx-save-editors
10,102,2,6,-3,5,kiranico-mhgu-charm-table-crosschecked-by-mhxx-save-editors
10,103,1,5,-1,3,kiranico-mhgu-charm-table-crosschecked-by-mhxx-save-editors
10,104,0,0,0,0,kiranico-mhgu-charm-table-crosschecked-by-mhxx-save-editors
10,105,0,0,0,0,kiranico-mhgu-charm-table-crosschecked-by-mhxx-save-editors
10,106,0,0,0,0,kiranico-mhgu-charm-table-crosschecked-by-mhxx-save-editors
10,107,0,0,-7,10,kiranico-mhgu-charm-table-crosschecked-by-mhxx-save-editors
10,108,2,6,-3,5,kiranico-mhgu-charm-table-crosschecked-by-mhxx-save-editors
10,109,1,5,-1,3,kiranico-mhgu-charm-table-crosschecked-by-mhxx-save-editors
10,110,3,7,-5,7,kiranico-mhgu-charm-table-crosschecked-by-mhxx-save-editors
10,111,3,7,-5,7,kiranico-mhgu-charm-table-crosschecked-by-mhxx-save-editors
10,112,0,0,0,0,kiranico-mhgu-charm-table-crosschecked-by-mhxx-save-editors
10,113,0,0,0,0,kiranico-mhgu-charm-table-crosschecked-by-mhxx-save-editors
10,114,0,0,0,0,kiranico-mhgu-charm-table-crosschecked-by-mhxx-save-editors
10,115,0,0,0,0,kiranico-mhgu-charm-table-crosschecked-by-mhxx-save-editors
10,116,3,7,-7,10,kiranico-mhgu-charm-table-crosschecked-by-mhxx-save-editors
10,117,1,5,-1,3,kiranico-mhgu-charm-table-crosschecked-by-mhxx-save-editors
10,118,3,7,-3,5,kiranico-mhgu-charm-table-crosschecked-by-mhxx-save-editors
10,119,0,0,0,0,kiranico-mhgu-charm-table-crosschecked-by-mhxx-save-editors
10,120,0,0,0,0,kiranico-mhgu-charm-table-crosschecked-by-mhxx-save-editors
10,121,0,0,-5,12,kiranico-mhgu-charm-table-crosschecked-by-mhxx-save-editors
10,122,0,0,0,0,kiranico-mhgu-charm-table-crosschecked-by-mhxx-save-editors
10,123,0,0,0,0,kiranico-mhgu-charm-table-crosschecked-by-mhxx-save-editors
10,124,2,6,-3,5,kiranico-mhgu-charm-table-crosschecked-by-mhxx-save-editors
10,125,3,7,-5,7,kiranico-mhgu-charm-table-crosschecked-by-mhxx-save-editors
10,126,0,0,0,0,kiranico-mhgu-charm-table-crosschecked-by-mhxx-save-editors
10,127,0,0,-3,5,kiranico-mhgu-charm-table-crosschecked-by-mhxx-save-editors
10,128,0,0,0,0,kiranico-mhgu-charm-table-crosschecked-by-mhxx-save-editors
10,129,0,0,0,0,kiranico-mhgu-charm-table-crosschecked-by-mhxx-save-editors
10,130,0,0,0,0,kiranico-mhgu-charm-table-crosschecked-by-mhxx-save-editors
10,131,0,0,0,0,kiranico-mhgu-charm-table-crosschecked-by-mhxx-save-editors
10,132,0,0,0,0,kiranico-mhgu-charm-table-crosschecked-by-mhxx-save-editors
10,133,0,0,0,0,kiranico-mhgu-charm-table-crosschecked-by-mhxx-save-editors
10,134,3,7,-7,10,kiranico-mhgu-charm-table-crosschecked-by-mhxx-save-editors
10,135,0,0,0,0,kiranico-mhgu-charm-table-crosschecked-by-mhxx-save-editors
10,136,0,0,-5,7,kiranico-mhgu-charm-table-crosschecked-by-mhxx-save-editors
10,137,0,0,-3,5,kiranico-mhgu-charm-table-crosschecked-by-mhxx-save-editors
10,138,0,0,-5,7,kiranico-mhgu-charm-table-crosschecked-by-mhxx-save-editors
10,139,0,0,0,0,kiranico-mhgu-charm-table-crosschecked-by-mhxx-save-editors
10,140,0,0,0,0,kiranico-mhgu-charm-table-crosschecked-by-mhxx-save-editors
10,141,0,0,0,0,kiranico-mhgu-charm-table-crosschecked-by-mhxx-save-editors
10,142,0,0,0,0,kiranico-mhgu-charm-table-crosschecked-by-mhxx-save-editors
10,143,0,0,0,0,kiranico-mhgu-charm-table-crosschecked-by-mhxx-save-editors
10,144,0,0,0,0,kiranico-mhgu-charm-table-crosschecked-by-mhxx-save-editors
10,145,0,0,0,0,kiranico-mhgu-charm-table-crosschecked-by-mhxx-save-editors
10,146,0,0,0,0,kiranico-mhgu-charm-table-crosschecked-by-mhxx-save-editors
10,147,0,0,0,0,kiranico-mhgu-charm-table-crosschecked-by-mhxx-save-editors
10,148,0,0,0,0,kiranico-mhgu-charm-table-crosschecked-by-mhxx-save-editors
10,149,0,0,0,0,kiranico-mhgu-charm-table-crosschecked-by-mhxx-save-editors
10,150,0,0,0,0,kiranico-mhgu-charm-table-crosschecked-by-mhxx-save-editors
10,151,0,0,0,0,kiranico-mhgu-charm-table-crosschecked-by-mhxx-save-editors
10,152,0,0,0,0,kiranico-mhgu-charm-table-crosschecked-by-mhxx-save-editors
10,153,0,0,0,0,kiranico-mhgu-charm-table-crosschecked-by-mhxx-save-editors
10,154,0,0,0,0,kiranico-mhgu-charm-table-crosschecked-by-mhxx-save-editors
10,155,0,0,0,0,kiranico-mhgu-charm-table-crosschecked-by-mhxx-save-editors
10,156,0,0,0,0,kiranico-mhgu-charm-table-crosschecked-by-mhxx-save-editors
10,157,0,0,0,0,kiranico-mhgu-charm-table-crosschecked-by-mhxx-save-editors
10,158,0,0,0,0,kiranico-mhgu-charm-table-crosschecked-by-mhxx-save-editors
10,159,0,0,0,0,kiranico-mhgu-charm-table-crosschecked-by-mhxx-save-editors
10,160,0,0,0,0,kiranico-mhgu-charm-table-crosschecked-by-mhxx-save-editors
10,161,0,0,0,0,kiranico-mhgu-charm-table-crosschecked-by-mhxx-save-editors
10,162,0,0,0,0,kiranico-mhgu-charm-table-crosschecked-by-mhxx-save-editors
10,163,0,0,-3,3,kiranico-mhgu-charm-table-crosschecked-by-mhxx-save-editors
10,164,0,0,-3,3,kiranico-mhgu-charm-table-crosschecked-by-mhxx-save-editors
10,165,0,0,-3,3,kiranico-mhgu-charm-table-crosschecked-by-mhxx-save-editors
10,166,0,0,-3,3,kiranico-mhgu-charm-table-crosschecked-by-mhxx-save-editors
10,167,0,0,-3,3,kiranico-mhgu-charm-table-crosschecked-by-mhxx-save-editors
10,168,0,0,-3,3,kiranico-mhgu-charm-table-crosschecked-by-mhxx-save-editors
10,169,0,0,-3,3,kiranico-mhgu-charm-table-crosschecked-by-mhxx-save-editors
10,170,0,0,-3,3,kiranico-mhgu-charm-table-crosschecked-by-mhxx-save-editors
10,171,0,0,-3,3,kiranico-mhgu-charm-table-crosschecked-by-mhxx-save-editors
10,172,0,0,-3,3,kiranico-mhgu-charm-table-crosschecked-by-mhxx-save-editors
10,173,0,0,-3,3,kiranico-mhgu-charm-table-crosschecked-by-mhxx-save-editors
10,174,0,0,-3,3,kiranico-mhgu-charm-table-crosschecked-by-mhxx-save-editors
10,175,0,0,-3,3,kiranico-mhgu-charm-table-crosschecked-by-mhxx-save-editors
10,176,0,0,-3,3,kiranico-mhgu-charm-table-crosschecked-by-mhxx-save-editors
10,177,0,0,-3,3,kiranico-mhgu-charm-table-crosschecked-by-mhxx-save-editors
10,178,0,0,-3,3,kiranico-mhgu-charm-table-crosschecked-by-mhxx-save-editors
10,179,0,0,-3,3,kiranico-mhgu-charm-table-crosschecked-by-mhxx-save-editors
10,180,0,0,-3,3,kiranico-mhgu-charm-table-crosschecked-by-mhxx-save-editors
10,181,0,0,0,0,kiranico-mhgu-charm-table-crosschecked-by-mhxx-save-editors
10,182,0,0,0,0,kiranico-mhgu-charm-table-crosschecked-by-mhxx-save-editors
10,183,0,0,0,0,kiranico-mhgu-charm-table-crosschecked-by-mhxx-save-editors
10,184,0,0,0,0,kiranico-mhgu-charm-table-crosschecked-by-mhxx-save-editors
10,185,0,0,0,0,kiranico-mhgu-charm-table-crosschecked-by-mhxx-save-editors
10,186,0,0,0,0,kiranico-mhgu-charm-table-crosschecked-by-mhxx-save-editors
10,187,0,0,0,0,kiranico-mhgu-charm-table-crosschecked-by-mhxx-save-editors
10,188,0,0,0,0,kiranico-mhgu-charm-table-crosschecked-by-mhxx-save-editors
10,189,0,0,0,0,kiranico-mhgu-charm-table-crosschecked-by-mhxx-save-editors
10,190,0,0,0,0,kiranico-mhgu-charm-table-crosschecked-by-mhxx-save-editors
10,191,0,0,0,0,kiranico-mhgu-charm-table-crosschecked-by-mhxx-save-editors
10,192,0,0,0,0,kiranico-mhgu-charm-table-crosschecked-by-mhxx-save-editors
10,193,0,0,0,0,kiranico-mhgu-charm-table-crosschecked-by-mhxx-save-editors
10,194,0,0,0,0,kiranico-mhgu-charm-table-crosschecked-by-mhxx-save-editors
10,195,0,0,0,0,kiranico-mhgu-charm-table-crosschecked-by-mhxx-save-editors
10,196,0,0,0,0,kiranico-mhgu-charm-table-crosschecked-by-mhxx-save-editors
10,197,0,0,0,0,kiranico-mhgu-charm-table-crosschecked-by-mhxx-save-editors
10,198,0,0,0,0,kiranico-mhgu-charm-table-crosschecked-by-mhxx-save-editors
10,199,0,0,0,0,kiranico-mhgu-charm-table-crosschecked-by-mhxx-save-editors
10,200,0,0,0,0,kiranico-mhgu-charm-table-crosschecked-by-mhxx-save-editors
10,201,0,0,0,0,kiranico-mhgu-charm-table-crosschecked-by-mhxx-save-editors
10,202,0,0,0,0,kiranico-mhgu-charm-table-crosschecked-by-mhxx-save-editors
10,203,0,0,0,0,kiranico-mhgu-charm-table-crosschecked-by-mhxx-save-editors
10,204,0,0,0,0,kiranico-mhgu-charm-table-crosschecked-by-mhxx-save-editors
10,205,0,0,0,0,kiranico-mhgu-charm-table-crosschecked-by-mhxx-save-editors
