id,name,english,source,rarity,slots
0,无,None,mhxx-romfs-game-array+mhxx-romfs-native-table,0,0
1,皮制手套,Leather Gloves,mhxx-romfs-game-array+mhxx-dex-1.0+mhxx-save-format-community+mhxx-romfs-native-table,1,1
2,锁甲手套,Chainmail Gloves,mhxx-romfs-game-array+mhxx-dex-1.0+mhxx-save-format-community+mhxx-romfs-native-table,1,1
3,贝鲁纳腕甲,Bherna Braces,mhxx-romfs-game-array+mhxx-dex-1.0+mhxx-save-format-community+mhxx-romfs-native-table,1,1
4,狩猎腕甲,Hunting Braces,mhxx-romfs-game-array+mhxx-dex-1.0+mhxx-save-format-community+mhxx-romfs-native-table,1,0
5,狩猎手甲,Hunting Guards,mhxx-romfs-game-array+mhxx-dex-1.0+mhxx-save-format-community+mhxx-romfs-native-table,1,0
6,毛皮手套,Mafumofu Mittens,mhxx-romfs-game-array+mhxx-dex-1.0+mhxx-save-format-community+mhxx-romfs-native-table,1,2
7,结云之护臂,Yukumo Kote,mhxx-romfs-game-array+mhxx-dex-1.0+mhxx-save-format-community+mhxx-romfs-native-table,1,1
9,猎人腕甲,Hunter's Vambraces,mhxx-romfs-game-array+mhxx-dex-1.0+mhxx-save-format-community+mhxx-romfs-native-table,1,1
10,猎人手甲,Hunter's Guards,mhxx-romfs-game-array+mhxx-dex-1.0+mhxx-save-format-community+mhxx-romfs-native-table,1,1
11,骨制腕甲,Bone Vambraces,mhxx-romfs-game-array+mhxx-dex-1.0+mhxx-save-format-community+mhxx-romfs-native-table,1,2
12,骨制手甲,Bone Guards,mhxx-romfs-game-array+mhxx-dex-1.0+mhxx-save-format-community+mhxx-romfs-native-table,1,2
17,猎手皮臂甲,Trapper's Gauntlets,mhxx-romfs-game-array+mhxx-dex-1.0+mhxx-save-format-community+mhxx-romfs-native-table,1,1
18,猎手皮手套,Trapper's Gloves,mhxx-romfs-game-array+mhxx-dex-1.0+mhxx-save-format-community+mhxx-romfs-native-table,1,1
19,跳狗龙王皮臂甲,Maccao Gauntlets,mhxx-romfs-game-array+mhxx-dex-1.0+mhxx-save-format-community+mhxx-romfs-native-table,1,0
20,跳狗龙王皮手套,Maccao Gloves,mhxx-romfs-game-array+mhxx-dex-1.0+mhxx-save-format-community+mhxx-romfs-native-table,1,0
21,狗龙王皮臂甲,Jaggi Gauntlets,mhxx-romfs-game-array+mhxx-dex-1.0+mhxx-save-format-community+mhxx-romfs-native-table,1,0
22,狗龙王皮手套,Jaggi Gloves,mhxx-romfs-game-array+mhxx-dex-1.0+mhxx-save-format-community+mhxx-romfs-native-table,1,0
23,狗龙腕甲,Jaggi Vambraces,mhxx-romfs-game-array+mhxx-dex-1.0+mhxx-save-format-community+mhxx-romfs-native-table,1,1
24,狗龙手甲,Jaggi Guards,mhxx-romfs-game-array+mhxx-dex-1.0+mhxx-save-format-community+mhxx-romfs-native-table,1,1
25,跳狗龙腕甲,Maccao Braces,mhxx-romfs-game-array+mhxx-dex-1.0+mhxx-save-format-community+mhxx-romfs-native-table,1,2
26,跳狗龙手甲,Maccao Guards,mhxx-romfs-game-array+mhxx-dex-1.0+mhxx-save-format-community+mhxx-romfs-native-table,1,2
27,蓝速龙腕甲,Velociprey Braces,mhxx-romfs-game-array+mhxx-dex-1.0+mhxx-save-format-community+mhxx-romfs-native-table,1,1
28,蓝速龙手甲,Velociprey Guards,mhxx-romfs-game-array+mhxx-dex-1.0+mhxx-save-format-community+mhxx-romfs-native-table,1,1
29,白速龙腕甲,Giaprey Vambraces,mhxx-romfs-game-array+mhxx-dex-1.0+mhxx-save-format-community+mhxx-romfs-native-table,1,1
30,白速龙手甲,Giaprey Guards,mhxx-romfs-game-array+mhxx-dex-1.0+mhxx-save-format-community+mhxx-romfs-native-table,1,1
31,黄速龙腕甲,Genprey Vambraces,mhxx-romfs-game-array+mhxx-dex-1.0+mhxx-save-format-community+mhxx-romfs-native-table,1,1
32,黄速龙手甲,Genprey Guards,mhxx-romfs-game-array+mhxx-dex-1.0+mhxx-save-format-community+mhxx-romfs-native-table,1,1
33,巨蜂腕甲,Vespoid Vambraces,mhxx-romfs-game-array+mhxx-dex-1.0+mhxx-save-format-community+mhxx-romfs-native-table,1,1
34,巨蜂手甲,Vespoid Guards,mhxx-romfs-game-array+mhxx-dex-1.0+mhxx-save-format-community+mhxx-romfs-native-table,1,1
35,巨甲虫腕甲,Hornetaur Braces,mhxx-romfs-game-array+mhxx-dex-1.0+mhxx-save-format-community+mhxx-romfs-native-table,1,2
36,巨甲虫手甲,Hornetaur Guards,mhxx-romfs-game-array+mhxx-dex-1.0+mhxx-save-format-community+mhxx-romfs-native-table,1,2
37,飞甲虫护手,Bnahabra Gloves,mhxx-romfs-game-array+mhxx-dex-1.0+mhxx-save-format-community+mhxx-romfs-native-table,1,1
38,飞甲虫袖扣,Bnahabra Sleeves,mhxx-romfs-game-array+mhxx-dex-1.0+mhxx-save-format-community+mhxx-romfs-native-table,1,1
39,盾虫腕甲,Konchu Braces,mhxx-romfs-game-array+mhxx-dex-1.0+mhxx-save-format-community+mhxx-romfs-native-table,1,0
40,盾虫手甲,Konchu Guards,mhxx-romfs-game-array+mhxx-dex-1.0+mhxx-save-format-community+mhxx-romfs-native-table,1,0
41,蘑菇猪拳,Mosswine Gloves,mhxx-romfs-game-array+mhxx-dex-1.0+mhxx-save-format-community+mhxx-romfs-native-table,1,1
42,硬甲龙腕甲,Rhenoplos Vambraces,mhxx-romfs-game-array+mhxx-dex-1.0+mhxx-save-format-community+mhxx-romfs-native-table,1,2
43,硬甲龙手甲,Rhenoplos Guards,mhxx-romfs-game-array+mhxx-dex-1.0+mhxx-save-format-community+mhxx-romfs-native-table,1,2
44,野猪腕甲,Bulldrome Braces,mhxx-romfs-game-array+mhxx-dex-1.0+mhxx-save-format-community+mhxx-romfs-native-table,1,1
45,野猪手甲,Bulldrome Guards,mhxx-romfs-game-array+mhxx-dex-1.0+mhxx-save-format-community+mhxx-romfs-native-table,1,1
47,青熊兽腕甲,Arzuros Vambraces,mhxx-romfs-game-array+mhxx-dex-1.0+mhxx-save-format-community+mhxx-romfs-native-table,1,0
48,青熊兽手甲,Arzuros Guards,mhxx-romfs-game-array+mhxx-dex-1.0+mhxx-save-format-community+mhxx-romfs-native-table,1,0
49,砂龙腕甲,Cephalos Braces,mhxx-romfs-game-array+mhxx-dex-1.0+mhxx-save-format-community+mhxx-romfs-native-table,1,1
50,砂龙手甲,Cephalos Guards,mhxx-romfs-game-array+mhxx-dex-1.0+mhxx-save-format-community+mhxx-romfs-native-table,1,1
51,勇气手套,Derring Gloves,mhxx-romfs-game-array+mhxx-dex-1.0+mhxx-save-format-community+mhxx-romfs-native-table,2,0
52,合金腕甲,Alloy Vambraces,mhxx-romfs-game-array+mhxx-dex-1.0+mhxx-save-format-community+mhxx-romfs-native-table,2,0
53,合金手甲,Alloy Guards,mhxx-romfs-game-array+mhxx-dex-1.0+mhxx-save-format-community+mhxx-romfs-native-table,2,0
54,战斗腕甲,Battle Vambraces,mhxx-romfs-game-array+mhxx-dex-1.0+mhxx-save-format-community+mhxx-romfs-native-table,2,1
55,战斗手甲,Battle Guards,mhxx-romfs-game-array+mhxx-dex-1.0+mhxx-save-format-community+mhxx-romfs-native-table,2,1
56,铸铁腕甲,Ingot Vambraces,mhxx-romfs-game-array+mhxx-dex-1.0+mhxx-save-format-community+mhxx-romfs-native-table,2,0
57,铸铁手甲,Ingot Guards,mhxx-romfs-game-array+mhxx-dex-1.0+mhxx-save-format-community+mhxx-romfs-native-table,2,0
58,矿石腕甲,High Metal Braces,mhxx-romfs-game-array+mhxx-dex-1.0+mhxx-save-format-community+mhxx-romfs-native-table,2,0
59,矿石手甲,High Metal Guards,mhxx-romfs-game-array+mhxx-dex-1.0+mhxx-save-format-community+mhxx-romfs-native-table,2,0
62,花瓣枝叶,Melahoa Branch,mhxx-romfs-game-array+mhxx-dex-1.0+mhxx-save-format-community+mhxx-romfs-native-table,2,0
63,花瓣美神,Melahoa Petal,mhxx-romfs-game-array+mhxx-dex-1.0+mhxx-save-format-community+mhxx-romfs-native-table,2,0
64,鱼鳞袖,Makluva Sleeves,mhxx-romfs-game-array+mhxx-dex-1.0+mhxx-save-format-community+mhxx-romfs-native-table,2,0
65,鱼鳞护袖,Makluva Sucker,mhxx-romfs-game-array+mhxx-dex-1.0+mhxx-save-format-community+mhxx-romfs-native-table,2,0
68,独角仙护袖,Obituary Brachia,mhxx-romfs-game-array+mhxx-dex-1.0+mhxx-save-format-community+mhxx-romfs-native-table,2,0
69,独角仙腕,Obituary Manus,mhxx-romfs-game-array+mhxx-dex-1.0+mhxx-save-format-community+mhxx-romfs-native-table,2,0
70,燕尾蝶护袖,Butterfly Brachia,mhxx-romfs-game-array+mhxx-dex-1.0+mhxx-save-format-community+mhxx-romfs-native-table,2,0
71,燕尾蝶腕,Butterfly Manus,mhxx-romfs-game-array+mhxx-dex-1.0+mhxx-save-format-community+mhxx-romfs-native-table,2,0
72,死神双手,Death Stench Grip,mhxx-romfs-game-array+mhxx-dex-1.0+mhxx-save-format-community+mhxx-romfs-native-table,2,1
73,死神欲望,Death Stench Grasp,mhxx-romfs-game-array+mhxx-dex-1.0+mhxx-save-format-community+mhxx-romfs-native-table,2,1
76,南瓜枝叶,Mosgharl Creeper,mhxx-romfs-game-array+mhxx-dex-1.0+mhxx-save-format-community+mhxx-romfs-native-table,2,1
77,南瓜美神,Mosgharl Tendril,mhxx-romfs-game-array+mhxx-dex-1.0+mhxx-save-format-community+mhxx-romfs-native-table,2,1
78,雪绒花枝叶,Edel Creeper,mhxx-romfs-game-array+mhxx-dex-1.0+mhxx-save-format-community+mhxx-romfs-native-table,2,1
79,雪绒花美神,Edel Tendril,mhxx-romfs-game-array+mhxx-dex-1.0+mhxx-save-format-community+mhxx-romfs-native-table,2,1
80,毒蝎护袖,Skalda Brachia,mhxx-romfs-game-array+mhxx-dex-1.0+mhxx-save-format-community+mhxx-romfs-native-table,2,0
81,毒蝎腕,Skalda Manus,mhxx-romfs-game-array+mhxx-dex-1.0+mhxx-save-format-community+mhxx-romfs-native-table,2,0
82,毒蛛护袖,Spio Brachia,mhxx-romfs-game-array+mhxx-dex-1.0+mhxx-save-format-community+mhxx-romfs-native-table,2,0
83,毒蛛腕,Spio Manus,mhxx-romfs-game-array+mhxx-dex-1.0+mhxx-save-format-community+mhxx-romfs-native-table,2,0
90,云羊鹿手套,Moofah Claws,mhxx-romfs-game-array+mhxx-dex-1.0+mhxx-save-format-community+mhxx-romfs-native-table,2,0
91,云羊鹿袖扣,Moofah Sleeves,mhxx-romfs-game-array+mhxx-dex-1.0+mhxx-save-format-community+mhxx-romfs-native-table,2,0
93,蓝速龙套装手套,Velociprey Claws,mhxx-romfs-game-array+mhxx-dex-1.0+mhxx-save-format-community+mhxx-romfs-native-table,2,0
94,蓝速龙套装护臂,Velociprey Gloves,mhxx-romfs-game-array+mhxx-dex-1.0+mhxx-save-format-community+mhxx-romfs-native-table,2,0
95,黄速龙套装手套,Genprey Claws,mhxx-romfs-game-array+mhxx-dex-1.0+mhxx-save-format-community+mhxx-romfs-native-table,2,0
96,黄速龙套装护臂,Genprey Gloves,mhxx-romfs-game-array+mhxx-dex-1.0+mhxx-save-format-community+mhxx-romfs-native-table,2,0
97,红速龙套装手套,Ioprey Claws,mhxx-romfs-game-array+mhxx-dex-1.0+mhxx-save-format-community+mhxx-romfs-native-table,2,0
98,红速龙套装护臂,Ioprey Gloves,mhxx-romfs-game-array+mhxx-dex-1.0+mhxx-save-format-community+mhxx-romfs-native-table,2,0
99,蛇龙套装手套,Remobra Gloves,mhxx-romfs-game-array+mhxx-dex-1.0+mhxx-save-format-community+mhxx-romfs-native-table,2,0
100,蛇龙套装护臂,Remobra Hands,mhxx-romfs-game-array+mhxx-dex-1.0+mhxx-save-format-community+mhxx-romfs-native-table,2,0
101,红速龙腕甲,Ioprey Vambraces,mhxx-romfs-game-array+mhxx-dex-1.0+mhxx-save-format-community+mhxx-romfs-native-table,2,0
102,红速龙手甲,Ioprey Guards,mhxx-romfs-game-array+mhxx-dex-1.0+mhxx-save-format-community+mhxx-romfs-native-table,2,0
103,怪鸟腕甲,Kut-Ku Vambraces,mhxx-romfs-game-array+mhxx-dex-1.0+mhxx-save-format-community+mhxx-romfs-native-table,2,0
104,怪鸟手甲,Kut-Ku Guards,mhxx-romfs-game-array+mhxx-dex-1.0+mhxx-save-format-community+mhxx-romfs-native-table,2,0
105,白兔兽腕甲,Lagombi Vambraces,mhxx-romfs-game-array+mhxx-dex-1.0+mhxx-save-format-community+mhxx-romfs-native-table,2,1
106,白兔兽手甲,Lagombi Guards,mhxx-romfs-game-array+mhxx-dex-1.0+mhxx-save-format-community+mhxx-romfs-native-table,2,1
107,毒怪鸟腕甲,Gypceros Braces,mhxx-romfs-game-array+mhxx-dex-1.0+mhxx-save-format-community+mhxx-romfs-native-table,2,0
108,毒怪鸟手甲,Gypceros Guards,mhxx-romfs-game-array+mhxx-dex-1.0+mhxx-save-format-community+mhxx-romfs-native-table,2,0
109,鬼蛙腕甲,Tetsucabra Braces,mhxx-romfs-game-array+mhxx-dex-1.0+mhxx-save-format-community+mhxx-romfs-native-table,2,0
110,鬼蛙手甲,Tetsucabra Guards,mhxx-romfs-game-array+mhxx-dex-1.0+mhxx-save-format-community+mhxx-romfs-native-table,2,0
111,大名盾蟹腕甲,Hermitaur Braces,mhxx-romfs-game-array+mhxx-dex-1.0+mhxx-save-format-community+mhxx-romfs-native-table,2,2
112,大名盾蟹手甲,Hermitaur Guards,mhxx-romfs-game-array+mhxx-dex-1.0+mhxx-save-format-community+mhxx-romfs-native-table,2,2
113,赤甲兽腕甲,Volvidon Vambraces,mhxx-romfs-game-array+mhxx-dex-1.0+mhxx-save-format-community+mhxx-romfs-native-table,2,1
114,赤甲兽手甲,Volvidon Guards,mhxx-romfs-game-array+mhxx-dex-1.0+mhxx-save-format-community+mhxx-romfs-native-table,2,1
115,水兽腕甲,Ludroth Braces,mhxx-romfs-game-array+mhxx-dex-1.0+mhxx-save-format-community+mhxx-romfs-native-table,2,0
116,水兽手甲,Ludroth Guards,mhxx-romfs-game-array+mhxx-dex-1.0+mhxx-save-format-community+mhxx-romfs-native-table,2,0
117,夜鸟腕甲,Malfestio Braces,mhxx-romfs-game-array+mhxx-dex-1.0+mhxx-save-format-community+mhxx-romfs-native-table,2,1
118,夜鸟手甲,Malfestio Guards,mhxx-romfs-game-array+mhxx-dex-1.0+mhxx-save-format-community+mhxx-romfs-native-table,2,1
119,白电腕甲,Khezu Vambraces,mhxx-romfs-game-array+mhxx-dex-1.0+mhxx-save-format-community+mhxx-romfs-native-table,2,2
120,白电手甲,Khezu Guards,mhxx-romfs-game-array+mhxx-dex-1.0+mhxx-save-format-community+mhxx-romfs-native-table,2,2
121,雌火龙腕甲,Rathian Braces,mhxx-romfs-game-array+mhxx-dex-1.0+mhxx-save-format-community+mhxx-romfs-native-table,2,0
122,雌火龙手甲,Rathian Guards,mhxx-romfs-game-array+mhxx-dex-1.0+mhxx-save-format-community+mhxx-romfs-native-table,2,0
123,潜口龙腕甲,Nibelsnarf Braces,mhxx-romfs-game-array+mhxx-dex-1.0+mhxx-save-format-community+mhxx-romfs-native-table,2,1
124,潜口龙手甲,Nibelsnarf Guards,mhxx-romfs-game-array+mhxx-dex-1.0+mhxx-save-format-community+mhxx-romfs-native-table,2,1
125,雪狮子腕甲,Blango Vambraces,mhxx-romfs-game-array+mhxx-dex-1.0+mhxx-save-format-community+mhxx-romfs-native-table,2,1
126,雪狮子手甲,Blango Guards,mhxx-romfs-game-array+mhxx-dex-1.0+mhxx-save-format-community+mhxx-romfs-native-table,2,1
127,将军镰蟹腕甲,Ceanataur Braces,mhxx-romfs-game-array+mhxx-dex-1.0+mhxx-save-format-community+mhxx-romfs-native-table,2,1
128,将军镰蟹手甲,Ceanataur Guards,mhxx-romfs-game-array+mhxx-dex-1.0+mhxx-save-format-community+mhxx-romfs-native-table,2,1
129,绞蛇龙腕甲,Najarala Braces,mhxx-romfs-game-array+mhxx-dex-1.0+mhxx-save-format-community+mhxx-romfs-native-table,2,0
130,绞蛇龙手甲,Najarala Guards,mhxx-romfs-game-array+mhxx-dex-1.0+mhxx-save-format-community+mhxx-romfs-native-table,2,0
131,迅龙腕甲,Nargacuga Braces,mhxx-romfs-game-array+mhxx-dex-1.0+mhxx-save-format-community+mhxx-romfs-native-table,2,2
132,迅龙手甲,Nargacuga Guards,mhxx-romfs-game-array+mhxx-dex-1.0+mhxx-save-format-community+mhxx-romfs-native-table,2,2
133,贤者手套,Scholarly Grips,mhxx-romfs-game-array+mhxx-dex-1.0+mhxx-save-format-community+mhxx-romfs-native-table,2,0
134,贤者袖扣,Scholarly Cuffs,mhxx-romfs-game-array+mhxx-dex-1.0+mhxx-save-format-community+mhxx-romfs-native-table,2,0
135,海境腕甲,Vaik Braces,mhxx-romfs-game-array+mhxx-dex-1.0+mhxx-save-format-community+mhxx-romfs-native-table,3,1
136,海境手甲,Vaik Guards,mhxx-romfs-game-array+mhxx-dex-1.0+mhxx-save-format-community+mhxx-romfs-native-table,3,1
139,锹形护袖,Aelucanth Brachia,mhxx-romfs-game-array+mhxx-dex-1.0+mhxx-save-format-community+mhxx-romfs-native-table,3,1
140,锹形腕,Aelucanth Manus,mhxx-romfs-game-array+mhxx-dex-1.0+mhxx-save-format-community+mhxx-romfs-native-table,3,1
141,凤蝶护袖,Rhopessa Brachia,mhxx-romfs-game-array+mhxx-dex-1.0+mhxx-save-format-community+mhxx-romfs-native-table,3,1
142,凤蝶腕,Rhopessa Manus,mhxx-romfs-game-array+mhxx-dex-1.0+mhxx-save-format-community+mhxx-romfs-native-table,3,1
143,机械腕甲,Artian Braces,mhxx-romfs-game-array+mhxx-dex-1.0+mhxx-save-format-community+mhxx-romfs-native-table,3,1
144,机械手甲,Artian Guards,mhxx-romfs-game-array+mhxx-dex-1.0+mhxx-save-format-community+mhxx-romfs-native-table,3,1
145,黑狼鸟腕甲,Garuga Vambraces,mhxx-romfs-game-array+mhxx-dex-1.0+mhxx-save-format-community+mhxx-romfs-native-table,3,0
146,黑狼鸟手甲,Garuga Guards,mhxx-romfs-game-array+mhxx-dex-1.0+mhxx-save-format-community+mhxx-romfs-native-table,3,0
148,爆锤龙腕甲,Uragaan Vambraces,mhxx-romfs-game-array+mhxx-dex-1.0+mhxx-save-format-community+mhxx-romfs-native-table,3,2
149,爆锤龙手甲,Uragaan Guards,mhxx-romfs-game-array+mhxx-dex-1.0+mhxx-save-format-community+mhxx-romfs-native-table,3,2
150,火龙腕甲,Rathalos Braces,mhxx-romfs-game-array+mhxx-dex-1.0+mhxx-save-format-community+mhxx-romfs-native-table,3,0
151,火龙手甲,Rathalos Guards,mhxx-romfs-game-array+mhxx-dex-1.0+mhxx-save-format-community+mhxx-romfs-native-table,3,0
152,海龙腕甲,Lagiacrus Braces,mhxx-romfs-game-array+mhxx-dex-1.0+mhxx-save-format-community+mhxx-romfs-native-table,3,0
153,海龙手甲,Lagiacrus Guards,mhxx-romfs-game-array+mhxx-dex-1.0+mhxx-save-format-community+mhxx-romfs-native-table,3,0
154,雷狼龙腕甲,Zinogre Braces,mhxx-romfs-game-array+mhxx-dex-1.0+mhxx-save-format-community+mhxx-romfs-native-table,3,1
155,雷狼龙手甲,Zinogre Guards,mhxx-romfs-game-array+mhxx-dex-1.0+mhxx-save-format-community+mhxx-romfs-native-table,3,1
156,泡狐龙腕甲,Mizutsune Braces,mhxx-romfs-game-array+mhxx-dex-1.0+mhxx-save-format-community+mhxx-romfs-native-table,3,1
157,泡狐龙手甲,Mizutsune Guards,mhxx-romfs-game-array+mhxx-dex-1.0+mhxx-save-format-community+mhxx-romfs-native-table,3,1
158,电龙腕甲,Astalos Braces,mhxx-romfs-game-array+mhxx-dex-1.0+mhxx-save-format-community+mhxx-romfs-native-table,3,1
159,电龙手甲,Astalos Guards,mhxx-romfs-game-array+mhxx-dex-1.0+mhxx-save-format-community+mhxx-romfs-native-table,3,1
160,巨兽腕甲,Gammoth Braces,mhxx-romfs-game-array+mhxx-dex-1.0+mhxx-save-format-community+mhxx-romfs-native-table,3,2
161,巨兽手甲,Gammoth Guards,mhxx-romfs-game-array+mhxx-dex-1.0+mhxx-save-format-community+mhxx-romfs-native-table,3,2
162,斩龙腕甲,Glavenus Braces,mhxx-romfs-game-array+mhxx-dex-1.0+mhxx-save-format-community+mhxx-romfs-native-table,3,0
163,斩龙手甲,Glavenus Guards,mhxx-romfs-game-array+mhxx-dex-1.0+mhxx-save-format-community+mhxx-romfs-native-table,3,0
164,黑蚀龙腕甲,Gore Braces,mhxx-romfs-game-array+mhxx-dex-1.0+mhxx-save-format-community+mhxx-romfs-native-table,3,0
165,黑蚀龙手甲,Gore Guards,mhxx-romfs-game-array+mhxx-dex-1.0+mhxx-save-format-community+mhxx-romfs-native-table,3,0
166,千刃龙腕甲,Regios Vambraces,mhxx-romfs-game-array+mhxx-dex-1.0+mhxx-save-format-community+mhxx-romfs-native-table,3,0
167,千刃龙手甲,Regios Guards,mhxx-romfs-game-array+mhxx-dex-1.0+mhxx-save-format-community+mhxx-romfs-native-table,3,0
168,轰龙腕甲,Tigrex Braces,mhxx-romfs-game-array+mhxx-dex-1.0+mhxx-save-format-community+mhxx-romfs-native-table,3,1
169,轰龙手甲,Tigrex Guards,mhxx-romfs-game-array+mhxx-dex-1.0+mhxx-save-format-community+mhxx-romfs-native-table,3,1
170,麒麟长腕甲,Kirin Longarms,mhxx-romfs-game-array+mhxx-dex-1.0+mhxx-save-format-community+mhxx-romfs-native-table,3,1
171,麒麟护手,Kirin Gloves,mhxx-romfs-game-array+mhxx-dex-1.0+mhxx-save-format-community+mhxx-romfs-native-table,3,1
172,碎龙腕甲,Brachydios Braces,mhxx-romfs-game-array+mhxx-dex-1.0+mhxx-save-format-community+mhxx-romfs-native-table,3,0
173,碎龙手甲,Brachydios Guards,mhxx-romfs-game-array+mhxx-dex-1.0+mhxx-save-format-community+mhxx-romfs-native-table,3,0
174,方舟腕甲,Arc Vambraces,mhxx-romfs-game-array+mhxx-dex-1.0+mhxx-save-format-community+mhxx-romfs-native-table,3,0
175,友爱腕甲,Storge Braces,mhxx-romfs-game-array+mhxx-dex-1.0+mhxx-save-format-community+mhxx-romfs-native-table,3,0
176,方舟手甲,Arc Guards,mhxx-romfs-game-array+mhxx-dex-1.0+mhxx-save-format-community+mhxx-romfs-native-table,3,0
177,友爱手甲,Storge Guards,mhxx-romfs-game-array+mhxx-dex-1.0+mhxx-save-format-community+mhxx-romfs-native-table,3,0
178,钢龙刚强,Kushala Grip,mhxx-romfs-game-array+mhxx-dex-1.0+mhxx-save-format-community+mhxx-romfs-native-table,3,0
179,钢龙劲猛,Kushala Embrace,mhxx-romfs-game-array+mhxx-dex-1.0+mhxx-save-format-community+mhxx-romfs-native-table,3,0
180,水行【大袖】,Mizuha Sleeves,mhxx-romfs-game-array+mhxx-dex-1.0+mhxx-save-format-community+mhxx-romfs-native-table,3,0
181,丰玉【大袖】,Cham Sleeves,mhxx-romfs-game-array+mhxx-dex-1.0+mhxx-save-format-community+mhxx-romfs-native-table,3,0
182,帝王腕甲,Kaiser Vambraces,mhxx-romfs-game-array+mhxx-dex-1.0+mhxx-save-format-community+mhxx-romfs-native-table,3,0
183,帝王手甲,Kaiser Guards,mhxx-romfs-game-array+mhxx-dex-1.0+mhxx-save-format-community+mhxx-romfs-native-table,3,0
184,骸装甲【臂骨】,Skeletal Humerus,mhxx-romfs-game-array+mhxx-dex-1.0+mhxx-save-format-community+mhxx-romfs-native-table,3,1
185,尸装甲【臂骨】,Decayed Humerus,mhxx-romfs-game-array+mhxx-dex-1.0+mhxx-save-format-community+mhxx-romfs-native-table,3,1
186,黑色护肘,Black Claw,mhxx-romfs-game-array+mhxx-dex-1.0+mhxx-save-format-community+mhxx-romfs-native-table,3,0
187,黑色拳头,Black Fist,mhxx-romfs-game-array+mhxx-dex-1.0+mhxx-save-format-community+mhxx-romfs-native-table,3,0
188,黑带腕甲,Black Belt Braces,mhxx-romfs-game-array+mhxx-dex-1.0+mhxx-save-format-community+mhxx-romfs-native-table,3,0
189,黑带手甲,Black Belt Guards,mhxx-romfs-game-array+mhxx-dex-1.0+mhxx-save-format-community+mhxx-romfs-native-table,3,0
190,公会诗人腕甲,Guild Bard Braces,mhxx-romfs-game-array+mhxx-dex-1.0+mhxx-save-format-community+mhxx-romfs-native-table,3,1
191,公会诗人袖扣,Guild Bard Sleeves,mhxx-romfs-game-array+mhxx-dex-1.0+mhxx-save-format-community+mhxx-romfs-native-table,3,1
192,女仆手套,Maiden's Gloves,mhxx-romfs-game-array+mhxx-dex-1.0+mhxx-save-format-community+mhxx-romfs-native-table,3,1
193,休闲袖扣,French Maid Sleeves,mhxx-romfs-game-array+mhxx-dex-1.0+mhxx-save-format-community+mhxx-romfs-native-table,3,1
194,支援者袖扣,Helper Sleeves,mhxx-romfs-game-array+mhxx-dex-1.0+mhxx-save-format-community+mhxx-romfs-native-table,3,1
195,治疗者袖扣,Healer Sleeves,mhxx-romfs-game-array+mhxx-dex-1.0+mhxx-save-format-community+mhxx-romfs-native-table,3,1
196,抚子【蕾袖】,Dianthus Sleeves,mhxx-romfs-game-array+mhxx-dex-1.0+mhxx-save-format-community+mhxx-romfs-native-table,3,1
197,桔梗【蕾袖】,Campanile Sleeves,mhxx-romfs-game-array+mhxx-dex-1.0+mhxx-save-format-community+mhxx-romfs-native-table,3,1
198,泡澡条巾,Bath Sleeves,mhxx-romfs-game-array+mhxx-dex-1.0+mhxx-save-format-community+mhxx-romfs-native-table,3,0
199,美食喵袖,Gourmew Gloves,mhxx-romfs-game-array+mhxx-dex-1.0+mhxx-save-format-community+mhxx-romfs-native-table,3,0
200,美食喵手套,Gourmew Mitts,mhxx-romfs-game-array+mhxx-dex-1.0+mhxx-save-format-community+mhxx-romfs-native-table,3,0
201,皮制S腕甲,Leather Braces S,mhxx-romfs-game-array+mhxx-dex-1.0+mhxx-save-format-community+mhxx-romfs-native-table,4,1
202,锁甲S腕甲,Chainmail Braces S,mhxx-romfs-game-array+mhxx-dex-1.0+mhxx-save-format-community+mhxx-romfs-native-table,4,1
203,贝鲁纳S腕甲,Bherna Braces S,mhxx-romfs-game-array+mhxx-dex-1.0+mhxx-save-format-community+mhxx-romfs-native-table,4,1
204,贝鲁纳S手甲,Bherna Guards S,mhxx-romfs-game-array+mhxx-dex-1.0+mhxx-save-format-community+mhxx-romfs-native-table,4,1
205,狩猎S腕甲,Hunting Braces S,mhxx-romfs-game-array+mhxx-dex-1.0+mhxx-save-format-community+mhxx-romfs-native-table,4,1
206,狩猎S手甲,Hunting Guards S,mhxx-romfs-game-array+mhxx-dex-1.0+mhxx-save-format-community+mhxx-romfs-native-table,4,1
207,毛皮S手套,Mafumofu Grips S,mhxx-romfs-game-array+mhxx-dex-1.0+mhxx-save-format-community+mhxx-romfs-native-table,4,2
208,毛皮S连指手套,Mafumofu Mittens S,mhxx-romfs-game-array+mhxx-dex-1.0+mhxx-save-format-community+mhxx-romfs-native-table,4,2
209,结云之护臂･天,Yukumo Sky Kote,mhxx-romfs-game-array+mhxx-dex-1.0+mhxx-save-format-community+mhxx-romfs-native-table,4,1
210,结云之护臂･地,Yukumo Land Kote,mhxx-romfs-game-array+mhxx-dex-1.0+mhxx-save-format-community+mhxx-romfs-native-table,4,1
212,猎人S腕甲,Hunter's Vambraces S,mhxx-romfs-game-array+mhxx-dex-1.0+mhxx-save-format-community+mhxx-romfs-native-table,4,1
213,猎人S手甲,Hunter's Guards S,mhxx-romfs-game-array+mhxx-dex-1.0+mhxx-save-format-community+mhxx-romfs-native-table,4,1
214,猎人R腕甲,Hunter's Braces R,mhxx-romfs-game-array+mhxx-dex-1.0+mhxx-save-format-community+mhxx-romfs-native-table,4,0
215,猎人R手甲,Hunter's Guards R,mhxx-romfs-game-array+mhxx-dex-1.0+mhxx-save-format-community+mhxx-romfs-native-table,4,0
216,骨制S腕甲,Bone Vambraces S,mhxx-romfs-game-array+mhxx-dex-1.0+mhxx-save-format-community+mhxx-romfs-native-table,4,2
217,骨制S手甲,Bone Guards S,mhxx-romfs-game-array+mhxx-dex-1.0+mhxx-save-format-community+mhxx-romfs-native-table,4,2
224,花瓣S枝叶,Melahoa Branch S,mhxx-romfs-game-array+mhxx-dex-1.0+mhxx-save-format-community+mhxx-romfs-native-table,4,0
225,花瓣S美神,Melahoa Petal S,mhxx-romfs-game-array+mhxx-dex-1.0+mhxx-save-format-community+mhxx-romfs-native-table,4,0
226,花瓣U枝叶,Melahoa Branch U,mhxx-romfs-game-array+mhxx-dex-1.0+mhxx-save-format-community+mhxx-romfs-native-table,4,1
227,花瓣U美神,Melahoa Petal U,mhxx-romfs-game-array+mhxx-dex-1.0+mhxx-save-format-community+mhxx-romfs-native-table,4,1
228,鱼鳞S袖,Makluva Sleeves S,mhxx-romfs-game-array+mhxx-dex-1.0+mhxx-save-format-community+mhxx-romfs-native-table,4,0
229,鱼鳞S护袖,Makluva Sucker S,mhxx-romfs-game-array+mhxx-dex-1.0+mhxx-save-format-community+mhxx-romfs-native-table,4,0
230,鱼鳞U袖,Makluva Sleeves U,mhxx-romfs-game-array+mhxx-dex-1.0+mhxx-save-format-community+mhxx-romfs-native-table,4,0
231,鱼鳞U护袖,Makluva Sucker U,mhxx-romfs-game-array+mhxx-dex-1.0+mhxx-save-format-community+mhxx-romfs-native-table,4,0
236,南瓜S枝叶,Mosgharl Creeper S,mhxx-romfs-game-array+mhxx-dex-1.0+mhxx-save-format-community+mhxx-romfs-native-table,4,1
237,南瓜S美神,Mosgharl Tendril S,mhxx-romfs-game-array+mhxx-dex-1.0+mhxx-save-format-community+mhxx-romfs-native-table,4,1
238,雪绒花S枝叶,Edel Creeper S,mhxx-romfs-game-array+mhxx-dex-1.0+mhxx-save-format-community+mhxx-romfs-native-table,4,1
239,雪绒花S美神,Edel Tendril S,mhxx-romfs-game-array+mhxx-dex-1.0+mhxx-save-format-community+mhxx-romfs-native-table,4,1
240,云羊鹿S手套,Moofah Claws S,mhxx-romfs-game-array+mhxx-dex-1.0+mhxx-save-format-community+mhxx-romfs-native-table,4,0
241,云羊鹿S袖扣,Moofah Sleeves S,mhxx-romfs-game-array+mhxx-dex-1.0+mhxx-save-format-community+mhxx-romfs-native-table,4,0
247,蓝速龙套装S手套,Velociprey Claws S,mhxx-romfs-game-array+mhxx-dex-1.0+mhxx-save-format-community+mhxx-romfs-native-table,4,0
248,蓝速龙套装S护臂,Velociprey Gloves S,mhxx-romfs-game-array+mhxx-dex-1.0+mhxx-save-format-community+mhxx-romfs-native-table,4,0
249,黄速龙套装S手套,Genprey Claws S,mhxx-romfs-game-array+mhxx-dex-1.0+mhxx-save-format-community+mhxx-romfs-native-table,4,0
250,黄速龙套装S护臂,Genprey Gloves S,mhxx-romfs-game-array+mhxx-dex-1.0+mhxx-save-format-community+mhxx-romfs-native-table,4,0
251,红速龙套装S手套,Ioprey Claws S,mhxx-romfs-game-array+mhxx-dex-1.0+mhxx-save-format-community+mhxx-romfs-native-table,4,0
252,红速龙套装S护臂,Ioprey Gloves S,mhxx-romfs-game-array+mhxx-dex-1.0+mhxx-save-format-community+mhxx-romfs-native-table,4,0
253,蛇龙套装S手套,Remobra Gloves S,mhxx-romfs-game-array+mhxx-dex-1.0+mhxx-save-format-community+mhxx-romfs-native-table,4,0
254,蛇龙套装S护臂,Remobra Hands S,mhxx-romfs-game-array+mhxx-dex-1.0+mhxx-save-format-community+mhxx-romfs-native-table,4,0
255,猎手皮臂甲S,Trapper's Gauntlets S,mhxx-romfs-game-array+mhxx-dex-1.0+mhxx-save-format-community+mhxx-romfs-native-table,4,1
256,猎手皮手套S,Trapper's Gloves S,mhxx-romfs-game-array+mhxx-dex-1.0+mhxx-save-format-community+mhxx-romfs-native-table,4,1
257,跳狗龙王皮臂甲S,Maccao Gauntlets S,mhxx-romfs-game-array+mhxx-dex-1.0+mhxx-save-format-community+mhxx-romfs-native-table,4,0
258,跳狗龙王皮手套S,Maccao Gloves S,mhxx-romfs-game-array+mhxx-dex-1.0+mhxx-save-format-community+mhxx-romfs-native-table,4,0
259,狗龙王皮臂甲S,Jaggi Gauntlets S,mhxx-romfs-game-array+mhxx-dex-1.0+mhxx-save-format-community+mhxx-romfs-native-table,4,0
260,狗龙王皮手套S,Jaggi Gloves S,mhxx-romfs-game-array+mhxx-dex-1.0+mhxx-save-format-community+mhxx-romfs-native-table,4,0
261,蘑菇猪S拳,Mosswine Gloves S,mhxx-romfs-game-array+mhxx-dex-1.0+mhxx-save-format-community+mhxx-romfs-native-table,4,1
262,硬甲龙S腕甲,Rhenoplos Braces S,mhxx-romfs-game-array+mhxx-dex-1.0+mhxx-save-format-community+mhxx-romfs-native-table,4,2
263,硬甲龙S手甲,Rhenoplos Guards S,mhxx-romfs-game-array+mhxx-dex-1.0+mhxx-save-format-community+mhxx-romfs-native-table,4,2
264,狗龙S腕甲,Jaggi Vambraces S,mhxx-romfs-game-array+mhxx-dex-1.0+mhxx-save-format-community+mhxx-romfs-native-table,4,1
265,狗龙S手甲,Jaggi Guards S,mhxx-romfs-game-array+mhxx-dex-1.0+mhxx-save-format-community+mhxx-romfs-native-table,4,1
270,跳狗龙S腕甲,Maccao Braces S,mhxx-romfs-game-array+mhxx-dex-1.0+mhxx-save-format-community+mhxx-romfs-native-table,4,2
271,跳狗龙S手甲,Maccao Guards S,mhxx-romfs-game-array+mhxx-dex-1.0+mhxx-save-format-community+mhxx-romfs-native-table,4,2
272,蓝速龙S腕甲,Velociprey Braces S,mhxx-romfs-game-array+mhxx-dex-1.0+mhxx-save-format-community+mhxx-romfs-native-table,4,2
273,蓝速龙S手甲,Velociprey Guards S,mhxx-romfs-game-array+mhxx-dex-1.0+mhxx-save-format-community+mhxx-romfs-native-table,4,2
274,白速龙S腕甲,Giaprey Braces S,mhxx-romfs-game-array+mhxx-dex-1.0+mhxx-save-format-community+mhxx-romfs-native-table,4,1
275,白速龙S手甲,Giaprey Guards S,mhxx-romfs-game-array+mhxx-dex-1.0+mhxx-save-format-community+mhxx-romfs-native-table,4,1
276,黄速龙S腕甲,Genprey Vambraces S,mhxx-romfs-game-array+mhxx-dex-1.0+mhxx-save-format-community+mhxx-romfs-native-table,4,1
277,黄速龙S手甲,Genprey Guards S,mhxx-romfs-game-array+mhxx-dex-1.0+mhxx-save-format-community+mhxx-romfs-native-table,4,1
278,EX黄速龙腕甲,EX Genprey Braces,mhxx-romfs-game-array+mhxx-dex-1.0+mhxx-save-format-community+mhxx-romfs-native-table,4,1
279,EX黄速龙手甲,EX Genprey Guards,mhxx-romfs-game-array+mhxx-dex-1.0+mhxx-save-format-community+mhxx-romfs-native-table,4,1
280,红速龙S腕甲,Ioprey Vambraces S,mhxx-romfs-game-array+mhxx-dex-1.0+mhxx-save-format-community+mhxx-romfs-native-table,4,1
281,红速龙S手甲,Ioprey Guards S,mhxx-romfs-game-array+mhxx-dex-1.0+mhxx-save-format-community+mhxx-romfs-native-table,4,1
282,EX红速龙腕甲,EX Ioprey Vambraces,mhxx-romfs-game-array+mhxx-dex-1.0+mhxx-save-format-community+mhxx-romfs-native-table,4,1
283,EX红速龙手甲,EX Ioprey Guards,mhxx-romfs-game-array+mhxx-dex-1.0+mhxx-save-format-community+mhxx-romfs-native-table,4,1
284,巨蜂S腕甲,Vespoid Vambraces S,mhxx-romfs-game-array+mhxx-dex-1.0+mhxx-save-format-community+mhxx-romfs-native-table,4,2
285,巨蜂S手甲,Vespoid Guards S,mhxx-romfs-game-array+mhxx-dex-1.0+mhxx-save-format-community+mhxx-romfs-native-table,4,2
286,EX巨蜂腕甲,EX Vespoid Vambraces,mhxx-romfs-game-array+mhxx-dex-1.0+mhxx-save-format-community+mhxx-romfs-native-table,4,0
287,EX巨蜂手甲,EX Vespoid Guards,mhxx-romfs-game-array+mhxx-dex-1.0+mhxx-save-format-community+mhxx-romfs-native-table,4,0
288,巨甲虫S腕甲,Hornetaur Braces S,mhxx-romfs-game-array+mhxx-dex-1.0+mhxx-save-format-community+mhxx-romfs-native-table,4,2
289,巨甲虫S手甲,Hornetaur Guards S,mhxx-romfs-game-array+mhxx-dex-1.0+mhxx-save-format-community+mhxx-romfs-native-table,4,2
290,EX巨甲虫腕甲,EX Hornetaur Braces,mhxx-romfs-game-array+mhxx-dex-1.0+mhxx-save-format-community+mhxx-romfs-native-table,4,1
291,EX巨甲虫手甲,EX Hornetaur Guards,mhxx-romfs-game-array+mhxx-dex-1.0+mhxx-save-format-community+mhxx-romfs-native-table,4,1
292,巨甲虫R腕甲,Hornetaur Braces R,mhxx-romfs-game-array+mhxx-dex-1.0+mhxx-save-format-community+mhxx-romfs-native-table,4,0
293,巨甲虫R手甲,Hornetaur Guards R,mhxx-romfs-game-array+mhxx-dex-1.0+mhxx-save-format-community+mhxx-romfs-native-table,4,0
294,飞甲虫S护手,Bnahabra Gloves S,mhxx-romfs-game-array+mhxx-dex-1.0+mhxx-save-format-community+mhxx-romfs-native-table,4,2
295,飞甲虫S袖扣,Bnahabra Sleeves S,mhxx-romfs-game-array+mhxx-dex-1.0+mhxx-save-format-community+mhxx-romfs-native-table,4,2
296,盾虫S腕甲,Konchu Braces S,mhxx-romfs-game-array+mhxx-dex-1.0+mhxx-save-format-community+mhxx-romfs-native-table,4,0
297,盾虫S手甲,Konchu Guards S,mhxx-romfs-game-array+mhxx-dex-1.0+mhxx-save-format-community+mhxx-romfs-native-table,4,0
298,野猪S腕甲,Bulldrome Braces S,mhxx-romfs-game-array+mhxx-dex-1.0+mhxx-save-format-community+mhxx-romfs-native-table,4,2
299,野猪S手甲,Bulldrome Guards S,mhxx-romfs-game-array+mhxx-dex-1.0+mhxx-save-format-community+mhxx-romfs-native-table,4,2
301,青熊兽S腕甲,Arzuros Vambraces S,mhxx-romfs-game-array+mhxx-dex-1.0+mhxx-save-format-community+mhxx-romfs-native-table,4,0
302,青熊兽S手甲,Arzuros Guards S,mhxx-romfs-game-array+mhxx-dex-1.0+mhxx-save-format-community+mhxx-romfs-native-table,4,0
303,砂龙S腕甲,Cephalos Vambraces S,mhxx-romfs-game-array+mhxx-dex-1.0+mhxx-save-format-community+mhxx-romfs-native-table,4,1
304,砂龙S手甲,Cephalos Guards S,mhxx-romfs-game-array+mhxx-dex-1.0+mhxx-save-format-community+mhxx-romfs-native-table,4,1
305,EX砂龙腕甲,EX Cephalos Braces,mhxx-romfs-game-array+mhxx-dex-1.0+mhxx-save-format-community+mhxx-romfs-native-table,4,0
306,EX砂龙手甲,EX Cephalos Guards,mhxx-romfs-game-array+mhxx-dex-1.0+mhxx-save-format-community+mhxx-romfs-native-table,4,0
307,怪鸟S腕甲,Kut-Ku Vambraces S,mhxx-romfs-game-array+mhxx-dex-1.0+mhxx-save-format-community+mhxx-romfs-native-table,4,0
308,怪鸟S手甲,Kut-Ku Guards S,mhxx-romfs-game-array+mhxx-dex-1.0+mhxx-save-format-community+mhxx-romfs-native-table,4,0
309,奇猿狐腕甲,Kecha Vambraces,mhxx-romfs-game-array+mhxx-dex-1.0+mhxx-save-format-community+mhxx-romfs-native-table,4,0
310,奇猿狐手甲,Kecha Guards,mhxx-romfs-game-array+mhxx-dex-1.0+mhxx-save-format-community+mhxx-romfs-native-table,4,0
311,白兔兽S腕甲,Lagombi Vambraces S,mhxx-romfs-game-array+mhxx-dex-1.0+mhxx-save-format-community+mhxx-romfs-native-table,4,1
312,白兔兽S手甲,Lagombi Guards S,mhxx-romfs-game-array+mhxx-dex-1.0+mhxx-save-format-community+mhxx-romfs-native-table,4,1
313,毒怪鸟S腕甲,Gypceros Braces S,mhxx-romfs-game-array+mhxx-dex-1.0+mhxx-save-format-community+mhxx-romfs-native-table,4,1
314,毒怪鸟S手甲,Gypceros Guards S,mhxx-romfs-game-array+mhxx-dex-1.0+mhxx-save-format-community+mhxx-romfs-native-table,4,1
315,毒怪鸟R腕甲,Gypceros Braces R,mhxx-romfs-game-array+mhxx-dex-1.0+mhxx-save-format-community+mhxx-romfs-native-table,4,1
316,毒怪鸟R手甲,Gypceros Guards R,mhxx-romfs-game-array+mhxx-dex-1.0+mhxx-save-format-community+mhxx-romfs-native-table,4,1
317,鬼蛙S腕甲,Tetsucabra Braces S,mhxx-romfs-game-array+mhxx-dex-1.0+mhxx-save-format-community+mhxx-romfs-native-table,4,0
318,鬼蛙S手甲,Tetsucabra Guards S,mhxx-romfs-game-array+mhxx-dex-1.0+mhxx-save-format-community+mhxx-romfs-native-table,4,0
319,大名盾蟹S腕甲,Hermitaur Braces S,mhxx-romfs-game-array+mhxx-dex-1.0+mhxx-save-format-community+mhxx-romfs-native-table,4,2
320,大名盾蟹S手甲,Hermitaur Guards S,mhxx-romfs-game-array+mhxx-dex-1.0+mhxx-save-format-community+mhxx-romfs-native-table,4,2
321,EX大名盾蟹腕甲,EX Hermitaur Braces,mhxx-romfs-game-array+mhxx-dex-1.0+mhxx-save-format-community+mhxx-romfs-native-table,4,1
322,EX大名盾蟹手甲,EX Hermitaur Guards,mhxx-romfs-game-array+mhxx-dex-1.0+mhxx-save-format-community+mhxx-romfs-native-table,4,1
323,大名盾蟹R腕甲,Hermitaur Braces R,mhxx-romfs-game-array+mhxx-dex-1.0+mhxx-save-format-community+mhxx-romfs-native-table,4,0
324,大名盾蟹R手甲,Hermitaur Guards R,mhxx-romfs-game-array+mhxx-dex-1.0+mhxx-save-format-community+mhxx-romfs-native-table,4,0
325,赤甲兽S腕甲,Volvidon Vambraces S,mhxx-romfs-game-array+mhxx-dex-1.0+mhxx-save-format-community+mhxx-romfs-native-table,4,1
326,赤甲兽S手甲,Volvidon Guards S,mhxx-romfs-game-array+mhxx-dex-1.0+mhxx-save-format-community+mhxx-romfs-native-table,4,1
327,水兽S腕甲,Ludroth Braces S,mhxx-romfs-game-array+mhxx-dex-1.0+mhxx-save-format-community+mhxx-romfs-native-table,4,0
328,水兽S手甲,Ludroth Guards S,mhxx-romfs-game-array+mhxx-dex-1.0+mhxx-save-format-community+mhxx-romfs-native-table,4,0
329,水兽R腕甲,Ludroth Braces R,mhxx-romfs-game-array+mhxx-dex-1.0+mhxx-save-format-community+mhxx-romfs-native-table,4,0
330,水兽R手甲,Ludroth Guards R,mhxx-romfs-game-array+mhxx-dex-1.0+mhxx-save-format-community+mhxx-romfs-native-table,4,0
331,求知腕甲,Lecturer's Braces,mhxx-romfs-game-array+mhxx-dex-1.0+mhxx-save-format-community+mhxx-romfs-native-table,4,0
332,求知手甲,Lecturer's Guards,mhxx-romfs-game-array+mhxx-dex-1.0+mhxx-save-format-community+mhxx-romfs-native-table,4,0
333,合金S腕甲,Alloy Vambraces S,mhxx-romfs-game-array+mhxx-dex-1.0+mhxx-save-format-community+mhxx-romfs-native-table,5,0
334,合金S手甲,Alloy Guards S,mhxx-romfs-game-array+mhxx-dex-1.0+mhxx-save-format-community+mhxx-romfs-native-table,5,0
335,合金R腕甲,Alloy Braces R,mhxx-romfs-game-array+mhxx-dex-1.0+mhxx-save-format-community+mhxx-romfs-native-table,5,0
336,合金R手甲,Alloy Guards R,mhxx-romfs-game-array+mhxx-dex-1.0+mhxx-save-format-community+mhxx-romfs-native-table,5,0
337,战斗S腕甲,Battle Vambraces S,mhxx-romfs-game-array+mhxx-dex-1.0+mhxx-save-format-community+mhxx-romfs-native-table,5,1
338,战斗S手甲,Battle Guards S,mhxx-romfs-game-array+mhxx-dex-1.0+mhxx-save-format-community+mhxx-romfs-native-table,5,1
339,铸铁S腕甲,Ingot Vambraces S,mhxx-romfs-game-array+mhxx-dex-1.0+mhxx-save-format-community+mhxx-romfs-native-table,5,0
340,铸铁S手甲,Ingot Guards S,mhxx-romfs-game-array+mhxx-dex-1.0+mhxx-save-format-community+mhxx-romfs-native-table,5,0
341,铸铁R腕甲,Ingot Vambraces R,mhxx-romfs-game-array+mhxx-dex-1.0+mhxx-save-format-community+mhxx-romfs-native-table,5,0
342,铸铁R手甲,Ingot Guards R,mhxx-romfs-game-array+mhxx-dex-1.0+mhxx-save-format-community+mhxx-romfs-native-table,5,0
343,矿石S腕甲,High Metal Braces S,mhxx-romfs-game-array+mhxx-dex-1.0+mhxx-save-format-community+mhxx-romfs-native-table,5,0
344,矿石S手甲,High Metal Guards S,mhxx-romfs-game-array+mhxx-dex-1.0+mhxx-save-format-community+mhxx-romfs-native-table,5,0
345,矿石U腕甲,High Metal Braces U,mhxx-romfs-game-array+mhxx-dex-1.0+mhxx-save-format-community+mhxx-romfs-native-table,5,1
346,矿石U手甲,High Metal Guards U,mhxx-romfs-game-array+mhxx-dex-1.0+mhxx-save-format-community+mhxx-romfs-native-table,5,1
349,龙虾腕甲,Lobster Vambraces,mhxx-romfs-game-array+mhxx-dex-1.0+mhxx-save-format-community+mhxx-romfs-native-table,5,1
350,龙虾手甲,Lobster Guards,mhxx-romfs-game-array+mhxx-dex-1.0+mhxx-save-format-community+mhxx-romfs-native-table,5,1
351,独角仙S护袖,Obituary Brachia S,mhxx-romfs-game-array+mhxx-dex-1.0+mhxx-save-format-community+mhxx-romfs-native-table,5,1
352,独角仙S腕,Obituary Manus S,mhxx-romfs-game-array+mhxx-dex-1.0+mhxx-save-format-community+mhxx-romfs-native-table,5,1
353,燕尾蝶S护袖,Butterfly Brachia S,mhxx-romfs-game-array+mhxx-dex-1.0+mhxx-save-format-community+mhxx-romfs-native-table,5,1
354,燕尾蝶S腕,Butterfly Manus S,mhxx-romfs-game-array+mhxx-dex-1.0+mhxx-save-format-community+mhxx-romfs-native-table,5,1
355,死神S双手,Death Stench Grip S,mhxx-romfs-game-array+mhxx-dex-1.0+mhxx-save-format-community+mhxx-romfs-native-table,5,2
356,死神S欲望,Death Stench Grasp S,mhxx-romfs-game-array+mhxx-dex-1.0+mhxx-save-format-community+mhxx-romfs-native-table,5,2
357,死神R双手,Death Stench Grip R,mhxx-romfs-game-array+mhxx-dex-1.0+mhxx-save-format-community+mhxx-romfs-native-table,5,2
358,死神R欲望,Death Stench Grasp R,mhxx-romfs-game-array+mhxx-dex-1.0+mhxx-save-format-community+mhxx-romfs-native-table,5,2
359,海境S腕甲,Vaik Braces S,mhxx-romfs-game-array+mhxx-dex-1.0+mhxx-save-format-community+mhxx-romfs-native-table,5,1
360,海境S手甲,Vaik Guards S,mhxx-romfs-game-array+mhxx-dex-1.0+mhxx-save-format-community+mhxx-romfs-native-table,5,1
361,锹形S护袖,Aelucanth Brachia S,mhxx-romfs-game-array+mhxx-dex-1.0+mhxx-save-format-community+mhxx-romfs-native-table,5,0
362,锹形S腕,Aelucanth Manus S,mhxx-romfs-game-array+mhxx-dex-1.0+mhxx-save-format-community+mhxx-romfs-native-table,5,0
363,凤蝶S护袖,Rhopessa Brachia S,mhxx-romfs-game-array+mhxx-dex-1.0+mhxx-save-format-community+mhxx-romfs-native-table,5,0
364,凤蝶S腕,Rhopessa Manus S,mhxx-romfs-game-array+mhxx-dex-1.0+mhxx-save-format-community+mhxx-romfs-native-table,5,0
365,糕点师袖,Patissier's Gloves,mhxx-romfs-game-array+mhxx-dex-1.0+mhxx-save-format-community+mhxx-romfs-native-table,5,0
366,糕点师手套,Patissier's Mitts,mhxx-romfs-game-array+mhxx-dex-1.0+mhxx-save-format-community+mhxx-romfs-native-table,5,0
367,毒蝎S护袖,Skalda Brachia S,mhxx-romfs-game-array+mhxx-dex-1.0+mhxx-save-format-community+mhxx-romfs-native-table,5,0
368,毒蝎S腕,Skalda Manus S,mhxx-romfs-game-array+mhxx-dex-1.0+mhxx-save-format-community+mhxx-romfs-native-table,5,0
369,毒蛛S护袖,Spio Brachia S,mhxx-romfs-game-array+mhxx-dex-1.0+mhxx-save-format-community+mhxx-romfs-native-table,5,0
370,毒蛛S腕,Spio Manus S,mhxx-romfs-game-array+mhxx-dex-1.0+mhxx-save-format-community+mhxx-romfs-native-table,5,0
371,夜鸟S腕甲,Malfestio Braces S,mhxx-romfs-game-array+mhxx-dex-1.0+mhxx-save-format-community+mhxx-romfs-native-table,5,1
372,夜鸟S手甲,Malfestio Guards S,mhxx-romfs-game-array+mhxx-dex-1.0+mhxx-save-format-community+mhxx-romfs-native-table,5,1
373,变形冰鲨腕甲,Zamtrios Braces,mhxx-romfs-game-array+mhxx-dex-1.0+mhxx-save-format-community+mhxx-romfs-native-table,5,0
374,变形冰鲨手甲,Zamtrios Guards,mhxx-romfs-game-array+mhxx-dex-1.0+mhxx-save-format-community+mhxx-romfs-native-table,5,0
375,白电S腕甲,Khezu Vambraces S,mhxx-romfs-game-array+mhxx-dex-1.0+mhxx-save-format-community+mhxx-romfs-native-table,5,2
376,白电S手甲,Khezu Guards S,mhxx-romfs-game-array+mhxx-dex-1.0+mhxx-save-format-community+mhxx-romfs-native-table,5,2
377,白电R腕甲,Khezu Braces R,mhxx-romfs-game-array+mhxx-dex-1.0+mhxx-save-format-community+mhxx-romfs-native-table,5,1
378,白电R手甲,Khezu Guards R,mhxx-romfs-game-array+mhxx-dex-1.0+mhxx-save-format-community+mhxx-romfs-native-table,5,1
379,雌火龙S腕甲,Rathian Braces S,mhxx-romfs-game-array+mhxx-dex-1.0+mhxx-save-format-community+mhxx-romfs-native-table,5,0
380,雌火龙S手甲,Rathian Guards S,mhxx-romfs-game-array+mhxx-dex-1.0+mhxx-save-format-community+mhxx-romfs-native-table,5,0
381,EX雌火龙腕甲,EX Rathian Braces,mhxx-romfs-game-array+mhxx-dex-1.0+mhxx-save-format-community+mhxx-romfs-native-table,5,1
382,EX雌火龙手甲,EX Rathian Guards,mhxx-romfs-game-array+mhxx-dex-1.0+mhxx-save-format-community+mhxx-romfs-native-table,5,1
383,雌火龙R腕甲,Rathian Braces R,mhxx-romfs-game-array+mhxx-dex-1.0+mhxx-save-format-community+mhxx-romfs-native-table,5,1
384,雌火龙R手甲,Rathian Guards R,mhxx-romfs-game-array+mhxx-dex-1.0+mhxx-save-format-community+mhxx-romfs-native-table,5,1
385,潜口龙S腕甲,Nibelsnarf Braces S,mhxx-romfs-game-array+mhxx-dex-1.0+mhxx-save-format-community+mhxx-romfs-native-table,5,1
386,潜口龙S手甲,Nibelsnarf Guards S,mhxx-romfs-game-array+mhxx-dex-1.0+mhxx-save-format-community+mhxx-romfs-native-table,5,1
387,水龙腕甲,Plesioth Vambraces,mhxx-romfs-game-array+mhxx-dex-1.0+mhxx-save-format-community+mhxx-romfs-native-table,5,0
388,水龙手甲,Plesioth Guards,mhxx-romfs-game-array+mhxx-dex-1.0+mhxx-save-format-community+mhxx-romfs-native-table,5,0
389,雪狮子S腕甲,Blango Vambraces S,mhxx-romfs-game-array+mhxx-dex-1.0+mhxx-save-format-community+mhxx-romfs-native-table,5,1
390,雪狮子S手甲,Blango Guards S,mhxx-romfs-game-array+mhxx-dex-1.0+mhxx-save-format-community+mhxx-romfs-native-table,5,1
391,EX雪狮子腕甲,EX Blango Braces,mhxx-romfs-game-array+mhxx-dex-1.0+mhxx-save-format-community+mhxx-romfs-native-table,5,1
392,EX雪狮子手甲,EX Blango Guards,mhxx-romfs-game-array+mhxx-dex-1.0+mhxx-save-format-community+mhxx-romfs-native-table,5,1
393,熔岩龙腕甲,Lavasioth Braces,mhxx-romfs-game-array+mhxx-dex-1.0+mhxx-save-format-community+mhxx-romfs-native-table,5,1
394,熔岩龙手甲,Lavasioth Guards,mhxx-romfs-game-array+mhxx-dex-1.0+mhxx-save-format-community+mhxx-romfs-native-table,5,1
395,EX熔岩龙腕甲,EX Lavasioth Braces,mhxx-romfs-game-array+mhxx-dex-1.0+mhxx-save-format-community+mhxx-romfs-native-table,5,1
396,EX熔岩龙手甲,EX Lavasioth Guards,mhxx-romfs-game-array+mhxx-dex-1.0+mhxx-save-format-community+mhxx-romfs-native-table,5,1
397,将军镰蟹S腕甲,Ceanataur Braces S,mhxx-romfs-game-array+mhxx-dex-1.0+mhxx-save-format-community+mhxx-romfs-native-table,5,1
398,将军镰蟹S手甲,Ceanataur Guards S,mhxx-romfs-game-array+mhxx-dex-1.0+mhxx-save-format-community+mhxx-romfs-native-table,5,1
399,EX将军镰蟹腕甲,EX Ceanataur Braces,mhxx-romfs-game-array+mhxx-dex-1.0+mhxx-save-format-community+mhxx-romfs-native-table,5,1
400,EX将军镰蟹手甲,EX Ceanataur Guards,mhxx-romfs-game-array+mhxx-dex-1.0+mhxx-save-format-community+mhxx-romfs-native-table,5,1
401,将军镰蟹R腕甲,Ceanataur Braces R,mhxx-romfs-game-array+mhxx-dex-1.0+mhxx-save-format-community+mhxx-romfs-native-table,5,0
402,将军镰蟹R手甲,Ceanataur Guards R,mhxx-romfs-game-array+mhxx-dex-1.0+mhxx-save-format-community+mhxx-romfs-native-table,5,0
403,绞蛇龙S腕甲,Najarala Braces S,mhxx-romfs-game-array+mhxx-dex-1.0+mhxx-save-format-community+mhxx-romfs-native-table,5,0
404,绞蛇龙S手甲,Najarala Guards S,mhxx-romfs-game-array+mhxx-dex-1.0+mhxx-save-format-community+mhxx-romfs-native-table,5,0
405,迅龙S腕甲,Nargacuga Braces S,mhxx-romfs-game-array+mhxx-dex-1.0+mhxx-save-format-community+mhxx-romfs-native-table,5,2
406,迅龙S手甲,Nargacuga Guards S,mhxx-romfs-game-array+mhxx-dex-1.0+mhxx-save-format-community+mhxx-romfs-native-table,5,2
407,黑狼鸟S腕甲,Garuga Vambraces S,mhxx-romfs-game-array+mhxx-dex-1.0+mhxx-save-format-community+mhxx-romfs-native-table,5,1
408,黑狼鸟S手甲,Garuga Guards S,mhxx-romfs-game-array+mhxx-dex-1.0+mhxx-save-format-community+mhxx-romfs-native-table,5,1
410,爆锤龙S腕甲,Uragaan Vambraces S,mhxx-romfs-game-array+mhxx-dex-1.0+mhxx-save-format-community+mhxx-romfs-native-table,5,2
411,爆锤龙S手甲,Uragaan Guards S,mhxx-romfs-game-array+mhxx-dex-1.0+mhxx-save-format-community+mhxx-romfs-native-table,5,2
412,黑带S腕甲,Black Belt Braces S,mhxx-romfs-game-array+mhxx-dex-1.0+mhxx-save-format-community+mhxx-romfs-native-table,5,0
413,黑带S手甲,Black Belt Guards S,mhxx-romfs-game-array+mhxx-dex-1.0+mhxx-save-format-community+mhxx-romfs-native-table,5,0
414,守护者腕甲,Guardian Braces,mhxx-romfs-game-array+mhxx-dex-1.0+mhxx-save-format-community+mhxx-romfs-native-table,5,1
415,守护者手甲,Guardian Guards,mhxx-romfs-game-array+mhxx-dex-1.0+mhxx-save-format-community+mhxx-romfs-native-table,5,1
416,守护者U腕甲,Guardian Braces U,mhxx-romfs-game-array+mhxx-dex-1.0+mhxx-save-format-community+mhxx-romfs-native-table,5,1
417,守护者U手甲,Guardian Guards U,mhxx-romfs-game-array+mhxx-dex-1.0+mhxx-save-format-community+mhxx-romfs-native-table,5,1
418,学士手套,Scholar's Gloves,mhxx-romfs-game-array+mhxx-dex-1.0+mhxx-save-format-community+mhxx-romfs-native-table,5,1
419,学士袖扣,Scholar's Sleeves,mhxx-romfs-game-array+mhxx-dex-1.0+mhxx-save-format-community+mhxx-romfs-native-table,5,1
420,水手手套,Sailor Gloves,mhxx-romfs-game-array+mhxx-dex-1.0+mhxx-save-format-community+mhxx-romfs-native-table,5,1
421,水手袖扣,Sailor Sleeves,mhxx-romfs-game-array+mhxx-dex-1.0+mhxx-save-format-community+mhxx-romfs-native-table,5,1
422,高级泡澡条巾,Luxury Bath Sleeves,mhxx-romfs-game-array+mhxx-dex-1.0+mhxx-save-format-community+mhxx-romfs-native-table,5,1
423,北极星【袖】,Kita Star Sleeves,mhxx-romfs-game-array+mhxx-dex-1.0+mhxx-save-format-community+mhxx-romfs-native-table,5,2
424,海渊【袖】,Umi Ocean Sleeves,mhxx-romfs-game-array+mhxx-dex-1.0+mhxx-save-format-community+mhxx-romfs-native-table,5,1
426,勇气S腕甲,Derring Vambraces S,mhxx-romfs-game-array+mhxx-dex-1.0+mhxx-save-format-community+mhxx-romfs-native-table,6,0
427,勇气S手甲,Derring Guards S,mhxx-romfs-game-array+mhxx-dex-1.0+mhxx-save-format-community+mhxx-romfs-native-table,6,0
428,杜宾腕甲,Dober Vambraces,mhxx-romfs-game-array+mhxx-dex-1.0+mhxx-save-format-community+mhxx-romfs-native-table,6,0
429,杜宾手甲,Dober Guards,mhxx-romfs-game-array+mhxx-dex-1.0+mhxx-save-format-community+mhxx-romfs-native-table,6,0
430,花纹钢腕甲,Damascus Vambraces,mhxx-romfs-game-array+mhxx-dex-1.0+mhxx-save-format-community+mhxx-romfs-native-table,6,0
431,花纹钢手甲,Damascus Guards,mhxx-romfs-game-array+mhxx-dex-1.0+mhxx-save-format-community+mhxx-romfs-native-table,6,0
432,花纹钢R腕甲,Damascus Braces R,mhxx-romfs-game-array+mhxx-dex-1.0+mhxx-save-format-community+mhxx-romfs-native-table,6,0
433,花纹钢R手甲,Damascus Guards R,mhxx-romfs-game-array+mhxx-dex-1.0+mhxx-save-format-community+mhxx-romfs-native-table,6,0
440,机械S腕甲,Artian Braces S,mhxx-romfs-game-array+mhxx-dex-1.0+mhxx-save-format-community+mhxx-romfs-native-table,6,0
441,机械S手甲,Artian Guards S,mhxx-romfs-game-array+mhxx-dex-1.0+mhxx-save-format-community+mhxx-romfs-native-table,6,0
442,机械R腕甲,Artian Braces R,mhxx-romfs-game-array+mhxx-dex-1.0+mhxx-save-format-community+mhxx-romfs-native-table,6,1
443,机械R手甲,Artian Guards R,mhxx-romfs-game-array+mhxx-dex-1.0+mhxx-save-format-community+mhxx-romfs-native-table,6,1
444,重甲虫腕甲,Seltas Vambraces,mhxx-romfs-game-array+mhxx-dex-1.0+mhxx-save-format-community+mhxx-romfs-native-table,6,0
445,重甲虫手甲,Seltas Guards,mhxx-romfs-game-array+mhxx-dex-1.0+mhxx-save-format-community+mhxx-romfs-native-table,6,0
446,火龙S腕甲,Rathalos Braces S,mhxx-romfs-game-array+mhxx-dex-1.0+mhxx-save-format-community+mhxx-romfs-native-table,6,1
447,火龙S手甲,Rathalos Guards S,mhxx-romfs-game-array+mhxx-dex-1.0+mhxx-save-format-community+mhxx-romfs-native-table,6,1
448,EX火龙腕甲,EX Rathalos Braces,mhxx-romfs-game-array+mhxx-dex-1.0+mhxx-save-format-community+mhxx-romfs-native-table,6,0
449,EX火龙手甲,EX Rathalos Guards,mhxx-romfs-game-array+mhxx-dex-1.0+mhxx-save-format-community+mhxx-romfs-native-table,6,0
450,火龙R腕甲,Rathalos Braces R,mhxx-romfs-game-array+mhxx-dex-1.0+mhxx-save-format-community+mhxx-romfs-native-table,6,1
451,火龙R手甲,Rathalos Guards R,mhxx-romfs-game-array+mhxx-dex-1.0+mhxx-save-format-community+mhxx-romfs-native-table,6,1
452,海龙S腕甲,Lagiacrus Braces S,mhxx-romfs-game-array+mhxx-dex-1.0+mhxx-save-format-community+mhxx-romfs-native-table,6,0
453,海龙S手甲,Lagiacrus Guards S,mhxx-romfs-game-array+mhxx-dex-1.0+mhxx-save-format-community+mhxx-romfs-native-table,6,0
454,海龙R腕甲,Lagiacrus Braces R,mhxx-romfs-game-array+mhxx-dex-1.0+mhxx-save-format-community+mhxx-romfs-native-table,6,0
455,海龙R手甲,Lagiacrus Guards R,mhxx-romfs-game-array+mhxx-dex-1.0+mhxx-save-format-community+mhxx-romfs-native-table,6,0
456,雷狼龙S腕甲,Zinogre Braces S,mhxx-romfs-game-array+mhxx-dex-1.0+mhxx-save-format-community+mhxx-romfs-native-table,6,0
457,雷狼龙S手甲,Zinogre Guards S,mhxx-romfs-game-array+mhxx-dex-1.0+mhxx-save-format-community+mhxx-romfs-native-table,6,0
458,EX雷狼龙腕甲,EX Zinogre Braces,mhxx-romfs-game-array+mhxx-dex-1.0+mhxx-save-format-community+mhxx-romfs-native-table,6,1
459,EX雷狼龙手甲,EX Zinogre Guards,mhxx-romfs-game-array+mhxx-dex-1.0+mhxx-save-format-community+mhxx-romfs-native-table,6,1
460,泡狐龙S腕甲,Mizutsune Braces S,mhxx-romfs-game-array+mhxx-dex-1.0+mhxx-save-format-community+mhxx-romfs-native-table,6,1
461,泡狐龙S手甲,Mizutsune Guards S,mhxx-romfs-game-array+mhxx-dex-1.0+mhxx-save-format-community+mhxx-romfs-native-table,6,1
462,电龙S腕甲,Astalos Braces S,mhxx-romfs-game-array+mhxx-dex-1.0+mhxx-save-format-community+mhxx-romfs-native-table,6,1
463,电龙S手甲,Astalos Guards S,mhxx-romfs-game-array+mhxx-dex-1.0+mhxx-save-format-community+mhxx-romfs-native-table,6,1
464,巨兽S腕甲,Gammoth Braces S,mhxx-romfs-game-array+mhxx-dex-1.0+mhxx-save-format-community+mhxx-romfs-native-table,6,2
465,巨兽S手甲,Gammoth Guards S,mhxx-romfs-game-array+mhxx-dex-1.0+mhxx-save-format-community+mhxx-romfs-native-table,6,2
466,斩龙S腕甲,Glavenus Braces S,mhxx-romfs-game-array+mhxx-dex-1.0+mhxx-save-format-community+mhxx-romfs-native-table,6,0
467,斩龙S手甲,Glavenus Guards S,mhxx-romfs-game-array+mhxx-dex-1.0+mhxx-save-format-community+mhxx-romfs-native-table,6,0
468,炎戈龙腕甲,Agnaktor Vambraces,mhxx-romfs-game-array+mhxx-dex-1.0+mhxx-save-format-community+mhxx-romfs-native-table,6,2
469,炎戈龙手甲,Agnaktor Guards,mhxx-romfs-game-array+mhxx-dex-1.0+mhxx-save-format-community+mhxx-romfs-native-table,6,2
470,黑蚀龙S腕甲,Gore Braces S,mhxx-romfs-game-array+mhxx-dex-1.0+mhxx-save-format-community+mhxx-romfs-native-table,6,0
471,黑蚀龙S手甲,Gore Guards S,mhxx-romfs-game-array+mhxx-dex-1.0+mhxx-save-format-community+mhxx-romfs-native-table,6,0
472,EX黑蚀龙腕甲,EX Gore Braces,mhxx-romfs-game-array+mhxx-dex-1.0+mhxx-save-format-community+mhxx-romfs-native-table,6,0
473,EX黑蚀龙手甲,EX Gore Guards,mhxx-romfs-game-array+mhxx-dex-1.0+mhxx-save-format-community+mhxx-romfs-native-table,6,0
474,黑蚀龙R腕甲,Gore Braces R,mhxx-romfs-game-array+mhxx-dex-1.0+mhxx-save-format-community+mhxx-romfs-native-table,6,1
475,黑蚀龙R手甲,Gore Guards R,mhxx-romfs-game-array+mhxx-dex-1.0+mhxx-save-format-community+mhxx-romfs-native-table,6,1
476,千刃龙S腕甲,Regios Vambraces S,mhxx-romfs-game-array+mhxx-dex-1.0+mhxx-save-format-community+mhxx-romfs-native-table,6,0
477,千刃龙S手甲,Regios Guards S,mhxx-romfs-game-array+mhxx-dex-1.0+mhxx-save-format-community+mhxx-romfs-native-table,6,0
478,尾锤龙腕甲,Duramboros Braces,mhxx-romfs-game-array+mhxx-dex-1.0+mhxx-save-format-community+mhxx-romfs-native-table,6,0
479,尾锤龙手甲,Duramboros Guards,mhxx-romfs-game-array+mhxx-dex-1.0+mhxx-save-format-community+mhxx-romfs-native-table,6,0
480,轰龙S腕甲,Tigrex Braces S,mhxx-romfs-game-array+mhxx-dex-1.0+mhxx-save-format-community+mhxx-romfs-native-table,6,1
481,轰龙S手甲,Tigrex Guards S,mhxx-romfs-game-array+mhxx-dex-1.0+mhxx-save-format-community+mhxx-romfs-native-table,6,1
482,EX轰龙腕甲,EX Tigrex Braces,mhxx-romfs-game-array+mhxx-dex-1.0+mhxx-save-format-community+mhxx-romfs-native-table,6,1
483,EX轰龙手甲,EX Tigrex Guards,mhxx-romfs-game-array+mhxx-dex-1.0+mhxx-save-format-community+mhxx-romfs-native-table,6,1
484,轰龙R腕甲,Tigrex Braces R,mhxx-romfs-game-array+mhxx-dex-1.0+mhxx-save-format-community+mhxx-romfs-native-table,6,2
485,轰龙R手甲,Tigrex Guards R,mhxx-romfs-game-array+mhxx-dex-1.0+mhxx-save-format-community+mhxx-romfs-native-table,6,2
486,麒麟S长腕甲,Kirin Longarms S,mhxx-romfs-game-array+mhxx-dex-1.0+mhxx-save-format-community+mhxx-romfs-native-table,6,1
487,麒麟S护手,Kirin Gloves S,mhxx-romfs-game-array+mhxx-dex-1.0+mhxx-save-format-community+mhxx-romfs-native-table,6,1
488,麒麟R长腕甲,Kirin Longarms R,mhxx-romfs-game-array+mhxx-dex-1.0+mhxx-save-format-community+mhxx-romfs-native-table,6,0
489,麒麟R护手,Kirin Gloves R,mhxx-romfs-game-array+mhxx-dex-1.0+mhxx-save-format-community+mhxx-romfs-native-table,6,0
490,碎龙S腕甲,Brachydios Braces S,mhxx-romfs-game-array+mhxx-dex-1.0+mhxx-save-format-community+mhxx-romfs-native-table,6,1
491,碎龙S手甲,Brachydios Guards S,mhxx-romfs-game-array+mhxx-dex-1.0+mhxx-save-format-community+mhxx-romfs-native-table,6,1
492,EX碎龙腕甲,EX Brachydios Braces,mhxx-romfs-game-array+mhxx-dex-1.0+mhxx-save-format-community+mhxx-romfs-native-table,6,0
493,EX碎龙手甲,EX Brachydios Guards,mhxx-romfs-game-array+mhxx-dex-1.0+mhxx-save-format-community+mhxx-romfs-native-table,6,0
494,金色臂甲,Golden Kote,mhxx-romfs-game-array+mhxx-dex-1.0+mhxx-save-format-community+mhxx-romfs-native-table,6,0
495,黑衣臂甲,Puppeteer Gloves,mhxx-romfs-game-array+mhxx-dex-1.0+mhxx-save-format-community+mhxx-romfs-native-table,6,0
496,恐暴龙腕甲,Vangis Vambraces,mhxx-romfs-game-array+mhxx-dex-1.0+mhxx-save-format-community+mhxx-romfs-native-table,6,1
497,恐暴龙手甲,Vangis Guards,mhxx-romfs-game-array+mhxx-dex-1.0+mhxx-save-format-community+mhxx-romfs-native-table,6,1
498,公会骑士手套,Guild Knight Gloves,mhxx-romfs-game-array+mhxx-dex-1.0+mhxx-save-format-community+mhxx-romfs-native-table,6,1
499,公会骑士袖扣,Guild Knight Sleeves,mhxx-romfs-game-array+mhxx-dex-1.0+mhxx-save-format-community+mhxx-romfs-native-table,6,1
500,女仆S手套,Maiden's Gloves S,mhxx-romfs-game-array+mhxx-dex-1.0+mhxx-save-format-community+mhxx-romfs-native-table,6,1
501,休闲S袖扣,French Maid Sleeves S,mhxx-romfs-game-array+mhxx-dex-1.0+mhxx-save-format-community+mhxx-romfs-native-table,6,1
502,公会守卫蓝手套,Blue Guild Gloves,mhxx-romfs-game-array+mhxx-dex-1.0+mhxx-save-format-community+mhxx-romfs-native-table,6,1
503,公会守卫蓝袖扣,Blue Guild Sleeves,mhxx-romfs-game-array+mhxx-dex-1.0+mhxx-save-format-community+mhxx-romfs-native-table,6,1
504,公会守卫红手套,Red Guild Gloves,mhxx-romfs-game-array+mhxx-dex-1.0+mhxx-save-format-community+mhxx-romfs-native-table,6,1
505,公会守卫红袖扣,Red Guild Sleeves,mhxx-romfs-game-array+mhxx-dex-1.0+mhxx-save-format-community+mhxx-romfs-native-table,6,1
506,支援者S袖扣,Helper Sleeves S,mhxx-romfs-game-array+mhxx-dex-1.0+mhxx-save-format-community+mhxx-romfs-native-table,6,1
507,治疗者S袖扣,Healer Sleeves S,mhxx-romfs-game-array+mhxx-dex-1.0+mhxx-save-format-community+mhxx-romfs-native-table,6,1
508,支援者U袖扣,Helper Sleeves U,mhxx-romfs-game-array+mhxx-dex-1.0+mhxx-save-format-community+mhxx-romfs-native-table,6,0
509,治疗者U袖扣,Healer Sleeves U,mhxx-romfs-game-array+mhxx-dex-1.0+mhxx-save-format-community+mhxx-romfs-native-table,6,0
510,公会诗人S腕甲,Guild Bard Braces S,mhxx-romfs-game-array+mhxx-dex-1.0+mhxx-save-format-community+mhxx-romfs-native-table,6,1
511,公会诗人S袖扣,Guild Bard Sleeves S,mhxx-romfs-game-array+mhxx-dex-1.0+mhxx-save-format-community+mhxx-romfs-native-table,6,1
512,三眼手环,Chakra Bracelet,mhxx-romfs-game-array+mhxx-dex-1.0+mhxx-save-format-community+mhxx-romfs-native-table,6,3
515,抚子･华【蕾袖】,Dianthus Wealsleeves,mhxx-romfs-game-array+mhxx-dex-1.0+mhxx-save-format-community+mhxx-romfs-native-table,6,1
516,桔梗･华【蕾袖】,Campanile Wealsleeves,mhxx-romfs-game-array+mhxx-dex-1.0+mhxx-save-format-community+mhxx-romfs-native-table,6,1
517,王牌腕甲,Ace Vambraces,mhxx-romfs-game-array+mhxx-dex-1.0+mhxx-save-format-community+mhxx-romfs-native-table,6,0
518,王牌手甲,Ace Guards,mhxx-romfs-game-array+mhxx-dex-1.0+mhxx-save-format-community+mhxx-romfs-native-table,6,0
519,女王腕甲,Sororal Vambraces,mhxx-romfs-game-array+mhxx-dex-1.0+mhxx-save-format-community+mhxx-romfs-native-table,6,0
520,女王手甲,Sororal Guards,mhxx-romfs-game-array+mhxx-dex-1.0+mhxx-save-format-community+mhxx-romfs-native-table,6,0
521,猎鹰腕甲,Hawkbraces,mhxx-romfs-game-array+mhxx-dex-1.0+mhxx-save-format-community+mhxx-romfs-native-table,6,0
522,猎鹰手甲,Hawkguards,mhxx-romfs-game-array+mhxx-dex-1.0+mhxx-save-format-community+mhxx-romfs-native-table,6,0
523,美食喵S袖,Gourmew Gloves S,mhxx-romfs-game-array+mhxx-dex-1.0+mhxx-save-format-community+mhxx-romfs-native-table,6,0
524,美食喵S手套,Gourmew Mitts S,mhxx-romfs-game-array+mhxx-dex-1.0+mhxx-save-format-community+mhxx-romfs-native-table,6,0
526,贤者S手套,Scholarly Grips S,mhxx-romfs-game-array+mhxx-dex-1.0+mhxx-save-format-community+mhxx-romfs-native-table,6,1
527,贤者S袖扣,Scholarly Cuffs S,mhxx-romfs-game-array+mhxx-dex-1.0+mhxx-save-format-community+mhxx-romfs-native-table,6,1
528,城塞游击队【手甲】,Ranger's Gauntlets,mhxx-romfs-game-array+mhxx-dex-1.0+mhxx-save-format-community+mhxx-romfs-native-table,6,1
529,城塞弓击队【手甲】,Archer's Gauntlets,mhxx-romfs-game-array+mhxx-dex-1.0+mhxx-save-format-community+mhxx-romfs-native-table,6,1
530,忍者臂甲･天,Shinobi Heaven Kote,mhxx-romfs-game-array+mhxx-dex-1.0+mhxx-save-format-community+mhxx-romfs-native-table,7,0
531,忍者臂甲･地,Shinobi Land Kote,mhxx-romfs-game-array+mhxx-dex-1.0+mhxx-save-format-community+mhxx-romfs-native-table,7,0
532,忍者臂甲･空,Shinobi Sky Kote,mhxx-romfs-game-array+mhxx-dex-1.0+mhxx-save-format-community+mhxx-romfs-native-table,7,1
533,忍者臂甲･海,Shinobi Sea Kote,mhxx-romfs-game-array+mhxx-dex-1.0+mhxx-save-format-community+mhxx-romfs-native-table,7,1
534,龙历士腕甲,Ancient Arms,mhxx-romfs-game-array+mhxx-dex-1.0+mhxx-save-format-community+mhxx-romfs-native-table,7,1
535,龙历士手甲,Ancient Guards,mhxx-romfs-game-array+mhxx-dex-1.0+mhxx-save-format-community+mhxx-romfs-native-table,7,1
536,大师腕甲,Master's Gauntlets,mhxx-romfs-game-array+mhxx-dex-1.0+mhxx-save-format-community+mhxx-romfs-native-table,7,1
537,大师手甲,Master's Guards,mhxx-romfs-game-array+mhxx-dex-1.0+mhxx-save-format-community+mhxx-romfs-native-table,7,1
538,黑色S护肘,Black Claw S,mhxx-romfs-game-array+mhxx-dex-1.0+mhxx-save-format-community+mhxx-romfs-native-table,7,0
539,黑色S拳头,Black Fist S,mhxx-romfs-game-array+mhxx-dex-1.0+mhxx-save-format-community+mhxx-romfs-native-table,7,0
540,桐花【臂甲】,Toka Kote,mhxx-romfs-game-array+mhxx-dex-1.0+mhxx-save-format-community+mhxx-romfs-native-table,7,0
541,三葵【臂甲】,Mitsuaoi Kote,mhxx-romfs-game-array+mhxx-dex-1.0+mhxx-save-format-community+mhxx-romfs-native-table,7,0
542,EX雌火龙S腕甲,EX Rathian Braces S,mhxx-romfs-game-array+mhxx-dex-1.0+mhxx-save-format-community+mhxx-romfs-native-table,7,0
543,EX雌火龙S手甲,EX Rathian Guards S,mhxx-romfs-game-array+mhxx-dex-1.0+mhxx-save-format-community+mhxx-romfs-native-table,7,0
544,EX火龙S腕甲,EX Rathalos Braces S,mhxx-romfs-game-array+mhxx-dex-1.0+mhxx-save-format-community+mhxx-romfs-native-table,7,1
545,EX火龙S手甲,EX Rathalos Guards S,mhxx-romfs-game-array+mhxx-dex-1.0+mhxx-save-format-community+mhxx-romfs-native-table,7,1
546,EX轰龙S腕甲,EX Tigrex Braces S,mhxx-romfs-game-array+mhxx-dex-1.0+mhxx-save-format-community+mhxx-romfs-native-table,7,1
547,EX轰龙S手甲,EX Tigrex Guards S,mhxx-romfs-game-array+mhxx-dex-1.0+mhxx-save-format-community+mhxx-romfs-native-table,7,1
548,方舟S腕甲,Arc Vambraces S,mhxx-romfs-game-array+mhxx-dex-1.0+mhxx-save-format-community+mhxx-romfs-native-table,7,2
549,友爱S腕甲,Storge Braces S,mhxx-romfs-game-array+mhxx-dex-1.0+mhxx-save-format-community+mhxx-romfs-native-table,7,2
550,方舟S手甲,Arc Guards S,mhxx-romfs-game-array+mhxx-dex-1.0+mhxx-save-format-community+mhxx-romfs-native-table,7,2
551,友爱S手甲,Storge Guards S,mhxx-romfs-game-array+mhxx-dex-1.0+mhxx-save-format-community+mhxx-romfs-native-table,7,2
552,EX方舟腕甲,EX Arc Vambraces,mhxx-romfs-game-array+mhxx-dex-1.0+mhxx-save-format-community+mhxx-romfs-native-table,7,2
553,EX友爱腕甲,EX Storge Vambraces,mhxx-romfs-game-array+mhxx-dex-1.0+mhxx-save-format-community+mhxx-romfs-native-table,7,2
554,EX方舟手甲,EX Arc Guards,mhxx-romfs-game-array+mhxx-dex-1.0+mhxx-save-format-community+mhxx-romfs-native-table,7,2
555,EX友爱手甲,EX Storge Guards,mhxx-romfs-game-array+mhxx-dex-1.0+mhxx-save-format-community+mhxx-romfs-native-table,7,2
556,方舟R腕甲,Arc Braces R,mhxx-romfs-game-array+mhxx-dex-1.0+mhxx-save-format-community+mhxx-romfs-native-table,7,0
557,友爱R腕甲,Storge Braces R,mhxx-romfs-game-array+mhxx-dex-1.0+mhxx-save-format-community+mhxx-romfs-native-table,7,0
558,方舟R手甲,Arc Guards R,mhxx-romfs-game-array+mhxx-dex-1.0+mhxx-save-format-community+mhxx-romfs-native-table,7,0
559,友爱R手甲,Storge Guards R,mhxx-romfs-game-array+mhxx-dex-1.0+mhxx-save-format-community+mhxx-romfs-native-table,7,0
560,钢龙S刚强,Kushala Grip S,mhxx-romfs-game-array+mhxx-dex-1.0+mhxx-save-format-community+mhxx-romfs-native-table,7,1
561,钢龙S劲猛,Kushala Embrace S,mhxx-romfs-game-array+mhxx-dex-1.0+mhxx-save-format-community+mhxx-romfs-native-table,7,1
562,EX钢龙刚强,EX Kushala Grip,mhxx-romfs-game-array+mhxx-dex-1.0+mhxx-save-format-community+mhxx-romfs-native-table,7,1
563,EX钢龙劲猛,EX Kushala Embrace,mhxx-romfs-game-array+mhxx-dex-1.0+mhxx-save-format-community+mhxx-romfs-native-table,7,1
564,钢龙R刚强,Kushala Grip R,mhxx-romfs-game-array+mhxx-dex-1.0+mhxx-save-format-community+mhxx-romfs-native-table,7,1
565,钢龙R劲猛,Kushala Embrace R,mhxx-romfs-game-array+mhxx-dex-1.0+mhxx-save-format-community+mhxx-romfs-native-table,7,1
566,水行霸【大袖】,Mizuha Sleeves S,mhxx-romfs-game-array+mhxx-dex-1.0+mhxx-save-format-community+mhxx-romfs-native-table,7,1
567,丰玉霸【大袖】,Cham Sleeves S,mhxx-romfs-game-array+mhxx-dex-1.0+mhxx-save-format-community+mhxx-romfs-native-table,7,1
568,EX水行【大袖】,EX Mizuha Sleeves,mhxx-romfs-game-array+mhxx-dex-1.0+mhxx-save-format-community+mhxx-romfs-native-table,7,0
569,EX丰玉【大袖】,EX Cham Sleeves,mhxx-romfs-game-array+mhxx-dex-1.0+mhxx-save-format-community+mhxx-romfs-native-table,7,0
570,帝王S腕甲,Kaiser Vambraces S,mhxx-romfs-game-array+mhxx-dex-1.0+mhxx-save-format-community+mhxx-romfs-native-table,7,0
571,帝王S手甲,Kaiser Guards S,mhxx-romfs-game-array+mhxx-dex-1.0+mhxx-save-format-community+mhxx-romfs-native-table,7,0
572,EX帝王腕甲,EX Kaiser Vambraces,mhxx-romfs-game-array+mhxx-dex-1.0+mhxx-save-format-community+mhxx-romfs-native-table,7,0
573,EX帝王手甲,EX Kaiser Guards,mhxx-romfs-game-array+mhxx-dex-1.0+mhxx-save-format-community+mhxx-romfs-native-table,7,0
574,银白耀日腕甲,Silver Solbraces,mhxx-romfs-game-array+mhxx-dex-1.0+mhxx-save-format-community+mhxx-romfs-native-table,7,1
575,银白耀日手甲,Silver Solguards,mhxx-romfs-game-array+mhxx-dex-1.0+mhxx-save-format-community+mhxx-romfs-native-table,7,1
576,EX银白耀日腕甲,EX Silver Solbraces,mhxx-romfs-game-array+mhxx-dex-1.0+mhxx-save-format-community+mhxx-romfs-native-table,7,0
577,EX银白耀日手甲,EX Silver Solguards,mhxx-romfs-game-array+mhxx-dex-1.0+mhxx-save-format-community+mhxx-romfs-native-table,7,0
578,银白耀日R腕甲,Silver Solbraces R,mhxx-romfs-game-array+mhxx-dex-1.0+mhxx-save-format-community+mhxx-romfs-native-table,7,0
579,银白耀日R手甲,Silver Solguards R,mhxx-romfs-game-array+mhxx-dex-1.0+mhxx-save-format-community+mhxx-romfs-native-table,7,0
580,金黄澄月腕甲,Golden Lunebraces,mhxx-romfs-game-array+mhxx-dex-1.0+mhxx-save-format-community+mhxx-romfs-native-table,7,1
581,金黄澄月手甲,Golden Luneguards,mhxx-romfs-game-array+mhxx-dex-1.0+mhxx-save-format-community+mhxx-romfs-native-table,7,1
582,EX金黄澄月腕甲,EX Golden Lunebraces,mhxx-romfs-game-array+mhxx-dex-1.0+mhxx-save-format-community+mhxx-romfs-native-table,7,0
583,EX金黄澄月手甲,EX Golden Luneguards,mhxx-romfs-game-array+mhxx-dex-1.0+mhxx-save-format-community+mhxx-romfs-native-table,7,0
584,怒天臂甲,Divine Ire Kote,mhxx-romfs-game-array+mhxx-dex-1.0+mhxx-save-format-community+mhxx-romfs-native-table,7,0
585,心灭臂甲,Crusher Braces,mhxx-romfs-game-array+mhxx-dex-1.0+mhxx-save-format-community+mhxx-romfs-native-table,7,0
586,贪婪腕甲,Esurient Vambraces,mhxx-romfs-game-array+mhxx-dex-1.0+mhxx-save-format-community+mhxx-romfs-native-table,7,0
587,贪婪手甲,Esurient Guards,mhxx-romfs-game-array+mhxx-dex-1.0+mhxx-save-format-community+mhxx-romfs-native-table,7,1
588,贪婪R腕甲,Esurient Braces R,mhxx-romfs-game-array+mhxx-dex-1.0+mhxx-save-format-community+mhxx-romfs-native-table,7,3
589,贪婪R手甲,Esurient Guards R,mhxx-romfs-game-array+mhxx-dex-1.0+mhxx-save-format-community+mhxx-romfs-native-table,7,3
590,霸龙健将,Akantor Claws,mhxx-romfs-game-array+mhxx-dex-1.0+mhxx-save-format-community+mhxx-romfs-native-table,7,0
591,霸龙勇者,Akantor Gauntlets,mhxx-romfs-game-array+mhxx-dex-1.0+mhxx-save-format-community+mhxx-romfs-native-table,7,0
592,霸龙R健将,Akantor Claws R,mhxx-romfs-game-array+mhxx-dex-1.0+mhxx-save-format-community+mhxx-romfs-native-table,7,1
593,霸龙R勇者,Akantor Gauntlets R,mhxx-romfs-game-array+mhxx-dex-1.0+mhxx-save-format-community+mhxx-romfs-native-table,7,1
594,崩龙健将,Ukanlos Claws,mhxx-romfs-game-array+mhxx-dex-1.0+mhxx-save-format-community+mhxx-romfs-native-table,7,0
595,崩龙勇者,Ukanlos Gauntlets,mhxx-romfs-game-array+mhxx-dex-1.0+mhxx-save-format-community+mhxx-romfs-native-table,7,0
596,荒天【袖】,Tempest Sleeves,mhxx-romfs-game-array+mhxx-dex-1.0+mhxx-save-format-community+mhxx-romfs-native-table,7,0
597,苍天【袖】,Welkin Sleeves,mhxx-romfs-game-array+mhxx-dex-1.0+mhxx-save-format-community+mhxx-romfs-native-table,7,0
598,荒天亚流【袖】,Tempest Sleeves R,mhxx-romfs-game-array+mhxx-dex-1.0+mhxx-save-format-community+mhxx-romfs-native-table,7,1
599,苍天亚流【袖】,Welkin Sleeves R,mhxx-romfs-game-array+mhxx-dex-1.0+mhxx-save-format-community+mhxx-romfs-native-table,7,1
600,骸装甲･霸【臂骨】,Skeletal Humerus R,mhxx-romfs-game-array+mhxx-dex-1.0+mhxx-save-format-community+mhxx-romfs-native-table,7,1
601,尸装甲･霸【臂骨】,Decayed Humerus R,mhxx-romfs-game-array+mhxx-dex-1.0+mhxx-save-format-community+mhxx-romfs-native-table,7,1
602,苍星腕甲,Astral Vambraces,mhxx-romfs-game-array+mhxx-dex-1.0+mhxx-save-format-community+mhxx-romfs-native-table,7,1
603,苍星手甲,Astral Guards,mhxx-romfs-game-array+mhxx-dex-1.0+mhxx-save-format-community+mhxx-romfs-native-table,7,1
604,煌黑龙长腕,Escadora Armguards,mhxx-romfs-game-array+mhxx-dex-1.0+mhxx-save-format-community+mhxx-romfs-native-table,7,0
605,煌黑龙兵器,Escadora Arma,mhxx-romfs-game-array+mhxx-dex-1.0+mhxx-save-format-community+mhxx-romfs-native-table,7,0
606,煌黑龙R长腕,Escadora Armguards R,mhxx-romfs-game-array+mhxx-dex-1.0+mhxx-save-format-community+mhxx-romfs-native-table,7,1
607,煌黑龙R兵器,Escadora Arma R,mhxx-romfs-game-array+mhxx-dex-1.0+mhxx-save-format-community+mhxx-romfs-native-table,7,1
608,团长手环,Caravaneer's Armlets,mhxx-romfs-game-array+mhxx-dex-1.0+mhxx-save-format-community+mhxx-romfs-native-table,7,0
615,异形腕甲,Strange Vambraces,mhxx-romfs-game-array+mhxx-dex-1.0+mhxx-save-format-community+mhxx-romfs-native-table,5,0
616,异形手甲,Strange Guards,mhxx-romfs-game-array+mhxx-dex-1.0+mhxx-save-format-community+mhxx-romfs-native-table,5,0
617,红盔腕甲,Redhelm Vambraces,mhxx-romfs-game-array+mhxx-dex-1.0+mhxx-save-format-community+mhxx-romfs-native-table,11,0
618,红盔手甲,Redhelm Guards,mhxx-romfs-game-array+mhxx-dex-1.0+mhxx-save-format-community+mhxx-romfs-native-table,11,0
619,大雪主腕甲,Snowbaron Vambraces,mhxx-romfs-game-array+mhxx-dex-1.0+mhxx-save-format-community+mhxx-romfs-native-table,11,0
620,大雪主手甲,Snowbaron Guards,mhxx-romfs-game-array+mhxx-dex-1.0+mhxx-save-format-community+mhxx-romfs-native-table,11,0
621,矛碎腕甲,Stonefist Vambraces,mhxx-romfs-game-array+mhxx-dex-1.0+mhxx-save-format-community+mhxx-romfs-native-table,11,0
622,矛碎手甲,Stonefist Guards,mhxx-romfs-game-array+mhxx-dex-1.0+mhxx-save-format-community+mhxx-romfs-native-table,11,0
623,紫毒姬腕甲,Dreadqueen Braces,mhxx-romfs-game-array+mhxx-dex-1.0+mhxx-save-format-community+mhxx-romfs-native-table,11,0
624,紫毒姬手甲,Dreadqueen Guards,mhxx-romfs-game-array+mhxx-dex-1.0+mhxx-save-format-community+mhxx-romfs-native-table,11,0
625,岩穿腕甲,Drilltusk Braces,mhxx-romfs-game-array+mhxx-dex-1.0+mhxx-save-format-community+mhxx-romfs-native-table,11,0
626,岩穿手甲,Drilltusk Guards,mhxx-romfs-game-array+mhxx-dex-1.0+mhxx-save-format-community+mhxx-romfs-native-table,11,0
627,白疾风腕甲,Silverwind Braces,mhxx-romfs-game-array+mhxx-dex-1.0+mhxx-save-format-community+mhxx-romfs-native-table,11,0
628,白疾风手甲,Silverwind Guards,mhxx-romfs-game-array+mhxx-dex-1.0+mhxx-save-format-community+mhxx-romfs-native-table,11,0
629,宝缠腕甲,Crystalbeard Braces,mhxx-romfs-game-array+mhxx-dex-1.0+mhxx-save-format-community+mhxx-romfs-native-table,11,0
630,宝缠手甲,Crystalbeard Guards,mhxx-romfs-game-array+mhxx-dex-1.0+mhxx-save-format-community+mhxx-romfs-native-table,11,0
631,独眼腕甲,Deadeye Vambraces,mhxx-romfs-game-array+mhxx-dex-1.0+mhxx-save-format-community+mhxx-romfs-native-table,11,0
632,独眼手甲,Deadeye Guards,mhxx-romfs-game-array+mhxx-dex-1.0+mhxx-save-format-community+mhxx-romfs-native-table,11,0
633,黑炎王腕甲,Dreadking Braces,mhxx-romfs-game-array+mhxx-dex-1.0+mhxx-save-format-community+mhxx-romfs-native-table,11,0
634,黑炎王手甲,Dreadking Guards,mhxx-romfs-game-array+mhxx-dex-1.0+mhxx-save-format-community+mhxx-romfs-native-table,11,0
635,金雷公腕甲,Thunderlord Braces,mhxx-romfs-game-array+mhxx-dex-1.0+mhxx-save-format-community+mhxx-romfs-native-table,11,0
636,金雷公手甲,Thunderlord Guards,mhxx-romfs-game-array+mhxx-dex-1.0+mhxx-save-format-community+mhxx-romfs-native-table,11,0
637,荒钩爪腕甲,Grimclaw Braces,mhxx-romfs-game-array+mhxx-dex-1.0+mhxx-save-format-community+mhxx-romfs-native-table,11,0
638,荒钩爪手甲,Grimclaw Guards,mhxx-romfs-game-array+mhxx-dex-1.0+mhxx-save-format-community+mhxx-romfs-native-table,11,0
639,烬灭刃腕甲,Hellblade Braces,mhxx-romfs-game-array+mhxx-dex-1.0+mhxx-save-format-community+mhxx-romfs-native-table,11,0
640,烬灭刃手甲,Hellblade Guards,mhxx-romfs-game-array+mhxx-dex-1.0+mhxx-save-format-community+mhxx-romfs-native-table,11,0
660,王者的护手带,Champion's Wraps,mhxx-romfs-game-array+mhxx-dex-1.0+mhxx-save-format-community+mhxx-romfs-native-table,7,0
661,强者的护手带,Strongman's Wraps,mhxx-romfs-game-array+mhxx-dex-1.0+mhxx-save-format-community+mhxx-romfs-native-table,7,0
662,星灵腕甲,Zodias Vambraces,mhxx-romfs-game-array+mhxx-dex-1.0+mhxx-save-format-community+mhxx-romfs-native-table,7,1
663,星灵手甲,Zodias Guards,mhxx-romfs-game-array+mhxx-dex-1.0+mhxx-save-format-community+mhxx-romfs-native-table,7,1
664,海盗J手套,Pirate Gloves J,mhxx-romfs-game-array+mhxx-dex-1.0+mhxx-save-format-community+mhxx-romfs-native-table,6,0
665,海盗J袖扣,Pirate Cuffs J,mhxx-romfs-game-array+mhxx-dex-1.0+mhxx-save-format-community+mhxx-romfs-native-table,6,0
666,大海盗J手套,Buccaneer Gloves J,mhxx-romfs-game-array+mhxx-dex-1.0+mhxx-save-format-community+mhxx-romfs-native-table,6,3
667,大海盗J袖扣,Buccaneer Cuffs J,mhxx-romfs-game-array+mhxx-dex-1.0+mhxx-save-format-community+mhxx-romfs-native-table,6,3
668,电衣库手套,Dynaqlo Glovelettes,mhxx-romfs-game-array+mhxx-dex-1.0+mhxx-save-format-community+mhxx-romfs-native-table,6,1
669,电衣库半指手套,Dynaqlo Gloves,mhxx-romfs-game-array+mhxx-dex-1.0+mhxx-save-format-community+mhxx-romfs-native-table,6,1
670,Promising Braces,Promising Braces,mhxx-romfs-game-array+mhxx-save-format-community+mhxx-romfs-native-table,0,1
671,Halcyon Braces,Halcyon Braces,mhxx-romfs-game-array+mhxx-save-format-community+mhxx-romfs-native-table,0,1
672,Blue Star Braces,Blue Star Braces,mhxx-romfs-game-array+mhxx-save-format-community+mhxx-romfs-native-table,0,2
673,Blue Star Sleeves,Blue Star Sleeves,mhxx-romfs-game-array+mhxx-save-format-community+mhxx-romfs-native-table,0,2
674,Star Rook Vambraces,Star Rook Vambraces,mhxx-romfs-game-array+mhxx-save-format-community+mhxx-romfs-native-table,0,0
675,Star Rook Guards,Star Rook Guards,mhxx-romfs-game-array+mhxx-save-format-community+mhxx-romfs-native-table,0,0
676,Star Knight Vambraces,Star Knight Vambraces,mhxx-romfs-game-array+mhxx-save-format-community+mhxx-romfs-native-table,0,1
677,Star Knight Guards,Star Knight Guards,mhxx-romfs-game-array+mhxx-save-format-community+mhxx-romfs-native-table,0,1
678,Nisetama Gloves,Nisetama Gloves,mhxx-romfs-game-array+mhxx-save-format-community+mhxx-romfs-native-table,0,0
679,Nisetama Sleeves,Nisetama Sleeves,mhxx-romfs-game-array+mhxx-save-format-community+mhxx-romfs-native-table,0,0
680,Nisetama Gloves S,Nisetama Gloves S,mhxx-romfs-game-array+mhxx-save-format-community+mhxx-romfs-native-table,0,0
681,Nisetama Sleeves S,Nisetama Sleeves S,mhxx-romfs-game-array+mhxx-save-format-community+mhxx-romfs-native-table,0,0
682,勇者护臂,Hero's Braces,mhxx-romfs-game-array+mhxx-dex-1.0+mhxx-save-format-community+mhxx-romfs-native-table,7,1
683,勇者手套,Hero's Gloves,mhxx-romfs-game-array+mhxx-dex-1.0+mhxx-save-format-community+mhxx-romfs-native-table,7,1
684,防护服手甲,Varia Suit Guards,mhxx-romfs-game-array+mhxx-dex-1.0+mhxx-save-format-community+mhxx-romfs-native-table,6,1
685,防护服护盾,Varia Suit Shield,mhxx-romfs-game-array+mhxx-dex-1.0+mhxx-save-format-community+mhxx-romfs-native-table,6,0
686,零装甲手套,Zero Suit Gloves,mhxx-romfs-game-array+mhxx-dex-1.0+mhxx-save-format-community+mhxx-romfs-native-table,6,1
687,零装甲护臂,Zero Suit Hands,mhxx-romfs-game-array+mhxx-dex-1.0+mhxx-save-format-community+mhxx-romfs-native-table,6,0
688,狂怒腕甲,Braces of Rage,mhxx-romfs-game-array+mhxx-dex-1.0+mhxx-save-format-community+mhxx-romfs-native-table,7,0
689,狂怒手甲,Guards of Rage,mhxx-romfs-game-array+mhxx-dex-1.0+mhxx-save-format-community+mhxx-romfs-native-table,7,0
690,女神腕甲,Braces of Anat,mhxx-romfs-game-array+mhxx-dex-1.0+mhxx-save-format-community+mhxx-romfs-native-table,7,0
691,女神手甲,Guards of Anat,mhxx-romfs-game-array+mhxx-dex-1.0+mhxx-save-format-community+mhxx-romfs-native-table,7,0
694,南瓜枝叶,Mosgharl Creeper,mhxx-romfs-game-array+mhxx-dex-1.0+mhxx-save-format-community+mhxx-romfs-native-table,2,1
695,南瓜美神,Mosgharl Tendril,mhxx-romfs-game-array+mhxx-dex-1.0+mhxx-save-format-community+mhxx-romfs-native-table,2,1
696,巨兽腕甲,Gammoth Braces,mhxx-romfs-game-array+mhxx-dex-1.0+mhxx-save-format-community+mhxx-romfs-native-table,3,2
697,巨兽手甲,Gammoth Guards,mhxx-romfs-game-array+mhxx-dex-1.0+mhxx-save-format-community+mhxx-romfs-native-table,3,2
698,美食喵袖,Gourmew Gloves,mhxx-romfs-game-array+mhxx-dex-1.0+mhxx-save-format-community+mhxx-romfs-native-table,3,0
699,美食喵手套,Gourmew Mitts,mhxx-romfs-game-array+mhxx-dex-1.0+mhxx-save-format-community+mhxx-romfs-native-table,3,0
700,皮制S手甲,Leather Guards S,mhxx-romfs-game-array+mhxx-dex-1.0+mhxx-save-format-community+mhxx-romfs-native-table,4,1
701,锁甲S手甲,Chainmail Guards S,mhxx-romfs-game-array+mhxx-dex-1.0+mhxx-save-format-community+mhxx-romfs-native-table,4,1
702,南瓜S枝叶,Mosgharl Creeper S,mhxx-romfs-game-array+mhxx-dex-1.0+mhxx-save-format-community+mhxx-romfs-native-table,4,1
703,南瓜S美神,Mosgharl Tendril S,mhxx-romfs-game-array+mhxx-dex-1.0+mhxx-save-format-community+mhxx-romfs-native-table,4,1
704,巨兽S腕甲,Gammoth Braces S,mhxx-romfs-game-array+mhxx-dex-1.0+mhxx-save-format-community+mhxx-romfs-native-table,6,2
705,巨兽S手甲,Gammoth Guards S,mhxx-romfs-game-array+mhxx-dex-1.0+mhxx-save-format-community+mhxx-romfs-native-table,6,2
706,公会守卫蓝手套,Blue Guild Gloves,mhxx-romfs-game-array+mhxx-dex-1.0+mhxx-save-format-community+mhxx-romfs-native-table,6,1
707,公会守卫蓝袖扣,Blue Guild Sleeves,mhxx-romfs-game-array+mhxx-dex-1.0+mhxx-save-format-community+mhxx-romfs-native-table,6,1
708,公会守卫红手套,Red Guild Gloves,mhxx-romfs-game-array+mhxx-dex-1.0+mhxx-save-format-community+mhxx-romfs-native-table,6,1
709,公会守卫红袖扣,Red Guild Sleeves,mhxx-romfs-game-array+mhxx-dex-1.0+mhxx-save-format-community+mhxx-romfs-native-table,6,1
710,美食喵S袖,Gourmew Gloves S,mhxx-romfs-game-array+mhxx-dex-1.0+mhxx-save-format-community+mhxx-romfs-native-table,6,0
711,美食喵S手套,Gourmew Mitts S,mhxx-romfs-game-array+mhxx-dex-1.0+mhxx-save-format-community+mhxx-romfs-native-table,6,0
712,Promising Archbraces,Promising Archbraces,mhxx-romfs-game-array+mhxx-save-format-community+mhxx-romfs-native-table,0,1
713,Halcyon Archbraces,Halcyon Archbraces,mhxx-romfs-game-array+mhxx-save-format-community+mhxx-romfs-native-table,0,1
714,Lucid Gauntlets,Lucid Gauntlets,mhxx-romfs-game-array+mhxx-save-format-community+mhxx-romfs-native-table,0,1
715,Dreamy Gauntlets,Dreamy Gauntlets,mhxx-romfs-game-array+mhxx-save-format-community+mhxx-romfs-native-table,0,1
716,Lucid Archbraces,Lucid Archbraces,mhxx-romfs-game-array+mhxx-save-format-community+mhxx-romfs-native-table,0,1
717,Dreamy Archbraces,Dreamy Archbraces,mhxx-romfs-game-array+mhxx-save-format-community+mhxx-romfs-native-table,0,1
718,桃毛兽王腕甲,Conga Vambraces,mhxx-romfs-game-array+mhxx-dex-1.0+mhxx-save-format-community+mhxx-romfs-native-table,4,1
719,桃毛兽王手甲,Conga Guards,mhxx-romfs-game-array+mhxx-dex-1.0+mhxx-save-format-community+mhxx-romfs-native-table,4,1
720,白速龙套装手套,Giaprey Claws,mhxx-romfs-game-array+mhxx-dex-1.0+mhxx-save-format-community+mhxx-romfs-native-table,4,0
721,白速龙套装护臂,Giaprey Gloves,mhxx-romfs-game-array+mhxx-dex-1.0+mhxx-save-format-community+mhxx-romfs-native-table,4,0
722,土砂龙腕甲,Barroth Vambraces,mhxx-romfs-game-array+mhxx-dex-1.0+mhxx-save-format-community+mhxx-romfs-native-table,4,2
723,土砂龙手甲,Barroth Guards,mhxx-romfs-game-array+mhxx-dex-1.0+mhxx-save-format-community+mhxx-romfs-native-table,4,2
724,岩龙腕甲,Basarios Vambraces,mhxx-romfs-game-array+mhxx-dex-1.0+mhxx-save-format-community+mhxx-romfs-native-table,5,1
725,岩龙手甲,Basarios Guards,mhxx-romfs-game-array+mhxx-dex-1.0+mhxx-save-format-community+mhxx-romfs-native-table,5,1
726,影蜘蛛腕甲,Nerscylla Vambraces,mhxx-romfs-game-array+mhxx-dex-1.0+mhxx-save-format-community+mhxx-romfs-native-table,5,1
727,影蜘蛛手甲,Nerscylla Guards,mhxx-romfs-game-array+mhxx-dex-1.0+mhxx-save-format-community+mhxx-romfs-native-table,5,1
728,冰牙龙腕甲,Barioth Vambraces,mhxx-romfs-game-array+mhxx-dex-1.0+mhxx-save-format-community+mhxx-romfs-native-table,6,1
729,冰牙龙手甲,Barioth Guards,mhxx-romfs-game-array+mhxx-dex-1.0+mhxx-save-format-community+mhxx-romfs-native-table,6,1
730,铠龙腕甲,Gravios Vambraces,mhxx-romfs-game-array+mhxx-dex-1.0+mhxx-save-format-community+mhxx-romfs-native-table,6,2
731,铠龙手甲,Gravios Guards,mhxx-romfs-game-array+mhxx-dex-1.0+mhxx-save-format-community+mhxx-romfs-native-table,6,2
732,活泼腕甲,Cheerful Braces,mhxx-romfs-game-array+mhxx-dex-1.0+mhxx-save-format-community+mhxx-romfs-native-table,7,1
733,活泼手甲,Cheerful Guards,mhxx-romfs-game-array+mhxx-dex-1.0+mhxx-save-format-community+mhxx-romfs-native-table,7,1
734,海歌手套,Mariner Gloves,mhxx-romfs-game-array+mhxx-dex-1.0+mhxx-save-format-community+mhxx-romfs-native-table,7,1
735,海歌袖扣,Mariner Sleeves,mhxx-romfs-game-array+mhxx-dex-1.0+mhxx-save-format-community+mhxx-romfs-native-table,7,1
738,角龙腕甲,Diablos Vambraces,mhxx-romfs-game-array+mhxx-dex-1.0+mhxx-save-format-community+mhxx-romfs-native-table,7,1
739,角龙手甲,Diablos Guards,mhxx-romfs-game-array+mhxx-dex-1.0+mhxx-save-format-community+mhxx-romfs-native-table,7,1
740,角龙R腕甲,Diablos Vambraces R,mhxx-romfs-game-array+mhxx-dex-1.0+mhxx-save-format-community+mhxx-romfs-native-table,7,1
741,角龙R手甲,Diablos Guards R,mhxx-romfs-game-array+mhxx-dex-1.0+mhxx-save-format-community+mhxx-romfs-native-table,7,1
742,天彗龙腕甲,Valstrax Braces,mhxx-romfs-game-array+mhxx-dex-1.0+mhxx-save-format-community+mhxx-romfs-native-table,7,2
743,天彗龙手甲,Valstrax Guards,mhxx-romfs-game-array+mhxx-dex-1.0+mhxx-save-format-community+mhxx-romfs-native-table,7,2
744,聪慧手套,Wisdom Sleeves,mhxx-romfs-game-array+mhxx-dex-1.0+mhxx-save-format-community+mhxx-romfs-native-table,7,1
745,聪慧袖扣,Wisdom Cuffs,mhxx-romfs-game-array+mhxx-dex-1.0+mhxx-save-format-community+mhxx-romfs-native-table,7,1
751,贝鲁纳X腕甲,Bherna Braces X,mhxx-romfs-game-array+mhxx-dex-1.0+mhxx-save-format-community+mhxx-romfs-native-table,8,2
752,贝鲁纳X手甲,Bherna Guards X,mhxx-romfs-game-array+mhxx-dex-1.0+mhxx-save-format-community+mhxx-romfs-native-table,8,1
753,狩猎X腕甲,Hunting Braces X,mhxx-romfs-game-array+mhxx-dex-1.0+mhxx-save-format-community+mhxx-romfs-native-table,8,1
754,狩猎X手甲,Hunting Guards X,mhxx-romfs-game-array+mhxx-dex-1.0+mhxx-save-format-community+mhxx-romfs-native-table,8,1
755,毛皮X手套,Mafumofu Grips X,mhxx-romfs-game-array+mhxx-dex-1.0+mhxx-save-format-community+mhxx-romfs-native-table,8,2
756,毛皮X连指手套,Mafumofu Mittens X,mhxx-romfs-game-array+mhxx-dex-1.0+mhxx-save-format-community+mhxx-romfs-native-table,8,2
757,结云之护臂･极天,Yukumo Sky Kote Goku,mhxx-romfs-game-array+mhxx-dex-1.0+mhxx-save-format-community+mhxx-romfs-native-table,8,1
758,结云之护臂･极地,Yukumo Land Kote Goku,mhxx-romfs-game-array+mhxx-dex-1.0+mhxx-save-format-community+mhxx-romfs-native-table,8,1
763,蓝速龙套装X手套,Velociprey Claws X,mhxx-romfs-game-array+mhxx-dex-1.0+mhxx-save-format-community+mhxx-romfs-native-table,8,1
764,蓝速龙套装X护臂,Velociprey Gloves X,mhxx-romfs-game-array+mhxx-dex-1.0+mhxx-save-format-community+mhxx-romfs-native-table,8,1
765,黄速龙套装X手套,Genprey Claws X,mhxx-romfs-game-array+mhxx-dex-1.0+mhxx-save-format-community+mhxx-romfs-native-table,8,1
766,黄速龙套装X护臂,Genprey Gloves X,mhxx-romfs-game-array+mhxx-dex-1.0+mhxx-save-format-community+mhxx-romfs-native-table,8,1
767,红速龙套装X手套,Ioprey Claws X,mhxx-romfs-game-array+mhxx-dex-1.0+mhxx-save-format-community+mhxx-romfs-native-table,8,1
768,红速龙套装X护臂,Ioprey Gloves X,mhxx-romfs-game-array+mhxx-dex-1.0+mhxx-save-format-community+mhxx-romfs-native-table,8,1
769,蛇龙套装X手套,Remobra Gloves X,mhxx-romfs-game-array+mhxx-dex-1.0+mhxx-save-format-community+mhxx-romfs-native-table,8,1
770,蛇龙套装X护臂,Remobra Hands X,mhxx-romfs-game-array+mhxx-dex-1.0+mhxx-save-format-community+mhxx-romfs-native-table,8,1
771,猎手皮臂甲X,Trapper's Gauntlets X,mhxx-romfs-game-array+mhxx-dex-1.0+mhxx-save-format-community+mhxx-romfs-native-table,8,1
772,猎手皮手套X,Trapper's Gloves X,mhxx-romfs-game-array+mhxx-dex-1.0+mhxx-save-format-community+mhxx-romfs-native-table,8,1
773,蘑菇猪X拳,Mosswine Gloves X,mhxx-romfs-game-array+mhxx-dex-1.0+mhxx-save-format-community+mhxx-romfs-native-table,8,1
774,硬甲龙X腕甲,Rhenoplos Braces X,mhxx-romfs-game-array+mhxx-dex-1.0+mhxx-save-format-community+mhxx-romfs-native-table,8,2
775,硬甲龙X手甲,Rhenoplos Guards X,mhxx-romfs-game-array+mhxx-dex-1.0+mhxx-save-format-community+mhxx-romfs-native-table,8,2
776,狗龙X腕甲,Jaggi Vambraces X,mhxx-romfs-game-array+mhxx-dex-1.0+mhxx-save-format-community+mhxx-romfs-native-table,8,2
777,狗龙X手甲,Jaggi Guards X,mhxx-romfs-game-array+mhxx-dex-1.0+mhxx-save-format-community+mhxx-romfs-native-table,8,2
784,跳狗龙X腕甲,Maccao Braces X,mhxx-romfs-game-array+mhxx-dex-1.0+mhxx-save-format-community+mhxx-romfs-native-table,8,2
785,跳狗龙X手甲,Maccao Guards X,mhxx-romfs-game-array+mhxx-dex-1.0+mhxx-save-format-community+mhxx-romfs-native-table,8,2
786,蓝速龙X腕甲,Velociprey Braces X,mhxx-romfs-game-array+mhxx-dex-1.0+mhxx-save-format-community+mhxx-romfs-native-table,8,2
787,蓝速龙X手甲,Velociprey Guards X,mhxx-romfs-game-array+mhxx-dex-1.0+mhxx-save-format-community+mhxx-romfs-native-table,8,2
788,白速龙X腕甲,Giaprey Braces X,mhxx-romfs-game-array+mhxx-dex-1.0+mhxx-save-format-community+mhxx-romfs-native-table,8,1
789,白速龙X手甲,Giaprey Guards X,mhxx-romfs-game-array+mhxx-dex-1.0+mhxx-save-format-community+mhxx-romfs-native-table,8,1
790,黄速龙X腕甲,Genprey Vambraces X,mhxx-romfs-game-array+mhxx-dex-1.0+mhxx-save-format-community+mhxx-romfs-native-table,8,1
791,黄速龙X手甲,Genprey Guards X,mhxx-romfs-game-array+mhxx-dex-1.0+mhxx-save-format-community+mhxx-romfs-native-table,8,1
792,红速龙X腕甲,Ioprey Vambraces X,mhxx-romfs-game-array+mhxx-dex-1.0+mhxx-save-format-community+mhxx-romfs-native-table,8,1
793,红速龙X手甲,Ioprey Guards X,mhxx-romfs-game-array+mhxx-dex-1.0+mhxx-save-format-community+mhxx-romfs-native-table,8,1
794,巨蜂X腕甲,Vespoid Vambraces X,mhxx-romfs-game-array+mhxx-dex-1.0+mhxx-save-format-community+mhxx-romfs-native-table,8,2
795,巨蜂X手甲,Vespoid Guards X,mhxx-romfs-game-array+mhxx-dex-1.0+mhxx-save-format-community+mhxx-romfs-native-table,8,2
796,巨甲虫X腕甲,Hornetaur Braces X,mhxx-romfs-game-array+mhxx-dex-1.0+mhxx-save-format-community+mhxx-romfs-native-table,8,2
797,巨甲虫X手甲,Hornetaur Guards X,mhxx-romfs-game-array+mhxx-dex-1.0+mhxx-save-format-community+mhxx-romfs-native-table,8,2
798,飞甲虫X护手,Bnahabra Gloves X,mhxx-romfs-game-array+mhxx-dex-1.0+mhxx-save-format-community+mhxx-romfs-native-table,8,2
799,飞甲虫X袖扣,Bnahabra Sleeves X,mhxx-romfs-game-array+mhxx-dex-1.0+mhxx-save-format-community+mhxx-romfs-native-table,8,2
800,盾虫X腕甲,Konchu Vambraces X,mhxx-romfs-game-array+mhxx-dex-1.0+mhxx-save-format-community+mhxx-romfs-native-table,8,2
801,盾虫X手甲,Konchu Guards X,mhxx-romfs-game-array+mhxx-dex-1.0+mhxx-save-format-community+mhxx-romfs-native-table,8,2
802,野猪X腕甲,Bulldrome Braces X,mhxx-romfs-game-array+mhxx-dex-1.0+mhxx-save-format-community+mhxx-romfs-native-table,8,2
803,野猪X手甲,Bulldrome Guards X,mhxx-romfs-game-array+mhxx-dex-1.0+mhxx-save-format-community+mhxx-romfs-native-table,8,2
805,青熊兽X腕甲,Arzuros Vambraces X,mhxx-romfs-game-array+mhxx-dex-1.0+mhxx-save-format-community+mhxx-romfs-native-table,8,0
806,青熊兽X手甲,Arzuros Guards X,mhxx-romfs-game-array+mhxx-dex-1.0+mhxx-save-format-community+mhxx-romfs-native-table,8,0
807,砂龙X腕甲,Cephalos Vambraces X,mhxx-romfs-game-array+mhxx-dex-1.0+mhxx-save-format-community+mhxx-romfs-native-table,8,1
808,砂龙X手甲,Cephalos Guards X,mhxx-romfs-game-array+mhxx-dex-1.0+mhxx-save-format-community+mhxx-romfs-native-table,8,1
809,怪鸟X腕甲,Kut-Ku Vambraces X,mhxx-romfs-game-array+mhxx-dex-1.0+mhxx-save-format-community+mhxx-romfs-native-table,8,1
810,怪鸟X手甲,Kut-Ku Guards X,mhxx-romfs-game-array+mhxx-dex-1.0+mhxx-save-format-community+mhxx-romfs-native-table,8,1
811,奇猿狐X腕甲,Kecha Braces X,mhxx-romfs-game-array+mhxx-dex-1.0+mhxx-save-format-community+mhxx-romfs-native-table,8,1
812,奇猿狐X手甲,Kecha Guards X,mhxx-romfs-game-array+mhxx-dex-1.0+mhxx-save-format-community+mhxx-romfs-native-table,8,1
813,白兔兽X腕甲,Lagombi Vambraces X,mhxx-romfs-game-array+mhxx-dex-1.0+mhxx-save-format-community+mhxx-romfs-native-table,8,2
814,白兔兽X手甲,Lagombi Guards X,mhxx-romfs-game-array+mhxx-dex-1.0+mhxx-save-format-community+mhxx-romfs-native-table,8,2
815,毒怪鸟X腕甲,Gypceros Vambraces X,mhxx-romfs-game-array+mhxx-dex-1.0+mhxx-save-format-community+mhxx-romfs-native-table,8,1
816,毒怪鸟X手甲,Gypceros Guards X,mhxx-romfs-game-array+mhxx-dex-1.0+mhxx-save-format-community+mhxx-romfs-native-table,8,1
817,鬼蛙X腕甲,Tetsucabra Braces X,mhxx-romfs-game-array+mhxx-dex-1.0+mhxx-save-format-community+mhxx-romfs-native-table,8,1
818,鬼蛙X手甲,Tetsucabra Guards X,mhxx-romfs-game-array+mhxx-dex-1.0+mhxx-save-format-community+mhxx-romfs-native-table,8,1
819,大名盾蟹X腕甲,Hermitaur Braces X,mhxx-romfs-game-array+mhxx-dex-1.0+mhxx-save-format-community+mhxx-romfs-native-table,8,2
820,大名盾蟹X手甲,Hermitaur Guards X,mhxx-romfs-game-array+mhxx-dex-1.0+mhxx-save-format-community+mhxx-romfs-native-table,8,2
821,水兽X腕甲,Ludroth Vambraces X,mhxx-romfs-game-array+mhxx-dex-1.0+mhxx-save-format-community+mhxx-romfs-native-table,8,1
822,水兽X手甲,Ludroth Guards X,mhxx-romfs-game-array+mhxx-dex-1.0+mhxx-save-format-community+mhxx-romfs-native-table,8,1
823,美食喵X袖,Gourmew Gloves X,mhxx-romfs-game-array+mhxx-dex-1.0+mhxx-save-format-community+mhxx-romfs-native-table,8,0
824,美食喵X手套,Gourmew Mitts X,mhxx-romfs-game-array+mhxx-dex-1.0+mhxx-save-format-community+mhxx-romfs-native-table,8,0
825,美食喵X袖,Gourmew Gloves X,mhxx-romfs-game-array+mhxx-dex-1.0+mhxx-save-format-community+mhxx-romfs-native-table,8,0
826,美食喵X手套,Gourmew Mitts X,mhxx-romfs-game-array+mhxx-dex-1.0+mhxx-save-format-community+mhxx-romfs-native-table,8,0
827,云羊鹿X手套,Moofah Claws X,mhxx-romfs-game-array+mhxx-dex-1.0+mhxx-save-format-community+mhxx-romfs-native-table,8,0
828,云羊鹿X袖扣,Moofah Sleeves X,mhxx-romfs-game-array+mhxx-dex-1.0+mhxx-save-format-community+mhxx-romfs-native-table,8,0
829,雪绒花X枝叶,Edel Creeper X,mhxx-romfs-game-array+mhxx-dex-1.0+mhxx-save-format-community+mhxx-romfs-native-table,8,1
830,雪绒花X美神,Edel Tendril X,mhxx-romfs-game-array+mhxx-dex-1.0+mhxx-save-format-community+mhxx-romfs-native-table,8,1
833,死神X双手,Death Stench Grip X,mhxx-romfs-game-array+mhxx-dex-1.0+mhxx-save-format-community+mhxx-romfs-native-table,8,2
834,死神X欲望,Death Stench Grasp X,mhxx-romfs-game-array+mhxx-dex-1.0+mhxx-save-format-community+mhxx-romfs-native-table,8,2
835,毒蝎X护袖,Skalda Brachia X,mhxx-romfs-game-array+mhxx-dex-1.0+mhxx-save-format-community+mhxx-romfs-native-table,8,1
836,毒蝎X腕,Skalda Manus X,mhxx-romfs-game-array+mhxx-dex-1.0+mhxx-save-format-community+mhxx-romfs-native-table,8,1
837,毒蛛X护袖,Spio Brachia X,mhxx-romfs-game-array+mhxx-dex-1.0+mhxx-save-format-community+mhxx-romfs-native-table,8,1
838,毒蛛X腕,Spio Manus X,mhxx-romfs-game-array+mhxx-dex-1.0+mhxx-save-format-community+mhxx-romfs-native-table,8,1
839,猎人XR腕甲,Hunter's Vambraces XR,mhxx-romfs-game-array+mhxx-dex-1.0+mhxx-save-format-community+mhxx-romfs-native-table,8,0
840,猎人XR手甲,Hunter's Guards XR,mhxx-romfs-game-array+mhxx-dex-1.0+mhxx-save-format-community+mhxx-romfs-native-table,8,0
841,赤甲兽X腕甲,Volvidon Vambraces X,mhxx-romfs-game-array+mhxx-dex-1.0+mhxx-save-format-community+mhxx-romfs-native-table,8,1
842,赤甲兽X手甲,Volvidon Guards X,mhxx-romfs-game-array+mhxx-dex-1.0+mhxx-save-format-community+mhxx-romfs-native-table,8,1
843,桃毛兽王X腕甲,Conga Vambraces X,mhxx-romfs-game-array+mhxx-dex-1.0+mhxx-save-format-community+mhxx-romfs-native-table,8,1
844,桃毛兽王X手甲,Conga Guards X,mhxx-romfs-game-array+mhxx-dex-1.0+mhxx-save-format-community+mhxx-romfs-native-table,8,1
845,土砂龙X腕甲,Barroth Vambraces X,mhxx-romfs-game-array+mhxx-dex-1.0+mhxx-save-format-community+mhxx-romfs-native-table,8,2
846,土砂龙X手甲,Barroth Guards X,mhxx-romfs-game-array+mhxx-dex-1.0+mhxx-save-format-community+mhxx-romfs-native-table,8,2
847,岩龙X腕甲,Basarios Vambraces X,mhxx-romfs-game-array+mhxx-dex-1.0+mhxx-save-format-community+mhxx-romfs-native-table,8,2
848,岩龙X手甲,Basarios Guards X,mhxx-romfs-game-array+mhxx-dex-1.0+mhxx-save-format-community+mhxx-romfs-native-table,8,2
849,夜鸟X腕甲,Malfestio Braces X,mhxx-romfs-game-array+mhxx-dex-1.0+mhxx-save-format-community+mhxx-romfs-native-table,8,1
850,夜鸟X手甲,Malfestio Guards X,mhxx-romfs-game-array+mhxx-dex-1.0+mhxx-save-format-community+mhxx-romfs-native-table,8,1
851,变形冰鲨X腕甲,Zamtrios Braces X,mhxx-romfs-game-array+mhxx-dex-1.0+mhxx-save-format-community+mhxx-romfs-native-table,8,0
852,变形冰鲨X手甲,Zamtrios Guards X,mhxx-romfs-game-array+mhxx-dex-1.0+mhxx-save-format-community+mhxx-romfs-native-table,8,0
853,白电X腕甲,Khezu Vambraces X,mhxx-romfs-game-array+mhxx-dex-1.0+mhxx-save-format-community+mhxx-romfs-native-table,8,2
854,白电X手甲,Khezu Guards X,mhxx-romfs-game-array+mhxx-dex-1.0+mhxx-save-format-community+mhxx-romfs-native-table,8,2
855,影蜘蛛X腕甲,Nerscylla Braces X,mhxx-romfs-game-array+mhxx-dex-1.0+mhxx-save-format-community+mhxx-romfs-native-table,8,1
856,影蜘蛛X手甲,Nerscylla Guards X,mhxx-romfs-game-array+mhxx-dex-1.0+mhxx-save-format-community+mhxx-romfs-native-table,8,1
857,雌火龙X腕甲,Rathian Vambraces X,mhxx-romfs-game-array+mhxx-dex-1.0+mhxx-save-format-community+mhxx-romfs-native-table,8,0
858,雌火龙X手甲,Rathian Guards X,mhxx-romfs-game-array+mhxx-dex-1.0+mhxx-save-format-community+mhxx-romfs-native-table,8,0
859,潜口龙X腕甲,Nibelsnarf Braces X,mhxx-romfs-game-array+mhxx-dex-1.0+mhxx-save-format-community+mhxx-romfs-native-table,8,2
860,潜口龙X手甲,Nibelsnarf Guards X,mhxx-romfs-game-array+mhxx-dex-1.0+mhxx-save-format-community+mhxx-romfs-native-table,8,2
861,水龙X腕甲,Plesioth Vambraces X,mhxx-romfs-game-array+mhxx-dex-1.0+mhxx-save-format-community+mhxx-romfs-native-table,8,1
862,水龙X手甲,Plesioth Guards X,mhxx-romfs-game-array+mhxx-dex-1.0+mhxx-save-format-community+mhxx-romfs-native-table,8,1
863,雪狮子X腕甲,Blango Vambraces X,mhxx-romfs-game-array+mhxx-dex-1.0+mhxx-save-format-community+mhxx-romfs-native-table,8,2
864,雪狮子X手甲,Blango Guards X,mhxx-romfs-game-array+mhxx-dex-1.0+mhxx-save-format-community+mhxx-romfs-native-table,8,2
865,将军镰蟹X腕甲,Ceanataur Braces X,mhxx-romfs-game-array+mhxx-dex-1.0+mhxx-save-format-community+mhxx-romfs-native-table,8,2
866,将军镰蟹X手甲,Ceanataur Guards X,mhxx-romfs-game-array+mhxx-dex-1.0+mhxx-save-format-community+mhxx-romfs-native-table,8,2
867,绞蛇龙X腕甲,Najarala Braces X,mhxx-romfs-game-array+mhxx-dex-1.0+mhxx-save-format-community+mhxx-romfs-native-table,8,1
868,绞蛇龙X手甲,Najarala Guards X,mhxx-romfs-game-array+mhxx-dex-1.0+mhxx-save-format-community+mhxx-romfs-native-table,8,1
869,迅龙X腕甲,Nargacuga Braces X,mhxx-romfs-game-array+mhxx-dex-1.0+mhxx-save-format-community+mhxx-romfs-native-table,8,2
870,迅龙X手甲,Nargacuga Guards X,mhxx-romfs-game-array+mhxx-dex-1.0+mhxx-save-format-community+mhxx-romfs-native-table,8,2
871,毒怪鸟XR腕甲,Gypceros Braces XR,mhxx-romfs-game-array+mhxx-dex-1.0+mhxx-save-format-community+mhxx-romfs-native-table,8,1
872,毒怪鸟XR手甲,Gypceros Guards XR,mhxx-romfs-game-array+mhxx-dex-1.0+mhxx-save-format-community+mhxx-romfs-native-table,8,1
873,大名盾蟹XR腕甲,Hermitaur Braces XR,mhxx-romfs-game-array+mhxx-dex-1.0+mhxx-save-format-community+mhxx-romfs-native-table,8,1
874,大名盾蟹XR手甲,Hermitaur Guards XR,mhxx-romfs-game-array+mhxx-dex-1.0+mhxx-save-format-community+mhxx-romfs-native-table,8,1
875,水兽XR腕甲,Ludroth Braces XR,mhxx-romfs-game-array+mhxx-dex-1.0+mhxx-save-format-community+mhxx-romfs-native-table,8,0
876,水兽XR手甲,Ludroth Guards XR,mhxx-romfs-game-array+mhxx-dex-1.0+mhxx-save-format-community+mhxx-romfs-native-table,8,0
877,异形X腕甲,Strange Vambraces X,mhxx-romfs-game-array+mhxx-dex-1.0+mhxx-save-format-community+mhxx-romfs-native-table,8,1
878,异形X手甲,Strange Guards X,mhxx-romfs-game-array+mhxx-dex-1.0+mhxx-save-format-community+mhxx-romfs-native-table,8,1
881,求知X腕甲,Lecturer's Braces X,mhxx-romfs-game-array+mhxx-dex-1.0+mhxx-save-format-community+mhxx-romfs-native-table,8,1
882,求知X手甲,Lecturer's Guards X,mhxx-romfs-game-array+mhxx-dex-1.0+mhxx-save-format-community+mhxx-romfs-native-table,8,1
883,糕点师X袖,Patissier's Gloves X,mhxx-romfs-game-array+mhxx-dex-1.0+mhxx-save-format-community+mhxx-romfs-native-table,8,1
884,糕点师X手套,Patissier's Mitts X,mhxx-romfs-game-array+mhxx-dex-1.0+mhxx-save-format-community+mhxx-romfs-native-table,8,1
885,最高级泡澡条巾,Posh Bath Sleeves,mhxx-romfs-game-array+mhxx-dex-1.0+mhxx-save-format-community+mhxx-romfs-native-table,8,2
886,女仆X手套,Maiden's Gloves X,mhxx-romfs-game-array+mhxx-dex-1.0+mhxx-save-format-community+mhxx-romfs-native-table,8,1
887,休闲X袖扣,French Maid Sleeves X,mhxx-romfs-game-array+mhxx-dex-1.0+mhxx-save-format-community+mhxx-romfs-native-table,8,1
888,抚子･雅【蕾袖】,Dianthus Masasleeves,mhxx-romfs-game-array+mhxx-dex-1.0+mhxx-save-format-community+mhxx-romfs-native-table,8,1
889,桔梗･雅【蕾袖】,Campanile Masasleeves,mhxx-romfs-game-array+mhxx-dex-1.0+mhxx-save-format-community+mhxx-romfs-native-table,8,1
890,GX桃毛兽王腕甲,Conga Vambraces GX,mhxx-romfs-game-array+mhxx-dex-1.0+mhxx-save-format-community+mhxx-romfs-native-table,8,2
891,GX桃毛兽王手甲,Conga Guards GX,mhxx-romfs-game-array+mhxx-dex-1.0+mhxx-save-format-community+mhxx-romfs-native-table,8,2
892,合金XR腕甲,Alloy Vambraces XR,mhxx-romfs-game-array+mhxx-dex-1.0+mhxx-save-format-community+mhxx-romfs-native-table,8,0
893,合金XR手甲,Alloy Guards XR,mhxx-romfs-game-array+mhxx-dex-1.0+mhxx-save-format-community+mhxx-romfs-native-table,8,0
894,铸铁XR腕甲,Ingot Vambraces XR,mhxx-romfs-game-array+mhxx-dex-1.0+mhxx-save-format-community+mhxx-romfs-native-table,8,1
895,铸铁XR手甲,Ingot Guards XR,mhxx-romfs-game-array+mhxx-dex-1.0+mhxx-save-format-community+mhxx-romfs-native-table,8,1
896,机械X腕甲,Artian Vambraces X,mhxx-romfs-game-array+mhxx-dex-1.0+mhxx-save-format-community+mhxx-romfs-native-table,8,1
897,机械X手甲,Artian Guards X,mhxx-romfs-game-array+mhxx-dex-1.0+mhxx-save-format-community+mhxx-romfs-native-table,8,1
898,龙虾X腕甲,Lobster Vambraces X,mhxx-romfs-game-array+mhxx-dex-1.0+mhxx-save-format-community+mhxx-romfs-native-table,8,1
899,龙虾X手甲,Lobster Guards X,mhxx-romfs-game-array+mhxx-dex-1.0+mhxx-save-format-community+mhxx-romfs-native-table,8,1
900,白电XR腕甲,Khezu Vambraces XR,mhxx-romfs-game-array+mhxx-dex-1.0+mhxx-save-format-community+mhxx-romfs-native-table,8,1
901,白电XR手甲,Khezu Guards XR,mhxx-romfs-game-array+mhxx-dex-1.0+mhxx-save-format-community+mhxx-romfs-native-table,8,1
902,将军镰蟹XR腕甲,Ceanataur Braces XR,mhxx-romfs-game-array+mhxx-dex-1.0+mhxx-save-format-community+mhxx-romfs-native-table,8,0
903,将军镰蟹XR手甲,Ceanataur Guards XR,mhxx-romfs-game-array+mhxx-dex-1.0+mhxx-save-format-community+mhxx-romfs-native-table,8,0
904,雌火龙XR腕甲,Rathian Braces XR,mhxx-romfs-game-array+mhxx-dex-1.0+mhxx-save-format-community+mhxx-romfs-native-table,8,1
905,雌火龙XR手甲,Rathian Guards XR,mhxx-romfs-game-array+mhxx-dex-1.0+mhxx-save-format-community+mhxx-romfs-native-table,8,1
906,熔岩龙X腕甲,Lava Vambraces X,mhxx-romfs-game-array+mhxx-dex-1.0+mhxx-save-format-community+mhxx-romfs-native-table,8,1
907,熔岩龙X手甲,Lava Guards X,mhxx-romfs-game-array+mhxx-dex-1.0+mhxx-save-format-community+mhxx-romfs-native-table,8,1
908,黑狼鸟X腕甲,Garuga Vambraces X,mhxx-romfs-game-array+mhxx-dex-1.0+mhxx-save-format-community+mhxx-romfs-native-table,8,1
909,黑狼鸟X手甲,Garuga Guards X,mhxx-romfs-game-array+mhxx-dex-1.0+mhxx-save-format-community+mhxx-romfs-native-table,8,1
910,爆锤龙X腕甲,Uragaan Vambraces X,mhxx-romfs-game-array+mhxx-dex-1.0+mhxx-save-format-community+mhxx-romfs-native-table,8,2
911,爆锤龙X手甲,Uragaan Guards X,mhxx-romfs-game-array+mhxx-dex-1.0+mhxx-save-format-community+mhxx-romfs-native-table,8,2
912,冰牙龙X腕甲,Barioth Vambraces X,mhxx-romfs-game-array+mhxx-dex-1.0+mhxx-save-format-community+mhxx-romfs-native-table,9,1
913,冰牙龙X手甲,Barioth Guards X,mhxx-romfs-game-array+mhxx-dex-1.0+mhxx-save-format-community+mhxx-romfs-native-table,9,1
914,重甲虫X腕甲,Seltas Vambraces X,mhxx-romfs-game-array+mhxx-dex-1.0+mhxx-save-format-community+mhxx-romfs-native-table,9,0
915,重甲虫X手甲,Seltas Guards X,mhxx-romfs-game-array+mhxx-dex-1.0+mhxx-save-format-community+mhxx-romfs-native-table,9,0
916,火龙X腕甲,Rathalos Vambraces X,mhxx-romfs-game-array+mhxx-dex-1.0+mhxx-save-format-community+mhxx-romfs-native-table,9,1
917,火龙X手甲,Rathalos Guards X,mhxx-romfs-game-array+mhxx-dex-1.0+mhxx-save-format-community+mhxx-romfs-native-table,9,1
918,海龙X腕甲,Lagiacrus Braces X,mhxx-romfs-game-array+mhxx-dex-1.0+mhxx-save-format-community+mhxx-romfs-native-table,9,2
919,海龙X手甲,Lagiacrus Guards X,mhxx-romfs-game-array+mhxx-dex-1.0+mhxx-save-format-community+mhxx-romfs-native-table,9,2
920,雷狼龙X腕甲,Zinogre Vambraces X,mhxx-romfs-game-array+mhxx-dex-1.0+mhxx-save-format-community+mhxx-romfs-native-table,9,1
921,雷狼龙X手甲,Zinogre Guards X,mhxx-romfs-game-array+mhxx-dex-1.0+mhxx-save-format-community+mhxx-romfs-native-table,9,1
922,铠龙X腕甲,Gravios Vambraces X,mhxx-romfs-game-array+mhxx-dex-1.0+mhxx-save-format-community+mhxx-romfs-native-table,9,2
923,铠龙X手甲,Gravios Guards X,mhxx-romfs-game-array+mhxx-dex-1.0+mhxx-save-format-community+mhxx-romfs-native-table,9,2
924,泡狐龙X腕甲,Mizutsune Braces X,mhxx-romfs-game-array+mhxx-dex-1.0+mhxx-save-format-community+mhxx-romfs-native-table,9,2
925,泡狐龙X手甲,Mizutsune Guards X,mhxx-romfs-game-array+mhxx-dex-1.0+mhxx-save-format-community+mhxx-romfs-native-table,9,2
926,电龙X腕甲,Astalos Braces X,mhxx-romfs-game-array+mhxx-dex-1.0+mhxx-save-format-community+mhxx-romfs-native-table,9,2
927,电龙X手甲,Astalos Guards X,mhxx-romfs-game-array+mhxx-dex-1.0+mhxx-save-format-community+mhxx-romfs-native-table,9,2
928,巨兽X腕甲,Gammoth Braces X,mhxx-romfs-game-array+mhxx-dex-1.0+mhxx-save-format-community+mhxx-romfs-native-table,9,2
929,巨兽X手甲,Gammoth Guards X,mhxx-romfs-game-array+mhxx-dex-1.0+mhxx-save-format-community+mhxx-romfs-native-table,9,2
930,斩龙X腕甲,Glavenus Braces X,mhxx-romfs-game-array+mhxx-dex-1.0+mhxx-save-format-community+mhxx-romfs-native-table,9,1
931,斩龙X手甲,Glavenus Guards X,mhxx-romfs-game-array+mhxx-dex-1.0+mhxx-save-format-community+mhxx-romfs-native-table,9,2
932,黑蚀龙X腕甲,Gore Braces X,mhxx-romfs-game-array+mhxx-dex-1.0+mhxx-save-format-community+mhxx-romfs-native-table,9,2
933,黑蚀龙X手甲,Gore Guards X,mhxx-romfs-game-array+mhxx-dex-1.0+mhxx-save-format-community+mhxx-romfs-native-table,9,2
934,麒麟X长腕甲,Kirin Longarms X,mhxx-romfs-game-array+mhxx-dex-1.0+mhxx-save-format-community+mhxx-romfs-native-table,9,1
935,麒麟X护手,Kirin Gloves X,mhxx-romfs-game-array+mhxx-dex-1.0+mhxx-save-format-community+mhxx-romfs-native-table,9,1
936,麒麟XR长腕甲,Kirin Longarms XR,mhxx-romfs-game-array+mhxx-dex-1.0+mhxx-save-format-community+mhxx-romfs-native-table,9,0
937,麒麟XR护手,Kirin Gloves XR,mhxx-romfs-game-array+mhxx-dex-1.0+mhxx-save-format-community+mhxx-romfs-native-table,9,0
938,晓丸【臂甲】,Auroros Gauntlets,mhxx-romfs-game-array+mhxx-dex-1.0+mhxx-save-format-community+mhxx-romfs-native-table,10,1
939,凛【臂甲】,Borealis Gauntlets,mhxx-romfs-game-array+mhxx-dex-1.0+mhxx-save-format-community+mhxx-romfs-native-table,10,1
940,曙丸【臂甲】,Genesis Gauntlets,mhxx-romfs-game-array+mhxx-dex-1.0+mhxx-save-format-community+mhxx-romfs-native-table,10,1
941,艳【臂甲】,Glyph Gauntlets,mhxx-romfs-game-array+mhxx-dex-1.0+mhxx-save-format-community+mhxx-romfs-native-table,10,1
942,GX晓丸【臂甲】,Auroros Gauntlets GX,mhxx-romfs-game-array+mhxx-dex-1.0+mhxx-save-format-community+mhxx-romfs-native-table,10,0
943,GX凛【臂甲】,Borealis Gauntlets GX,mhxx-romfs-game-array+mhxx-dex-1.0+mhxx-save-format-community+mhxx-romfs-native-table,10,0
944,GX曙丸【臂甲】,Genesis Gauntlets GX,mhxx-romfs-game-array+mhxx-dex-1.0+mhxx-save-format-community+mhxx-romfs-native-table,10,0
945,GX艳【臂甲】,Glyph Gauntlets GX,mhxx-romfs-game-array+mhxx-dex-1.0+mhxx-save-format-community+mhxx-romfs-native-table,10,0
946,晓丸战流【臂甲】,Auroros Gauntlets XR,mhxx-romfs-game-array+mhxx-dex-1.0+mhxx-save-format-community+mhxx-romfs-native-table,10,1
947,凛战流【臂甲】,Borealis Gauntlets XR,mhxx-romfs-game-array+mhxx-dex-1.0+mhxx-save-format-community+mhxx-romfs-native-table,10,1
948,曙丸战流【臂甲】,Genesis Gauntlets XR,mhxx-romfs-game-array+mhxx-dex-1.0+mhxx-save-format-community+mhxx-romfs-native-table,10,1
949,艳战流【臂甲】,Glyph Gauntlets XR,mhxx-romfs-game-array+mhxx-dex-1.0+mhxx-save-format-community+mhxx-romfs-native-table,10,1
950,学士X手套,Scholar's Gloves X,mhxx-romfs-game-array+mhxx-dex-1.0+mhxx-save-format-community+mhxx-romfs-native-table,8,1
951,学士X袖扣,Scholar's Sleeves X,mhxx-romfs-game-array+mhxx-dex-1.0+mhxx-save-format-community+mhxx-romfs-native-table,8,2
952,水手X手套,Sailor Gloves X,mhxx-romfs-game-array+mhxx-dex-1.0+mhxx-save-format-community+mhxx-romfs-native-table,8,2
953,水手X袖扣,Sailor Sleeves X,mhxx-romfs-game-array+mhxx-dex-1.0+mhxx-save-format-community+mhxx-romfs-native-table,8,2
954,猎鹰X腕甲,Hawkbraces X,mhxx-romfs-game-array+mhxx-dex-1.0+mhxx-save-format-community+mhxx-romfs-native-table,8,1
955,猎鹰X手甲,Hawkguards X,mhxx-romfs-game-array+mhxx-dex-1.0+mhxx-save-format-community+mhxx-romfs-native-table,8,1
956,贤者X手套,Scholarly Grips X,mhxx-romfs-game-array+mhxx-dex-1.0+mhxx-save-format-community+mhxx-romfs-native-table,8,2
957,贤者X袖扣,Scholarly Cuffs X,mhxx-romfs-game-array+mhxx-dex-1.0+mhxx-save-format-community+mhxx-romfs-native-table,8,2
958,探究手套,Research Grips,mhxx-romfs-game-array+mhxx-dex-1.0+mhxx-save-format-community+mhxx-romfs-native-table,9,1
959,探究袖扣,Research Cuffs,mhxx-romfs-game-array+mhxx-dex-1.0+mhxx-save-format-community+mhxx-romfs-native-table,9,1
960,火龙XR腕甲,Rathalos Braces XR,mhxx-romfs-game-array+mhxx-dex-1.0+mhxx-save-format-community+mhxx-romfs-native-table,9,1
961,火龙XR手甲,Rathalos Guards XR,mhxx-romfs-game-array+mhxx-dex-1.0+mhxx-save-format-community+mhxx-romfs-native-table,9,1
962,海龙XR腕甲,Lagiacrus Braces XR,mhxx-romfs-game-array+mhxx-dex-1.0+mhxx-save-format-community+mhxx-romfs-native-table,9,1
963,海龙XR手甲,Lagiacrus Guards XR,mhxx-romfs-game-array+mhxx-dex-1.0+mhxx-save-format-community+mhxx-romfs-native-table,9,1
964,黑蚀龙XR腕甲,Gore Braces XR,mhxx-romfs-game-array+mhxx-dex-1.0+mhxx-save-format-community+mhxx-romfs-native-table,9,1
965,黑蚀龙XR手甲,Gore Guards XR,mhxx-romfs-game-array+mhxx-dex-1.0+mhxx-save-format-community+mhxx-romfs-native-table,9,1
966,炎戈龙X腕甲,Agnaktor Vambraces X,mhxx-romfs-game-array+mhxx-dex-1.0+mhxx-save-format-community+mhxx-romfs-native-table,9,3
967,炎戈龙X手甲,Agnaktor Guards X,mhxx-romfs-game-array+mhxx-dex-1.0+mhxx-save-format-community+mhxx-romfs-native-table,9,3
968,千刃龙X腕甲,Regios Vambraces X,mhxx-romfs-game-array+mhxx-dex-1.0+mhxx-save-format-community+mhxx-romfs-native-table,9,1
969,千刃龙X手甲,Regios Guards X,mhxx-romfs-game-array+mhxx-dex-1.0+mhxx-save-format-community+mhxx-romfs-native-table,9,1
970,尾锤龙X腕甲,Duramboros Braces X,mhxx-romfs-game-array+mhxx-dex-1.0+mhxx-save-format-community+mhxx-romfs-native-table,9,1
971,尾锤龙X手甲,Duramboros Guards X,mhxx-romfs-game-array+mhxx-dex-1.0+mhxx-save-format-community+mhxx-romfs-native-table,9,1
972,轰龙X腕甲,Tigrex Vambraces X,mhxx-romfs-game-array+mhxx-dex-1.0+mhxx-save-format-community+mhxx-romfs-native-table,9,1
973,轰龙X手甲,Tigrex Guards X,mhxx-romfs-game-array+mhxx-dex-1.0+mhxx-save-format-community+mhxx-romfs-native-table,9,1
974,轰龙XR腕甲,Tigrex Braces XR,mhxx-romfs-game-array+mhxx-dex-1.0+mhxx-save-format-community+mhxx-romfs-native-table,9,2
975,轰龙XR手甲,Tigrex Guards XR,mhxx-romfs-game-array+mhxx-dex-1.0+mhxx-save-format-community+mhxx-romfs-native-table,9,2
976,角龙X腕甲,Diablos Vambraces X,mhxx-romfs-game-array+mhxx-dex-1.0+mhxx-save-format-community+mhxx-romfs-native-table,9,1
977,角龙X手甲,Diablos Guards X,mhxx-romfs-game-array+mhxx-dex-1.0+mhxx-save-format-community+mhxx-romfs-native-table,9,1
978,角龙XR腕甲,Diablos Vambraces XR,mhxx-romfs-game-array+mhxx-dex-1.0+mhxx-save-format-community+mhxx-romfs-native-table,9,2
979,角龙XR手甲,Diablos Guards XR,mhxx-romfs-game-array+mhxx-dex-1.0+mhxx-save-format-community+mhxx-romfs-native-table,9,2
980,碎龙X腕甲,Brachydios Braces X,mhxx-romfs-game-array+mhxx-dex-1.0+mhxx-save-format-community+mhxx-romfs-native-table,9,1
981,碎龙X手甲,Brachydios Guards X,mhxx-romfs-game-array+mhxx-dex-1.0+mhxx-save-format-community+mhxx-romfs-native-table,9,1
982,方舟X腕甲,Arc Vambraces X,mhxx-romfs-game-array+mhxx-dex-1.0+mhxx-save-format-community+mhxx-romfs-native-table,9,2
983,友爱X腕甲,Storge Vambraces X,mhxx-romfs-game-array+mhxx-dex-1.0+mhxx-save-format-community+mhxx-romfs-native-table,9,2
984,方舟X手甲,Arc Guards X,mhxx-romfs-game-array+mhxx-dex-1.0+mhxx-save-format-community+mhxx-romfs-native-table,9,2
985,友爱X手甲,Storge Guards X,mhxx-romfs-game-array+mhxx-dex-1.0+mhxx-save-format-community+mhxx-romfs-native-table,9,2
986,方舟XR腕甲,Arc Vambraces XR,mhxx-romfs-game-array+mhxx-dex-1.0+mhxx-save-format-community+mhxx-romfs-native-table,9,1
987,友爱XR腕甲,Storge Braces XR,mhxx-romfs-game-array+mhxx-dex-1.0+mhxx-save-format-community+mhxx-romfs-native-table,9,1
988,方舟XR手甲,Arc Guards XR,mhxx-romfs-game-array+mhxx-dex-1.0+mhxx-save-format-community+mhxx-romfs-native-table,9,1
989,友爱XR手甲,Storge Guards XR,mhxx-romfs-game-array+mhxx-dex-1.0+mhxx-save-format-community+mhxx-romfs-native-table,9,1
990,天彗龙X腕甲,Valstrax Braces X,mhxx-romfs-game-array+mhxx-dex-1.0+mhxx-save-format-community+mhxx-romfs-native-table,9,2
991,天彗龙X手甲,Valstrax Guards X,mhxx-romfs-game-array+mhxx-dex-1.0+mhxx-save-format-community+mhxx-romfs-native-table,9,2
992,齐天臂甲･真,Grand God's Peer Arms,mhxx-romfs-game-array+mhxx-dex-1.0+mhxx-save-format-community+mhxx-romfs-native-table,9,0
993,仙师臂甲･真,Grand Hermit Arms,mhxx-romfs-game-array+mhxx-dex-1.0+mhxx-save-format-community+mhxx-romfs-native-table,9,0
994,恐暴龙X腕甲,Vangis Vambraces X,mhxx-romfs-game-array+mhxx-dex-1.0+mhxx-save-format-community+mhxx-romfs-native-table,9,1
995,恐暴龙X手甲,Vangis Guards X,mhxx-romfs-game-array+mhxx-dex-1.0+mhxx-save-format-community+mhxx-romfs-native-table,9,1
996,钢龙X刚强,Kushala Grip X,mhxx-romfs-game-array+mhxx-dex-1.0+mhxx-save-format-community+mhxx-romfs-native-table,10,2
997,钢龙X劲猛,Kushala Embrace X,mhxx-romfs-game-array+mhxx-dex-1.0+mhxx-save-format-community+mhxx-romfs-native-table,10,2
998,钢龙XR刚强,Kushala Grip XR,mhxx-romfs-game-array+mhxx-dex-1.0+mhxx-save-format-community+mhxx-romfs-native-table,10,1
999,钢龙XR劲猛,Kushala Embrace XR,mhxx-romfs-game-array+mhxx-dex-1.0+mhxx-save-format-community+mhxx-romfs-native-table,10,1
1000,水行真【大袖】,Grand Mizuha Sleeves,mhxx-romfs-game-array+mhxx-dex-1.0+mhxx-save-format-community+mhxx-romfs-native-table,10,1
1001,丰玉真【大袖】,Grand Cham Sleeves,mhxx-romfs-game-array+mhxx-dex-1.0+mhxx-save-format-community+mhxx-romfs-native-table,10,1
1002,帝王X腕甲,Kaiser Vambraces X,mhxx-romfs-game-array+mhxx-dex-1.0+mhxx-save-format-community+mhxx-romfs-native-table,10,1
1003,帝王X手甲,Kaiser Guards X,mhxx-romfs-game-array+mhxx-dex-1.0+mhxx-save-format-community+mhxx-romfs-native-table,10,1
1004,银白耀日Z腕甲,Silver Solbraces Z,mhxx-romfs-game-array+mhxx-dex-1.0+mhxx-save-format-community+mhxx-romfs-native-table,10,2
1005,银白耀日Z手甲,Silver Solguards Z,mhxx-romfs-game-array+mhxx-dex-1.0+mhxx-save-format-community+mhxx-romfs-native-table,10,2
1006,金黄澄月Z腕甲,Golden Lunebraces Z,mhxx-romfs-game-array+mhxx-dex-1.0+mhxx-save-format-community+mhxx-romfs-native-table,10,1
1007,金黄澄月Z手甲,Golden Luneguards Z,mhxx-romfs-game-array+mhxx-dex-1.0+mhxx-save-format-community+mhxx-romfs-native-table,10,1
1008,夜叉【贵手】,Yaksha Braces,mhxx-romfs-game-array+mhxx-dex-1.0+mhxx-save-format-community+mhxx-romfs-native-table,9,2
1009,修罗【贵手】,Carnage Vambraces,mhxx-romfs-game-array+mhxx-dex-1.0+mhxx-save-format-community+mhxx-romfs-native-table,9,2
1010,守护者X腕甲,Guardian Vambraces X,mhxx-romfs-game-array+mhxx-dex-1.0+mhxx-save-format-community+mhxx-romfs-native-table,9,2
1011,守护者X手甲,Guardian Guards X,mhxx-romfs-game-array+mhxx-dex-1.0+mhxx-save-format-community+mhxx-romfs-native-table,9,2
1012,公会守卫X蓝手套,Blue Guild Gloves X,mhxx-romfs-game-array+mhxx-dex-1.0+mhxx-save-format-community+mhxx-romfs-native-table,9,1
1013,公会守卫X蓝手套,Blue Guild Gloves X,mhxx-romfs-game-array+mhxx-dex-1.0+mhxx-save-format-community+mhxx-romfs-native-table,9,1
1014,公会守卫X蓝袖扣,Blue Guild Sleeves X,mhxx-romfs-game-array+mhxx-dex-1.0+mhxx-save-format-community+mhxx-romfs-native-table,9,1
1015,公会守卫X蓝袖扣,Blue Guild Sleeves X,mhxx-romfs-game-array+mhxx-dex-1.0+mhxx-save-format-community+mhxx-romfs-native-table,9,1
1016,公会守卫X红手套,Red Guild Gloves X,mhxx-romfs-game-array+mhxx-dex-1.0+mhxx-save-format-community+mhxx-romfs-native-table,9,2
1017,公会守卫X红手套,Red Guild Gloves X,mhxx-romfs-game-array+mhxx-dex-1.0+mhxx-save-format-community+mhxx-romfs-native-table,9,2
1018,公会守卫X红袖扣,Red Guild Sleeves X,mhxx-romfs-game-array+mhxx-dex-1.0+mhxx-save-format-community+mhxx-romfs-native-table,9,2
1019,公会守卫X红袖扣,Red Guild Sleeves X,mhxx-romfs-game-array+mhxx-dex-1.0+mhxx-save-format-community+mhxx-romfs-native-table,9,2
1020,公会骑士X手套,G. Knight Gloves X,mhxx-romfs-game-array+mhxx-dex-1.0+mhxx-save-format-community+mhxx-romfs-native-table,8,1
1021,公会骑士X袖扣,G. Knight Sleeves X,mhxx-romfs-game-array+mhxx-dex-1.0+mhxx-save-format-community+mhxx-romfs-native-table,8,1
1022,公会诗人X腕甲,Guild Bard Braces X,mhxx-romfs-game-array+mhxx-dex-1.0+mhxx-save-format-community+mhxx-romfs-native-table,8,1
1023,公会诗人X袖扣,Guild Bard Sleeves X,mhxx-romfs-game-array+mhxx-dex-1.0+mhxx-save-format-community+mhxx-romfs-native-table,8,1
1024,王牌X腕甲,Ace Vambraces X,mhxx-romfs-game-array+mhxx-dex-1.0+mhxx-save-format-community+mhxx-romfs-native-table,9,0
1025,王牌X手甲,Ace Guards X,mhxx-romfs-game-array+mhxx-dex-1.0+mhxx-save-format-community+mhxx-romfs-native-table,9,0
1026,女王X腕甲,Sororal Vambraces X,mhxx-romfs-game-array+mhxx-dex-1.0+mhxx-save-format-community+mhxx-romfs-native-table,9,0
1027,女王X手甲,Sororal Guards X,mhxx-romfs-game-array+mhxx-dex-1.0+mhxx-save-format-community+mhxx-romfs-native-table,9,0
1028,忍者臂甲･极天,Shinobi Heaven Kote Goku,mhxx-romfs-game-array+mhxx-dex-1.0+mhxx-save-format-community+mhxx-romfs-native-table,9,0
1029,忍者臂甲･极地,Shinobi Land Kote Goku,mhxx-romfs-game-array+mhxx-dex-1.0+mhxx-save-format-community+mhxx-romfs-native-table,9,0
1030,王后腕甲,Kaiserin Arms,mhxx-romfs-game-array+mhxx-dex-1.0+mhxx-save-format-community+mhxx-romfs-native-table,9,1
1031,王后手甲,Kaisrein Guards,mhxx-romfs-game-array+mhxx-dex-1.0+mhxx-save-format-community+mhxx-romfs-native-table,9,1
1032,酒吧主人手套,Barmaid's Gloves,mhxx-romfs-game-array+mhxx-dex-1.0+mhxx-save-format-community+mhxx-romfs-native-table,9,0
1033,酒吧主人袖扣,Barmaid's Sleeves,mhxx-romfs-game-array+mhxx-dex-1.0+mhxx-save-format-community+mhxx-romfs-native-table,9,0
1034,酒保手套,Barman's Gloves,mhxx-romfs-game-array+mhxx-dex-1.0+mhxx-save-format-community+mhxx-romfs-native-table,9,0
1035,酒保袖扣,Barman's Sleeves,mhxx-romfs-game-array+mhxx-dex-1.0+mhxx-save-format-community+mhxx-romfs-native-table,9,0
1036,太阳神X腕甲,Helios Vambraces X,mhxx-romfs-game-array+mhxx-dex-1.0+mhxx-save-format-community+mhxx-romfs-native-table,9,1
1037,月神X腕甲,Selene Vambraces X,mhxx-romfs-game-array+mhxx-dex-1.0+mhxx-save-format-community+mhxx-romfs-native-table,9,1
1038,太阳神X手甲,Helios Guards X,mhxx-romfs-game-array+mhxx-dex-1.0+mhxx-save-format-community+mhxx-romfs-native-table,9,1
1039,月神X手甲,Selene Guards X,mhxx-romfs-game-array+mhxx-dex-1.0+mhxx-save-format-community+mhxx-romfs-native-table,9,1
1040,城塞特攻队【手甲】,Strider's Gauntlets,mhxx-romfs-game-array+mhxx-dex-1.0+mhxx-save-format-community+mhxx-romfs-native-table,9,1
1041,城塞隐蔽队【手甲】,Deadeye's Gauntlets,mhxx-romfs-game-array+mhxx-dex-1.0+mhxx-save-format-community+mhxx-romfs-native-table,9,1
1042,花纹钢X腕甲,Damascus Vambraces X,mhxx-romfs-game-array+mhxx-dex-1.0+mhxx-save-format-community+mhxx-romfs-native-table,9,0
1043,花纹钢X手甲,Damascus Guards X,mhxx-romfs-game-array+mhxx-dex-1.0+mhxx-save-format-community+mhxx-romfs-native-table,9,0
1044,混沌腕甲,Chaos Vambraces,mhxx-romfs-game-array+mhxx-dex-1.0+mhxx-save-format-community+mhxx-romfs-native-table,9,0
1045,堕天腕甲,Nephilim Vambraces,mhxx-romfs-game-array+mhxx-dex-1.0+mhxx-save-format-community+mhxx-romfs-native-table,9,0
1046,混沌手甲,Chaos Guards,mhxx-romfs-game-array+mhxx-dex-1.0+mhxx-save-format-community+mhxx-romfs-native-table,9,0
1047,堕天手甲,Nephilim Guards,mhxx-romfs-game-array+mhxx-dex-1.0+mhxx-save-format-community+mhxx-romfs-native-table,9,0
1048,怒天臂甲･真,Grand Divine Ire Kote,mhxx-romfs-game-array+mhxx-dex-1.0+mhxx-save-format-community+mhxx-romfs-native-table,10,0
1049,心灭臂甲･真,Grand Crusher Braces,mhxx-romfs-game-array+mhxx-dex-1.0+mhxx-save-format-community+mhxx-romfs-native-table,10,0
1050,贪婪Z腕甲,Esurient Vambraces Z,mhxx-romfs-game-array+mhxx-dex-1.0+mhxx-save-format-community+mhxx-romfs-native-table,10,1
1051,贪婪Z手甲,Esurient Guards Z,mhxx-romfs-game-array+mhxx-dex-1.0+mhxx-save-format-community+mhxx-romfs-native-table,10,2
1052,铁腕腕甲,Brachydium Vambraces,mhxx-romfs-game-array+mhxx-dex-1.0+mhxx-save-format-community+mhxx-romfs-native-table,10,2
1053,铁腕手甲,Brachydium Guards,mhxx-romfs-game-array+mhxx-dex-1.0+mhxx-save-format-community+mhxx-romfs-native-table,10,2
1054,霸龙X健将,Akantor Claws X,mhxx-romfs-game-array+mhxx-dex-1.0+mhxx-save-format-community+mhxx-romfs-native-table,10,0
1055,霸龙X勇者,Akantor Gauntlets X,mhxx-romfs-game-array+mhxx-dex-1.0+mhxx-save-format-community+mhxx-romfs-native-table,10,0
1056,霸龙XR健将,Akantor Claws XR,mhxx-romfs-game-array+mhxx-dex-1.0+mhxx-save-format-community+mhxx-romfs-native-table,10,1
1057,霸龙XR勇者,Akantor Gauntlets XR,mhxx-romfs-game-array+mhxx-dex-1.0+mhxx-save-format-community+mhxx-romfs-native-table,10,1
1058,崩龙X健将,Ukanlos Claws X,mhxx-romfs-game-array+mhxx-dex-1.0+mhxx-save-format-community+mhxx-romfs-native-table,10,0
1059,崩龙X勇者,Ukanlos Gauntlets X,mhxx-romfs-game-array+mhxx-dex-1.0+mhxx-save-format-community+mhxx-romfs-native-table,10,0
1060,荒天･真【袖】,Grand Tempest Sleeves,mhxx-romfs-game-array+mhxx-dex-1.0+mhxx-save-format-community+mhxx-romfs-native-table,10,1
1061,苍天･真【袖】,Grand Welkin Sleeves,mhxx-romfs-game-array+mhxx-dex-1.0+mhxx-save-format-community+mhxx-romfs-native-table,10,1
1062,骸装甲･真【臂骨】,Grand Skeletal Humerus,mhxx-romfs-game-array+mhxx-dex-1.0+mhxx-save-format-community+mhxx-romfs-native-table,10,1
1063,尸装甲･真【臂骨】,Grand Decayed Humerus,mhxx-romfs-game-array+mhxx-dex-1.0+mhxx-save-format-community+mhxx-romfs-native-table,10,1
1064,苍星X腕甲,Astral Vambraces X,mhxx-romfs-game-array+mhxx-dex-1.0+mhxx-save-format-community+mhxx-romfs-native-table,10,1
1065,苍星X手甲,Astral Guards X,mhxx-romfs-game-array+mhxx-dex-1.0+mhxx-save-format-community+mhxx-romfs-native-table,10,1
1066,王座挑战,Neset Gloves,mhxx-romfs-game-array+mhxx-dex-1.0+mhxx-save-format-community+mhxx-romfs-native-table,10,3
1067,王座接纳,Neset Brachia,mhxx-romfs-game-array+mhxx-dex-1.0+mhxx-save-format-community+mhxx-romfs-native-table,10,3
1068,黑色X护肘,Black Claw X,mhxx-romfs-game-array+mhxx-dex-1.0+mhxx-save-format-community+mhxx-romfs-native-table,9,0
1069,黑色X拳头,Black Fist X,mhxx-romfs-game-array+mhxx-dex-1.0+mhxx-save-format-community+mhxx-romfs-native-table,9,0
1070,煌黑龙X长腕,Escadora Arms X,mhxx-romfs-game-array+mhxx-dex-1.0+mhxx-save-format-community+mhxx-romfs-native-table,10,0
1071,煌黑龙X兵器,Escadora Arma X,mhxx-romfs-game-array+mhxx-dex-1.0+mhxx-save-format-community+mhxx-romfs-native-table,10,0
1072,煌黑龙XR长腕,Escadora Armguards XR,mhxx-romfs-game-array+mhxx-dex-1.0+mhxx-save-format-community+mhxx-romfs-native-table,10,2
1073,煌黑龙XR兵器,Escadora Arma XR,mhxx-romfs-game-array+mhxx-dex-1.0+mhxx-save-format-community+mhxx-romfs-native-table,10,2
1074,红龙护肘,Fatalis Crimsonclaws,mhxx-romfs-game-array+mhxx-dex-1.0+mhxx-save-format-community+mhxx-romfs-native-table,10,3
1075,红龙拳头,Fatalis Crimsonfists,mhxx-romfs-game-array+mhxx-dex-1.0+mhxx-save-format-community+mhxx-romfs-native-table,10,3
1076,GX红龙护肘,GX Fatalis Crimsonclaws,mhxx-romfs-game-array+mhxx-dex-1.0+mhxx-save-format-community+mhxx-romfs-native-table,10,3
1077,GX红龙拳头,GX Fatalis Crimsonfists,mhxx-romfs-game-array+mhxx-dex-1.0+mhxx-save-format-community+mhxx-romfs-native-table,10,3
1078,红龙XR护肘,Fatalis Crimsonclaws XR,mhxx-romfs-game-array+mhxx-dex-1.0+mhxx-save-format-community+mhxx-romfs-native-table,10,1
1079,红龙XR拳头,Fatalis Crimsonfists XR,mhxx-romfs-game-array+mhxx-dex-1.0+mhxx-save-format-community+mhxx-romfs-native-table,10,1
1080,祖龙护肘,Old Fatalis Claw,mhxx-romfs-game-array+mhxx-dex-1.0+mhxx-save-format-community+mhxx-romfs-native-table,10,1
1081,祖龙拳头,Old Fatalis Fist,mhxx-romfs-game-array+mhxx-dex-1.0+mhxx-save-format-community+mhxx-romfs-native-table,10,1
1082,GX祖龙护肘,GX Old Fatalis Claw,mhxx-romfs-game-array+mhxx-dex-1.0+mhxx-save-format-community+mhxx-romfs-native-table,10,3
1083,GX祖龙拳头,GX Old Fatalis Fist,mhxx-romfs-game-array+mhxx-dex-1.0+mhxx-save-format-community+mhxx-romfs-native-table,10,3
1084,支援者X袖扣,Helper Sleeves X,mhxx-romfs-game-array+mhxx-dex-1.0+mhxx-save-format-community+mhxx-romfs-native-table,9,1
1085,治疗者X袖扣,Healer Sleeves X,mhxx-romfs-game-array+mhxx-dex-1.0+mhxx-save-format-community+mhxx-romfs-native-table,9,1
1086,龙历士X腕甲,Ancient Arms X,mhxx-romfs-game-array+mhxx-dex-1.0+mhxx-save-format-community+mhxx-romfs-native-table,9,1
1087,龙历士X手甲,Ancient Guards X,mhxx-romfs-game-array+mhxx-dex-1.0+mhxx-save-format-community+mhxx-romfs-native-table,9,1
1088,大师X腕甲,Master's Gauntlets X,mhxx-romfs-game-array+mhxx-dex-1.0+mhxx-save-format-community+mhxx-romfs-native-table,9,2
1089,大师X手甲,Master's Guards X,mhxx-romfs-game-array+mhxx-dex-1.0+mhxx-save-format-community+mhxx-romfs-native-table,9,2
1090,桐花･真【臂甲】,Grand Toka Kote,mhxx-romfs-game-array+mhxx-dex-1.0+mhxx-save-format-community+mhxx-romfs-native-table,9,0
1091,三葵･真【臂甲】,Grand Mitsuaoi Kote,mhxx-romfs-game-array+mhxx-dex-1.0+mhxx-save-format-community+mhxx-romfs-native-table,9,0
1096,黑带X腕甲,Black Belt Braces X,mhxx-romfs-game-array+mhxx-dex-1.0+mhxx-save-format-community+mhxx-romfs-native-table,9,0
1097,黑带X手甲,Black Belt Guards X,mhxx-romfs-game-array+mhxx-dex-1.0+mhxx-save-format-community+mhxx-romfs-native-table,9,0
1100,晓丸亚流【臂甲】,Auroros Gauntlets R,mhxx-romfs-game-array+mhxx-dex-1.0+mhxx-save-format-community+mhxx-romfs-native-table,10,0
1101,凛亚流【臂甲】,Borealis Gauntlets R,mhxx-romfs-game-array+mhxx-dex-1.0+mhxx-save-format-community+mhxx-romfs-native-table,10,0
1102,曙丸亚流【臂甲】,Genesis Gauntlets R,mhxx-romfs-game-array+mhxx-dex-1.0+mhxx-save-format-community+mhxx-romfs-native-table,10,0
1103,艳亚流【臂甲】,Glyph Gauntlets R,mhxx-romfs-game-array+mhxx-dex-1.0+mhxx-save-format-community+mhxx-romfs-native-table,10,0
1104,银白耀日XR腕甲,Silver Solbraces XR,mhxx-romfs-game-array+mhxx-dex-1.0+mhxx-save-format-community+mhxx-romfs-native-table,10,1
1105,银白耀日XR手甲,Silver Solguards XR,mhxx-romfs-game-array+mhxx-dex-1.0+mhxx-save-format-community+mhxx-romfs-native-table,10,1
1106,贪婪XR腕甲,Esurient Vambraces XR,mhxx-romfs-game-array+mhxx-dex-1.0+mhxx-save-format-community+mhxx-romfs-native-table,10,3
1107,贪婪XR手甲,Esurient Guards XR,mhxx-romfs-game-array+mhxx-dex-1.0+mhxx-save-format-community+mhxx-romfs-native-table,10,3
1108,铠裂腕甲,Rustrazor Vambraces,mhxx-romfs-game-array+mhxx-dex-1.0+mhxx-save-format-community+mhxx-romfs-native-table,11,0
1109,铠裂手甲,Rustrazor Guards,mhxx-romfs-game-array+mhxx-dex-1.0+mhxx-save-format-community+mhxx-romfs-native-table,11,0
1110,胧隐腕甲,Nightcloak Vambraces,mhxx-romfs-game-array+mhxx-dex-1.0+mhxx-save-format-community+mhxx-romfs-native-table,11,0
1111,胧隐手甲,Nightcloak Guards,mhxx-romfs-game-array+mhxx-dex-1.0+mhxx-save-format-community+mhxx-romfs-native-table,11,0
1112,天眼腕甲,Soulseer Vambraces,mhxx-romfs-game-array+mhxx-dex-1.0+mhxx-save-format-community+mhxx-romfs-native-table,11,0
1113,天眼手甲,Soulseer Guards,mhxx-romfs-game-array+mhxx-dex-1.0+mhxx-save-format-community+mhxx-romfs-native-table,11,0
1114,青电主腕甲,Boltreaver Vambraces,mhxx-romfs-game-array+mhxx-dex-1.0+mhxx-save-format-community+mhxx-romfs-native-table,11,0
1115,青电主手甲,Boltreaver Guards,mhxx-romfs-game-array+mhxx-dex-1.0+mhxx-save-format-community+mhxx-romfs-native-table,11,0
1116,银峰腕甲,Elderfrost Vambraces,mhxx-romfs-game-array+mhxx-dex-1.0+mhxx-save-format-community+mhxx-romfs-native-table,11,0
1117,银峰手甲,Elderfrost Guards,mhxx-romfs-game-array+mhxx-dex-1.0+mhxx-save-format-community+mhxx-romfs-native-table,11,0
1118,鏖魔腕甲,Bloodbath Vambraces,mhxx-romfs-game-array+mhxx-dex-1.0+mhxx-save-format-community+mhxx-romfs-native-table,11,0
1119,鏖魔手甲,Bloodbath Guards,mhxx-romfs-game-array+mhxx-dex-1.0+mhxx-save-format-community+mhxx-romfs-native-table,11,0
1120,巨兽X腕甲,Gammoth Braces X,mhxx-romfs-game-array+mhxx-dex-1.0+mhxx-save-format-community+mhxx-romfs-native-table,9,2
1121,巨兽X手甲,Gammoth Guards X,mhxx-romfs-game-array+mhxx-dex-1.0+mhxx-save-format-community+mhxx-romfs-native-table,9,2
1122,GX黄速龙腕甲,Genprey Vambraces GX,mhxx-romfs-game-array+mhxx-dex-1.0+mhxx-save-format-community+mhxx-romfs-native-table,8,2
1123,GX黄速龙手甲,Genprey Guards GX,mhxx-romfs-game-array+mhxx-dex-1.0+mhxx-save-format-community+mhxx-romfs-native-table,8,2
1124,GX红速龙腕甲,Ioprey Vambraces GX,mhxx-romfs-game-array+mhxx-dex-1.0+mhxx-save-format-community+mhxx-romfs-native-table,8,2
1125,GX红速龙手甲,Ioprey Guards GX,mhxx-romfs-game-array+mhxx-dex-1.0+mhxx-save-format-community+mhxx-romfs-native-table,8,2
1126,GX巨蜂腕甲,Vespoid Vambraces GX,mhxx-romfs-game-array+mhxx-dex-1.0+mhxx-save-format-community+mhxx-romfs-native-table,8,2
1127,GX巨蜂手甲,Vespoid Guards GX,mhxx-romfs-game-array+mhxx-dex-1.0+mhxx-save-format-community+mhxx-romfs-native-table,8,2
1128,巨甲虫XR腕甲,Hornetaur Braces XR,mhxx-romfs-game-array+mhxx-dex-1.0+mhxx-save-format-community+mhxx-romfs-native-table,8,0
1129,巨甲虫XR手甲,Hornetaur Guards XR,mhxx-romfs-game-array+mhxx-dex-1.0+mhxx-save-format-community+mhxx-romfs-native-table,8,0
1130,GX巨甲虫腕甲,Hornetaur Braces GX,mhxx-romfs-game-array+mhxx-dex-1.0+mhxx-save-format-community+mhxx-romfs-native-table,8,1
1131,GX巨甲虫手甲,Hornetaur Guards GX,mhxx-romfs-game-array+mhxx-dex-1.0+mhxx-save-format-community+mhxx-romfs-native-table,8,1
1132,GX砂龙腕甲,Cephalos Braces GX,mhxx-romfs-game-array+mhxx-dex-1.0+mhxx-save-format-community+mhxx-romfs-native-table,8,1
1133,GX砂龙手甲,Cephalos Guards GX,mhxx-romfs-game-array+mhxx-dex-1.0+mhxx-save-format-community+mhxx-romfs-native-table,8,1
1134,GX大名盾蟹腕甲,Hermitaur Braces GX,mhxx-romfs-game-array+mhxx-dex-1.0+mhxx-save-format-community+mhxx-romfs-native-table,8,2
1135,GX大名盾蟹手甲,Hermitaur Guards GX,mhxx-romfs-game-array+mhxx-dex-1.0+mhxx-save-format-community+mhxx-romfs-native-table,8,2
1136,GX雌火龙腕甲,Rathian Braces GX,mhxx-romfs-game-array+mhxx-dex-1.0+mhxx-save-format-community+mhxx-romfs-native-table,8,1
1137,GX雌火龙手甲,Rathian Guards GX,mhxx-romfs-game-array+mhxx-dex-1.0+mhxx-save-format-community+mhxx-romfs-native-table,8,1
1138,GX将军镰蟹腕甲,Ceanataur Braces GX,mhxx-romfs-game-array+mhxx-dex-1.0+mhxx-save-format-community+mhxx-romfs-native-table,8,1
1139,GX将军镰蟹手甲,Ceanataur Guards GX,mhxx-romfs-game-array+mhxx-dex-1.0+mhxx-save-format-community+mhxx-romfs-native-table,8,1
1140,GX雪狮子腕甲,Blango Vambraces GX,mhxx-romfs-game-array+mhxx-dex-1.0+mhxx-save-format-community+mhxx-romfs-native-table,8,1
1141,GX雪狮子手甲,Blango Guards GX,mhxx-romfs-game-array+mhxx-dex-1.0+mhxx-save-format-community+mhxx-romfs-native-table,8,1
1142,GX黑蚀龙腕甲,Gore Braces GX,mhxx-romfs-game-array+mhxx-dex-1.0+mhxx-save-format-community+mhxx-romfs-native-table,9,1
1143,GX黑蚀龙手甲,Gore Guards GX,mhxx-romfs-game-array+mhxx-dex-1.0+mhxx-save-format-community+mhxx-romfs-native-table,9,1
1144,GX雷狼龙腕甲,Zinogre Braces GX,mhxx-romfs-game-array+mhxx-dex-1.0+mhxx-save-format-community+mhxx-romfs-native-table,9,1
1145,GX雷狼龙手甲,Zinogre Guards GX,mhxx-romfs-game-array+mhxx-dex-1.0+mhxx-save-format-community+mhxx-romfs-native-table,9,1
1146,GX轰龙腕甲,Tigrex Braces GX,mhxx-romfs-game-array+mhxx-dex-1.0+mhxx-save-format-community+mhxx-romfs-native-table,9,2
1147,GX轰龙手甲,Tigrex Guards GX,mhxx-romfs-game-array+mhxx-dex-1.0+mhxx-save-format-community+mhxx-romfs-native-table,9,2
1148,GX碎龙腕甲,Brachydios Braces GX,mhxx-romfs-game-array+mhxx-dex-1.0+mhxx-save-format-community+mhxx-romfs-native-table,9,1
1149,GX碎龙手甲,Brachydios Guards GX,mhxx-romfs-game-array+mhxx-dex-1.0+mhxx-save-format-community+mhxx-romfs-native-table,9,1
1150,GX火龙腕甲,Rathalos Braces GX,mhxx-romfs-game-array+mhxx-dex-1.0+mhxx-save-format-community+mhxx-romfs-native-table,9,1
1151,GX火龙手甲,Rathalos Guards GX,mhxx-romfs-game-array+mhxx-dex-1.0+mhxx-save-format-community+mhxx-romfs-native-table,9,1
1152,GX方舟腕甲,Arc Vambraces GX,mhxx-romfs-game-array+mhxx-dex-1.0+mhxx-save-format-community+mhxx-romfs-native-table,9,2
1153,GX方舟手甲,Arc Guards GX,mhxx-romfs-game-array+mhxx-dex-1.0+mhxx-save-format-community+mhxx-romfs-native-table,9,2
1154,GX友爱腕甲,Storge Braces GX,mhxx-romfs-game-array+mhxx-dex-1.0+mhxx-save-format-community+mhxx-romfs-native-table,9,2
1155,GX友爱手甲,Storge Guards GX,mhxx-romfs-game-array+mhxx-dex-1.0+mhxx-save-format-community+mhxx-romfs-native-table,9,2
1156,GX钢龙刚强,Kushala Grip GX,mhxx-romfs-game-array+mhxx-dex-1.0+mhxx-save-format-community+mhxx-romfs-native-table,10,1
1157,GX钢龙劲猛,Kushala Embrace GX,mhxx-romfs-game-array+mhxx-dex-1.0+mhxx-save-format-community+mhxx-romfs-native-table,10,1
1158,GX水行【大袖】,Mizuha Sleeves GX,mhxx-romfs-game-array+mhxx-dex-1.0+mhxx-save-format-community+mhxx-romfs-native-table,10,1
1159,GX丰玉【大袖】,Cham Sleeves GX,mhxx-romfs-game-array+mhxx-dex-1.0+mhxx-save-format-community+mhxx-romfs-native-table,10,1
1160,GX帝王腕甲,Kaiser Vambraces GX,mhxx-romfs-game-array+mhxx-dex-1.0+mhxx-save-format-community+mhxx-romfs-native-table,10,1
1161,GX帝王手甲,Kaiser Guards GX,mhxx-romfs-game-array+mhxx-dex-1.0+mhxx-save-format-community+mhxx-romfs-native-table,10,1
1162,GX熔岩龙腕甲,Lavasioth Braces GX,mhxx-romfs-game-array+mhxx-dex-1.0+mhxx-save-format-community+mhxx-romfs-native-table,8,2
1163,GX熔岩龙手甲,Lavasioth Guards GX,mhxx-romfs-game-array+mhxx-dex-1.0+mhxx-save-format-community+mhxx-romfs-native-table,8,2
1164,GX银白耀日腕甲,GX Silver Solbraces,mhxx-romfs-game-array+mhxx-dex-1.0+mhxx-save-format-community+mhxx-romfs-native-table,10,1
1165,GX银白耀日手甲,GX Silver Solguards,mhxx-romfs-game-array+mhxx-dex-1.0+mhxx-save-format-community+mhxx-romfs-native-table,10,1
1166,GX金黄澄月腕甲,GX Golden Lunebraces,mhxx-romfs-game-array+mhxx-dex-1.0+mhxx-save-format-community+mhxx-romfs-native-table,10,0
1167,GX金黄澄月手甲,GX Golden Luneguards,mhxx-romfs-game-array+mhxx-dex-1.0+mhxx-save-format-community+mhxx-romfs-native-table,10,0
1168,荒天战流【袖】,Tempest Sleeves XR,mhxx-romfs-game-array+mhxx-dex-1.0+mhxx-save-format-community+mhxx-romfs-native-table,10,1
1169,苍天战流【袖】,Welkin Sleeves XR,mhxx-romfs-game-array+mhxx-dex-1.0+mhxx-save-format-community+mhxx-romfs-native-table,10,1
1170,皮制X腕甲,Leather Braces X,mhxx-romfs-game-array+mhxx-dex-1.0+mhxx-save-format-community+mhxx-romfs-native-table,8,1
1171,皮制X手甲,Leather Guards X,mhxx-romfs-game-array+mhxx-dex-1.0+mhxx-save-format-community+mhxx-romfs-native-table,8,1
1172,锁甲X腕甲,Chain Vambraces X,mhxx-romfs-game-array+mhxx-dex-1.0+mhxx-save-format-community+mhxx-romfs-native-table,8,1
1173,锁甲X手甲,Chainmail Guards X,mhxx-romfs-game-array+mhxx-dex-1.0+mhxx-save-format-community+mhxx-romfs-native-table,8,1
1175,猎人X腕甲,Hunter's Vambraces X,mhxx-romfs-game-array+mhxx-dex-1.0+mhxx-save-format-community+mhxx-romfs-native-table,8,1
1176,猎人X手甲,Hunter's Guards X,mhxx-romfs-game-array+mhxx-dex-1.0+mhxx-save-format-community+mhxx-romfs-native-table,8,1
1177,骨制X腕甲,Bone Vambraces X,mhxx-romfs-game-array+mhxx-dex-1.0+mhxx-save-format-community+mhxx-romfs-native-table,8,2
1178,骨制X手甲,Bone Guards X,mhxx-romfs-game-array+mhxx-dex-1.0+mhxx-save-format-community+mhxx-romfs-native-table,8,2
1179,杜宾X腕甲,Dober Vambraces X,mhxx-romfs-game-array+mhxx-dex-1.0+mhxx-save-format-community+mhxx-romfs-native-table,8,0
1180,杜宾X手甲,Dober Guards X,mhxx-romfs-game-array+mhxx-dex-1.0+mhxx-save-format-community+mhxx-romfs-native-table,8,0
1181,合金X腕甲,Alloy Vambraces X,mhxx-romfs-game-array+mhxx-dex-1.0+mhxx-save-format-community+mhxx-romfs-native-table,8,0
1182,合金X手甲,Alloy Guards X,mhxx-romfs-game-array+mhxx-dex-1.0+mhxx-save-format-community+mhxx-romfs-native-table,8,0
1183,铸铁X腕甲,Ingot Vambraces X,mhxx-romfs-game-array+mhxx-dex-1.0+mhxx-save-format-community+mhxx-romfs-native-table,8,1
1184,铸铁X手甲,Ingot Guards X,mhxx-romfs-game-array+mhxx-dex-1.0+mhxx-save-format-community+mhxx-romfs-native-table,8,1
1185,花纹钢XR腕甲,Damascus VambracesXR,mhxx-romfs-game-array+mhxx-dex-1.0+mhxx-save-format-community+mhxx-romfs-native-table,9,1
1186,花纹钢XR手甲,Damascus Guards XR,mhxx-romfs-game-array+mhxx-dex-1.0+mhxx-save-format-community+mhxx-romfs-native-table,9,1
1187,战斗X腕甲,Battle Vambraces X,mhxx-romfs-game-array+mhxx-dex-1.0+mhxx-save-format-community+mhxx-romfs-native-table,8,1
1188,战斗X手甲,Battle Guards X,mhxx-romfs-game-array+mhxx-dex-1.0+mhxx-save-format-community+mhxx-romfs-native-table,8,1
1189,矿石X腕甲,High Metal Braces X,mhxx-romfs-game-array+mhxx-dex-1.0+mhxx-save-format-community+mhxx-romfs-native-table,8,0
1190,矿石X手甲,High Metal Guards X,mhxx-romfs-game-array+mhxx-dex-1.0+mhxx-save-format-community+mhxx-romfs-native-table,8,0
1191,矿石Z腕甲,High Metal Braces Z,mhxx-romfs-game-array+mhxx-dex-1.0+mhxx-save-format-community+mhxx-romfs-native-table,8,1
1192,矿石Z手甲,High Metal Guards Z,mhxx-romfs-game-array+mhxx-dex-1.0+mhxx-save-format-community+mhxx-romfs-native-table,8,1
1193,南瓜X枝叶,Mosgharl Creeper X,mhxx-romfs-game-array+mhxx-dex-1.0+mhxx-save-format-community+mhxx-romfs-native-table,8,1
1194,南瓜X美神,Mosgharl Tendril X,mhxx-romfs-game-array+mhxx-dex-1.0+mhxx-save-format-community+mhxx-romfs-native-table,8,1
1195,南瓜X枝叶,Mosgharl Creeper X,mhxx-romfs-game-array+mhxx-dex-1.0+mhxx-save-format-community+mhxx-romfs-native-table,8,1
1196,南瓜X美神,Mosgharl Tendril X,mhxx-romfs-game-array+mhxx-dex-1.0+mhxx-save-format-community+mhxx-romfs-native-table,8,1
1197,独角仙X护袖,Obituary Brachia X,mhxx-romfs-game-array+mhxx-dex-1.0+mhxx-save-format-community+mhxx-romfs-native-table,8,1
1198,独角仙X腕,Obituary Manus X,mhxx-romfs-game-array+mhxx-dex-1.0+mhxx-save-format-community+mhxx-romfs-native-table,8,1
1199,燕尾蝶X护袖,Butterfly Brachia X,mhxx-romfs-game-array+mhxx-dex-1.0+mhxx-save-format-community+mhxx-romfs-native-table,8,1
1200,燕尾蝶X腕,Butterfly Manus X,mhxx-romfs-game-array+mhxx-dex-1.0+mhxx-save-format-community+mhxx-romfs-native-table,8,1
1201,锹形X护袖,Aelucanth Brachia X,mhxx-romfs-game-array+mhxx-dex-1.0+mhxx-save-format-community+mhxx-romfs-native-table,8,0
1202,锹形X腕,Aelucanth Manus X,mhxx-romfs-game-array+mhxx-dex-1.0+mhxx-save-format-community+mhxx-romfs-native-table,8,0
1203,凤蝶X护袖,Rhopessa Brachia X,mhxx-romfs-game-array+mhxx-dex-1.0+mhxx-save-format-community+mhxx-romfs-native-table,8,0
1204,凤蝶X腕,Rhopessa Manus X,mhxx-romfs-game-array+mhxx-dex-1.0+mhxx-save-format-community+mhxx-romfs-native-table,8,0
1205,海境X腕甲,Vaik Braces X,mhxx-romfs-game-array+mhxx-dex-1.0+mhxx-save-format-community+mhxx-romfs-native-table,8,1
1206,海境X手甲,Vaik Guards X,mhxx-romfs-game-array+mhxx-dex-1.0+mhxx-save-format-community+mhxx-romfs-native-table,8,1
1207,守护者Z腕甲,Guardian Vambraces Z,mhxx-romfs-game-array+mhxx-dex-1.0+mhxx-save-format-community+mhxx-romfs-native-table,9,1
1208,守护者Z手甲,Guardian Guards Z,mhxx-romfs-game-array+mhxx-dex-1.0+mhxx-save-format-community+mhxx-romfs-native-table,9,1
1209,支援者Z袖扣,Helper Sleeves Z,mhxx-romfs-game-array+mhxx-dex-1.0+mhxx-save-format-community+mhxx-romfs-native-table,9,0
1210,治疗者Z袖扣,Healer Sleeves Z,mhxx-romfs-game-array+mhxx-dex-1.0+mhxx-save-format-community+mhxx-romfs-native-table,9,0
1211,死神XR双手,Death Stench Grip XR,mhxx-romfs-game-array+mhxx-dex-1.0+mhxx-save-format-community+mhxx-romfs-native-table,8,2
1212,死神XR欲望,Death Stench Grasp XR,mhxx-romfs-game-array+mhxx-dex-1.0+mhxx-save-format-community+mhxx-romfs-native-table,8,2
1213,鱼鳞X袖,Makluva Sleeves X,mhxx-romfs-game-array+mhxx-dex-1.0+mhxx-save-format-community+mhxx-romfs-native-table,8,1
1214,鱼鳞X护袖,Makluva Sucker X,mhxx-romfs-game-array+mhxx-dex-1.0+mhxx-save-format-community+mhxx-romfs-native-table,8,1
1215,鱼鳞Z袖,Makluva Sleeves Z,mhxx-romfs-game-array+mhxx-dex-1.0+mhxx-save-format-community+mhxx-romfs-native-table,8,1
1216,鱼鳞Z护袖,Makluva Sucker Z,mhxx-romfs-game-array+mhxx-dex-1.0+mhxx-save-format-community+mhxx-romfs-native-table,8,1
1217,花瓣X枝叶,Melahoa Branch X,mhxx-romfs-game-array+mhxx-dex-1.0+mhxx-save-format-community+mhxx-romfs-native-table,8,1
1218,花瓣X美神,Melahoa Petal X,mhxx-romfs-game-array+mhxx-dex-1.0+mhxx-save-format-community+mhxx-romfs-native-table,8,1
1219,花瓣Z枝叶,Melahoa Branch Z,mhxx-romfs-game-array+mhxx-dex-1.0+mhxx-save-format-community+mhxx-romfs-native-table,8,1
1220,花瓣Z美神,Melahoa Petal Z,mhxx-romfs-game-array+mhxx-dex-1.0+mhxx-save-format-community+mhxx-romfs-native-table,8,1
1221,勇气X腕甲,Derring Vambraces X,mhxx-romfs-game-array+mhxx-dex-1.0+mhxx-save-format-community+mhxx-romfs-native-table,8,0
1222,勇气X手甲,Derring Guards X,mhxx-romfs-game-array+mhxx-dex-1.0+mhxx-save-format-community+mhxx-romfs-native-table,8,0
1223,GX北极星【袖】,GX Kita Star Sleeves,mhxx-romfs-game-array+mhxx-dex-1.0+mhxx-save-format-community+mhxx-romfs-native-table,8,3
1224,GX海渊【袖】,GX Umi Ocean Sleeves,mhxx-romfs-game-array+mhxx-dex-1.0+mhxx-save-format-community+mhxx-romfs-native-table,8,2
1227,聪慧X手套,Wisdom Sleeves X,mhxx-romfs-game-array+mhxx-dex-1.0+mhxx-save-format-community+mhxx-romfs-native-table,9,2
1228,聪慧X袖扣,Wisdom Cuffs X,mhxx-romfs-game-array+mhxx-dex-1.0+mhxx-save-format-community+mhxx-romfs-native-table,9,2
1229,活泼X腕甲,Cheerful Braces X,mhxx-romfs-game-array+mhxx-dex-1.0+mhxx-save-format-community+mhxx-romfs-native-table,9,2
1230,活泼X手甲,Cheerful Guards X,mhxx-romfs-game-array+mhxx-dex-1.0+mhxx-save-format-community+mhxx-romfs-native-table,9,2
1231,海歌X手套,Mariner Gloves X,mhxx-romfs-game-array+mhxx-dex-1.0+mhxx-save-format-community+mhxx-romfs-native-table,8,1
1232,海歌X袖扣,Mariner Sleeves X,mhxx-romfs-game-array+mhxx-dex-1.0+mhxx-save-format-community+mhxx-romfs-native-table,8,1
1241,白速龙套装X手套,Giaprey Claws X,mhxx-romfs-game-array+mhxx-dex-1.0+mhxx-save-format-community+mhxx-romfs-native-table,8,1
1242,白速龙套装X护臂,Giaprey Gloves X,mhxx-romfs-game-array+mhxx-dex-1.0+mhxx-save-format-community+mhxx-romfs-native-table,8,1
1245,团长手环X,Caravaneer's Armlets X,mhxx-romfs-game-array+mhxx-dex-1.0+mhxx-save-format-community+mhxx-romfs-native-table,9,0
1247,跳狗龙王皮臂甲X,Maccao Gauntlets X,mhxx-romfs-game-array+mhxx-dex-1.0+mhxx-save-format-community+mhxx-romfs-native-table,8,2
1248,跳狗龙王皮手套X,Maccao Gloves X,mhxx-romfs-game-array+mhxx-dex-1.0+mhxx-save-format-community+mhxx-romfs-native-table,8,2
1249,狗龙王皮臂甲X,Jaggi Gauntlets X,mhxx-romfs-game-array+mhxx-dex-1.0+mhxx-save-format-community+mhxx-romfs-native-table,8,2
1250,狗龙王皮手套X,Jaggi Gloves X,mhxx-romfs-game-array+mhxx-dex-1.0+mhxx-save-format-community+mhxx-romfs-native-table,8,2
1251,机械XR腕甲,Artian Braces XR,mhxx-romfs-game-array+mhxx-dex-1.0+mhxx-save-format-community+mhxx-romfs-native-table,8,1
1252,机械XR手甲,Artian Guards XR,mhxx-romfs-game-array+mhxx-dex-1.0+mhxx-save-format-community+mhxx-romfs-native-table,8,1
1253,黑龙护肘,Dragonclaws,mhxx-romfs-game-array+mhxx-dex-1.0+mhxx-save-format-community+mhxx-romfs-native-table,10,2
1254,黑龙拳头,Dragonfists,mhxx-romfs-game-array+mhxx-dex-1.0+mhxx-save-format-community+mhxx-romfs-native-table,10,2
1255,犯人手腕,Criminal Braces,mhxx-romfs-game-array+mhxx-dex-1.0+mhxx-save-format-community+mhxx-romfs-native-table,9,0
1256,犯人手臂,Criminal Hands,mhxx-romfs-game-array+mhxx-dex-1.0+mhxx-save-format-community+mhxx-romfs-native-table,9,0
1257,Gon Braces,Gon Braces,mhxx-romfs-game-array+mhxx-save-format-community+mhxx-romfs-native-table,0,0
1258,Gon Guards,Gon Guards,mhxx-romfs-game-array+mhxx-save-format-community+mhxx-romfs-native-table,0,0
1259,Arcfire Kote,Arcfire Kote,mhxx-romfs-game-array+mhxx-save-format-community+mhxx-romfs-native-table,0,0
1260,Bonfire Kote,Bonfire Kote,mhxx-romfs-game-array+mhxx-save-format-community+mhxx-romfs-native-table,0,0
1261,Waka Kote,Waka Kote,mhxx-romfs-game-array+mhxx-save-format-community+mhxx-romfs-native-table,0,0
1262,Wagaku Kote,Wagaku Kote,mhxx-romfs-game-array+mhxx-save-format-community+mhxx-romfs-native-table,0,0
1263,Ruler Arcfire Kote,Ruler Arcfire Kote,mhxx-romfs-game-array+mhxx-save-format-community+mhxx-romfs-native-table,0,1
1264,Ruler Bonfire Kote,Ruler Bonfire Kote,mhxx-romfs-game-array+mhxx-save-format-community+mhxx-romfs-native-table,0,1
1265,Ruler Waka Kote,Ruler Waka Kote,mhxx-romfs-game-array+mhxx-save-format-community+mhxx-romfs-native-table,0,1
1266,Ruler Wagaku Kote,Ruler Wagaku Kote,mhxx-romfs-game-array+mhxx-save-format-community+mhxx-romfs-native-table,0,1
1267,Supreme Arcfire Kote,Supreme Arcfire Kote,mhxx-romfs-game-array+mhxx-save-format-community+mhxx-romfs-native-table,0,1
1268,Supreme Bonfire Kote,Supreme Bonfire Kote,mhxx-romfs-game-array+mhxx-save-format-community+mhxx-romfs-native-table,0,1
1269,Supreme Wagaku Kote,Supreme Wagaku Kote,mhxx-romfs-game-array+mhxx-save-format-community+mhxx-romfs-native-table,0,1
1270,Supreme Wagaku Kote,Supreme Wagaku Kote,mhxx-romfs-game-array+mhxx-save-format-community+mhxx-romfs-native-table,0,1
1271,黄金骑士【臂甲】,Garo Gauntlets,mhxx-romfs-game-array+mhxx-dex-1.0+mhxx-save-format-community+mhxx-romfs-native-table,10,1
1272,黄金骑士【腕甲】,Garo Vambraces,mhxx-romfs-game-array+mhxx-dex-1.0+mhxx-save-format-community+mhxx-romfs-native-table,10,1
1273,防护服手甲,Varia Suit Guards,mhxx-romfs-game-array+mhxx-dex-1.0+mhxx-save-format-community+mhxx-romfs-native-table,6,1
1274,防护服护盾,Varia Suit Shield,mhxx-romfs-game-array+mhxx-dex-1.0+mhxx-save-format-community+mhxx-romfs-native-table,6,0
1275,零装甲手套,Zero Suit Gloves,mhxx-romfs-game-array+mhxx-dex-1.0+mhxx-save-format-community+mhxx-romfs-native-table,6,1
1276,零装甲护臂,Zero Suit Hands,mhxx-romfs-game-array+mhxx-dex-1.0+mhxx-save-format-community+mhxx-romfs-native-table,6,0
1277,星耀领主腕甲,Lodestar Armguards,mhxx-romfs-game-array+mhxx-dex-1.0+mhxx-save-format-community+mhxx-romfs-native-table,7,2
1278,星耀领主袖扣,Lodestar Cuffs,mhxx-romfs-game-array+mhxx-dex-1.0+mhxx-save-format-community+mhxx-romfs-native-table,7,2
1279,海利亚护臂,Hylian Bracers,mhxx-romfs-game-array+mhxx-dex-1.0+mhxx-save-format-community+mhxx-romfs-native-table,10,0
1280,海利亚护手,Hylian Gloves,mhxx-romfs-game-array+mhxx-dex-1.0+mhxx-save-format-community+mhxx-romfs-native-table,10,0
1281,飞龙臂甲･天,Hiryu Sky Kote,mhxx-romfs-game-array+mhxx-dex-1.0+mhxx-save-format-community+mhxx-romfs-native-table,7,2
1282,飞龙臂甲･地,Hiryu Land Kote,mhxx-romfs-game-array+mhxx-dex-1.0+mhxx-save-format-community+mhxx-romfs-native-table,7,2
