id,name,english,source
1,调和书1入门篇,Book of Combos 1,mhxx-dex-1.0
2,调和书2初级篇,Book of Combos 2,mhxx-dex-1.0
3,调和书3中级篇,Book of Combos 3,mhxx-dex-1.0
4,调和书4高级篇,Book of Combos 4,mhxx-dex-1.0
5,调和书5达人篇,Book of Combos 5,mhxx-dex-1.0
6,收纳高手･技之书,Organizer Guide,mhxx-dex-1.0
7,收纳高手･力之书,Pack Rat Guide,mhxx-dex-1.0
8,望远镜,Binoculars,mhxx-dex-1.0
9,回复药,Potion,mhxx-dex-1.0
10,回复药G,Mega Potion,mhxx-dex-1.0
11,营养剂,Nutrients,mhxx-dex-1.0
12,营养剂G,Mega Nutrients,mhxx-dex-1.0
13,解毒药,Antidote,mhxx-dex-1.0
14,活力剂,Immunizer,mhxx-dex-1.0
15,狂奔药,Dash Juice,mhxx-dex-1.0
16,狂奔药G,Mega Dash Juice,mhxx-dex-1.0
17,鬼人药,Demondrug,mhxx-dex-1.0
18,鬼人药G,Mega Demondrug,mhxx-dex-1.0
19,怪力药丸,Might Pill,mhxx-dex-1.0
20,硬化药,Armorskin,mhxx-dex-1.0
21,硬化药G,Mega Armorskin,mhxx-dex-1.0
22,忍耐药丸,Adamant Pill,mhxx-dex-1.0
23,冷饮,Cool Drink,mhxx-dex-1.0
24,热饮,Hot Drink,mhxx-dex-1.0
25,消散剂,Cleanser,mhxx-dex-1.0
26,千里眼之药,Psychoserum,mhxx-dex-1.0
27,汉方药,Herbal Medicine,mhxx-dex-1.0
28,秘药,Max Potion,mhxx-dex-1.0
29,古老秘药,Ancient Potion,mhxx-dex-1.0
30,振奋饮料,Energy Drink,mhxx-dex-1.0
31,生命粉尘,Lifepowder,mhxx-dex-1.0
32,大生命粉尘,Dust of Life,mhxx-dex-1.0
33,狩技饮料,Hunter's Drink,mhxx-dex-1.0
34,增强剂,Catalyst,mhxx-dex-1.0
35,炸药,Gunpowder,mhxx-dex-1.0
36,生命粉,Lifecrystals,mhxx-dex-1.0
37,捕获用麻醉药,Tranquilizer,mhxx-dex-1.0
38,结云温泉蛋,Yukumo Egg,mhxx-dex-1.0
39,丹治亚土豆片,Tanzia Chips,mhxx-dex-1.0
40,力量之护符,Powercharm,mhxx-dex-1.0
41,力量之爪,Powertalon,mhxx-dex-1.0
42,守护之护符,Armorcharm,mhxx-dex-1.0
43,守护之爪,Armortalon,mhxx-dex-1.0
44,烤肉组合,BBQ Spit,mhxx-dex-1.0
45,生肉,Raw Meat,mhxx-dex-1.0
46,毒生肉,Poisoned Meat,mhxx-dex-1.0
47,麻痹生肉,Tinged Meat,mhxx-dex-1.0
48,睡眠生肉,Drugged Meat,mhxx-dex-1.0
49,半生肉,Rare Steak,mhxx-dex-1.0
50,烤熟的肉,Well-done Steak,mhxx-dex-1.0
51,焦糊肉,Burnt Meat,mhxx-dex-1.0
52,冷烤肉,Chilled Meat,mhxx-dex-1.0
53,热烤肉,Hot Meat,mhxx-dex-1.0
54,蘑菇猪肉干,Mosswine Jerky,mhxx-dex-1.0
55,肉中王,Kingmeat,mhxx-dex-1.0
56,砥石,Whetstone,mhxx-dex-1.0
57,破烂十字镐,Old Pickaxe,mhxx-dex-1.0
58,十字镐,Iron Pickaxe,mhxx-dex-1.0
59,十字镐G,Mega Pickaxe,mhxx-dex-1.0
60,破烂捕虫网,Old Bug Net,mhxx-dex-1.0
61,捕虫网,Bug Net,mhxx-dex-1.0
62,捕虫网G,Mega Bug Net,mhxx-dex-1.0
63,回力标,Boomerang,mhxx-dex-1.0
64,飞刀,Throwing Knife,mhxx-dex-1.0
65,毒飞刀,Poison Knife,mhxx-dex-1.0
66,睡眠飞刀,Sleep Knife,mhxx-dex-1.0
67,麻痹飞刀,Paralysis Knife,mhxx-dex-1.0
68,捕获用麻醉飞刀,Tranq Knife,mhxx-dex-1.0
69,素材球,Bomb Casing,mhxx-dex-1.0
70,染色球,Paintball,mhxx-dex-1.0
71,闪光球,Flash Bomb,mhxx-dex-1.0
72,音爆弹,Sonic Bomb,mhxx-dex-1.0
73,捕获用麻醉球,Tranq Bomb,mhxx-dex-1.0
74,除臭球,Deodorant,mhxx-dex-1.0
75,烟雾球,Smoke Bomb,mhxx-dex-1.0
76,毒烟雾球,Poison Smoke Bomb,mhxx-dex-1.0
77,回归球,Farcaster,mhxx-dex-1.0
78,异臭球,Dung Bomb,mhxx-dex-1.0
79,怪物粪,Dung,mhxx-dex-1.0
80,陷阱工具,Trap Tool,mhxx-dex-1.0
81,蜘蛛网,Spider Web,mhxx-dex-1.0
82,网子,Net,mhxx-dex-1.0
83,地洞,Pitfall Trap,mhxx-dex-1.0
84,麻痹陷阱,Shock Trap,mhxx-dex-1.0
85,木桶盖,Barrel Lid,mhxx-dex-1.0
86,小木桶,Small Barrel,mhxx-dex-1.0
87,大木桶,Large Barrel,mhxx-dex-1.0
88,小桶爆弹,Barrel Bomb S,mhxx-dex-1.0
89,大桶爆弹,Barrel Bomb L,mhxx-dex-1.0
90,大桶爆弹G,Barrel Bomb L+,mhxx-dex-1.0
91,木桶飞弹,Bounce Bomb,mhxx-dex-1.0
92,木桶飞弹G,Bounce Bomb+,mhxx-dex-1.0
94,会心刃药,Affinity Oil,mhxx-dex-1.0
95,重击刃药,Destroyer Oil,mhxx-dex-1.0
96,减气刃药,Stamina Oil,mhxx-dex-1.0
97,心眼刃药,Mind's Eye Oil,mhxx-dex-1.0
98,空心果实,Huskberry,mhxx-dex-1.0
99,空心骨,Bone Husk,mhxx-dex-1.0
100,LV1通常弹,Normal S Lv1,mhxx-dex-1.0
101,LV2通常弹,Normal S Lv2,mhxx-dex-1.0
102,LV3通常弹,Normal S Lv3,mhxx-dex-1.0
103,LV1贯穿弹,Pierce S Lv1,mhxx-dex-1.0
104,LV2贯穿弹,Pierce S Lv2,mhxx-dex-1.0
105,LV3贯穿弹,Pierce S Lv3,mhxx-dex-1.0
106,LV1散弹,Pellet S Lv1,mhxx-dex-1.0
107,LV2散弹,Pellet S Lv2,mhxx-dex-1.0
108,LV3散弹,Pellet S Lv3,mhxx-dex-1.0
109,LV1穿甲榴弹,Crag S Lv1,mhxx-dex-1.0
110,LV2穿甲榴弹,Crag S Lv2,mhxx-dex-1.0
111,LV3穿甲榴弹,Crag S Lv3,mhxx-dex-1.0
112,LV1扩散弹,Clust S Lv1,mhxx-dex-1.0
113,LV2扩散弹,Clust S Lv2,mhxx-dex-1.0
114,LV3扩散弹,Clust S Lv3,mhxx-dex-1.0
115,LV1火炎弹,Flaming S Lv1,mhxx-dex-1.0
116,LV1水冷弹,Water S Lv1,mhxx-dex-1.0
117,LV1电击弹,Thunder S Lv1,mhxx-dex-1.0
118,LV1冰结弹,Freeze S Lv1,mhxx-dex-1.0
119,LV1灭龙弹,Dragon S Lv1,mhxx-dex-1.0
120,LV1毒弹,Poison S Lv1,mhxx-dex-1.0
121,LV2毒弹,Poison S Lv2,mhxx-dex-1.0
122,LV1麻痹弹,Para S Lv1,mhxx-dex-1.0
123,LV2麻痹弹,Para S Lv2,mhxx-dex-1.0
124,LV1睡眠弹,Sleep S Lv1,mhxx-dex-1.0
125,LV2睡眠弹,Sleep S Lv2,mhxx-dex-1.0
126,LV1减气弹,Exhaust S Lv1,mhxx-dex-1.0
127,LV2减气弹,Exhaust S Lv2,mhxx-dex-1.0
128,LV1回复弹,Recover S Lv1,mhxx-dex-1.0
129,LV2回复弹,Recover S Lv2,mhxx-dex-1.0
130,染色弹,Paint S,mhxx-dex-1.0
131,捕获用麻醉弹,Tranq S,mhxx-dex-1.0
164,碎石弹,Stone S,mhxx-dex-1.0
165,龙击弹,Wyvern S,mhxx-dex-1.0
166,LV1斩裂弹,Slicing S Lv1,mhxx-dex-1.0
167,LV2斩裂弹,Slicing S Lv2,mhxx-dex-1.0
168,LV1爆破弹,Blast S Lv1,mhxx-dex-1.0
169,LV2爆破弹,Blast S Lv2,mhxx-dex-1.0
170,鬼人弹,Demon S,mhxx-dex-1.0
171,鬼人会心弹,Demon Aff S,mhxx-dex-1.0
172,硬化弹,Armor S,mhxx-dex-1.0
173,硬化强韧弹,Super Armor S,mhxx-dex-1.0
174,LV1强装弹,Force S Lv1,mhxx-dex-1.0
175,LV2强装弹,Force S Lv2,mhxx-dex-1.0
176,LV1重击弹,Heavy S Lv1,mhxx-dex-1.0
177,LV2重击弹,Heavy S Lv2,mhxx-dex-1.0
178,痛击弹,Sting S,mhxx-dex-1.0
179,LV1火炎弹,Flaming S Lv2,mhxx-dex-1.0
180,LV2水冷弹,Water S Lv2,mhxx-dex-1.0
181,LV2电击弹,Thunder S Lv2,mhxx-dex-1.0
182,LV2冰结弹,Freeze S Lv2,mhxx-dex-1.0
183,LV2灭龙弹,Dragon S Lv2,mhxx-dex-1.0
184,LV1贯穿火炎弹,P.Flaming S Lv1,mhxx-dex-1.0
185,LV1贯穿火炎弹,P.Flaming S Lv2,mhxx-dex-1.0
186,LV1贯穿水冷弹,P.Water S Lv1,mhxx-dex-1.0
187,LV2贯穿水冷弹,P.Water S Lv2,mhxx-dex-1.0
188,LV1贯穿电击弹,P.Thunder S Lv1,mhxx-dex-1.0
189,LV2贯穿电击弹,P.Thunder S Lv2,mhxx-dex-1.0
190,LV1贯穿冰结弹,P.Freeze S Lv1,mhxx-dex-1.0
191,LV2贯穿冰结弹,P.Freeze S Lv2,mhxx-dex-1.0
192,LV1大炮弹,Cannon S Lv1,mhxx-dex-1.0
193,LV2大炮弹,Cannon S Lv2,mhxx-dex-1.0
194,LV1远击弹,Long S Lv1,mhxx-dex-1.0
195,LV2远击弹,Long S Lv2,mhxx-dex-1.0
196,连爆榴弹,Triblast S,mhxx-dex-1.0
197,榴散弹,Shrapnel S,mhxx-dex-1.0
198,烈光弹,Dazzling S,mhxx-dex-1.0
199,毒烟弹,Poison Smoke S,mhxx-dex-1.0
200,闪光弹,Flash S,mhxx-dex-1.0
201,异臭弹,Dung S,mhxx-dex-1.0
202,治愈活力弹,Remedy S,mhxx-dex-1.0
203,广域回复弹,Group Recover S,mhxx-dex-1.0
204,鬼人硬化弹,Demon Armor S,mhxx-dex-1.0
207,空瓶,Empty Phial,mhxx-dex-1.0
208,LV1强击瓶,Power Coating Lv1,mhxx-dex-1.0
209,LV2强击瓶,Power Coating Lv2,mhxx-dex-1.0
210,LV1属性强化瓶,Elem Coating Lv1,mhxx-dex-1.0
211,LV2属性强化瓶,Elem Coating Lv2,mhxx-dex-1.0
212,近战瓶,C.Range Coating,mhxx-dex-1.0
213,毒瓶,Poison Coating,mhxx-dex-1.0
214,麻痹瓶,Para Coating,mhxx-dex-1.0
215,睡眠瓶,Sleep Coating,mhxx-dex-1.0
216,减气瓶,Exhaust Coating,mhxx-dex-1.0
217,爆破瓶,Blast Coating,mhxx-dex-1.0
218,染色瓶,Paint Coating,mhxx-dex-1.0
219,养虫精华,Larval Extract,mhxx-dex-1.0
220,超养虫精华,Paralarval Extract,mhxx-dex-1.0
221,力之成长饵,Power Jelly,mhxx-dex-1.0
222,重之成长饵,Heavy Jelly,mhxx-dex-1.0
223,速之成长饵,Speed Jelly,mhxx-dex-1.0
224,火之蜜饵,Fire Ambrosia,mhxx-dex-1.0
225,水之蜜饵,Water Ambrosia,mhxx-dex-1.0
226,雷之蜜饵,Thunder Ambrosia,mhxx-dex-1.0
227,冰之蜜饵,Ice Ambrosia,mhxx-dex-1.0
228,龙之蜜饵,Dragon Ambrosia,mhxx-dex-1.0
229,力之上等成长饵,Power Jelly+,mhxx-dex-1.0
230,重之上等成长饵,Heavy Jelly+,mhxx-dex-1.0
231,速之上等成长饵,Speed Jelly+,mhxx-dex-1.0
232,力之特等成长饵,Power Jelly++,mhxx-dex-1.0
233,重之特等成长饵,Heavy Jelly++,mhxx-dex-1.0
234,速之特等成长饵,Speed Jelly++,mhxx-dex-1.0
235,火炎之蜜饵,Fire Ambrosia+,mhxx-dex-1.0
236,流水之蜜饵,Water Ambrosia+,mhxx-dex-1.0
237,雷光之蜜饵,Thunder Ambrosia+,mhxx-dex-1.0
238,冰结之蜜饵,Ice Ambrosia+,mhxx-dex-1.0
239,破龙之蜜饵,Dragon Ambrosia+,mhxx-dex-1.0
240,镇火之蜜饵,Douse Ambrosia,mhxx-dex-1.0
241,断水之蜜饵,Drought Ambrosia,mhxx-dex-1.0
242,绝雷之蜜饵,Resistor Ambrosia,mhxx-dex-1.0
243,碎冰之蜜饵,Melt Ambrosia,mhxx-dex-1.0
244,灭龙之蜜饵,De-wyrm Ambrosia,mhxx-dex-1.0
245,还原之蜜饵,Reverse Ambrosia,mhxx-dex-1.0
246,奇异炼金桶,Alchemy Barrel,mhxx-dex-1.0
247,炼金食物,Alchemy Food,mhxx-dex-1.0
248,炼金活力剂,Alchemy Immunizer,mhxx-dex-1.0
249,炼金耳塞,Alchemy Earplugs,mhxx-dex-1.0
250,炼金多多石,Alchemy Slick,mhxx-dex-1.0
251,炼金斗志球,Alchemy Cheer,mhxx-dex-1.0
252,炼金狩技砥石,Alchemy Whetstone,mhxx-dex-1.0
253,炼金狩技弹药,Alchemy Bullet,mhxx-dex-1.0
254,炼金狩技瓶,Alchemy Coating,mhxx-dex-1.0
255,炼金音爆弹,Alchemy Sonic Bomb,mhxx-dex-1.0
256,炼金摇摇药,Alchemy Booster,mhxx-dex-1.0
257,炼金火箭炮,Alchemy Fireball,mhxx-dex-1.0
258,炼金治疗桶,Alchemy Remedy,mhxx-dex-1.0
259,蚯蚓钓饵,Worm,mhxx-dex-1.0
260,狂热蝇钓饵,Mega Fishing Fly,mhxx-dex-1.0
261,青蛙钓饵,Frog,mhxx-dex-1.0
262,刺身鱼团子,Sushifish Bait,mhxx-dex-1.0
263,炸弹鱼团子,Burst Bait,mhxx-dex-1.0
264,黄金团子,Goldenfish Bait,mhxx-dex-1.0
265,角笛,Field Horn,mhxx-dex-1.0
266,回复笛,Health Flute,mhxx-dex-1.0
267,解毒笛,Antidote Flute,mhxx-dex-1.0
268,鬼人笛,Demon Flute,mhxx-dex-1.0
269,硬化笛,Armor Flute,mhxx-dex-1.0
270,不可燃垃圾,Garbage,mhxx-dex-1.0
271,蜂蜜,Honey,mhxx-dex-1.0
272,药草,Herb,mhxx-dex-1.0
273,解毒草,Antidote Herb,mhxx-dex-1.0
274,火药草,Fire Herb,mhxx-dex-1.0
275,常春藤叶,Ivy,mhxx-dex-1.0
276,眠草,Sleep Herb,mhxx-dex-1.0
277,黏着草,Sap Plant,mhxx-dex-1.0
278,木天蓼,Felvine,mhxx-dex-1.0
279,落阳草的根,Gloamgrass Root,mhxx-dex-1.0
280,辣椒,Hot Pepper,mhxx-dex-1.0
281,霜斑草,Snow Herb,mhxx-dex-1.0
282,特产菇泡菜,Spicy Mushroom,mhxx-dex-1.0
283,冰结晶草莓,Frozen Berry,mhxx-dex-1.0
284,国王仙人掌,King Cactus,mhxx-dex-1.0
285,大王扶桑花,Dosbiscus,mhxx-dex-1.0
286,大玉米,Heftcorn,mhxx-dex-1.0
287,观星花,Stargazer Flower,mhxx-dex-1.0
288,七色蒲公英,Prismatic Dandelion,mhxx-dex-1.0
289,小块精磨石,Immaculate Ore,mhxx-dex-1.0
290,龙神蔓,Dragonvine,mhxx-dex-1.0
291,大龙神蔓,Tough Dragonvine,mhxx-dex-1.0
292,青菇,Blue Mushroom,mhxx-dex-1.0
293,爆炸菇,Nitroshroom,mhxx-dex-1.0
294,麻痹菇,Parashroom,mhxx-dex-1.0
295,毒菇,Toadstool,mhxx-dex-1.0
296,疲劳菇,Mopeshroom,mhxx-dex-1.0
297,心跳加速菇,Exciteshroom,mhxx-dex-1.0
298,曼陀罗,Dragon Toadstool,mhxx-dex-1.0
299,混沌菇,Chaos Mushroom,mhxx-dex-1.0
300,大麻痹菇,Bindshroom,mhxx-dex-1.0
301,腰靠菇,Reststool,mhxx-dex-1.0
302,染色果实,Paintberry,mhxx-dex-1.0
303,怪力种子,Might Seed,mhxx-dex-1.0
304,忍耐种子,Adamant Seed,mhxx-dex-1.0
305,打消果实,Nulberry,mhxx-dex-1.0
306,屠龙果实,Dragonfell Berry,mhxx-dex-1.0
307,飞散核桃,Scatternut,mhxx-dex-1.0
308,尖锐果实,Needleberry,mhxx-dex-1.0
309,贯穿果实,Latchberry,mhxx-dex-1.0
310,扩散果实,Bomberry,mhxx-dex-1.0
311,北东西大南瓜,Bumblepumpkin,mhxx-dex-1.0
312,大筒橡子,Giant Acorn,mhxx-dex-1.0
313,尖橡子,Spiky Acorn,mhxx-dex-1.0
314,结云木材,Yukumo Wood,mhxx-dex-1.0
315,结云坚木材,Yukumo Hardwood,mhxx-dex-1.0
316,结云重木材,Yukumo Stoutwood,mhxx-dex-1.0
317,石块,Stone,mhxx-dex-1.0
318,铁矿石,Iron Ore,mhxx-dex-1.0
319,大地结晶,Earth Crystal,mhxx-dex-1.0
320,燕雀石,Machalite Ore,mhxx-dex-1.0
321,圆盘石,Disc Stone,mhxx-dex-1.0
322,冰结晶,Ice Crystal,mhxx-dex-1.0
323,青闪石,Bealite Ore,mhxx-dex-1.0
324,光水晶,Lightcrystal,mhxx-dex-1.0
325,辉龙石,Dragonite Ore,mhxx-dex-1.0
326,红莲石,Firestone,mhxx-dex-1.0
327,深红莲石,Allfire Stone,mhxx-dex-1.0
328,熔岩块,Lava Nugget,mhxx-dex-1.0
329,灵鹤石,Carbalite Ore,mhxx-dex-1.0
330,绯鸢石,Eltalite Ore,mhxx-dex-1.0
331,云鸠石,Meldspar Ore,mhxx-dex-1.0
332,璀璨水晶,Novacrystal,mhxx-dex-1.0
333,纯水晶,Purecrystal,mhxx-dex-1.0
334,白鸠石,Fucium Ore,mhxx-dex-1.0
335,狱炎石,Firecell Stone,mhxx-dex-1.0
336,虹色矿石,Rainbow Ore,mhxx-dex-1.0
337,高密度精磨石,Pristine Ore,mhxx-dex-1.0
338,终极结晶,Ultimas Crystal,mhxx-dex-1.0
339,水光原珠,Aquaglow Jewel,mhxx-dex-1.0
340,阳翔原珠,Sunspire Jewel,mhxx-dex-1.0
341,修罗原珠,Bloodrun Jewel,mhxx-dex-1.0
342,琉璃原珠,Lazurite Jewel,mhxx-dex-1.0
343,金刚原珠,Adamant Orb,mhxx-dex-1.0
344,明王原珠,Sovereign Orb,mhxx-dex-1.0
345,铠石,Armor Stone,mhxx-dex-1.0
346,铠玉,Armor Sphere,mhxx-dex-1.0
347,上铠玉,Armor Sphere+,mhxx-dex-1.0
348,尖铠玉,Adv Armor Sphere,mhxx-dex-1.0
349,坚铠玉,Hard Armor Sphere,mhxx-dex-1.0
350,重铠玉,Heavy Armor Sphere,mhxx-dex-1.0
351,王铠玉,King Armor Sphere,mhxx-dex-1.0
352,真铠玉,True Armor Sphere,mhxx-dex-1.0
353,谜之护符,Mystery Charm,mhxx-dex-1.0
354,发光护符,Shining Charm,mhxx-dex-1.0
355,陈旧护符,Timeworn Charm,mhxx-dex-1.0
356,风化护符,Enduring Charm,mhxx-dex-1.0
357,锈块,Rustshard,mhxx-dex-1.0
358,太古块,Ancient Shard,mhxx-dex-1.0
359,半生鱼,Rare Fish,mhxx-dex-1.0
360,焦糊鱼,Burnt Fish,mhxx-dex-1.0
361,烤熟的鱼,Gourmet Fish,mhxx-dex-1.0
362,磨刀鲹鱼,Whetfish,mhxx-dex-1.0
363,刺身鱼,Sushifish,mhxx-dex-1.0
364,眠鱼,Sleepyfish,mhxx-dex-1.0
365,针鲔鱼,Pin Tuna,mhxx-dex-1.0
366,旗鱼,Speartuna,mhxx-dex-1.0
367,碎裂沙丁鱼,Popfish,mhxx-dex-1.0
368,扩散金鱼,Scatterfish,mhxx-dex-1.0
369,破裂龙鱼,Burst Arowana,mhxx-dex-1.0
370,爆裂龙鱼,Bomb Arowana,mhxx-dex-1.0
371,贪吃鲔鱼,Glutton Tuna,mhxx-dex-1.0
372,贪吃鲔鱼王,Gastronome Tuna,mhxx-dex-1.0
373,古代鱼,Ancient Fish,mhxx-dex-1.0
374,小金鱼,Small Goldenfish,mhxx-dex-1.0
375,疲惫沙丁鱼,Wanchovy,mhxx-dex-1.0
376,一之太刀鱼,Blue Cutthroat,mhxx-dex-1.0
377,响潮贝,Humspun Conch,mhxx-dex-1.0
378,铠石鲷,Armored Bream,mhxx-dex-1.0
379,古代鲨的皮,Sharqskin,mhxx-dex-1.0
380,春夜鲤,Springnight Carp,mhxx-dex-1.0
381,大尾青蛙,Tailed Frog,mhxx-dex-1.0
382,金刚鱼,Guardfish,mhxx-dex-1.0
383,虫的尸骸,Insect Husk,mhxx-dex-1.0
384,不死虫,Godbug,mhxx-dex-1.0
385,苦虫,Bitterbug,mhxx-dex-1.0
386,光虫,Flashbug,mhxx-dex-1.0
387,雷光虫,Thunderbug,mhxx-dex-1.0
388,爆蚱蜢,Stinkhopper,mhxx-dex-1.0
389,土蜂蛹,Snakebee Larva,mhxx-dex-1.0
390,冥蚕,Stygian Worm,mhxx-dex-1.0
391,黏着黑蚁,Carpenterbug,mhxx-dex-1.0
392,光辉甲虫,Shiny Beetle,mhxx-dex-1.0
393,大独角仙,Hercudrome,mhxx-dex-1.0
394,超电雷光虫,Fulgurbug,mhxx-dex-1.0
395,王族豆金龟,King Scarab,mhxx-dex-1.0
396,稀有金龟子,Rare Scarab,mhxx-dex-1.0
397,花铃虫,Blossom Cricket,mhxx-dex-1.0
398,大角凤蝶,Great Hornfly,mhxx-dex-1.0
399,大锹凤蝶,Butterfly Beetle,mhxx-dex-1.0
400,大七星瓢虫,Great Ladybug,mhxx-dex-1.0
401,皇帝蚱蜢,Emperor Hopper,mhxx-dex-1.0
402,幻蝶,Flutterfly,mhxx-dex-1.0
403,毒蜘蛛蝎,Toxic Kumori,mhxx-dex-1.0
404,猛毒蜘蛛蝎,Large Toxic Kumori,mhxx-dex-1.0
405,凶恶毒蜘蛛蝎,Lethal Kumori,mhxx-dex-1.0
406,蚀龙虫,Dracophage Bug,mhxx-dex-1.0
407,龙骨【小】,Monster Bone S,mhxx-dex-1.0
408,龙骨【中】,Monster Bone M,mhxx-dex-1.0
409,龙骨【大】,Monster Bone L,mhxx-dex-1.0
410,谜之骨,Mystery Bone,mhxx-dex-1.0
411,谜之头骨,Unknown Skull,mhxx-dex-1.0
412,谜之巨骨,Huge Unknown Skull,mhxx-dex-1.0
413,上等龙骨,Monster Bone+,mhxx-dex-1.0
414,尖龙骨,Monster Keenbone,mhxx-dex-1.0
415,坚龙骨,Monster Hardbone,mhxx-dex-1.0
416,强龙骨,Monster Toughbone,mhxx-dex-1.0
417,重龙骨,Monster Slogbone,mhxx-dex-1.0
418,古龙骨,Elder Dragon Bone,mhxx-dex-1.0
419,太古龙骨,Lrg ElderDragon Bone,mhxx-dex-1.0
420,优质的鸟龙骨,Avian Finebone,mhxx-dex-1.0
421,坚固的鸟龙骨,Avian Stoutbone,mhxx-dex-1.0
422,草食种的大重骨,Large Herbivore Bone,mhxx-dex-1.0
423,兽骨,Brute Bone,mhxx-dex-1.0
424,巨大的骨,Jumbo Bone,mhxx-dex-1.0
425,坚固的骨,Stoutbone,mhxx-dex-1.0
426,厚重的骨,Massive Bone,mhxx-dex-1.0
427,古老龙骨,Dragonbone Relic,mhxx-dex-1.0
428,古老巨龙骨,Dragonbone Artifact,mhxx-dex-1.0
429,异形骨,Irregular Bone,mhxx-dex-1.0
430,异形坚骨,Irregular Stoutbone,mhxx-dex-1.0
431,异形重骨,Irregular Slogbone,mhxx-dex-1.0
432,龙牙,Wyvern Fang,mhxx-dex-1.0
433,龙爪,Wyvern Claw,mhxx-dex-1.0
434,尖爪,Sharp Claw,mhxx-dex-1.0
435,锐利爪,Piercing Claw,mhxx-dex-1.0
436,尖牙,Sharp Fang,mhxx-dex-1.0
437,厚重的牙,Crushing Fang,mhxx-dex-1.0
438,鸟龙玉,Bird Wyvern Gem,mhxx-dex-1.0
439,幻鸟龙玉,Fey Wyvern Gem,mhxx-dex-1.0
440,龙玉,Wyvern Gem,mhxx-dex-1.0
441,大龙玉,Lrg Wyvern Gem,mhxx-dex-1.0
442,古龙的血,Elder Dragon Blood,mhxx-dex-1.0
443,古龙的净血,Pure Dragon Blood,mhxx-dex-1.0
444,古龙的净浓血,Viscous Dragon Blood,mhxx-dex-1.0
445,钢蛋,Steel Egg,mhxx-dex-1.0
446,银蛋,Silver Egg,mhxx-dex-1.0
447,金蛋,Golden Egg,mhxx-dex-1.0
448,白金蛋,Platinum Egg,mhxx-dex-1.0
449,增产十字镐,Slickaxe,mhxx-dex-1.0
450,鸣袋,Screamer Sac,mhxx-dex-1.0
451,毒袋,Poison Sac,mhxx-dex-1.0
452,猛毒袋,Toxin Sac,mhxx-dex-1.0
453,剧毒袋,Deadly Poison Sac,mhxx-dex-1.0
454,麻痹袋,Paralysis Sac,mhxx-dex-1.0
455,强力麻痹袋,Omniplegia Sac,mhxx-dex-1.0
456,浓缩麻痹袋,Ultraplegia Sac,mhxx-dex-1.0
457,睡眠袋,Sleep Sac,mhxx-dex-1.0
458,昏睡袋,Coma Sac,mhxx-dex-1.0
459,倒地昏睡袋,Torpor Sac,mhxx-dex-1.0
460,火炎袋,Flame Sac,mhxx-dex-1.0
461,爆炎袋,Inferno Sac,mhxx-dex-1.0
462,业炎袋,Conflagrant Sac,mhxx-dex-1.0
463,电袋,Electro Sac,mhxx-dex-1.0
464,电击袋,Thunder Sac,mhxx-dex-1.0
465,雷电袋,Lightning Sac,mhxx-dex-1.0
466,冻结袋,Freezer Sac,mhxx-dex-1.0
467,瞬间冻结袋,Cryo Sac,mhxx-dex-1.0
468,水袋,Aqua Sac,mhxx-dex-1.0
469,大水袋,Torrent Sac,mhxx-dex-1.0
470,特大水袋,Flood Sac,mhxx-dex-1.0
471,狂奔精华,Dash Extract,mhxx-dex-1.0
472,白化精华,Pale Extract,mhxx-dex-1.0
473,狞猛化精华,Hyper Extract,mhxx-dex-1.0
474,狞猛化浓缩精华,Potent Hyper Extract,mhxx-dex-1.0
475,狞猛的牙,Hyper Fang,mhxx-dex-1.0
476,狞猛的锐牙,Hyper Fang+,mhxx-dex-1.0
477,狞猛的重牙,Hyper Hardfang,mhxx-dex-1.0
478,狞猛的重锐牙,Hyper Keenfang,mhxx-dex-1.0
479,狞猛的重刚牙,Hyper Solidfang,mhxx-dex-1.0
480,狞猛的爪,Hyper Claw,mhxx-dex-1.0
481,狞猛的尖爪,Hyper Claw+,mhxx-dex-1.0
482,狞猛的重爪,Hyper Heavyclaw,mhxx-dex-1.0
483,狞猛的重尖爪,Hyper Keenclaw,mhxx-dex-1.0
484,狞猛的重刚爪,Hyper Solidclaw,mhxx-dex-1.0
485,狞猛的龙骨,Hyper Monster Bone,mhxx-dex-1.0
486,狞猛的强龙骨,Hyper MnstrToughbone,mhxx-dex-1.0
487,狞猛的重龙骨,Hyper MnstrSlogbone,mhxx-dex-1.0
488,狞猛的尖角,Hyper Horn+,mhxx-dex-1.0
489,狞猛的刚角,Hyper Hardhorn,mhxx-dex-1.0
490,狞猛的火炎袋,Hyper Flame Sac,mhxx-dex-1.0
491,狞猛的业炎袋,Hyper Conflagrant Sac,mhxx-dex-1.0
492,狞猛的炎鳞,Hyper Pyroscale,mhxx-dex-1.0
493,狞猛的狱炎鳞,Hyper Flarescale,mhxx-dex-1.0
494,狞猛的水袋,Hyper Aqua Sac,mhxx-dex-1.0
495,狞猛的特大水袋,Hyper Flood Sac,mhxx-dex-1.0
496,狞猛的体液,Hyper Fluid,mhxx-dex-1.0
497,狞猛的浓体液,Hyper Viscous Fluid,mhxx-dex-1.0
498,狞猛的电袋,Hyper Electro Sac,mhxx-dex-1.0
499,狞猛的雷电袋,Hyper Lightning Sac,mhxx-dex-1.0
500,狞猛的带电壳,Hyper Charged Shell,mhxx-dex-1.0
501,狞猛的带电重壳,Hyper Amped Shell,mhxx-dex-1.0
502,狞猛的带电毛,Hyper Shockfur,mhxx-dex-1.0
503,狞猛的雷电毛,Hyper Fluxfur,mhxx-dex-1.0
504,狞猛的冰块,Hyper Ice Block,mhxx-dex-1.0
505,狞猛的大冰块,Hyper Ice Chunk,mhxx-dex-1.0
506,狞猛的蚀龙鳞,Hyper Draco. Scale,mhxx-dex-1.0
507,狞猛的蚀龙厚鳞,Hyper Draco. Scale+,mhxx-dex-1.0
508,狞猛的毒液,Hyper Toxin,mhxx-dex-1.0
509,狞猛的强毒液,Hyper Potent Toxin,mhxx-dex-1.0
510,狞猛的麻痹毒液,Hyper Paratoxin,mhxx-dex-1.0
511,狞猛的强麻痹毒液,Hyper Potent Paratoxin,mhxx-dex-1.0
512,狞猛的睡眠袋,Hyper Sleep Sac,mhxx-dex-1.0
513,狞猛的昏睡袋,Hyper Coma Sac,mhxx-dex-1.0
514,狞猛的睡眠毒液,Hyper Narcotoxin,mhxx-dex-1.0
515,狞猛的强睡眠毒液,Hyper Potent Narcotoxin,mhxx-dex-1.0
516,狞猛的爆液,Hyper Catalyst,mhxx-dex-1.0
517,狞猛的爆缩液,Hyper Catalyst+,mhxx-dex-1.0
518,猫毛红玉,Felyne Fur Ruby,mhxx-dex-1.0
519,首鸣龙的皮,Larinoth Hide,mhxx-dex-1.0
520,首鸣龙的特等皮,Larinoth Finehide,mhxx-dex-1.0
521,丸鸟的羽,Gargwa Feather,mhxx-dex-1.0
522,丸鸟的特等羽毛,Gargwa Finefeather,mhxx-dex-1.0
523,云羊鹿的角,Moofah Horn,mhxx-dex-1.0
524,云羊鹿的毛球,Moofah Fleeceball,mhxx-dex-1.0
525,云羊鹿的重角,Moofah Heavyhorn,mhxx-dex-1.0
526,精灵鹿角,Kelbi Horn,mhxx-dex-1.0
527,温暖的毛皮,Warm Pelt,mhxx-dex-1.0
528,优质的毛皮,High-quality Pelt,mhxx-dex-1.0
529,极品毛皮,Prized Pelt,mhxx-dex-1.0
530,雪鹿的角,Anteka Antler,mhxx-dex-1.0
531,雪鹿的重角,Anteka Proud Antler,mhxx-dex-1.0
532,草食龙的甲壳,Rhenoplos Shell,mhxx-dex-1.0
533,草食龙的坚壳,Rhenoplos Carapace,mhxx-dex-1.0
534,草食龙的头壳,Rhenoplos Scalp,mhxx-dex-1.0
535,垂皮龙的上等皮,Slagtoth Hide+,mhxx-dex-1.0
536,柔软的厚皮,Supple Piel,mhxx-dex-1.0
537,怪物体液,Monster Fluid,mhxx-dex-1.0
538,怪物浓液,Monster Broth,mhxx-dex-1.0
539,怪物特浓液,Monster Essence,mhxx-dex-1.0
540,飞甲虫的甲壳,Bnahabra Shell,mhxx-dex-1.0
541,飞甲虫的坚壳,Bnahabra Carapace,mhxx-dex-1.0
542,飞甲虫的羽,Bnahabra Wing,mhxx-dex-1.0
543,飞甲虫的斩羽,Bnahabra Razorwing,mhxx-dex-1.0
544,甲虫的大颚,Altaroth Jaw,mhxx-dex-1.0
545,甲虫的腹袋,Altaroth Stomach,mhxx-dex-1.0
546,优质的腹袋,Quality Stomach,mhxx-dex-1.0
547,特级的腹袋,Premium Stomach,mhxx-dex-1.0
548,巨蜂的甲壳,Vespoid Shell,mhxx-dex-1.0
549,巨蜂的坚壳,Vespoid Carapace,mhxx-dex-1.0
550,巨蜂的羽,Vespoid Wing,mhxx-dex-1.0
551,巨蜂的薄羽,Vespoid Innerwing,mhxx-dex-1.0
552,巨蜂的斩羽,Vespoid Razorwing,mhxx-dex-1.0
553,巨甲虫的甲壳,Hornetaur Shell,mhxx-dex-1.0
554,巨甲虫的坚壳,Hornetaur Carapace,mhxx-dex-1.0
555,巨甲虫的羽,Hornetaur Wing,mhxx-dex-1.0
556,巨甲虫的薄羽,Hornetaur Innerwing,mhxx-dex-1.0
557,巨甲虫的斩羽,Hornetaur Razorwing,mhxx-dex-1.0
558,巨甲虫的头,Hornetaur Head,mhxx-dex-1.0
559,盾虫的甲壳,Konchu Shell,mhxx-dex-1.0
560,盾虫的坚壳,Konchu Carapace,mhxx-dex-1.0
561,盾虫的重壳,Konchu Cortex,mhxx-dex-1.0
562,雷光精华,Shocking Extract,mhxx-dex-1.0
563,雷光胶,Shocking Jelly,mhxx-dex-1.0
564,翼蛇龙的皮,Remobra Hide,mhxx-dex-1.0
565,翼蛇龙的上等皮,Remobra Hide+,mhxx-dex-1.0
566,翼蛇龙的特等皮,Remobra Finehide,mhxx-dex-1.0
567,条纹花样的皮,Striped Skin,mhxx-dex-1.0
568,条纹花样的特等皮,Striped Finehide,mhxx-dex-1.0
569,翼蛇龙的头,Remobra Head,mhxx-dex-1.0
570,翼蛇龙的特等头,Mighty Remobra Head,mhxx-dex-1.0
571,鸟龙种的牙,Bird Wyvern Fang,mhxx-dex-1.0
572,跳狗龙的鳞,Maccao Scale,mhxx-dex-1.0
573,跳狗龙的上等鳞,Maccao Scale+,mhxx-dex-1.0
574,跳狗龙的厚鳞,Maccao Shard,mhxx-dex-1.0
575,跳狗龙的皮,Maccao Hide,mhxx-dex-1.0
576,跳狗龙王的鳞,Great Maccao Scale,mhxx-dex-1.0
577,跳狗龙王的上等鳞,Great Maccao Scale+,mhxx-dex-1.0
578,跳狗龙王的厚鳞,Great Maccao Shard,mhxx-dex-1.0
579,跳狗龙王的赤皮,Great Maccao Hide,mhxx-dex-1.0
580,跳狗龙王的上等赤皮,Great Maccao Hide+,mhxx-dex-1.0
581,跳狗龙王的大赤皮,Great Maccao Piel,mhxx-dex-1.0
582,王者的冠羽,Champion's Crest,mhxx-dex-1.0
583,伟大的冠羽,Glorious Crest,mhxx-dex-1.0
584,跳狗龙王的尾棘,Maccao Tailspike,mhxx-dex-1.0
585,跳狗龙王的重尾棘,Maccao Tailspear,mhxx-dex-1.0
586,狗龙的鳞,Jaggi Scale,mhxx-dex-1.0
587,狗龙的上等鳞,Jaggi Scale+,mhxx-dex-1.0
588,狗龙的厚鳞,Jaggi Shard,mhxx-dex-1.0
589,狗龙的皮,Jaggi Hide,mhxx-dex-1.0
590,狗龙的厚皮,Jaggi Piel,mhxx-dex-1.0
591,蓝速龙的鳞,Velociprey Scale,mhxx-dex-1.0
592,蓝速龙的上等鳞,Velociprey Scale+,mhxx-dex-1.0
593,蓝速龙的厚鳞,Velociprey Shard,mhxx-dex-1.0
594,蓝速龙的皮,Velociprey Hide,mhxx-dex-1.0
595,蓝速龙的上等皮,Velociprey Hide+,mhxx-dex-1.0
596,蓝速龙的大皮,Velocidrome Hide,mhxx-dex-1.0
597,蓝速龙的上等大皮,Velocidrome Hide+,mhxx-dex-1.0
598,蓝速龙的大厚皮,Velocidrome Piel,mhxx-dex-1.0
599,蓝速龙的大爪,Velocidrome Claw,mhxx-dex-1.0
600,蓝速龙的大尖爪,Velocidrome Claw+,mhxx-dex-1.0
601,蓝速龙的大刚爪,Velocidrome Talon,mhxx-dex-1.0
602,蓝速龙王的头,Velocidrome Head,mhxx-dex-1.0
603,黄速龙的麻痹牙,Genprey Fang,mhxx-dex-1.0
604,黄速龙的鳞,Genprey Scale,mhxx-dex-1.0
605,黄速龙的上等鳞,Genprey Scale+,mhxx-dex-1.0
606,黄速龙的厚鳞,Genprey Shard,mhxx-dex-1.0
607,黄速龙的皮,Genprey Hide,mhxx-dex-1.0
608,黄速龙的上等皮,Genprey Hide+,mhxx-dex-1.0
609,黄速龙的大皮,Gendrome Hide,mhxx-dex-1.0
610,黄速龙的上等大皮,Gendrome Hide+,mhxx-dex-1.0
611,黄速龙的大厚皮,Gendrome Piel,mhxx-dex-1.0
612,黄速龙的大牙,Gendrome Fang,mhxx-dex-1.0
613,黄速龙的大尖牙,Gendrome Fang+,mhxx-dex-1.0
614,黄速龙的大刚牙,Gendrome Hardfang,mhxx-dex-1.0
615,黄速龙王的头,Gendrome Head,mhxx-dex-1.0
616,红速龙的毒牙,Ioprey Fang,mhxx-dex-1.0
617,红速龙的鳞,Ioprey Scale,mhxx-dex-1.0
618,红速龙的上等鳞,Ioprey Scale+,mhxx-dex-1.0
619,红速龙的厚鳞,Ioprey Shard,mhxx-dex-1.0
620,红速龙的皮,Ioprey Hide,mhxx-dex-1.0
621,红速龙的上等皮,Ioprey Hide+,mhxx-dex-1.0
622,红速龙的大皮,Iodrome Hide,mhxx-dex-1.0
623,红速龙的上等大皮,Iodrome Hide+,mhxx-dex-1.0
624,红速龙的大厚皮,Iodrome Piel,mhxx-dex-1.0
625,红速龙的紫鳞,Iodrome Violet Scale,mhxx-dex-1.0
626,红速龙的上等紫鳞,Iodrome Violet Scale+,mhxx-dex-1.0
627,红速龙的厚紫鳞,Iodrome Violet Shard,mhxx-dex-1.0
628,红速龙王的头,Iodrome Head,mhxx-dex-1.0
629,白速龙的鳞,Giaprey Scale,mhxx-dex-1.0
630,白速龙的上等鳞,Giaprey Scale+,mhxx-dex-1.0
631,白速龙的厚鳞,Giaprey Shard,mhxx-dex-1.0
632,白速龙的皮,Giaprey Hide,mhxx-dex-1.0
633,白速龙的上等皮,Giaprey Hide+,mhxx-dex-1.0
634,白速龙的上等大皮,Giadrome Hide+,mhxx-dex-1.0
635,白速龙的大厚皮,Giadrome Piel,mhxx-dex-1.0
636,白速龙的大尖爪,Giadrome Claw+,mhxx-dex-1.0
637,白速龙的大刚爪,Giadrome Talon,mhxx-dex-1.0
638,白速龙王的头,Giadrome Head,mhxx-dex-1.0
639,青熊兽的毛,Arzuros Pelt,mhxx-dex-1.0
640,青熊兽的刚毛,Arzuros Pelt+,mhxx-dex-1.0
641,青熊兽的豪刚毛,Arzuros Fur,mhxx-dex-1.0
642,青熊兽的甲壳,Arzuros Shell,mhxx-dex-1.0
643,青熊兽的坚壳,Arzuros Carapace,mhxx-dex-1.0
644,青熊兽的重壳,Arzuros Cortex,mhxx-dex-1.0
645,青熊兽的臂甲,Arzuros Brace,mhxx-dex-1.0
646,青熊兽的坚臂甲,Arzuros Brace+,mhxx-dex-1.0
647,青熊兽的重臂甲,Arzuros Allbrace,mhxx-dex-1.0
648,红盔的毛,Redhelm Pelt,mhxx-dex-1.0
649,红盔的刚毛,Redhelm Pelt+,mhxx-dex-1.0
650,红盔的豪刚毛,Redhelm Fur,mhxx-dex-1.0
651,红盔的甲壳,Redhelm Shell,mhxx-dex-1.0
652,红盔的坚壳,Redhelm Carapace,mhxx-dex-1.0
653,红盔的重壳,Redhelm Cortex,mhxx-dex-1.0
654,红盔的怒发,Redhelm Ragehair,mhxx-dex-1.0
655,红盔的激怒发,Redhelm Furyhair,mhxx-dex-1.0
656,红盔的冲天怒发,Redhelm Zenith Furyhair,mhxx-dex-1.0
657,白兔兽的毛,Lagombi Pelt,mhxx-dex-1.0
658,白兔兽的刚毛,Lagombi Pelt+,mhxx-dex-1.0
659,白兔兽的豪刚毛,Lagombi Fur,mhxx-dex-1.0
660,白兔兽的耳,Lagombi Ear,mhxx-dex-1.0
661,白兔兽的大耳,Lagombi Ear+,mhxx-dex-1.0
662,白兔兽的腹甲,Lagombi Plastron,mhxx-dex-1.0
663,白兔兽的坚腹甲,Lagombi Plastron+,mhxx-dex-1.0
664,白兔兽的重腹甲,Lagombi Cuirass,mhxx-dex-1.0
665,白兔兽的冰爪,Lagombi Iceclaw,mhxx-dex-1.0
666,白兔兽的冻爪,Lagombi Frozenclaw,mhxx-dex-1.0
667,白兔兽的刚冻爪,Lagombi Frigidclaw,mhxx-dex-1.0
668,大雪主的毛,Snowbaron Pelt,mhxx-dex-1.0
669,大雪主的刚毛,Snowbaron Pelt+,mhxx-dex-1.0
670,大雪主的豪刚毛,Snowbaron Fur,mhxx-dex-1.0
671,大雪主的腹甲,Snowbaron Plastron,mhxx-dex-1.0
672,大雪主的坚腹甲,Snowbaron Plastron+,mhxx-dex-1.0
673,大雪主的重腹甲,Snowbaron Cuirass,mhxx-dex-1.0
674,赤甲兽的甲壳,Volvidon Shell,mhxx-dex-1.0
675,赤甲兽的坚壳,Volvidon Carapace,mhxx-dex-1.0
676,赤甲兽的重壳,Volvidon Cortex,mhxx-dex-1.0
677,赤甲兽的爪,Volvidon Claw,mhxx-dex-1.0
678,赤甲兽的尖爪,Volvidon Claw+,mhxx-dex-1.0
679,赤甲兽的刚爪,Volvidon Talon,mhxx-dex-1.0
680,赤甲兽的蛇腹甲,Volvi Rickrack,mhxx-dex-1.0
681,赤甲兽的大蛇腹甲,Large Volvi Rickrack,mhxx-dex-1.0
682,怪鸟的鳞,Kut-Ku Scale,mhxx-dex-1.0
683,怪鸟的上等鳞,Kut-Ku Scale+,mhxx-dex-1.0
684,怪鸟的厚鳞,Kut-Ku Shard,mhxx-dex-1.0
685,怪鸟的甲壳,Kut-Ku Shell,mhxx-dex-1.0
686,怪鸟的坚壳,Kut-Ku Carapace,mhxx-dex-1.0
687,怪鸟的重壳,Kut-Ku Cortex,mhxx-dex-1.0
688,怪鸟的耳,Kut-Ku Ear,mhxx-dex-1.0
689,怪鸟的灵耳,Kut-Ku Auricle,mhxx-dex-1.0
690,怪鸟的福耳,Kut-Ku Luckear,mhxx-dex-1.0
691,巨大的喙,Giant Beak,mhxx-dex-1.0
692,壮观的喙,Splendid Beak,mhxx-dex-1.0
693,怪鸟的翼膜,Kut-Ku Webbing,mhxx-dex-1.0
694,怪鸟的厚翼膜,Kut-Ku Weave,mhxx-dex-1.0
695,狞猛化怪鸟的鳞,Hyper Kut-Ku Scale,mhxx-dex-1.0
696,狞猛化怪鸟的厚鳞,Hyper Kut-Ku Shard,mhxx-dex-1.0
697,橡胶质的皮,Rubbery Hide,mhxx-dex-1.0
698,橡胶质的上等皮,Rubbery Hide+,mhxx-dex-1.0
699,橡胶质的特等皮,Rubbery Finehide,mhxx-dex-1.0
700,毒怪鸟的翼膜,Gypceros Webbing,mhxx-dex-1.0
701,毒怪鸟的厚翼膜,Gypceros Weave,mhxx-dex-1.0
702,毒怪鸟的翼,Gypceros Wing,mhxx-dex-1.0
703,毒怪鸟的头,Gypceros Head,mhxx-dex-1.0
704,毒怪鸟的石头,Gypceros Hardhead,mhxx-dex-1.0
705,狞猛化毒怪鸟的皮,Hyper Gypceros Hide,mhxx-dex-1.0
706,狞猛化毒怪鸟特皮,Hyper Gypceros Piel,mhxx-dex-1.0
707,夜鸟的羽鳞,Azurefeather,mhxx-dex-1.0
708,夜鸟的上羽鳞,Azurefeather+,mhxx-dex-1.0
709,夜鸟的特上羽鳞,Azure Plume,mhxx-dex-1.0
710,夜鸟的翼膜,Malfestio Webbing,mhxx-dex-1.0
711,夜鸟的翼,Malfestio Wing,mhxx-dex-1.0
712,夜鸟的大翼,Malfestio Grandwing,mhxx-dex-1.0
713,夜鸟的翼爪,Malfestio Wingtalon,mhxx-dex-1.0
714,夜鸟的锐翼爪,Malfestio Wingtalon+,mhxx-dex-1.0
715,夜鸟的刚翼爪,Malfestio Hrd Wingtalon,mhxx-dex-1.0
716,夜鸟的耳,Malfestio Ear,mhxx-dex-1.0
717,夜鸟的福耳,Malfestio Luckear,mhxx-dex-1.0
718,夜鸟的尾羽,Malfestio Tailfeather,mhxx-dex-1.0
719,夜鸟的刃尾羽,Malfestio Tailblade,mhxx-dex-1.0
720,夜鸟的金羽,Malfestio Goldfeather,mhxx-dex-1.0
721,夜鸟的黄金羽,Malfestio Goldfeather+,mhxx-dex-1.0
722,狞猛化夜鸟的羽,Hyper Azurefeather,mhxx-dex-1.0
723,狞猛化夜鸟特上羽,Hyper Azurefeather+,mhxx-dex-1.0
724,胧隐的特上羽鳞,Nightcloak Plume,mhxx-dex-1.0
725,胧隐的大翼,Nightcloak Grandwing,mhxx-dex-1.0
726,胧隐的透光鳞粉,Nightcloak Clearscale,mhxx-dex-1.0
727,黑狼鸟的鳞,Garuga Scale,mhxx-dex-1.0
728,黑狼鸟的上等鳞,Garuga Scale+,mhxx-dex-1.0
729,黑狼鸟的厚鳞,Garuga Shard,mhxx-dex-1.0
730,黑狼鸟的甲壳,Garuga Shell,mhxx-dex-1.0
731,黑狼鸟的坚壳,Garuga Carapace,mhxx-dex-1.0
732,黑狼鸟的重壳,Garuga Cortex,mhxx-dex-1.0
733,黑狼鸟的耳,Garuga Ear,mhxx-dex-1.0
734,黑狼鸟的灵耳,Garuga Auricle,mhxx-dex-1.0
735,尖尖的喙,Sharpened Beak,mhxx-dex-1.0
736,帅气的喙,Rejuvenated Beak,mhxx-dex-1.0
737,黑狼鸟的翼,Garuga Wing,mhxx-dex-1.0
738,黑狼鸟的刚翼,Garuga Fellwing,mhxx-dex-1.0
739,黑狼鸟的尾巴,Garuga Tail,mhxx-dex-1.0
740,黑狼鸟的韧尾,Garuga Lash,mhxx-dex-1.0
741,黑狼鸟的鬃毛,Garuga Mane,mhxx-dex-1.0
742,黑狼鸟的银狼毛,Garuga Silverpelt,mhxx-dex-1.0
743,狞猛化黑狼鸟的鳞,Hyper Garuga Scale,mhxx-dex-1.0
744,狞猛化黑狼鸟厚鳞,Hyper Garuga Shard,mhxx-dex-1.0
745,独眼的鳞,Deadeye Scale,mhxx-dex-1.0
746,独眼的上等鳞,Deadeye Scale+,mhxx-dex-1.0
747,独眼的厚鳞,Deadeye Shard,mhxx-dex-1.0
748,独眼的甲壳,Deadeye Shell,mhxx-dex-1.0
749,独眼的坚壳,Deadeye Carapace,mhxx-dex-1.0
750,独眼的重壳,Deadeye Cortex,mhxx-dex-1.0
751,蘑菇猪的皮,Mosswine Hide,mhxx-dex-1.0
752,蘑菇猪的厚皮,Mosswine Thick Hide,mhxx-dex-1.0
753,野猪的毛皮,Bullfango Pelt,mhxx-dex-1.0
754,野猪的上等毛皮,Bullfango Pelt+,mhxx-dex-1.0
755,野猪的厚毛皮,Bullfango Thickfur,mhxx-dex-1.0
756,野猪的头,Bullfango Head,mhxx-dex-1.0
757,野猪王的皮,Bulldrome Hide,mhxx-dex-1.0
758,野猪王的硬皮,Bulldrome Hide+,mhxx-dex-1.0
759,野猪王的超厚皮,Bulldrome Thickhide,mhxx-dex-1.0
760,野猪王的牙,Bulldrome Tusk,mhxx-dex-1.0
761,野猪王的大牙,Bulldrome Tusk+,mhxx-dex-1.0
762,野猪王的大刚牙,Bulldrome Hardtusk,mhxx-dex-1.0
763,桃毛兽的刚毛,Conga Pelt+,mhxx-dex-1.0
764,桃毛兽的豪刚毛,Conga Fur,mhxx-dex-1.0
765,坚固的牙兽牙,Beastly Fang,mhxx-dex-1.0
766,桃毛兽王的刚毛,Congalala Pelt+,mhxx-dex-1.0
767,桃毛兽王的豪刚毛,Congalala Fur,mhxx-dex-1.0
768,桃毛兽王的牙,Congalala Fang,mhxx-dex-1.0
769,桃毛兽王的尖爪,Congalala Claw+,mhxx-dex-1.0
770,五颜六色的毛,Vibrant Pelt,mhxx-dex-1.0
771,五颜六色的豪刚毛,Vibrant Fur,mhxx-dex-1.0
772,桃毛兽王的刚爪,Congalala Hardclaw,mhxx-dex-1.0
773,狞猛化桃毛兽王刚毛,Hyper Congalala Pelt+,mhxx-dex-1.0
774,雪狮子的毛,Blango Pelt,mhxx-dex-1.0
775,雪狮子的刚毛,Blango Pelt+,mhxx-dex-1.0
776,雪狮子的豪刚毛,Blango Fur,mhxx-dex-1.0
777,雪狮子王的毛,Blangonga Pelt,mhxx-dex-1.0
778,雪狮子王的刚毛,Blangonga Pelt+,mhxx-dex-1.0
779,雪狮子王的豪刚毛,Blangonga Fur,mhxx-dex-1.0
780,雪狮子王的牙,Blangonga Fang,mhxx-dex-1.0
781,雪狮子王的锐牙,Blangonga Fang+,mhxx-dex-1.0
782,雪狮子王的重牙,Blangonga Hardfang,mhxx-dex-1.0
783,雪狮子王的胡须,Blangonga Whisker,mhxx-dex-1.0
784,强韧的牙兽胡须,Leather Beast Pelt,mhxx-dex-1.0
785,雪狮子王的尾巴,Blangonga Tail,mhxx-dex-1.0
786,雪狮子王的韧尾,Blangonga Lash,mhxx-dex-1.0
787,狞猛化雪狮子王的毛,Hyper Blangonga Pelt,mhxx-dex-1.0
788,狞猛化雪狮子王刚毛,Hyper Blangonga Pelt+,mhxx-dex-1.0
789,奇猿狐的刚毛,Kecha Pelt+,mhxx-dex-1.0
790,奇猿狐的豪刚毛,Kecha Fur,mhxx-dex-1.0
791,奇猿狐的坚长骨,Kecha Grandbone,mhxx-dex-1.0
792,奇猿狐的重长骨,Kecha Leadbone,mhxx-dex-1.0
793,奇猿狐的钩爪,Kecha Talon,mhxx-dex-1.0
794,奇猿狐的刚钩爪,Kecha Ripper,mhxx-dex-1.0
795,奇猿狐的大耳,Kecha Ear+,mhxx-dex-1.0
796,奇猿狐的灵耳,Kecha Auricle,mhxx-dex-1.0
797,奇猿狐的尾巴,Kecha Tail,mhxx-dex-1.0
798,奇猿狐的韧尾,Kecha Lash,mhxx-dex-1.0
799,狞猛化奇猿狐的毛,Hyper Kecha Pelt,mhxx-dex-1.0
800,狞猛化奇猿狐刚毛,Hyper Kecha Pelt+,mhxx-dex-1.0
801,小虾壳,Small Lobstershell,mhxx-dex-1.0
802,大虾壳,Large Lobstershell,mhxx-dex-1.0
803,巨大虾壳,Giant Lobstershell,mhxx-dex-1.0
804,砂龙的鳞,Cephalos Scale,mhxx-dex-1.0
805,砂龙的上等鳞,Cephalos Scale+,mhxx-dex-1.0
806,砂龙的厚鳞,Cephalos Shard,mhxx-dex-1.0
807,砂龙的鳍,Cephalos Fin,mhxx-dex-1.0
808,砂龙的上等鳍,Cephalos Fin+,mhxx-dex-1.0
809,砂龙的特等鳍,Cephalos Grandfin,mhxx-dex-1.0
810,砂龙的牙,Cephalos Fang,mhxx-dex-1.0
811,砂龙的锐牙,Cephalos Fang+,mhxx-dex-1.0
812,砂龙的重牙,Cephalos Hardfang,mhxx-dex-1.0
813,水龙的上等鳞,Plesioth Scale+,mhxx-dex-1.0
814,水龙的厚鳞,Plesioth Shard,mhxx-dex-1.0
815,水龙的上等鳍,Plesioth Fin+,mhxx-dex-1.0
816,水龙的特等鳍,Plesioth Grandfin,mhxx-dex-1.0
817,水龙的锐牙,Plesioth Fang+,mhxx-dex-1.0
818,水龙的重牙,Plesioth Hardfang,mhxx-dex-1.0
819,水龙的翼膜,Plesioth Webbing,mhxx-dex-1.0
820,水龙的刚翼膜,Hrd Ples Webbing,mhxx-dex-1.0
821,水龙的大头,Plesioth Head,mhxx-dex-1.0
822,水龙的极品大头,Uber Plesio Head,mhxx-dex-1.0
823,狞猛化水龙的鳞,Hyper Plesioth Scale,mhxx-dex-1.0
824,狞猛化水龙厚鳞,Hyper Plesioth Shard,mhxx-dex-1.0
825,熔岩龙的上等鳞,Lavasioth Scale+,mhxx-dex-1.0
826,熔岩龙的厚鳞,Lavasioth Shard,mhxx-dex-1.0
827,熔岩龙的坚壳,Lavasioth Carapace,mhxx-dex-1.0
828,熔岩龙的重壳,Lavasioth Cortex,mhxx-dex-1.0
829,熔岩龙的锐牙,Lavasioth Fang+,mhxx-dex-1.0
830,熔岩龙的重牙,Lavasioth Hardfang,mhxx-dex-1.0
831,熔岩龙的上等鳍,Lavasioth Fin+,mhxx-dex-1.0
832,熔岩龙的特等鳍,Lavasioth Grandfin,mhxx-dex-1.0
833,狞猛化熔岩龙的鳞,Hyper Lavasioth Scale,mhxx-dex-1.0
834,狞猛化熔岩龙厚鳞,Hyper Lavasioth Shard,mhxx-dex-1.0
835,水生兽的皮,Hydro Hide,mhxx-dex-1.0
836,水生兽的上等皮,Hydro Hide+,mhxx-dex-1.0
837,水生兽的厚皮,Hydro Piel,mhxx-dex-1.0
838,未成熟的海绵质,Immature Sponge,mhxx-dex-1.0
839,海绵质的皮,Spongy Hide,mhxx-dex-1.0
840,海绵质的上等皮,Spongy Hide+,mhxx-dex-1.0
841,海绵质的厚皮,Spongy Piel,mhxx-dex-1.0
842,水兽的鳞,R.Ludroth Scale,mhxx-dex-1.0
843,水兽的上等鳞,R.Ludroth Scale+,mhxx-dex-1.0
844,水兽的厚鳞,R.Ludroth Shard,mhxx-dex-1.0
845,水兽的爪,R.Ludroth Claw,mhxx-dex-1.0
846,水兽的锐爪,R.Ludroth Claw+,mhxx-dex-1.0
847,水兽的刚爪,R.Ludroth Talon,mhxx-dex-1.0
848,水兽的头冠,R.Ludroth Crest,mhxx-dex-1.0
849,高级头冠,R.Ludroth Crest+,mhxx-dex-1.0
850,帅气的头冠,Chic Crest,mhxx-dex-1.0
851,水兽的尾巴,R.Ludroth Tail,mhxx-dex-1.0
852,水兽的韧尾,R.Ludroth Lash,mhxx-dex-1.0
853,狞猛化水兽的鳞,Hyper R.Ludroth Scale,mhxx-dex-1.0
854,狞猛化水兽厚鳞,Hyper R.Ludroth Shard,mhxx-dex-1.0
855,潜口龙的甲壳,Nibelsnarf Shell,mhxx-dex-1.0
856,潜口龙的坚壳,Nibel Carapace,mhxx-dex-1.0
857,潜口龙的重壳,Nibelsnarf Cortex,mhxx-dex-1.0
858,潜口龙的皮,Nibelsnarf Hide,mhxx-dex-1.0
859,潜口龙的上等皮,Nibelsnarf Hide+,mhxx-dex-1.0
860,潜口龙的厚皮,Nibelsnarf Piel,mhxx-dex-1.0
861,潜口龙的爪,Nibelsnarf Claw,mhxx-dex-1.0
862,潜口龙的尖爪,Nibelsnarf Claw+,mhxx-dex-1.0
863,潜口龙的刚爪,Nibelsnarf Talon,mhxx-dex-1.0
864,潜口龙的头壳,Nibelsnarf Scalp,mhxx-dex-1.0
865,潜口龙的重头壳,Nibelsnarf Crown,mhxx-dex-1.0
866,鲜艳的体液,Vivid Fluid,mhxx-dex-1.0
867,五颜六色的体液,Brilliant Fluid,mhxx-dex-1.0
868,光辉闪耀的体液,Dazzling Fluid,mhxx-dex-1.0
869,狞猛化潜口龙的壳,Hyper Nibelsnarf Shell,mhxx-dex-1.0
870,狞猛化潜口龙重壳,Hyper Nibelsnarf Cortex,mhxx-dex-1.0
871,海龙的皮,Lagiacrus Hide,mhxx-dex-1.0
872,海龙的上等皮,Lagiacrus Hide+,mhxx-dex-1.0
873,海龙的厚皮,Lagiacrus Piel,mhxx-dex-1.0
874,海龙的鳞,Lagiacrus Scale,mhxx-dex-1.0
875,海龙的上等鳞,Lagiacrus Scale+,mhxx-dex-1.0
876,海龙的厚鳞,Lagiacrus Shard,mhxx-dex-1.0
877,海龙的背电壳,Shell Shocker,mhxx-dex-1.0
878,海龙的高电壳,Shell Shocker+,mhxx-dex-1.0
879,海龙的雷电壳,Deathly Shocker,mhxx-dex-1.0
880,海龙的角,Lagiacrus Horn,mhxx-dex-1.0
881,海龙的尖角,Lagiacrus Horn+,mhxx-dex-1.0
882,海龙的刚角,Lagia Hardhorn,mhxx-dex-1.0
883,海龙的尾巴,Lagiacrus Tail,mhxx-dex-1.0
884,海龙的刚尾,Lagiacrus Flail,mhxx-dex-1.0
885,海龙的爪,Lagiacrus Claw,mhxx-dex-1.0
886,海龙的锐爪,Lagiacrus Claw+,mhxx-dex-1.0
887,海龙的刚爪,Lagiacrus Talon,mhxx-dex-1.0
888,海龙的逆鳞,Lagiacrus Plate,mhxx-dex-1.0
889,海龙的苍玉,Lagiacrus Sapphire,mhxx-dex-1.0
890,海龙的苍天鳞,Lagiacrus Mantle,mhxx-dex-1.0
891,狞猛化海龙的皮,Hyper Lagiacrus Hide,mhxx-dex-1.0
892,狞猛化海龙厚皮,Hyper Lagiacrus Piel,mhxx-dex-1.0
893,熔岩兽的鳞,Uroktor Scale,mhxx-dex-1.0
894,熔岩兽的上等鳞,Uroktor Scale+,mhxx-dex-1.0
895,熔岩兽的厚鳞,Uroktor Shard,mhxx-dex-1.0
896,炎戈龙的燃鳞,Agnaktor Scale,mhxx-dex-1.0
897,炎戈龙的坚壳,Agnaktor Carapace,mhxx-dex-1.0
898,炎戈龙的重壳,Agnaktor Cortex,mhxx-dex-1.0
899,炎戈龙的上等皮,Agnaktor Hide+,mhxx-dex-1.0
900,炎戈龙的厚皮,Agnaktor Piel,mhxx-dex-1.0
901,炎戈龙的锐爪,Agnaktor Claw+,mhxx-dex-1.0
902,炎戈龙的刚爪,Agnaktor Talon,mhxx-dex-1.0
903,炎戈龙的上等鳍,Agnaktor Fin+,mhxx-dex-1.0
904,炎戈龙的特等鳍,Agnaktor Grandfin,mhxx-dex-1.0
905,炎戈龙的锚口,Agnaktor Beak,mhxx-dex-1.0
906,炎戈龙的尾巴,Agnaktor Tail,mhxx-dex-1.0
907,赤热的坚胸壳,Scalding Pleura+,mhxx-dex-1.0
908,赤热的重胸壳,Scorching Pleura,mhxx-dex-1.0
909,狞猛化炎戈龙的壳,Hyper Agnaktor Shell,mhxx-dex-1.0
910,狞猛化炎戈龙重壳,Hyper Agnaktor Cortex,mhxx-dex-1.0
911,鬼蛙的鳞,Tetsucabra Scale,mhxx-dex-1.0
912,鬼蛙的上等鳞,Tetsucabra Scale+,mhxx-dex-1.0
913,鬼蛙的厚鳞,Tetsucabra Shard,mhxx-dex-1.0
914,鬼蛙的甲壳,Tetsucabra Shell,mhxx-dex-1.0
915,鬼蛙的坚壳,Tetsucabra Carapace,mhxx-dex-1.0
916,鬼蛙的重壳,Tetsucabra Cortex,mhxx-dex-1.0
917,鬼蛙的爪,Tetsucabra Claw,mhxx-dex-1.0
918,鬼蛙的尖爪,Tetsucabra Claw+,mhxx-dex-1.0
919,鬼蛙的刚爪,Tetsucabra Hardclaw,mhxx-dex-1.0
920,鬼蛙的大牙,Tetsucabra Tusks,mhxx-dex-1.0
921,鬼蛙的巨大牙,Tetsucabra Tusks+,mhxx-dex-1.0
922,鬼蛙的超规格牙,Tetsucabra Gnawrl,mhxx-dex-1.0
923,充满威严的头骨,Dignified Skull,mhxx-dex-1.0
924,吓人的大头骨,Vicious Visage,mhxx-dex-1.0
925,蛙油,Paddock Oil,mhxx-dex-1.0
926,蛙灯油,Paddock Oil+,mhxx-dex-1.0
927,大蛙灯油,Paddock Cream,mhxx-dex-1.0
928,狞猛化鬼蛙的鳞,Hyper Tetsu. Scale,mhxx-dex-1.0
929,狞猛化鬼蛙厚鳞,Hyper Tetsu. Shard,mhxx-dex-1.0
930,岩穿的鳞,Drilltusk Scale,mhxx-dex-1.0
931,岩穿的上等鳞,Drilltusk Scale+,mhxx-dex-1.0
932,岩穿的厚鳞,Drilltusk Shard,mhxx-dex-1.0
933,岩穿的甲壳,Drilltusk Shell,mhxx-dex-1.0
934,岩穿的坚壳,Drilltusk Carapace,mhxx-dex-1.0
935,岩穿的重壳,Drilltusk Cortex,mhxx-dex-1.0
936,岩穿的巨大牙,Drilltusk Tusk,mhxx-dex-1.0
937,岩穿的极大牙,Drilltusk Tusk+,mhxx-dex-1.0
938,岩穿的超规格牙,Drilltusk Gnawrl,mhxx-dex-1.0
939,鲛肌的鳞,Sharqskin Scale,mhxx-dex-1.0
940,厚实的上等皮,Meaty Hide+,mhxx-dex-1.0
941,变形冰鲨的上等皮,Zamtrios Hide+,mhxx-dex-1.0
942,变形冰鲨的厚皮,Zamtrios Piel,mhxx-dex-1.0
943,变形冰鲨的上等鳞,Zamtrios Scale+,mhxx-dex-1.0
944,变形冰鲨的厚鳞,Zamtrios Shard,mhxx-dex-1.0
945,变形冰鲨的上等鳍,Zamtrios Fin+,mhxx-dex-1.0
946,变形冰鲨的特等鳍,Zamtrios Grandfin,mhxx-dex-1.0
947,变形冰鲨的锯齿,Zamtrios Sawtooth,mhxx-dex-1.0
948,变形冰鲨的重锯齿,Zamtrios Sawtooth+,mhxx-dex-1.0
949,变形冰鲨的刃尾,Zamtrios Tailblade,mhxx-dex-1.0
950,变形冰鲨的刚刃尾,Zamtrios Tailbrand,mhxx-dex-1.0
951,狞猛化变形冰鲨的皮,Hyper Zamtrios Hide,mhxx-dex-1.0
952,狞猛化变形冰鲨厚皮,Hyper Zamtrios Piel,mhxx-dex-1.0
953,绞蛇龙的甲壳,Najarala Shell,mhxx-dex-1.0
954,绞蛇龙的重鸣甲,Najarala Ampsounder,mhxx-dex-1.0
955,绞蛇龙的坚壳,Najarala Carapace,mhxx-dex-1.0
956,绞蛇龙的重壳,Najarala Cortex,mhxx-dex-1.0
957,绞蛇龙的皮,Najarala Hide,mhxx-dex-1.0
958,绞蛇龙的上等皮,Najarala Hide+,mhxx-dex-1.0
959,绞蛇龙的厚皮,Najarala Piel,mhxx-dex-1.0
960,绞蛇龙的骨髓,Najarala Marrow,mhxx-dex-1.0
961,绞蛇龙的延髓,Najarala Medulla,mhxx-dex-1.0
962,绞蛇龙的鸣甲,Najarala Sounder,mhxx-dex-1.0
963,绞蛇龙的上鸣甲,Najarala Sounder+,mhxx-dex-1.0
964,绞蛇龙的牙,Najarala Fang,mhxx-dex-1.0
965,令人发寒的喙,Chilling Beak,mhxx-dex-1.0
966,令人颤抖的喙,Heart-stopping Beak,mhxx-dex-1.0
967,狞猛化绞蛇龙的壳,Hyper Najarala Shell,mhxx-dex-1.0
968,狞猛化绞蛇龙重壳,Hyper Najarala Cortex,mhxx-dex-1.0
969,黑珍珠,Black Pearl,mhxx-dex-1.0
970,极品黑珍珠,Fine Black Pearl,mhxx-dex-1.0
971,龙头壳,Wyvern Scalp,mhxx-dex-1.0
972,重龙头壳,Heavy Wyvern Scalp,mhxx-dex-1.0
973,腐朽的深红角,Decayed Crimson Horn,mhxx-dex-1.0
974,陈旧的深红角,Timeworn Crimson Horn,mhxx-dex-1.0
975,盾蟹的小壳,Sm. Hermitaur Shell,mhxx-dex-1.0
976,盾蟹的极小壳,Tiny Hermitaur Shell,mhxx-dex-1.0
977,盾蟹的甲壳,Hermitaur Shell,mhxx-dex-1.0
978,大名盾蟹的坚壳,Hermitaur Carapace,mhxx-dex-1.0
979,大名盾蟹的重壳,Hermitaur Cortex,mhxx-dex-1.0
980,大名盾蟹的爪,Hermitaur Claw,mhxx-dex-1.0
981,大名盾蟹的尖爪,Hermitaur Claw+,mhxx-dex-1.0
982,大名盾蟹的刚爪,Hermitaur Hardclaw,mhxx-dex-1.0
983,狞猛化大名盾蟹壳,Hyper Hermitaur Scale,mhxx-dex-1.0
984,狞猛化盾蟹重壳,Hyper Hermitaur Cortex,mhxx-dex-1.0
985,矛碎的甲壳,Stonefist Shell,mhxx-dex-1.0
986,矛碎的坚壳,Stonefist Carapace,mhxx-dex-1.0
987,矛碎的重壳,Stonefist Cortex,mhxx-dex-1.0
988,矛碎的爪,Stonefist Claw,mhxx-dex-1.0
989,矛碎的尖爪,Stonefist Claw+,mhxx-dex-1.0
990,矛碎的刚爪,Stonefist Talon,mhxx-dex-1.0
991,镰蟹的小壳,Small Ceanataur Shell,mhxx-dex-1.0
992,镰蟹的甲壳,Ceanataur Shell,mhxx-dex-1.0
993,将军镰蟹的坚壳,Ceanataur Carapace,mhxx-dex-1.0
994,将军镰蟹的重壳,Ceanataur Cortex,mhxx-dex-1.0
995,将军镰蟹的脚,Ceanataur Leg,mhxx-dex-1.0
996,将军镰蟹的坚脚,Ceanataur Leg+,mhxx-dex-1.0
997,将军镰蟹的重脚,Heavy Ceanataur Leg,mhxx-dex-1.0
998,将军镰蟹的爪,Ceanataur Claw,mhxx-dex-1.0
999,将军镰蟹的尖爪,Ceanataur Claw+,mhxx-dex-1.0
1000,将军镰蟹的刚爪,Ceanataur Hardclaw,mhxx-dex-1.0
1001,狞猛化将军镰蟹的壳,Hyper Ceanataur Shell,mhxx-dex-1.0
1002,狞猛化将军镰蟹重壳,Hyper Ceanataur Crtx,mhxx-dex-1.0
1003,铠裂的重龙头壳,Heavy Rustrazor Scalp,mhxx-dex-1.0
1004,铠裂的重壳,Rustrazor Cortex,mhxx-dex-1.0
1005,铠裂的刚爪,Rustrazor Hardclaw,mhxx-dex-1.0
1006,影蜘蛛的坚壳,Nerscylla Carapace,mhxx-dex-1.0
1007,影蜘蛛的重壳,Nerscylla Cortex,mhxx-dex-1.0
1008,影蜘蛛的坚钳角,Nerscylla Shear,mhxx-dex-1.0
1009,影蜘蛛的重钳角,Nerscylla Scishorn,mhxx-dex-1.0
1010,影蜘蛛的锐爪,Nerscylla Sharpclaw,mhxx-dex-1.0
1011,影蜘蛛的刚爪,Nerscylla Hardclaw,mhxx-dex-1.0
1012,影蜘蛛的上等棘,Nerscylla Spike+,mhxx-dex-1.0
1013,影蜘蛛的秘棘,Nerscylla Surspike,mhxx-dex-1.0
1014,狞猛化影蜘蛛重壳,Hyper Nerscylla Cortex,mhxx-dex-1.0
1015,穿甲虫的坚壳,Seltas Carapace,mhxx-dex-1.0
1016,穿甲虫的重壳,Seltas Cortex,mhxx-dex-1.0
1017,穿甲虫的薄羽,Seltas Innerwing,mhxx-dex-1.0
1018,穿甲虫的斩羽,Seltas Razorwing,mhxx-dex-1.0
1019,穿甲虫的尖角,Seltas Horn+,mhxx-dex-1.0
1020,穿甲虫的刚角,Seltas Hardhorn,mhxx-dex-1.0
1021,重甲虫的坚壳,S.Queen Carapace,mhxx-dex-1.0
1022,重甲虫的重壳,S.Queen Cortex,mhxx-dex-1.0
1023,重甲虫的坚胸壳,S.Queen Hardpectus,mhxx-dex-1.0
1024,重甲虫的重胸壳,S.Queen Pectus+,mhxx-dex-1.0
1025,重甲虫的锐爪,S.Queen Sharpclaw,mhxx-dex-1.0
1026,重甲虫的刚爪,S.Queen Hardclaw,mhxx-dex-1.0
1027,重甲虫的大颚,S.Queen Jaw,mhxx-dex-1.0
1028,重甲虫的重颚,S.Queen Maw,mhxx-dex-1.0
1029,重甲虫的圆月尾,S.Queen Crescent,mhxx-dex-1.0
1030,重甲虫的断月尾,S.Queen Moonlash,mhxx-dex-1.0
1031,重甲精华,S.Queen Extract,mhxx-dex-1.0
1032,特浓重甲精华,D.S.QueenConcentrate,mhxx-dex-1.0
1033,狞猛化重甲虫的壳,Hyper S.Queen Shell,mhxx-dex-1.0
1034,狞猛化重甲虫重壳,Hyper S.Queen Cortex,mhxx-dex-1.0
1035,土砂龙的坚壳,Barroth Carapace,mhxx-dex-1.0
1036,土砂龙的重壳,Barroth Cortex,mhxx-dex-1.0
1037,土砂龙的坚甲,Barroth Ridge+,mhxx-dex-1.0
1038,土砂龙的重甲,Barroth Chine,mhxx-dex-1.0
1039,土砂龙的锐爪,Barroth Claw+,mhxx-dex-1.0
1040,土砂龙的刚爪,Barroth Talon,mhxx-dex-1.0
1041,土砂龙的头壳,Barroth Scalp,mhxx-dex-1.0
1042,土砂龙的重头壳,Barroth Crown,mhxx-dex-1.0
1043,土砂龙的尾巴,Barroth Tail,mhxx-dex-1.0
1044,土砂龙的韧尾,Barroth Lash,mhxx-dex-1.0
1045,肥沃的泥土,Fertile Mud,mhxx-dex-1.0
1046,狞猛化土砂龙重壳,Hyper Barroth Cortex,mhxx-dex-1.0
1047,爆锤龙的鳞,Uragaan Scale,mhxx-dex-1.0
1048,爆锤龙的上等鳞,Uragaan Scale+,mhxx-dex-1.0
1049,爆锤龙的厚鳞,Uragaan Shard,mhxx-dex-1.0
1050,爆锤龙的甲壳,Uragaan Shell,mhxx-dex-1.0
1051,爆锤龙的坚壳,Uragaan Carapace,mhxx-dex-1.0
1052,爆锤龙的重壳,Uragaan Cortex,mhxx-dex-1.0
1053,爆锤龙的颚,Uragaan Jaw,mhxx-dex-1.0
1054,爆锤龙的重颚,Uragaan Jaw+,mhxx-dex-1.0
1055,爆锤龙的耐热壳,Uragaan Scute,mhxx-dex-1.0
1056,爆锤龙的重耐热壳,Uragaan Scute+,mhxx-dex-1.0
1057,爆锤龙的骨髓,Uragaan Marrow,mhxx-dex-1.0
1058,爆锤龙的红玉,Uragaan Ruby,mhxx-dex-1.0
1059,爆锤龙的天壳,Uragaan Pallium,mhxx-dex-1.0
1060,狞猛化爆锤龙鳞,Hyper Uragaan Scale,mhxx-dex-1.0
1061,狞猛化爆锤龙厚鳞,Hyper Uragaan Shard,mhxx-dex-1.0
1062,宝缠的鳞,Crystalbeard Scale,mhxx-dex-1.0
1063,宝缠的上等鳞,Crystalbeard Scale+,mhxx-dex-1.0
1064,宝缠的厚鳞,Crystalbeard Shard,mhxx-dex-1.0
1065,宝缠的宝颚,Crystalbeard Jaw,mhxx-dex-1.0
1066,宝缠的财宝颚,Crystalbeard Maw,mhxx-dex-1.0
1067,宝缠的秘宝颚,Crystalbeard Mandible,mhxx-dex-1.0
1068,宝岩块,Treasure Nugget,mhxx-dex-1.0
1069,宝岩巨块,Large Treasure Nugget,mhxx-dex-1.0
1070,碎龙的甲壳,Brach Shell,mhxx-dex-1.0
1071,碎龙的坚壳,Brach Carapace,mhxx-dex-1.0
1072,碎龙的重壳,Brach Cortex,mhxx-dex-1.0
1073,碎龙的黑曜甲,Brach Ebonshell,mhxx-dex-1.0
1074,碎龙的坚黑曜甲,Brach Ebonshell+,mhxx-dex-1.0
1075,碎龙的重黑曜甲,Fine Brach Ebonshell,mhxx-dex-1.0
1076,碎龙的头壳,Brach Scalp,mhxx-dex-1.0
1077,碎龙的尖头壳,Brach Scalp+,mhxx-dex-1.0
1078,碎龙的重头壳,Brach Crown,mhxx-dex-1.0
1079,碎龙的弹头壳,Brach Warhead,mhxx-dex-1.0
1080,谜之粘菌,Mystery Slime,mhxx-dex-1.0
1081,发光粘菌,Glowing Slime,mhxx-dex-1.0
1082,极限临界粘菌,Flashpoint Slime,mhxx-dex-1.0
1083,碎龙的拳,Brach Hammer,mhxx-dex-1.0
1084,碎龙的刚拳,Brach Pounder,mhxx-dex-1.0
1085,碎龙的刚铁拳,Brach Pounder+,mhxx-dex-1.0
1086,碎龙的击灭拳,Brach Obliterator,mhxx-dex-1.0
1087,碎龙的尾巴,Brach Tail,mhxx-dex-1.0
1088,碎龙的韧尾,Brach Lash,mhxx-dex-1.0
1089,碎龙的骨髓,Brach Marrow,mhxx-dex-1.0
1090,碎龙的宝玉,Brach Gem,mhxx-dex-1.0
1091,碎龙的天壳,Brach Pallium,mhxx-dex-1.0
1092,不灭的炉心壳,Immortal Reactor,mhxx-dex-1.0
1093,狞猛化碎龙的壳,Hyper Brach Shell,mhxx-dex-1.0
1094,狞猛化碎龙重壳,Hyper Brach Cortex,mhxx-dex-1.0
1095,尾锤龙的坚壳,Duram Carapace,mhxx-dex-1.0
1096,尾锤龙的重壳,Duramboros Cortex,mhxx-dex-1.0
1097,尾锤龙的坚苔甲,Hard Mossplate,mhxx-dex-1.0
1098,尾锤龙的重苔甲,Heavy Mossplate,mhxx-dex-1.0
1099,尾锤龙的肉峰,Duramboros Hump,mhxx-dex-1.0
1100,霜降肉峰,Marbled Hump,mhxx-dex-1.0
1101,尾锤龙的坚尾甲,Duram Tailcase+,mhxx-dex-1.0
1102,尾锤龙的重尾甲,Duram Hardtail,mhxx-dex-1.0
1103,尾锤龙的尖角,Duramboros Horn+,mhxx-dex-1.0
1104,尾锤龙的刚角,Duramboros Hardhorn,mhxx-dex-1.0
1105,尾锤龙的仙骨,Duram Sacrum,mhxx-dex-1.0
1106,尾锤龙石,Durambolite,mhxx-dex-1.0
1107,狞猛化尾锤龙的壳,Hyper Duram Shell,mhxx-dex-1.0
1108,狞猛化尾锤龙重壳,Hyper Duram Cortex,mhxx-dex-1.0
1109,富有弹性的皮,Flabby Hide,mhxx-dex-1.0
1110,珍珠色的柔皮,Pearl Hide,mhxx-dex-1.0
1111,珍珠色的艳皮,Pearl Glosshide,mhxx-dex-1.0
1112,白化带肉肋骨,Pale Bone,mhxx-dex-1.0
1113,白化霜降肉,Pale Steak,mhxx-dex-1.0
1114,特选白化瘦肉,Khezu Special Cut,mhxx-dex-1.0
1115,狞猛化白柔皮,Hyper Khezu Hide,mhxx-dex-1.0
1116,狞猛化白柔艳皮,Hyper Khezu Glosshide,mhxx-dex-1.0
1117,迅龙的鳞,Nargacuga Scale,mhxx-dex-1.0
1118,迅龙的上等鳞,Nargacuga Scale+,mhxx-dex-1.0
1119,迅龙的厚鳞,Nargacuga Shard,mhxx-dex-1.0
1120,迅龙的黑毛,Nargacuga Blackfur,mhxx-dex-1.0
1121,迅龙的上等黑毛,Nargacuga Pelt+,mhxx-dex-1.0
1122,迅龙的豪黑毛,Nargacuga Blackfur+,mhxx-dex-1.0
1123,迅龙的尾巴,Nargacuga Tail,mhxx-dex-1.0
1124,迅龙的韧尾,Nargacuga Lash,mhxx-dex-1.0
1125,迅龙的尾棘,Narga Tailspike,mhxx-dex-1.0
1126,迅龙的重尾棘,Narga Tailspear,mhxx-dex-1.0
1127,迅龙的刃翼,Nargacuga Cutwing,mhxx-dex-1.0
1128,迅龙的锐刃翼,Narga Razor,mhxx-dex-1.0
1129,迅龙的刚刃翼,Nargacuga Cutwing+,mhxx-dex-1.0
1130,迅龙的牙,Nargacuga Fang,mhxx-dex-1.0
1131,迅龙的锐牙,Nargacuga Fang+,mhxx-dex-1.0
1132,迅龙的重牙,Nargacuga Hardfang,mhxx-dex-1.0
1133,迅龙的骨髓,Nargacuga Marrow,mhxx-dex-1.0
1134,迅龙的延髓,Narga Medulla,mhxx-dex-1.0
1135,迅龙的天鳞,Nargacuga Mantle,mhxx-dex-1.0
1136,狞猛化迅龙的鳞,Hyper Narga Scale,mhxx-dex-1.0
1137,狞猛化迅龙厚鳞,Hyper Narga Shard,mhxx-dex-1.0
1138,白疾风的鳞,Silverwind Scale,mhxx-dex-1.0
1139,白疾风的上等鳞,Silverwind Scale+,mhxx-dex-1.0
1140,白疾风的厚鳞,Silverwind Shard,mhxx-dex-1.0
1141,白疾风的黑毛,Silverwind Blackfur,mhxx-dex-1.0
1142,白疾风的上等黑毛,Silverwind Blackfur+,mhxx-dex-1.0
1143,白疾风的豪黑毛,Silverwind Blackpelage,mhxx-dex-1.0
1144,冰牙龙的坚壳,Barioth Carapace,mhxx-dex-1.0
1145,冰牙龙的重壳,Barioth Cortex,mhxx-dex-1.0
1146,冰牙龙的上等毛皮,Barioth Pelt+,mhxx-dex-1.0
1147,冰牙龙的厚毛皮,Barioth Thickfur,mhxx-dex-1.0
1148,冰牙龙的锐爪,Barioth Claw+,mhxx-dex-1.0
1149,冰牙龙的刚爪,Barioth Talon,mhxx-dex-1.0
1150,琥珀色的锐牙,Amber Fang+,mhxx-dex-1.0
1151,琥珀色的重牙,Amber Hardfang,mhxx-dex-1.0
1152,冰牙龙的棘,Barioth Spike,mhxx-dex-1.0
1153,冰牙龙的尾巴,Barioth Tail,mhxx-dex-1.0
1154,冰牙龙的韧尾,Barioth Lash,mhxx-dex-1.0
1155,狞猛化冰牙龙厚皮,Hyper Barioth Piel,mhxx-dex-1.0
1156,岩龙的坚壳,Basarios Carapace,mhxx-dex-1.0
1157,岩龙的翼,Basarios Wing,mhxx-dex-1.0
1158,岩龙的泪,Basarios Tears,mhxx-dex-1.0
1159,岩龙的重壳,Basarios Cortex,mhxx-dex-1.0
1160,岩龙的刚翼,Basarios Fellwing,mhxx-dex-1.0
1161,岩龙的天壳,Basarios Pallium,mhxx-dex-1.0
1162,狞猛化岩龙重壳,Hyper Basarios Cortex,mhxx-dex-1.0
1163,铠龙的坚壳,Gravios Carapace,mhxx-dex-1.0
1164,铠龙的重壳,Gravios Cortex,mhxx-dex-1.0
1165,铠龙的头壳,Gravios Scalp,mhxx-dex-1.0
1166,铠龙的重头壳,Gravios Crown,mhxx-dex-1.0
1167,铠龙的翼,Gravios Wing,mhxx-dex-1.0
1168,铠龙的刚翼,Gravios Fellwing,mhxx-dex-1.0
1169,铠龙的延髓,Gravios Medulla,mhxx-dex-1.0
1170,铠龙的天壳,Gravios Pallium,mhxx-dex-1.0
1171,狞猛化铠龙重壳,Hyper Gravios Cortex,mhxx-dex-1.0
1172,雌火龙的鳞,Rathian Scale,mhxx-dex-1.0
1173,雌火龙的上等鳞,Rathian Scale+,mhxx-dex-1.0
1174,雌火龙的厚鳞,Rathian Shard,mhxx-dex-1.0
1175,雌火龙的甲壳,Rathian Shell,mhxx-dex-1.0
1176,雌火龙的坚壳,Rathian Carapace,mhxx-dex-1.0
1177,雌火龙的重壳,Rathian Cortex,mhxx-dex-1.0
1178,雌火龙的翼膜,Rathian Webbing,mhxx-dex-1.0
1179,雌火龙的厚翼膜,Rathian Weave,mhxx-dex-1.0
1180,雌火龙的棘,Rathian Spike,mhxx-dex-1.0
1181,雌火龙的上等棘,Rathian Spike+,mhxx-dex-1.0
1182,雌火龙的秘棘,Rathian Surspike,mhxx-dex-1.0
1183,雌火龙的逆鳞,Rathian Plate,mhxx-dex-1.0
1184,雌火龙的红玉,Rathian Ruby,mhxx-dex-1.0
1185,雌火龙的天鳞,Rathian Mantle,mhxx-dex-1.0
1186,狞猛化雌火龙的鳞,Hyper Rathian Scale,mhxx-dex-1.0
1187,狞猛化雌火龙厚鳞,Hyper Rathian Shard,mhxx-dex-1.0
1188,紫毒姬的鳞,Dreadqueen Scale,mhxx-dex-1.0
1189,紫毒姬的上等鳞,Dreadqueen Scale+,mhxx-dex-1.0
1190,紫毒姬的厚鳞,Dreadqueen Shard,mhxx-dex-1.0
1191,紫毒姬的甲壳,Dreadqueen Shell,mhxx-dex-1.0
1192,紫毒姬的坚壳,Dreadqueen Carapace,mhxx-dex-1.0
1193,紫毒姬的重壳,Dreadqueen Cortex,mhxx-dex-1.0
1194,金火龙的上等鳞,G.Rathian Scale+,mhxx-dex-1.0
1195,金火龙的厚鳞,G.Rathian Shard,mhxx-dex-1.0
1196,金火龙的坚壳,G.Rathian Carapace,mhxx-dex-1.0
1197,金火龙的重壳,G.Rathian Cortex,mhxx-dex-1.0
1198,金火龙的上等棘,G.Rathian Spike+,mhxx-dex-1.0
1199,金火龙的秘棘,G.Rath Surspike,mhxx-dex-1.0
1200,狞猛化金火龙的鳞,Hyper G.Rathian Scale,mhxx-dex-1.0
1201,狞猛化金火龙厚鳞,Hyper G.Rathian Shard,mhxx-dex-1.0
1202,火龙的鳞,Rathalos Scale,mhxx-dex-1.0
1203,火龙的上等鳞,Rathalos Scale+,mhxx-dex-1.0
1204,火龙的厚鳞,Rathalos Shard,mhxx-dex-1.0
1205,火龙的甲壳,Rathalos Shell,mhxx-dex-1.0
1206,火龙的坚壳,Rathalos Carapace,mhxx-dex-1.0
1207,火龙的重壳,Rathalos Cortex,mhxx-dex-1.0
1208,火龙的翼膜,Rathalos Webbing,mhxx-dex-1.0
1209,火龙的翼,Rathalos Wing,mhxx-dex-1.0
1210,火龙的刚翼,Rathalos Fellwing,mhxx-dex-1.0
1211,火龙的尾巴,Rathalos Tail,mhxx-dex-1.0
1212,火龙的韧尾,Rathalos Lash,mhxx-dex-1.0
1213,火龙的逆鳞,Rathalos Plate,mhxx-dex-1.0
1214,火龙的红玉,Rathalos Ruby,mhxx-dex-1.0
1215,火龙的天鳞,Rathalos Mantle,mhxx-dex-1.0
1216,狞猛化火龙的鳞,Hyper Rathalos Scale,mhxx-dex-1.0
1217,狞猛化火龙厚鳞,Hyper Rathalos Shard,mhxx-dex-1.0
1218,黑炎王的鳞,Dreadking Scale,mhxx-dex-1.0
1219,黑炎王的上等鳞,Dreadking Scale+,mhxx-dex-1.0
1220,黑炎王的厚鳞,Dreadking Shard,mhxx-dex-1.0
1221,黑炎王的甲壳,Dreadking Shell,mhxx-dex-1.0
1222,黑炎王的坚壳,Dreadking Carapace,mhxx-dex-1.0
1223,黑炎王的重壳,Dreadking Cortex,mhxx-dex-1.0
1224,银火龙的上等鳞,S.Rathalos Scale+,mhxx-dex-1.0
1225,银火龙的厚鳞,S.Rathalos Shard,mhxx-dex-1.0
1226,银火龙的坚壳,S.Rathalos Carapace,mhxx-dex-1.0
1227,银火龙的重壳,S.Rath Cortex,mhxx-dex-1.0
1228,银火龙的尾巴,S.Rathalos Tail,mhxx-dex-1.0
1229,银火龙的韧尾,S.Rath Lash,mhxx-dex-1.0
1230,狞猛化银火龙的鳞,Hyper S.Rath. Scale,mhxx-dex-1.0
1231,狞猛化银火龙厚鳞,Hyper S.Rath. Shard,mhxx-dex-1.0
1232,火龙的翼爪,Rath Wingtalon,mhxx-dex-1.0
1233,火龙的刚翼爪,Rath Wingtalon+,mhxx-dex-1.0
1234,火龙的骨髓,Rath Marrow,mhxx-dex-1.0
1235,火龙的延髓,Rath Medulla,mhxx-dex-1.0
1236,火龙的煌液,Rath Gleam,mhxx-dex-1.0
1237,煌炎露,Firegleam Dollop,mhxx-dex-1.0
1238,雷狼龙的甲壳,Zinogre Shell,mhxx-dex-1.0
1239,雷狼龙的坚壳,Zinogre Carapace,mhxx-dex-1.0
1240,雷狼龙的重壳,Zinogre Cortex,mhxx-dex-1.0
1241,雷狼龙的带电毛,Zinogre Shockfur,mhxx-dex-1.0
1242,雷狼龙的高电毛,Zinogre Electrofur,mhxx-dex-1.0
1243,雷狼龙的雷电毛,Zinogre Electrofur+,mhxx-dex-1.0
1244,雷狼龙的角,Zinogre Horn,mhxx-dex-1.0
1245,雷狼龙的尖角,Zinogre Horn+,mhxx-dex-1.0
1246,雷狼龙的刚角,Zinogre Hardhorn,mhxx-dex-1.0
1247,雷狼龙的爪,Zinogre Claw,mhxx-dex-1.0
1248,雷狼龙的尖爪,Zinogre Claw+,mhxx-dex-1.0
1249,雷狼龙的刚爪,Zinogre Hardclaw,mhxx-dex-1.0
1250,雷狼龙的尾巴,Zinogre Tail,mhxx-dex-1.0
1251,雷狼龙的韧尾,Zinogre Lash,mhxx-dex-1.0
1252,雷狼龙的蓄电壳,Zinogre Shocker,mhxx-dex-1.0
1253,雷狼龙的高电壳,Zinogre Shocker+,mhxx-dex-1.0
1254,雷狼龙的雷电壳,Zinogre D-Shocker,mhxx-dex-1.0
1255,雷狼龙的逆鳞,Zinogre Plate,mhxx-dex-1.0
1256,雷狼龙的碧玉,Zinogre Jasper,mhxx-dex-1.0
1257,雷狼龙的天玉,Zinogre Skymerald,mhxx-dex-1.0
1258,狞猛化雷狼龙的壳,Hyper Zinogre Shell,mhxx-dex-1.0
1259,狞猛化雷狼龙重壳,Hyper Zinogre Cortex,mhxx-dex-1.0
1260,金雷公的甲壳,Thunderlord Shell,mhxx-dex-1.0
1261,金雷公的坚壳,Thunderlord Carapace,mhxx-dex-1.0
1262,金雷公的重壳,Thunderlord Cortex,mhxx-dex-1.0
1263,金雷公的带电毛,Thunderlord Shockfur,mhxx-dex-1.0
1264,金雷公的高电毛,Thunderlord Electrofur,mhxx-dex-1.0
1265,金雷公的雷电毛,Thunderlord Boltfur,mhxx-dex-1.0
1266,金雷公的旋角,Thunderlord Horn,mhxx-dex-1.0
1267,金雷公的大旋角,Thunderlord Horn+,mhxx-dex-1.0
1268,金雷公的极旋角,Thunderlord Gleamhorn,mhxx-dex-1.0
1269,电龙的鳞,Astalos Scale,mhxx-dex-1.0
1270,电龙的上等鳞,Astalos Scale+,mhxx-dex-1.0
1271,电龙的厚鳞,Astalos Shard,mhxx-dex-1.0
1272,电龙的棘壳,Astalos Shell,mhxx-dex-1.0
1273,电龙的坚棘壳,Astalos Shell+,mhxx-dex-1.0
1274,电龙的重棘壳,Heavy Astalos Shell,mhxx-dex-1.0
1275,电龙的带电膜,Astalos Membrane,mhxx-dex-1.0
1276,电龙的高电膜,Astalos Membrane+,mhxx-dex-1.0
1277,电龙的超电膜,Astalos Wingmembrane,mhxx-dex-1.0
1278,电龙的翼爪,Astalos Wingtalon,mhxx-dex-1.0
1279,电龙的锐翼爪,Astalos Wingtalon+,mhxx-dex-1.0
1280,电龙的刚翼爪,Astalos Wingripper,mhxx-dex-1.0
1281,电龙的冠甲,Astalos Crest,mhxx-dex-1.0
1282,电龙的坚冠甲,Astalos Crest+,mhxx-dex-1.0
1283,电龙的重冠甲,Heavy Astalos Crest+,mhxx-dex-1.0
1284,电龙的钳尾,Astalos Scissortail,mhxx-dex-1.0
1285,电龙的钳刃尾,Astalos Scissortailblade,mhxx-dex-1.0
1286,压电甲,Electroscale,mhxx-dex-1.0
1287,高压电甲,Electroscale+,mhxx-dex-1.0
1288,超高压电甲,Boltscale,mhxx-dex-1.0
1289,电龙的逆鳞,Astalos Plate,mhxx-dex-1.0
1290,电龙的雷玉,Astalos Electrogem,mhxx-dex-1.0
1291,电龙的天鳞,Astalos Mantle,mhxx-dex-1.0
1292,狞猛化电龙的鳞,Hyper Astalos Scale,mhxx-dex-1.0
1293,狞猛化电龙厚鳞,Hyper Astalos Shard,mhxx-dex-1.0
1294,青电主的厚鳞,Boltreaver Shard,mhxx-dex-1.0
1295,青电主的重棘壳,Heavy Boltreaver Shell,mhxx-dex-1.0
1296,青电主的放电棘,Boltreaver Electric Barb,mhxx-dex-1.0
1297,巨兽的毛,Gammoth Pelt,mhxx-dex-1.0
1298,巨兽的刚毛,Gammoth Pelt+,mhxx-dex-1.0
1299,巨兽的豪刚毛,Gammoth Fur,mhxx-dex-1.0
1300,巨兽的甲壳,Gammoth Shell,mhxx-dex-1.0
1301,巨兽的坚壳,Gammoth Carapace,mhxx-dex-1.0
1302,巨兽的重壳,Gammoth Cortex,mhxx-dex-1.0
1303,巨兽的牙,Gammoth Fang,mhxx-dex-1.0
1304,巨兽的坚牙,Gammoth Fang+,mhxx-dex-1.0
1305,巨兽的重牙,Gammoth Hardfang,mhxx-dex-1.0
1306,巨兽的鼻棘,Trunkspine,mhxx-dex-1.0
1307,巨兽的刚鼻棘,Trunkspine+,mhxx-dex-1.0
1308,巨兽的赤毛,Gammoth Redfur,mhxx-dex-1.0
1309,雪甲块,Snowclod,mhxx-dex-1.0
1310,大雪甲块,Large Snowclod,mhxx-dex-1.0
1311,雪甲巨块,Giant Snowclod,mhxx-dex-1.0
1312,巨兽的头壳,Gammoth Scalp,mhxx-dex-1.0
1313,巨兽的冰玉,Gammoth Ice Orb,mhxx-dex-1.0
1314,巨兽的天壳,Gammoth Pallium,mhxx-dex-1.0
1315,狞猛化巨兽的毛,Hyper Gammoth Fur,mhxx-dex-1.0
1316,狞猛化巨兽刚毛,Hyper Gammoth Fur X,mhxx-dex-1.0
1317,银峰的刚毛,Elderfrost Pelt,mhxx-dex-1.0
1318,银峰的重壳,Elderfrost Cortex,mhxx-dex-1.0
1319,银峰的鼻棘,Elderfrost Trunkspine,mhxx-dex-1.0
1320,泡狐龙的鳞,Mizutsune Scale,mhxx-dex-1.0
1321,泡狐龙的上等鳞,Mizutsune Scale+,mhxx-dex-1.0
1322,泡狐龙的厚鳞,Mizutsune Shard,mhxx-dex-1.0
1323,泡狐龙的紫毛,Mizutsune Purplefur,mhxx-dex-1.0
1324,泡狐龙的上等紫毛,Mizutsune Purplefur+,mhxx-dex-1.0
1325,泡狐龙的紫刚毛,Mizutsune Purplefell,mhxx-dex-1.0
1326,泡狐龙的爪,Mizutsune Claw,mhxx-dex-1.0
1327,泡狐龙的尖爪,Mizutsune Claw+,mhxx-dex-1.0
1328,泡狐龙的刚爪,Mizutsune Hardclaw,mhxx-dex-1.0
1329,泡狐龙的锦鳍,Mizutsune Fin,mhxx-dex-1.0
1330,泡狐龙的上等锦鳍,Mizutsune Fin+,mhxx-dex-1.0
1331,泡狐龙的特锦鳍,Mizutsune Silkfin,mhxx-dex-1.0
1332,泡狐龙的尾巴,Mizutsune Tail,mhxx-dex-1.0
1333,泡狐龙的紫韧尾,Purple Mizutsune Tail,mhxx-dex-1.0
1334,起泡滑液,Bubblefoam,mhxx-dex-1.0
1335,上等起泡滑液,Bubblefoam+,mhxx-dex-1.0
1336,浓厚起泡滑液,Distilled Bubblefoam,mhxx-dex-1.0
1337,泡狐龙的逆鳞,Mizutsune Plate,mhxx-dex-1.0
1338,泡狐龙的水玉,Mizutsune Water Orb,mhxx-dex-1.0
1339,泡狐龙的天鳞,Mizutsune Pallium,mhxx-dex-1.0
1340,狞猛化泡狐龙的鳞,Hyper Mizutsune Scale,mhxx-dex-1.0
1341,狞猛化泡狐龙厚鳞,Hyper Mizutsune Scale X,mhxx-dex-1.0
1342,天眼的厚鳞,Soulseer Shard,mhxx-dex-1.0
1343,天眼的紫刚毛,Soulseer Purplehide,mhxx-dex-1.0
1344,天眼的尾巴,Soulseer Tail,mhxx-dex-1.0
1345,斩龙的鳞,Glavenus Scale,mhxx-dex-1.0
1346,斩龙的上等鳞,Glavenus Scale+,mhxx-dex-1.0
1347,斩龙的厚鳞,Glavenus Shard,mhxx-dex-1.0
1348,斩龙的甲壳,Glavenus Shell,mhxx-dex-1.0
1349,斩龙的坚壳,Glavenus Carapace,mhxx-dex-1.0
1350,斩龙的重壳,Glavenus Cortex,mhxx-dex-1.0
1351,斩龙的牙,Glavenus Fang,mhxx-dex-1.0
1352,斩龙的锐牙,Glavenus Fang+,mhxx-dex-1.0
1353,斩龙的重牙,Glavenus Hardfang,mhxx-dex-1.0
1354,斩龙的炎状壳,Glavenus Pyroshell,mhxx-dex-1.0
1355,斩龙的焰状壳,Glavenus Pyroshell+,mhxx-dex-1.0
1356,斩龙的狱炎状壳,Glavenus Hellshell,mhxx-dex-1.0
1357,斩龙的尾巴,Glavenus Tail,mhxx-dex-1.0
1358,斩龙的断剑尾,Glavenus Tailedge,mhxx-dex-1.0
1359,斩龙的尾刃片,Glavenus Tailpiece,mhxx-dex-1.0
1360,赤热的火炎囊,Flaming Bursa,mhxx-dex-1.0
1361,赤热的红焰囊,Solar Bursa,mhxx-dex-1.0
1362,赤热的熔炉囊,Molten Bursa,mhxx-dex-1.0
1363,斩龙的逆鳞,Glavenus Plate,mhxx-dex-1.0
1364,斩龙的炎玉,Glavenus Fire Orb,mhxx-dex-1.0
1365,斩龙的天鳞,Glavenus Pallium,mhxx-dex-1.0
1366,狞猛化斩龙的鳞,Hyper Glavenus Scale,mhxx-dex-1.0
1367,狞猛化斩龙厚鳞,Hyper Glavenus Scale X,mhxx-dex-1.0
1368,烬灭刃的鳞,Hellblade Scale,mhxx-dex-1.0
1369,烬灭刃的上等鳞,Hellblade Scale+,mhxx-dex-1.0
1370,烬灭刃的厚鳞,Hellblade Shard,mhxx-dex-1.0
1371,烬灭刃的甲壳,Hellblade Shell,mhxx-dex-1.0
1372,烬灭刃的坚壳,Hellblade Carapace,mhxx-dex-1.0
1373,烬灭刃的重壳,Hellblade Cortex,mhxx-dex-1.0
1374,烬灭刃的粉尘,Hellblade Powder,mhxx-dex-1.0
1375,轰龙的鳞,Tigrex Scale,mhxx-dex-1.0
1376,轰龙的上等鳞,Tigrex Scale+,mhxx-dex-1.0
1377,轰龙的厚鳞,Tigrex Shard,mhxx-dex-1.0
1378,轰龙的甲壳,Tigrex Shell,mhxx-dex-1.0
1379,轰龙的坚壳,Tigrex Carapace,mhxx-dex-1.0
1380,轰龙的重壳,Tigrex Cortex,mhxx-dex-1.0
1381,轰龙的尾巴,Tigrex Tail,mhxx-dex-1.0
1382,轰龙的韧尾,Tigrex Lash,mhxx-dex-1.0
1383,轰龙的爪,Tigrex Claw,mhxx-dex-1.0
1384,轰龙的尖爪,Tigrex Claw+,mhxx-dex-1.0
1385,轰龙的刚爪,Tigrex Hardclaw,mhxx-dex-1.0
1386,轰龙的牙,Tigrex Fang,mhxx-dex-1.0
1387,轰龙的锐牙,Tigrex Fang+,mhxx-dex-1.0
1388,轰龙的重牙,Tigrex Hardfang,mhxx-dex-1.0
1389,轰龙的头壳,Tigrex Scalp,mhxx-dex-1.0
1390,轰龙的颚,Tigrex Maw,mhxx-dex-1.0
1391,轰龙的天鳞,Tigrex Mantle,mhxx-dex-1.0
1392,狞猛化轰龙的鳞,Hyper Tigrex Scale,mhxx-dex-1.0
1393,狞猛化轰龙厚鳞,Hyper Tigrex Scale X,mhxx-dex-1.0
1394,荒钩爪的鳞,Grimclaw Scale,mhxx-dex-1.0
1395,荒钩爪的上等鳞,Grimclaw Scale+,mhxx-dex-1.0
1396,荒钩爪的厚鳞,Grimclaw Shard,mhxx-dex-1.0
1397,荒钩爪的甲壳,Grimclaw Shell,mhxx-dex-1.0
1398,荒钩爪的坚壳,Grimclaw Carapace,mhxx-dex-1.0
1399,荒钩爪的重壳,Grimclaw Cortex,mhxx-dex-1.0
1400,荒钩爪的苍爪,Grimclaw Talon,mhxx-dex-1.0
1401,荒钩爪的大苍爪,Grimclaw Talon+,mhxx-dex-1.0
1402,荒钩爪的刚苍爪,Grimclaw Hardclaw,mhxx-dex-1.0
1403,千刃龙的刃鳞,Seregios Bladescale,mhxx-dex-1.0
1404,千刃龙的锐刃鳞,Seregios Slavescale,mhxx-dex-1.0
1405,千刃龙的斩刃鳞,Seregios Slavescale+,mhxx-dex-1.0
1406,千刃龙的飞刃片,Airblade Shard,mhxx-dex-1.0
1407,千刃龙的飞刃,Seregios Airblade,mhxx-dex-1.0
1408,千刃龙的破刃,Seregios Airblade+,mhxx-dex-1.0
1409,千刃龙的爪,Seregios Talon,mhxx-dex-1.0
1410,千刃龙的刻爪,Seregios Carver,mhxx-dex-1.0
1411,千刃龙的闪裂爪,Seregios Carver+,mhxx-dex-1.0
1412,千刃龙的枪尾,Seregios Impaler,mhxx-dex-1.0
1413,千刃龙的绝枪尾,Seregios Impaler+,mhxx-dex-1.0
1414,千刃龙的刀角,Seregios Sunderer,mhxx-dex-1.0
1415,千刃龙的伐刀角,Seregios Breacher,mhxx-dex-1.0
1416,千刃龙的断刀角,Seregios Breacher+,mhxx-dex-1.0
1417,千刃龙的翼爪,Seregios Wingtalon,mhxx-dex-1.0
1418,千刃龙的尖翼爪,Seregios Scraper,mhxx-dex-1.0
1419,千刃龙的斩翼爪,Seregios Scraper+,mhxx-dex-1.0
1420,千刃龙的反逆鳞,Seregios Dissenter,mhxx-dex-1.0
1421,千刃龙的镜玉,Seregios Lens,mhxx-dex-1.0
1422,狞猛化千刃龙的鳞,Hyper Seregios Scale,mhxx-dex-1.0
1423,狞猛化千刃龙斩鳞,Hyper Seregios Scale X,mhxx-dex-1.0
1424,角龙的坚壳,Diablos Carapace,mhxx-dex-1.0
1425,角龙的重壳,Diablos Cortex,mhxx-dex-1.0
1426,角龙的坚甲,Diablos Ridge+,mhxx-dex-1.0
1427,角龙的重甲,Diablos Chine,mhxx-dex-1.0
1428,弯曲角,Twisted Horn,mhxx-dex-1.0
1429,优质的弯曲角,Majestic Horn,mhxx-dex-1.0
1430,刺穿大地的刚角,Diablos Hardhorn,mhxx-dex-1.0
1431,角龙的牙,Diablos Fang,mhxx-dex-1.0
1432,角龙的尾甲,Diablos Tailcase,mhxx-dex-1.0
1433,角龙的重尾甲,Diablos Tailcase+,mhxx-dex-1.0
1434,角龙的延髓,Blos Medulla,mhxx-dex-1.0
1435,狞猛化角龙重壳,Hyper Diablos Cortex,mhxx-dex-1.0
1436,鏖魔的重壳,Bloodbath Cortex,mhxx-dex-1.0
1437,鏖魔的重甲,Bloodbath Chine,mhxx-dex-1.0
1438,鏖魔的凄惨角,Bloodbath Grimhorn,mhxx-dex-1.0
1439,黑蚀龙的鳞,Gore Magala Scale,mhxx-dex-1.0
1440,黑蚀龙的上等鳞,Gore Magala Scale+,mhxx-dex-1.0
1441,黑蚀龙的厚鳞,Gore Magala Shard,mhxx-dex-1.0
1442,黑蚀龙的甲壳,Gore Magala Shell,mhxx-dex-1.0
1443,黑蚀龙的坚壳,Gore Magala Carapace,mhxx-dex-1.0
1444,黑蚀龙的重壳,Gore Magala Cortex,mhxx-dex-1.0
1445,黑蚀龙的暗翼,Gore Magala Wing,mhxx-dex-1.0
1446,黑蚀龙的上暗翼,Gore Magala Wing+,mhxx-dex-1.0
1447,黑蚀龙的暗黑翼,Gore Magala Eclipse,mhxx-dex-1.0
1448,裹卷二律的乱翼,Antinomic Wing,mhxx-dex-1.0
1449,黑蚀龙的惨爪,Gore Magala Ripclaw,mhxx-dex-1.0
1450,黑蚀龙的锐惨爪,Gore Magala Ripclaw+,mhxx-dex-1.0
1451,黑蚀龙的刚惨爪,Gore Magala Shredder,mhxx-dex-1.0
1452,黑蚀龙的尾巴,Gore Magala Tail,mhxx-dex-1.0
1453,黑蚀龙的坚韧尾,Gore Magala Lash,mhxx-dex-1.0
1454,黑蚀龙的逆鳞,Gore Magala Plate,mhxx-dex-1.0
1455,背反的双逆鳞,Contrary Scale,mhxx-dex-1.0
1456,黑蚀龙的暗玉,Gore Magala Nyctgem,mhxx-dex-1.0
1457,黑蚀龙的天鳞,Gore Magala Mantle,mhxx-dex-1.0
1458,黑蚀龙的触角,Gore Magala Feeler,mhxx-dex-1.0
1459,黑蚀龙的尖触角,Gore Magala Feeler+,mhxx-dex-1.0
1460,黑蚀龙的刚触角,Gore Magala Sensor,mhxx-dex-1.0
1461,相克的变异角,Diametrical Horn,mhxx-dex-1.0
1462,污秽的龙鳞,Defiled Scale,mhxx-dex-1.0
1463,混沌的龙鳞,Chaos Scale,mhxx-dex-1.0
1464,狞猛化黑蚀龙的鳞,Hyper G.Magala Scale,mhxx-dex-1.0
1465,狞猛化黑蚀龙厚鳞,Hyper G.Magala Scale X,mhxx-dex-1.0
1466,天廻龙的鳞,S.Magala Scale,mhxx-dex-1.0
1467,天廻龙的上等鳞,S.Magala Scale+,mhxx-dex-1.0
1468,天廻龙的厚鳞,S.Magala Shard,mhxx-dex-1.0
1469,天廻龙的甲壳,S.Magala Shell,mhxx-dex-1.0
1470,天廻龙的坚壳,S.Magala Carapace,mhxx-dex-1.0
1471,天廻龙的重壳,S.Magala Cortex,mhxx-dex-1.0
1472,天廻龙的虹翼,S.Magala Prismwing,mhxx-dex-1.0
1473,天廻龙的上虹翼,S.Magala Prismwing+,mhxx-dex-1.0
1474,天廻龙的光虹翼,S.Magala Lightwing,mhxx-dex-1.0
1475,天廻龙的净爪,S.Magala Caress,mhxx-dex-1.0
1476,天廻龙的锐净爪,S.Magala Caress+,mhxx-dex-1.0
1477,天廻龙的刚净爪,S.Magala Purifier,mhxx-dex-1.0
1478,天廻龙的尾巴,S.Magala Tail,mhxx-dex-1.0
1479,天廻龙的韧尾,S.Magala Lash,mhxx-dex-1.0
1480,天廻龙的逆鳞,S.Magala Plate,mhxx-dex-1.0
1481,天廻龙的光玉,S.Magala Phosgem,mhxx-dex-1.0
1482,天廻龙的天鳞,S.Magala Mantle,mhxx-dex-1.0
1483,天廻龙的角,S.Magala Horn,mhxx-dex-1.0
1484,天廻龙的尖角,S.Magala Horn+,mhxx-dex-1.0
1485,天廻龙的刚角,S.Magala Hardhorn,mhxx-dex-1.0
1486,纯白的龙鳞,Pure Scale,mhxx-dex-1.0
1487,金狮子的尖角,Rajang Horn+,mhxx-dex-1.0
1488,金狮子的刚角,Rajang Hardhorn,mhxx-dex-1.0
1489,金狮子的锐牙,Rajang Fang+,mhxx-dex-1.0
1490,金狮子的重牙,Rajang Hardfang,mhxx-dex-1.0
1491,金狮子的黑毛,Rajang Blackfur,mhxx-dex-1.0
1492,金狮子的黑荒毛,Rajang Wildpelt,mhxx-dex-1.0
1493,金狮子的尖爪,Rajang Claw+,mhxx-dex-1.0
1494,金狮子的刚爪,Rajang Hardclaw,mhxx-dex-1.0
1495,金狮子的尾巴,Rajang Tail,mhxx-dex-1.0
1496,黄金色的毛,Gold Rajang Pelt,mhxx-dex-1.0
1497,黄金色的煌毛,Gold Rajang Pelt+,mhxx-dex-1.0
1498,金狮子的怒发,Rajang Ragehair,mhxx-dex-1.0
1499,金狮子的冲天怒发,Rajang Apoplexy,mhxx-dex-1.0
1500,金狮子的斗魂,Rajang Nerve,mhxx-dex-1.0
1501,金狮子的心脏,Rajang Heart,mhxx-dex-1.0
1502,罗刹的金角,Ghoulish Gold Horn,mhxx-dex-1.0
1503,罗刹的金刚角,Ghoulish Gold Gorer,mhxx-dex-1.0
1504,狞猛化金狮子的毛,Hyper Rajang Fur,mhxx-dex-1.0
1505,狞猛化金狮子刚毛,Hyper Rajang Fur X,mhxx-dex-1.0
1506,恐暴龙的黑鳞,Deviljho Scale,mhxx-dex-1.0
1507,恐暴龙的厚黑鳞,Deviljho Shard,mhxx-dex-1.0
1508,恐暴龙的灭鳞,Deviljho Crook,mhxx-dex-1.0
1509,恐暴龙的黑皮,Deviljho Hide,mhxx-dex-1.0
1510,恐暴龙的厚黑皮,Deviljho Blackpiel,mhxx-dex-1.0
1511,血战的漆黑皮,Bloodied Ebonhide,mhxx-dex-1.0
1512,恐暴龙的大牙,Deviljho Tallfang,mhxx-dex-1.0
1513,恐暴龙的重牙,Deviljho Hardfang,mhxx-dex-1.0
1514,极恶之牙,Vile Fang,mhxx-dex-1.0
1515,恐暴龙的钩爪,Deviljho Talon,mhxx-dex-1.0
1516,恐暴龙的刚钩爪,Deviljho Ripper,mhxx-dex-1.0
1517,恐暴龙的头壳,Deviljho Scalp,mhxx-dex-1.0
1518,恐暴龙的尾巴,Deviljho Tail,mhxx-dex-1.0
1519,恐暴龙的重尾,Deviljho Flail,mhxx-dex-1.0
1520,恐暴龙的唾液,Deviljho Saliva,mhxx-dex-1.0
1521,浓黑血,Black Blood,mhxx-dex-1.0
1522,历战的漆黑皮,Spattered Hide,mhxx-dex-1.0
1523,恐暴龙的宝玉,Deviljho Gem,mhxx-dex-1.0
1524,狞猛化恐暴龙的鳞,Hyper Deviljho Scale,mhxx-dex-1.0
1525,狞猛化恐暴龙厚鳞,Hyper Deviljho Scale X,mhxx-dex-1.0
1526,麒麟的雷角,Kirin Thunderhorn,mhxx-dex-1.0
1527,麒麟的皮,Kirin Hide,mhxx-dex-1.0
1528,麒麟的上等皮,Kirin Hide+,mhxx-dex-1.0
1529,麒麟的特等皮,Kirin Finehide,mhxx-dex-1.0
1530,麒麟的鬃毛,Kirin Mane,mhxx-dex-1.0
1531,白银的鬃毛,Platinum Mane,mhxx-dex-1.0
1532,麒麟的雷尾,Kirin Thundertail,mhxx-dex-1.0
1533,麒麟的韧雷尾,Kirin Thunderlash,mhxx-dex-1.0
1534,麒麟的苍角,Kirin Azure Horn,mhxx-dex-1.0
1535,麒麟的刚苍角,Kirin Azure Peak,mhxx-dex-1.0
1536,钢龙的甲壳,Daora Shell,mhxx-dex-1.0
1537,钢龙的坚壳,Daora Carapace,mhxx-dex-1.0
1538,钢龙的重壳,Daora Cortex,mhxx-dex-1.0
1539,钢龙的鳞,Daora Scale,mhxx-dex-1.0
1540,钢之上等龙鳞,Daora Dragon Scale+,mhxx-dex-1.0
1541,钢之厚龙鳞,Daora Shard,mhxx-dex-1.0
1542,钢龙的翼膜,Daora Webbing,mhxx-dex-1.0
1543,钢龙的刚翼,Daora Fellwing,mhxx-dex-1.0
1544,钢龙的角,Daora Horn,mhxx-dex-1.0
1545,钢龙的刚角,Daora Hardhorn,mhxx-dex-1.0
1546,钢龙的尖角,Daora Horn+,mhxx-dex-1.0
1547,钢龙的尾巴,Daora Tail,mhxx-dex-1.0
1548,钢龙的韧尾,Daora Lash,mhxx-dex-1.0
1549,钢龙的爪,Daora Claw,mhxx-dex-1.0
1550,钢龙的尖爪,Daora Claw+,mhxx-dex-1.0
1551,钢龙的刚爪,Daora Hardclaw,mhxx-dex-1.0
1552,钢龙的宝玉,Daora Gem,mhxx-dex-1.0
1553,古龙的大宝玉,Lrg Elder Dragon Gem,mhxx-dex-1.0
1554,霞龙的皮,Chameleos Hide,mhxx-dex-1.0
1555,霞龙的上等皮,Chameleos Hide+,mhxx-dex-1.0
1556,霞龙的特等皮,Chameleos Finehide,mhxx-dex-1.0
1557,霞龙的角,Chameleos Horn,mhxx-dex-1.0
1558,霞龙的尖角,Chameleos Spike,mhxx-dex-1.0
1559,霞龙的刚角,Chameleos Hardhorn,mhxx-dex-1.0
1560,霞龙的爪,Chameleos Claw,mhxx-dex-1.0
1561,霞龙的尖爪,Chameleos Claw+,mhxx-dex-1.0
1562,霞龙的刚爪,Chameleos Hardclaw,mhxx-dex-1.0
1563,霞龙的翼膜,Chameleos Webbing,mhxx-dex-1.0
1564,霞龙的刚翼,Chameleos Fellwing,mhxx-dex-1.0
1565,霞龙的尾巴,Chameleos Tail,mhxx-dex-1.0
1566,霞龙的韧尾,Chameleos Lash,mhxx-dex-1.0
1567,霞龙的宝玉,Chameleos Gem,mhxx-dex-1.0
1568,炎王龙的甲壳,Teostra Shell,mhxx-dex-1.0
1569,炎王龙的坚壳,Teostra Carapace,mhxx-dex-1.0
1570,炎王龙的重壳,Teostra Cortex,mhxx-dex-1.0
1571,炎王龙的鬃毛,Teostra Mane,mhxx-dex-1.0
1572,炎王龙的尾巴,Teostra Tail,mhxx-dex-1.0
1573,炎王龙的韧尾,Teostra Lash,mhxx-dex-1.0
1574,炎王龙的角,Teostra Horn,mhxx-dex-1.0
1575,炎王龙的尖角,Teostra Horn+,mhxx-dex-1.0
1576,炎王龙的刚角,Teostra Hardhorn,mhxx-dex-1.0
1577,炎之龙鳞,Fire Dragon Scale,mhxx-dex-1.0
1578,狱炎龙鳞,Fire Dragon Scale+,mhxx-dex-1.0
1579,狱炎厚龙鳞,Flame Shard,mhxx-dex-1.0
1580,炎龙的爪,Fire Dragon Claw,mhxx-dex-1.0
1581,炎龙的尖爪,Teostra Claw+,mhxx-dex-1.0
1582,炎龙的刚爪,Fire Dragon Hardclaw,mhxx-dex-1.0
1583,炎龙的翼膜,Teostra Webbing,mhxx-dex-1.0
1584,炎龙的粉尘,Teostra Powder,mhxx-dex-1.0
1585,炎龙的宝玉,Teostra Gem,mhxx-dex-1.0
1586,大龙结晶,Wyvern Crystal,mhxx-dex-1.0
1587,巨龙结晶,Great Wyvern Crystal,mhxx-dex-1.0
1588,霸龙的上等鳞,Akantor Scale+,mhxx-dex-1.0
1589,霸龙的厚鳞,Akantor Shard,mhxx-dex-1.0
1590,霸龙的坚壳,Akantor Carapace,mhxx-dex-1.0
1591,霸龙的重壳,Akantor Cortex,mhxx-dex-1.0
1592,霸龙的尾巴,Akantor Tail,mhxx-dex-1.0
1593,霸龙的重尾,Akantor Flail,mhxx-dex-1.0
1594,霸龙的刚爪,Akantor Hardclaw,mhxx-dex-1.0
1595,霸龙的刚裂爪,Akantor Shredtalon,mhxx-dex-1.0
1596,霸龙的大牙,Akantor Tallfang,mhxx-dex-1.0
1597,霸龙的极大牙,Akantor Greatfang,mhxx-dex-1.0
1598,霸龙的大棘,Akantor Spike,mhxx-dex-1.0
1599,霸龙的重棘,Akantor Thickspike,mhxx-dex-1.0
1600,霸龙的宝玉,Akantor Gem,mhxx-dex-1.0
1601,霸导玉,Conquest Sphere,mhxx-dex-1.0
1602,崩龙的坚壳,Ukanlos Carapace,mhxx-dex-1.0
1603,崩龙的重壳,Ukanlos Cortex,mhxx-dex-1.0
1604,崩龙的腹鳞,Ukanlos Underscale,mhxx-dex-1.0
1605,崩龙的厚腹鳞,Ukanlos Underscale+,mhxx-dex-1.0
1606,崩龙的尾巴,Ukanlos Tail,mhxx-dex-1.0
1607,崩龙的重尾,Ukanlos Flail,mhxx-dex-1.0
1608,崩龙的穿爪,Ukanlos Digger,mhxx-dex-1.0
1609,崩龙的刚穿爪,Ukanlos Digger+,mhxx-dex-1.0
1610,崩龙的削颚,Ukanlos Shoveljaw,mhxx-dex-1.0
1611,崩龙的重削颚,Ukanlos Shoveljaw+,mhxx-dex-1.0
1612,崩龙的上等鳍,Ukanlos Fin+,mhxx-dex-1.0
1613,崩龙的钢鳍,Ukanlos Strongfin,mhxx-dex-1.0
1614,崩龙的宝玉,Ukanlos Gem,mhxx-dex-1.0
1615,崩天玉,Ukanlos Stone,mhxx-dex-1.0
1616,煌黑龙的坚逆壳,Alatreon Scute,mhxx-dex-1.0
1617,煌黑龙的天壳,Alatreon Pallium,mhxx-dex-1.0
1618,煌黑龙的逆鳞,Alatreon Plate,mhxx-dex-1.0
1619,煌黑龙的天鳞,Alatreon Mantle,mhxx-dex-1.0
1620,煌黑龙的尖爪,Alatreon Talon,mhxx-dex-1.0
1621,煌黑龙的凶爪,Alatreon Riptalon,mhxx-dex-1.0
1622,煌黑龙的翼膜,Alatreon Webbing,mhxx-dex-1.0
1623,煌黑龙的邪翼,Alatreo Direwing,mhxx-dex-1.0
1624,煌黑龙的尾巴,Alatreon Tail,mhxx-dex-1.0
1625,煌黑龙的妖尾,Alatreo Diretail,mhxx-dex-1.0
1626,碎裂天角,Broken Skypiercer,mhxx-dex-1.0
1627,贯天角,Skypiercer,mhxx-dex-1.0
1628,统天角,Skyswayer,mhxx-dex-1.0
1629,琉璃色的龙玉,Azure Dragongem,mhxx-dex-1.0
1630,琉璃色的龙神玉,Azure Dragonsphire,mhxx-dex-1.0
1631,岚龙的坚壳,Amatsu Carapace,mhxx-dex-1.0
1632,岚龙的重壳,Amatsu Cortex,mhxx-dex-1.0
1633,岚龙的飞膜,Amatsu Webbing,mhxx-dex-1.0
1634,岚龙的厚飞膜,Amatsu Membrane,mhxx-dex-1.0
1635,岚龙的角,Amatsu Horn,mhxx-dex-1.0
1636,岚龙的刚角,Amatsu Hardhorn,mhxx-dex-1.0
1637,岚龙的锐爪,Amatsu Claw+,mhxx-dex-1.0
1638,岚龙的刚爪,Amatsu Hardclaw,mhxx-dex-1.0
1639,岚龙的尾巴,Amatsu Tail,mhxx-dex-1.0
1640,岚龙的强尾,Amatsu Stormtail,mhxx-dex-1.0
1641,岚龙的胸壳,Amatsu Pleura,mhxx-dex-1.0
1642,岚龙的重胸壳,Amatsu Heavypleura,mhxx-dex-1.0
1643,岚鳔,Storm Vesicle,mhxx-dex-1.0
1644,岚鳔团,Storm Vesicle Clump,mhxx-dex-1.0
1645,天空的龙玉,Heavenly Dragongem,mhxx-dex-1.0
1646,天空的龙神玉,Heavenly Dragonsphire,mhxx-dex-1.0
1647,龙药石,Dragon Healing Crystal,mhxx-dex-1.0
1648,老山龙的厚鳞,Lao-Shan Shard,mhxx-dex-1.0
1649,老山龙的重壳,Lao-Shan Cortex,mhxx-dex-1.0
1650,老山龙的刚角,Lao-Shan Hardhorn,mhxx-dex-1.0
1651,老山龙的巨爪,Lao-Shan Megaclaw,mhxx-dex-1.0
1652,老山龙的天鳞,Lao-Shan Mantle,mhxx-dex-1.0
1653,黑龙的厚鳞,Fatalis Shard,mhxx-dex-1.0
1654,黑龙的重壳,Fatalis Cortex,mhxx-dex-1.0
1655,黑龙的刚角,Fatalis Hardhorn,mhxx-dex-1.0
1656,黑龙的邪眼,Fatalis Evil Eye,mhxx-dex-1.0
1657,黑龙的刚翼,Fatalis Fellwing,mhxx-dex-1.0
1658,黑龙的红焰鳞,Crimson Fatalis Scale,mhxx-dex-1.0
1659,黑龙的红焰壳,Crimson Fatalis Shell,mhxx-dex-1.0
1660,黑龙的红焰角,Crimson Fatalis Horn,mhxx-dex-1.0
1661,黑龙的红焰翼,Crimson Fatalis Wing,mhxx-dex-1.0
1662,黑龙的魔神眼,Fatalis Devileye+,mhxx-dex-1.0
1663,祖龙的厚白鳞,Old Fatalis Shard,mhxx-dex-1.0
1664,祖龙的重壳,Old Fatalis Cortex,mhxx-dex-1.0
1665,祖龙的刚角,Old Fatalis Hardhorn,mhxx-dex-1.0
1666,祖龙的刚翼,Old Fatalis Fellwing,mhxx-dex-1.0
1667,祖龙的灵眼,Old Fatalis Souleye,mhxx-dex-1.0
1668,骸体壳,Nakarkos Husk,mhxx-dex-1.0
1669,坚骸体壳,Nakarkos Husk+,mhxx-dex-1.0
1670,重骸体壳,Heavy Nakarkos Husk,mhxx-dex-1.0
1671,骸棘壳,Nakarkos Shell,mhxx-dex-1.0
1672,尖骸棘壳,Nakarkos Shell+,mhxx-dex-1.0
1673,钢骸棘壳,Nakarkos Hardshell,mhxx-dex-1.0
1674,骸头骨,Nakarkos Skull,mhxx-dex-1.0
1675,重骸头骨,Nakarkos Hardskull,mhxx-dex-1.0
1676,骸椎骨,Nakarkos Vertebra,mhxx-dex-1.0
1677,重骸椎骨,Nakarkos Hardvertebra,mhxx-dex-1.0
1678,骸龙的青斑皮,Nakarkos Hide,mhxx-dex-1.0
1679,骸龙的鲜青斑皮,Nakarkos Azurehide,mhxx-dex-1.0
1680,骸龙的口腕甲,Nakarkos Arm Brace,mhxx-dex-1.0
1681,骸龙的恐口腕甲,Scary Nakarkos ArmBrce,mhxx-dex-1.0
1682,骸龙的食碎牙,Nakarkos Fang,mhxx-dex-1.0
1683,骸龙的乌贼骨,Nakarkos Cuttlebone,mhxx-dex-1.0
1684,骸龙的乌贼巨骨,Lrg Nakarkos Cuttlebone,mhxx-dex-1.0
1685,骸龙的残魄玉,Nakarkos Soul Orb,mhxx-dex-1.0
1686,骸龙的残魄秘玉,Nakarkos SecretSoulOrb,mhxx-dex-1.0
1687,发光的粘液,Radiant Mucus,mhxx-dex-1.0
1688,发光的上等粘液,Radiant Mucus+,mhxx-dex-1.0
1689,发光的浓粘液,Viscous Radiant Mucus,mhxx-dex-1.0
1690,天彗龙的上等鳞,Valstrax Scale+,mhxx-dex-1.0
1691,天彗龙的厚鳞,Valstrax Shard,mhxx-dex-1.0
1692,天彗龙的坚壳,Valstrax Carapace,mhxx-dex-1.0
1693,天彗龙的重壳,Valstrax Cortex,mhxx-dex-1.0
1694,天彗龙的尖爪,Valstrax Claw+,mhxx-dex-1.0
1695,天彗龙的刚爪,Valstrax Hardclaw,mhxx-dex-1.0
1696,天彗龙的尾巴,Valstrax Tail,mhxx-dex-1.0
1697,天彗龙的旋尾,Valstrax Helixtail,mhxx-dex-1.0
1698,天彗龙的枪翼,Valstrax Lancewing,mhxx-dex-1.0
1699,天彗龙的击枪翼,Valstrax Lancewing+,mhxx-dex-1.0
1700,天彗龙的背尖甲,Valstrax Spineshell,mhxx-dex-1.0
1701,天彗龙的大背尖甲,Valstrax Spineshell+,mhxx-dex-1.0
1702,赤色龙气玉,Red Dragon Mindstone,mhxx-dex-1.0
1703,赫色龙气玉,Ruby Dragon Mindstone,mhxx-dex-1.0
1704,灼热甲壳,Burned Husk,mhxx-dex-1.0
1705,星耀龙液,Shimmering Dragonfluid,mhxx-dex-1.0
1706,金色丝线,Golden Silk,mhxx-dex-1.0
1707,阁螳螂的金壳,Ahtal-Ka Gold Cocoon,mhxx-dex-1.0
1708,阁螳螂的紫蓝壳,Ahtal-Ka Purple Cocoon,mhxx-dex-1.0
1709,阁螳螂的雅镰刃,Ahtal-Ka Foreblade,mhxx-dex-1.0
1710,闪烁虹色的背甲,Iridescent Carapace,mhxx-dex-1.0
1711,阁螳螂的香液,Ahtal-Ka Pheromone,mhxx-dex-1.0
1712,阁螳螂的美棘,Ahtal-Ka Fine Silk,mhxx-dex-1.0
1713,阁螳螂的丽炫玉,Ahtal-Ka Alluring Gem,mhxx-dex-1.0
1714,玉座的辉石,Royal Pyroxene,mhxx-dex-1.0
1715,地图,Map,mhxx-dex-1.0
1716,应急药,First-aid Med,mhxx-dex-1.0
1717,应急药G,First-aid Med+,mhxx-dex-1.0
1718,随身食物,Ration,mhxx-dex-1.0
1719,随身烤肉组合,Portable Spit,mhxx-dex-1.0
1720,随身砥石,Mini Whetstone,mhxx-dex-1.0
1721,随身麻痹陷阱,EZ Shock Trap,mhxx-dex-1.0
1722,补给专用闪光球,EZ Flash Bomb,mhxx-dex-1.0
1723,补给专用音爆弹,EZ Sonic Bomb,mhxx-dex-1.0
1724,补给专用秘药,EZ Max Potion,mhxx-dex-1.0
1725,补给用生命粉尘,EZ Lifepowder,mhxx-dex-1.0
1726,补给专用大生命粉尘,EZ Dust of Life,mhxx-dex-1.0
1727,补给专用地洞,EZ Pitfall Trap,mhxx-dex-1.0
1728,补给用大桶爆弹,EZ Barrel Bomb L,mhxx-dex-1.0
1729,狩技饮料补给品,EZ Hunter's Drink,mhxx-dex-1.0
1730,弩炮弹,Ballista Ammo,mhxx-dex-1.0
1731,单发型拘束弹,One-shot Binder,mhxx-dex-1.0
1732,对巨龙爆弹,Anti-dragon Bomb,mhxx-dex-1.0
1733,高密度灭龙炭,Dense Marcoal,mhxx-dex-1.0
1734,猫车票券,Paw Pass Ticket,mhxx-dex-1.0
1735,补给专用回归球,EZ Farcaster,mhxx-dex-1.0
1736,生锈碎片,Rusted Fragment,mhxx-dex-1.0
1737,太古碎片,Ancient Fragment,mhxx-dex-1.0
1738,神代碎片,Mythical Fragment,mhxx-dex-1.0
1739,不祥的布,Sinister Cloth,mhxx-dex-1.0
1740,不祥的暗布,Sinister Darkcloth,mhxx-dex-1.0
1741,不详的冥布,Sinister Gloomcloth,mhxx-dex-1.0
1742,奢华遗物,Extravagant Artifact,mhxx-dex-1.0
1743,超奢华遗物,Opulent Artifact,mhxx-dex-1.0
1744,无敌奢华遗物,Decadent Artifact,mhxx-dex-1.0
1745,残缺石橡,Broken Statue,mhxx-dex-1.0
1746,残缺大石橡,Large Broken Statue,mhxx-dex-1.0
1747,残缺的猫神像,Broken Cat God Statue,mhxx-dex-1.0
1748,黑色碎片,Dark Piece,mhxx-dex-1.0
1749,黑色块状物,Dark Stone,mhxx-dex-1.0
1750,艾露猫茶釜,Felyne Kettle,mhxx-dex-1.0
1751,结云糯米粉,Yukumo Riceflour,mhxx-dex-1.0
1752,玩偶套装,Doll Parts,mhxx-dex-1.0
1753,谜之武器的秘籍,Weapon Codex,mhxx-dex-1.0
1754,谜之重弩的秘籍,Bowgun Codex,mhxx-dex-1.0
1755,制桶用特制木材,Deluxe Barrel Timber,mhxx-dex-1.0
1756,太古的注连绳,Ancient Talisman,mhxx-dex-1.0
1757,被腐蚀的琥珀,Damaged Amber,mhxx-dex-1.0
1758,浑浊碎片,Cloudy Fragment,mhxx-dex-1.0
1759,奇面面具,Strange Mask,mhxx-dex-1.0
1760,秋刀鱼结晶,Sunmarge Crystal,mhxx-dex-1.0
1761,大海原的辉石,Ocean Pyroxene,mhxx-dex-1.0
1762,毛茸茸白毛球,Fluffy White Ball,mhxx-dex-1.0
1763,毛茸茸黑毛球,Fluffy Black Ball,mhxx-dex-1.0
1764,防具合成材料（头部）,Fusion Material - Head,mhxx-dex-1.0
1765,防具合成材料（身体）,Fusion Material - Chest,mhxx-dex-1.0
1766,防具合成材料（臂部）,Fusion Material - Arms,mhxx-dex-1.0
1767,防具合成材料（腰部）,Fusion Material - Waist,mhxx-dex-1.0
1768,防具合成材料（脚部）,Fusion Material - Legs,mhxx-dex-1.0
1769,随从防具合成材料（头部）,F Fusion Material - Head,mhxx-dex-1.0
1770,随从防具合成材料（身体）,F Fusion Material - Chest,mhxx-dex-1.0
1771,餐券,Voucher,mhxx-dex-1.0
1772,高级餐券,Gourmet Voucher,mhxx-dex-1.0
1773,勇气之证,Commendation,mhxx-dex-1.0
1774,勇气之证G,Commendation G,mhxx-dex-1.0
1775,勇气之证XX,Commendation XX,mhxx-dex-1.0
1776,希望之证,Accolade,mhxx-dex-1.0
1777,希望之证G,Accolade G,mhxx-dex-1.0
1778,希望之证XX,Accolade XX,mhxx-dex-1.0
1779,机敏之证,Distinction,mhxx-dex-1.0
1780,不屈之证,Privilege,mhxx-dex-1.0
1781,不屈之证G,Privilege G,mhxx-dex-1.0
1782,霸王之证,Triumph,mhxx-dex-1.0
1783,肉球印章,Pawprint Stamp,mhxx-dex-1.0
1784,肉球优待券,Pawprint Ticket,mhxx-dex-1.0
1785,贝鲁纳票券,Bherna Ticket,mhxx-dex-1.0
1786,贝鲁纳票券G,Bherna Ticket G,mhxx-dex-1.0
1787,可可特票券,Kokoto Ticket,mhxx-dex-1.0
1788,可可特票券G,Kokoto Ticket G,mhxx-dex-1.0
1789,波凯票券,Pokke Ticket,mhxx-dex-1.0
1790,波凯票券G,Pokke Ticket G,mhxx-dex-1.0
1791,结云票券,Yukumo Ticket,mhxx-dex-1.0
1792,结云票券G,Yukumo Ticket G,mhxx-dex-1.0
1793,龙历院票券,Wycademy Ticket,mhxx-dex-1.0
1794,龙历院票券G,Wycademy Ticket G,mhxx-dex-1.0
1795,龙识船票券,Soaratorium Ticket,mhxx-dex-1.0
1796,酒吧票券,Pub Ticket,mhxx-dex-1.0
1797,随从票券,Palico Ticket,mhxx-dex-1.0
1798,随从票券G,Palico Ticket G,mhxx-dex-1.0
1799,飞行船票券,Airship Ticket,mhxx-dex-1.0
1800,飞行船票券G,Airship Ticket G,mhxx-dex-1.0
1801,厨师票券,Bistro Ticket,mhxx-dex-1.0
1802,厨师票券G,Bistro Ticket G,mhxx-dex-1.0
1803,交易票券,Trade Ticket,mhxx-dex-1.0
1804,足浴票券,Footbath Ticket,mhxx-dex-1.0
1805,公会票券,Bronze Guild Ticket,mhxx-dex-1.0
1806,公会票券G,Gold Guild Ticket,mhxx-dex-1.0
1807,黑带票券,Blackbelt Ticket,mhxx-dex-1.0
1808,达人票券,Expert Ticket,mhxx-dex-1.0
1809,达人票券G,Expert Ticket G,mhxx-dex-1.0
1810,传说票券,Legend Ticket,mhxx-dex-1.0
1811,传说票券G,Legend Ticket G,mhxx-dex-1.0
1812,山菜组兑换券,VE Ticket,mhxx-dex-1.0
1813,山菜组兑换券G,VE Deluxe Ticket,mhxx-dex-1.0
1814,钢的山菜组兑换券,VE Bronze Ticket,mhxx-dex-1.0
1815,银的山菜组兑换券,VE Silver Ticket,mhxx-dex-1.0
1816,金的山菜组兑换券,VE Golden Ticket,mhxx-dex-1.0
1817,天之山菜组兑换券,VE Cosmic Ticket,mhxx-dex-1.0
1818,EX火龙票券,EX Rathalos Ticket,mhxx-dex-1.0
1819,EX火龙票券S,EX Rathalos Ticket S,mhxx-dex-1.0
1820,EX熔岩龙票券,EX Lavasioth Ticket,mhxx-dex-1.0
1821,EX轰龙票券,EX Tigrex Ticket,mhxx-dex-1.0
1822,EX轰龙票券S,EX Tigrex Ticket S,mhxx-dex-1.0
1823,EX雷狼龙票券,EX Zinogre Ticket,mhxx-dex-1.0
1824,EX碎龙票券,EX Brachydios Ticket,mhxx-dex-1.0
1825,EX黑蚀龙票券,EX Gore Magala Ticket,mhxx-dex-1.0
1826,EX天廻龙票券,EX S.Magala Ticket,mhxx-dex-1.0
1827,EX钢龙票券,EX Daora Ticket,mhxx-dex-1.0
1828,EX霞龙票券,EX Chameleos Ticket,mhxx-dex-1.0
1829,EX炎王龙票券,EX Teostra Ticket,mhxx-dex-1.0
1830,EX金火龙票券,EX G.Rathian Ticket,mhxx-dex-1.0
1831,EX银火龙票券,EX S.Rathalos Ticket,mhxx-dex-1.0
1832,EX桃毛兽王票券,EX Congalala Ticket,mhxx-dex-1.0
1833,EX老山龙票券,EX Lao-Shan Lung Ticket,mhxx-dex-1.0
1834,EX黑龙票券（红）,EX C.Fatalis Ticket,mhxx-dex-1.0
1835,EX黑龙票券（白）,EX Old Fatalis Ticket,mhxx-dex-1.0
1836,EX老山龙票券S,EX Lao-Shan Ticket S,mhxx-dex-1.0
1837,狞猛化狩猎之证Ⅰ,Hyper Hunter I,mhxx-dex-1.0
1838,狞猛化狩猎之证Ⅱ,Hyper Hunter II,mhxx-dex-1.0
1839,狞猛化狩猎之证Ⅲ,Hyper Hunter III,mhxx-dex-1.0
1840,狞猛化狩猎之证Ⅳ,Hyper Hunter IV,mhxx-dex-1.0
1841,狞猛化狩猎之证Ⅴ,Hyper Hunter V,mhxx-dex-1.0
1842,狞猛化狩猎之证Ⅵ,Hyper Hunter VI,mhxx-dex-1.0
1843,红盔狩猎之证1,Redhelm Hunter I,mhxx-dex-1.0
1844,红盔狩猎之证2,Redhelm Hunter II,mhxx-dex-1.0
1845,红盔狩猎之证3,Redhelm Hunter III,mhxx-dex-1.0
1846,红盔狩猎之证4,Redhelm Hunter IV,mhxx-dex-1.0
1847,红盔狩猎之证5,Redhelm Hunter V,mhxx-dex-1.0
1848,红盔狩猎之证6,Redhelm Hunter VI,mhxx-dex-1.0
1849,红盔狩猎之证7,Redhelm Hunter VII,mhxx-dex-1.0
1850,红盔狩猎之证8,Redhelm Hunter VIII,mhxx-dex-1.0
1851,红盔狩猎之证9,Redhelm Hunter IX,mhxx-dex-1.0
1852,红盔狩猎之证10,Redhelm Hunter X,mhxx-dex-1.0
1853,红盔狩猎之证11,Redhelm Hunter XI,mhxx-dex-1.0
1854,红盔狩猎之证12,Redhelm Hunter XII,mhxx-dex-1.0
1855,红盔狩猎之证13,Redhelm Hunter XIII,mhxx-dex-1.0
1856,红盔狩猎之证14,Redhelm Hunter XIV,mhxx-dex-1.0
1857,红盔狩猎之证15,Redhelm Hunter XV,mhxx-dex-1.0
1858,大雪主狩猎之证1,Snowbaron Hunter I,mhxx-dex-1.0
1859,大雪主狩猎之证2,Snowbaron Hunter II,mhxx-dex-1.0
1860,大雪主狩猎之证3,Snowbaron Hunter III,mhxx-dex-1.0
1861,大雪主狩猎之证4,Snowbaron Hunter IV,mhxx-dex-1.0
1862,大雪主狩猎之证5,Snowbaron Hunter V,mhxx-dex-1.0
1863,大雪主狩猎之证6,Snowbaron Hunter VI,mhxx-dex-1.0
1864,大雪主狩猎之证7,Snowbaron Hunter VII,mhxx-dex-1.0
1865,大雪主狩猎之证8,Snowbaron Hunter VIII,mhxx-dex-1.0
1866,大雪主狩猎之证9,Snowbaron Hunter IX,mhxx-dex-1.0
1867,大雪主狩猎之证10,Snowbaron Hunter X,mhxx-dex-1.0
1868,大雪主狩猎之证11,Snowbaron Hunter XI,mhxx-dex-1.0
1869,大雪主狩猎之证12,Snowbaron Hunter XII,mhxx-dex-1.0
1870,大雪主狩猎之证13,Snowbaron Hunter XIII,mhxx-dex-1.0
1871,大雪主狩猎之证14,Snowbaron Hunter XIV,mhxx-dex-1.0
1872,大雪主狩猎之证15,Snowbaron Hunter XV,mhxx-dex-1.0
1873,矛碎狩猎之证1,Stonefist Hunter I,mhxx-dex-1.0
1874,矛碎狩猎之证2,Stonefist Hunter II,mhxx-dex-1.0
1875,矛碎狩猎之证3,Stonefist Hunter III,mhxx-dex-1.0
1876,矛碎狩猎之证4,Stonefist Hunter IV,mhxx-dex-1.0
1877,矛碎狩猎之证5,Stonefist Hunter V,mhxx-dex-1.0
1878,矛碎狩猎之证6,Stonefist Hunter VI,mhxx-dex-1.0
1879,矛碎狩猎之证7,Stonefist Hunter VII,mhxx-dex-1.0
1880,矛碎狩猎之证8,Stonefist Hunter VIII,mhxx-dex-1.0
1881,矛碎狩猎之证9,Stonefist Hunter IX,mhxx-dex-1.0
1882,矛碎狩猎之证10,Stonefist Hunter X,mhxx-dex-1.0
1883,矛碎狩猎之证11,Stonefist Hunter XI,mhxx-dex-1.0
1884,矛碎狩猎之证12,Stonefist Hunter XII,mhxx-dex-1.0
1885,矛碎狩猎之证13,Stonefist Hunter XIII,mhxx-dex-1.0
1886,矛碎狩猎之证14,Stonefist Hunter XIV,mhxx-dex-1.0
1887,矛碎狩猎之证15,Stonefist Hunter XV,mhxx-dex-1.0
1888,紫毒姬狩猎之证1,Dreadqueen Hunter I,mhxx-dex-1.0
1889,紫毒姬狩猎之证2,Dreadqueen Hunter II,mhxx-dex-1.0
1890,紫毒姬狩猎之证3,Dreadqueen Hunter III,mhxx-dex-1.0
1891,紫毒姬狩猎之证4,Dreadqueen Hunter IV,mhxx-dex-1.0
1892,紫毒姬狩猎之证5,Dreadqueen Hunter V,mhxx-dex-1.0
1893,紫毒姬狩猎之证6,Dreadqueen Hunter VI,mhxx-dex-1.0
1894,紫毒姬狩猎之证7,Dreadqueen Hunter VII,mhxx-dex-1.0
1895,紫毒姬狩猎之证8,Dreadqueen Hunter VIII,mhxx-dex-1.0
1896,紫毒姬狩猎之证9,Dreadqueen Hunter IX,mhxx-dex-1.0
1897,紫毒姬狩猎之证10,Dreadqueen Hunter X,mhxx-dex-1.0
1898,紫毒姬狩猎之证11,Dreadqueen Hunter XI,mhxx-dex-1.0
1899,紫毒姬狩猎之证12,Dreadqueen Hunter XII,mhxx-dex-1.0
1900,紫毒姬狩猎之证13,Dreadqueen Hunter XIII,mhxx-dex-1.0
1901,紫毒姬狩猎之证14,Dreadqueen Hunter XIV,mhxx-dex-1.0
1902,紫毒姬狩猎之证15,Dreadqueen Hunter XV,mhxx-dex-1.0
1903,岩穿狩猎之证1,Drilltusk Hunter I,mhxx-dex-1.0
1904,岩穿狩猎之证2,Drilltusk Hunter II,mhxx-dex-1.0
1905,岩穿狩猎之证3,Drilltusk Hunter III,mhxx-dex-1.0
1906,岩穿狩猎之证4,Drilltusk Hunter IV,mhxx-dex-1.0
1907,岩穿狩猎之证5,Drilltusk Hunter V,mhxx-dex-1.0
1908,岩穿狩猎之证6,Drilltusk Hunter VI,mhxx-dex-1.0
1909,岩穿狩猎之证7,Drilltusk Hunter VII,mhxx-dex-1.0
1910,岩穿狩猎之证8,Drilltusk Hunter VIII,mhxx-dex-1.0
1911,岩穿狩猎之证9,Drilltusk Hunter IX,mhxx-dex-1.0
1912,岩穿狩猎之证10,Drilltusk Hunter X,mhxx-dex-1.0
1913,岩穿狩猎之证11,Drilltusk Hunter XI,mhxx-dex-1.0
1914,岩穿狩猎之证12,Drilltusk Hunter XII,mhxx-dex-1.0
1915,岩穿狩猎之证13,Drilltusk Hunter XIII,mhxx-dex-1.0
1916,岩穿狩猎之证14,Drilltusk Hunter XIV,mhxx-dex-1.0
1917,岩穿狩猎之证15,Drilltusk Hunter XV,mhxx-dex-1.0
1918,白疾风狩猎之证1,Silverwind Hunter I,mhxx-dex-1.0
1919,白疾风狩猎之证2,Silverwind Hunter II,mhxx-dex-1.0
1920,白疾风狩猎之证3,Silverwind Hunter III,mhxx-dex-1.0
1921,白疾风狩猎之证4,Silverwind Hunter IV,mhxx-dex-1.0
1922,白疾风狩猎之证5,Silverwind Hunter V,mhxx-dex-1.0
1923,白疾风狩猎之证6,Silverwind Hunter VI,mhxx-dex-1.0
1924,白疾风狩猎之证7,Silverwind Hunter VII,mhxx-dex-1.0
1925,白疾风狩猎之证8,Silverwind Hunter VIII,mhxx-dex-1.0
1926,白疾风狩猎之证9,Silverwind Hunter IX,mhxx-dex-1.0
1927,白疾风狩猎之证10,Silverwind Hunter X,mhxx-dex-1.0
1928,白疾风狩猎之证11,Silverwind Hunter XI,mhxx-dex-1.0
1929,白疾风狩猎之证12,Silverwind Hunter XII,mhxx-dex-1.0
1930,白疾风狩猎之证13,Silverwind Hunter XIII,mhxx-dex-1.0
1931,白疾风狩猎之证14,Silverwind Hunter XIV,mhxx-dex-1.0
1932,白疾风狩猎之证15,Silverwind Hunter XV,mhxx-dex-1.0
1933,宝缠狩猎之证1,Crystalbeard Hunter I,mhxx-dex-1.0
1934,宝缠狩猎之证2,Crystalbeard Hunter II,mhxx-dex-1.0
1935,宝缠狩猎之证3,Crystalbeard Hunter III,mhxx-dex-1.0
1936,宝缠狩猎之证4,Crystalbeard Hunter IV,mhxx-dex-1.0
1937,宝缠狩猎之证5,Crystalbeard Hunter V,mhxx-dex-1.0
1938,宝缠狩猎之证6,Crystalbeard Hunter VI,mhxx-dex-1.0
1939,宝缠狩猎之证7,Crystalbeard Hunter VII,mhxx-dex-1.0
1940,宝缠狩猎之证8,Crystalbeard Hunter VIII,mhxx-dex-1.0
1941,宝缠狩猎之证9,Crystalbeard Hunter IX,mhxx-dex-1.0
1942,宝缠狩猎之证10,Crystalbeard Hunter X,mhxx-dex-1.0
1943,宝缠狩猎之证11,Crystalbeard Hunter XI,mhxx-dex-1.0
1944,宝缠狩猎之证12,Crystalbeard Hunter XII,mhxx-dex-1.0
1945,宝缠狩猎之证13,Crystalbeard Hunter XIII,mhxx-dex-1.0
1946,宝缠狩猎之证14,Crystalbeard Hunter XIV,mhxx-dex-1.0
1947,宝缠狩猎之证15,Crystalbeard Hunter XV,mhxx-dex-1.0
1948,独眼狩猎之证1,Deadeye Hunter I,mhxx-dex-1.0
1949,独眼狩猎之证2,Deadeye Hunter II,mhxx-dex-1.0
1950,独眼狩猎之证3,Deadeye Hunter III,mhxx-dex-1.0
1951,独眼狩猎之证4,Deadeye Hunter IV,mhxx-dex-1.0
1952,独眼狩猎之证5,Deadeye Hunter V,mhxx-dex-1.0
1953,独眼狩猎之证6,Deadeye Hunter VI,mhxx-dex-1.0
1954,独眼狩猎之证7,Deadeye Hunter VII,mhxx-dex-1.0
1955,独眼狩猎之证8,Deadeye Hunter VIII,mhxx-dex-1.0
1956,独眼狩猎之证9,Deadeye Hunter IX,mhxx-dex-1.0
1957,独眼狩猎之证10,Deadeye Hunter X,mhxx-dex-1.0
1958,独眼狩猎之证11,Deadeye Hunter XI,mhxx-dex-1.0
1959,独眼狩猎之证12,Deadeye Hunter XII,mhxx-dex-1.0
1960,独眼狩猎之证13,Deadeye Hunter XIII,mhxx-dex-1.0
1961,独眼狩猎之证14,Deadeye Hunter XIV,mhxx-dex-1.0
1962,独眼狩猎之证15,Deadeye Hunter XV,mhxx-dex-1.0
1963,黑炎王狩猎之证1,Dreadking Hunter I,mhxx-dex-1.0
1964,黑炎王狩猎之证2,Dreadking Hunter II,mhxx-dex-1.0
1965,黑炎王狩猎之证3,Dreadking Hunter III,mhxx-dex-1.0
1966,黑炎王狩猎之证4,Dreadking Hunter IV,mhxx-dex-1.0
1967,黑炎王狩猎之证5,Dreadking Hunter V,mhxx-dex-1.0
1968,黑炎王狩猎之证6,Dreadking Hunter VI,mhxx-dex-1.0
1969,黑炎王狩猎之证7,Dreadking Hunter VII,mhxx-dex-1.0
1970,黑炎王狩猎之证8,Dreadking Hunter VIII,mhxx-dex-1.0
1971,黑炎王狩猎之证9,Dreadking Hunter IX,mhxx-dex-1.0
1972,黑炎王狩猎之证10,Dreadking Hunter X,mhxx-dex-1.0
1973,黑炎王狩猎之证11,Dreadking Hunter XI,mhxx-dex-1.0
1974,黑炎王狩猎之证12,Dreadking Hunter XII,mhxx-dex-1.0
1975,黑炎王狩猎之证13,Dreadking Hunter XIII,mhxx-dex-1.0
1976,黑炎王狩猎之证14,Dreadking Hunter XIV,mhxx-dex-1.0
1977,黑炎王狩猎之证15,Dreadking Hunter XV,mhxx-dex-1.0
1978,金雷公狩猎之证1,Thunderlord Hunter I,mhxx-dex-1.0
1979,金雷公狩猎之证2,Thunderlord Hunter II,mhxx-dex-1.0
1980,金雷公狩猎之证3,Thunderlord Hunter III,mhxx-dex-1.0
1981,金雷公狩猎之证4,Thunderlord Hunter IV,mhxx-dex-1.0
1982,金雷公狩猎之证5,Thunderlord Hunter V,mhxx-dex-1.0
1983,金雷公狩猎之证6,Thunderlord Hunter VI,mhxx-dex-1.0
1984,金雷公狩猎之证7,Thunderlord Hunter VII,mhxx-dex-1.0
1985,金雷公狩猎之证8,Thunderlord Hunter VIII,mhxx-dex-1.0
1986,金雷公狩猎之证9,Thunderlord Hunter IX,mhxx-dex-1.0
1987,金雷公狩猎之证10,Thunderlord Hunter X,mhxx-dex-1.0
1988,金雷公狩猎之证11,Thunderlord Hunter XI,mhxx-dex-1.0
1989,金雷公狩猎之证12,Thunderlord Hunter XII,mhxx-dex-1.0
1990,金雷公狩猎之证13,Thunderlord Hunter XIII,mhxx-dex-1.0
1991,金雷公狩猎之证14,Thunderlord Hunter XIV,mhxx-dex-1.0
1992,金雷公狩猎之证15,Thunderlord Hunter XV,mhxx-dex-1.0
1993,荒钩爪狩猎之证1,Grimclaw Hunter I,mhxx-dex-1.0
1994,荒钩爪狩猎之证2,Grimclaw Hunter II,mhxx-dex-1.0
1995,荒钩爪狩猎之证3,Grimclaw Hunter III,mhxx-dex-1.0
1996,荒钩爪狩猎之证4,Grimclaw Hunter IV,mhxx-dex-1.0
1997,荒钩爪狩猎之证5,Grimclaw Hunter V,mhxx-dex-1.0
1998,荒钩爪狩猎之证6,Grimclaw Hunter VI,mhxx-dex-1.0
1999,荒钩爪狩猎之证7,Grimclaw Hunter VII,mhxx-dex-1.0
2000,荒钩爪狩猎之证8,Grimclaw Hunter VIII,mhxx-dex-1.0
2001,荒钩爪狩猎之证9,Grimclaw Hunter IX,mhxx-dex-1.0
2002,荒钩爪狩猎之证10,Grimclaw Hunter X,mhxx-dex-1.0
2003,荒钩爪狩猎之证11,Grimclaw Hunter XI,mhxx-dex-1.0
2004,荒钩爪狩猎之证12,Grimclaw Hunter XII,mhxx-dex-1.0
2005,荒钩爪狩猎之证13,Grimclaw Hunter XIII,mhxx-dex-1.0
2006,荒钩爪狩猎之证14,Grimclaw Hunter XIV,mhxx-dex-1.0
2007,荒钩爪狩猎之证15,Grimclaw Hunter XV,mhxx-dex-1.0
2008,烬灭刃狩猎之证1,Hellblade Hunter I,mhxx-dex-1.0
2009,烬灭刃狩猎之证2,Hellblade Hunter II,mhxx-dex-1.0
2010,烬灭刃狩猎之证3,Hellblade Hunter III,mhxx-dex-1.0
2011,烬灭刃狩猎之证4,Hellblade Hunter IV,mhxx-dex-1.0
2012,烬灭刃狩猎之证5,Hellblade Hunter V,mhxx-dex-1.0
2013,烬灭刃狩猎之证6,Hellblade Hunter VI,mhxx-dex-1.0
2014,烬灭刃狩猎之证7,Hellblade Hunter VII,mhxx-dex-1.0
2015,烬灭刃狩猎之证8,Hellblade Hunter VIII,mhxx-dex-1.0
2016,烬灭刃狩猎之证9,Hellblade Hunter IX,mhxx-dex-1.0
2017,烬灭刃狩猎之证10,Hellblade Hunter X,mhxx-dex-1.0
2018,烬灭刃狩猎之证11,Hellblade Hunter XI,mhxx-dex-1.0
2019,烬灭刃狩猎之证12,Hellblade Hunter XII,mhxx-dex-1.0
2020,烬灭刃狩猎之证13,Hellblade Hunter XIII,mhxx-dex-1.0
2021,烬灭刃狩猎之证14,Hellblade Hunter XIV,mhxx-dex-1.0
2022,烬灭刃狩猎之证15,Hellblade Hunter XV,mhxx-dex-1.0
2023,胧隐狩猎之证1,Nightcloak Hunter I,mhxx-dex-1.0
2024,胧隐狩猎之证2,Nightcloak Hunter II,mhxx-dex-1.0
2025,胧隐狩猎之证3,Nightcloak Hunter III,mhxx-dex-1.0
2026,胧隐狩猎之证4,Nightcloak Hunter IV,mhxx-dex-1.0
2027,胧隐狩猎之证5,Nightcloak Hunter V,mhxx-dex-1.0
2028,铠裂狩猎之证1,Rustrazor Hunter I,mhxx-dex-1.0
2029,铠裂狩猎之证2,Rustrazor Hunter II,mhxx-dex-1.0
2030,铠裂狩猎之证3,Rustrazor Hunter III,mhxx-dex-1.0
2031,铠裂狩猎之证4,Rustrazor Hunter IV,mhxx-dex-1.0
2032,铠裂狩猎之证5,Rustrazor Hunter V,mhxx-dex-1.0
2033,天眼狩猎之证1,Soulseer Hunter I,mhxx-dex-1.0
2034,天眼狩猎之证2,Soulseer Hunter II,mhxx-dex-1.0
2035,天眼狩猎之证3,Soulseer Hunter III,mhxx-dex-1.0
2036,天眼狩猎之证4,Soulseer Hunter IV,mhxx-dex-1.0
2037,天眼狩猎之证5,Soulseer Hunter V,mhxx-dex-1.0
2038,青电主狩猎之证1,Boltreaver Hunter I,mhxx-dex-1.0
2039,青电主狩猎之证2,Boltreaver Hunter II,mhxx-dex-1.0
2040,青电主狩猎之证3,Boltreaver Hunter III,mhxx-dex-1.0
2041,青电主狩猎之证4,Boltreaver Hunter IV,mhxx-dex-1.0
2042,青电主狩猎之证5,Boltreaver Hunter V,mhxx-dex-1.0
2043,银峰狩猎之证1,Elderfrost Hunter I,mhxx-dex-1.0
2044,银峰狩猎之证2,Elderfrost Hunter II,mhxx-dex-1.0
2045,银峰狩猎之证3,Elderfrost Hunter III,mhxx-dex-1.0
2046,银峰狩猎之证4,Elderfrost Hunter IV,mhxx-dex-1.0
2047,银峰狩猎之证5,Elderfrost Hunter V,mhxx-dex-1.0
2048,鏖魔狩猎之证1,Bloodbath Hunter I,mhxx-dex-1.0
2049,鏖魔狩猎之证2,Bloodbath Hunter II,mhxx-dex-1.0
2050,鏖魔狩猎之证3,Bloodbath Hunter III,mhxx-dex-1.0
2051,鏖魔狩猎之证4,Bloodbath Hunter IV,mhxx-dex-1.0
2052,鏖魔狩猎之证5,Bloodbath Hunter V,mhxx-dex-1.0
2053,皇家蜂蜜,Royal Honey,mhxx-dex-1.0
2054,特产菇,Unique Mushroom,mhxx-dex-1.0
2055,严选菇,Choice Mushroom,mhxx-dex-1.0
2056,熟成菇,Ripened Mushroom,mhxx-dex-1.0
2057,松茸王,Great Shroom,mhxx-dex-1.0
2058,深层菇,Abyssal Mushroom,mhxx-dex-1.0
2059,特产笋,Super Sprout,mhxx-dex-1.0
2060,热带草莓,Tropical Berry,mhxx-dex-1.0
2061,雪山草,Mountain Herbs,mhxx-dex-1.0
2062,特产紫萁,Unique Fern,mhxx-dex-1.0
2063,严选紫萁,Choice Fern,mhxx-dex-1.0
2064,黄金鱼,Goldenfish,mhxx-dex-1.0
2065,白金鱼,Silverfish,mhxx-dex-1.0
2066,锦鱼,Brocadefish,mhxx-dex-1.0
2067,王锦鱼,King Brocadefish,mhxx-dex-1.0
2068,多脂刺身鱼,Premium Sashimi,mhxx-dex-1.0
2069,皇家独角仙,Royal Rhino,mhxx-dex-1.0
2070,黄金独角仙,Divine Rhino,mhxx-dex-1.0
2071,银色蟋蟀,Silver Cricket,mhxx-dex-1.0
2072,金色蟋蟀,Gold Cricket,mhxx-dex-1.0
2073,不老蛾,Immortal Moth,mhxx-dex-1.0
2074,大不老蛾,Large Immortal Moth,mhxx-dex-1.0
2075,黄金石碎片,Auristone Piece,mhxx-dex-1.0
2076,黄金石碎块,Auristone Chunk,mhxx-dex-1.0
2077,花香石碎片,Balmstone Piece,mhxx-dex-1.0
2078,花香石块,Balmstone Chunk,mhxx-dex-1.0
2079,龙琥珀碎片,Dragon Amber Piece,mhxx-dex-1.0
2080,龙琥珀碎块,Dragon Amber Chunk,mhxx-dex-1.0
2081,龙骨结晶,Crystal Bone,mhxx-dex-1.0
2082,血石,Bloodstone,mhxx-dex-1.0
2083,深血石,Deep Bloodstone,mhxx-dex-1.0
2084,燃石炭,Coal,mhxx-dex-1.0
2085,强燃石炭,Volatile Coal,mhxx-dex-1.0
2086,化石骨,Fossilized Bone,mhxx-dex-1.0
2087,腐朽龙鳞,Decayed Scale,mhxx-dex-1.0
2088,白肝,White Liver,mhxx-dex-1.0
2089,垂皮油,Slagtoth Oil,mhxx-dex-1.0
2090,秘密袋,Secret Stash,mhxx-dex-1.0
2091,圆滚滚橡子,Round Acorn,mhxx-dex-1.0
2092,美丽的腹袋,Fine Stomach,mhxx-dex-1.0
2093,闪耀的腹袋,Luminous Stomach,mhxx-dex-1.0
2094,怪物肝,Monster Guts,mhxx-dex-1.0
2095,鱼龙肝,Piscine Liver,mhxx-dex-1.0
2096,波波舌,Popo Tongue,mhxx-dex-1.0
2097,背甲龙的肝,Apceros Liver,mhxx-dex-1.0
2098,古代树果实,Ancient Berry,mhxx-dex-1.0
2099,深睡莲的根,Water Lily Root,mhxx-dex-1.0
2100,深睡莲的莲藕,Water Lily Tuber,mhxx-dex-1.0
2101,云羊鹿天然毛,Moofah Fur,mhxx-dex-1.0
2102,美丽的贝壳,Beautiful Shell,mhxx-dex-1.0
2103,赫星石,Comet Rock,mhxx-dex-1.0
2104,高层杏鲍菇,Tall Mushroom,mhxx-dex-1.0
2105,丸鸟蛋,Gargwa Egg,mhxx-dex-1.0
2106,丸鸟金蛋,Gold Gargwa Egg,mhxx-dex-1.0
2107,龙蛋,Wyvern Egg,mhxx-dex-1.0
2108,灰水晶原石,Sootstone Ore,mhxx-dex-1.0
2109,白水晶原石,Quartz Ore,mhxx-dex-1.0
2110,火药岩,Powderstone,mhxx-dex-1.0
2111,肉食龙的蛋,Carnivore Egg,mhxx-dex-1.0
2112,陨石大碎块,Meteor Chunk,mhxx-dex-1.0
2113,远古化石,Eternal Fossil,mhxx-dex-1.0
2114,草食龙的蛋,Herbivore Egg,mhxx-dex-1.0
2115,大炮炮弹,Cannon Ammo,mhxx-dex-1.0
2116,公会旗帜,Guild Flag,mhxx-dex-1.0
2117,丸鸟粪,Gargwa Guano,mhxx-dex-1.0
2118,标记地盘的粪,Territorial Dung,mhxx-dex-1.0
2119,标记地盘的巨粪,Territorial Dung+,mhxx-dex-1.0
2120,军队的信息素,Drone Substance,mhxx-dex-1.0
2121,女王的信息素,Queen Substance,mhxx-dex-1.0
2122,蟾蜍泪,Toad Tear,mhxx-dex-1.0
2123,大颗蟾蜍泪,Large Toad Tear,mhxx-dex-1.0
2124,蟹黄,Carapaceon Brains,mhxx-dex-1.0
2125,极品蟹黄,Carapaceon Brains+,mhxx-dex-1.0
2126,宿珍珠,Crab Pearl,mhxx-dex-1.0
2127,极品宿珍珠,Crab Pearl+,mhxx-dex-1.0
2128,龙泪,Wyvern Tear,mhxx-dex-1.0
2129,大颗龙泪,Large Wyvern Tear,mhxx-dex-1.0
2130,牙兽泪,Beast Tear,mhxx-dex-1.0
2131,大颗牙兽泪,Large Beast Tear,mhxx-dex-1.0
2132,龙秘宝,Dragon Treasure,mhxx-dex-1.0
2133,古老的龙秘宝,Old Dragon Treasure,mhxx-dex-1.0
2134,狂龙结晶碎片,Frenzy Shard,mhxx-dex-1.0
2135,狂龙结晶,Frenzy Crystal,mhxx-dex-1.0
2136,不祥的狂龙结晶,Vile Frenzy Crystal,mhxx-dex-1.0
2137,白电宝宝,Khezu Whelp,mhxx-dex-1.0
2138,白电硬币,Khezu Coin,mhxx-dex-1.0
2139,绞蛇龙硬币,Najarala Coin,mhxx-dex-1.0
2140,火龙硬币,Rathalos Coin,mhxx-dex-1.0
2141,奇猿狐硬币,Kecha Coin,mhxx-dex-1.0
2142,水龙硬币,Plesioth Coin,mhxx-dex-1.0
2143,碎龙硬币,Brachydios Coin,mhxx-dex-1.0
2144,毒怪鸟硬币,Gypceros Coin,mhxx-dex-1.0
2145,大硬币,Drome Coin,mhxx-dex-1.0
2146,黑狼鸟硬币,Garuga Coin,mhxx-dex-1.0
2147,爆锤龙硬币,Uragaan Coin,mhxx-dex-1.0
2148,千刃龙硬币,Seregios Coin,mhxx-dex-1.0
2149,鬼蛙硬币,Tetsucabra Coin,mhxx-dex-1.0
2150,桃毛兽硬币,Congalala Coin,mhxx-dex-1.0
2151,坚角硬币,Horns Coin,mhxx-dex-1.0
2152,朴素的余料,Humble Scrap,mhxx-dex-1.0
2153,朴素的上等余料,Humble Scrap+,mhxx-dex-1.0
2154,朴素的贵重余料,Heavy Humble Scrap,mhxx-dex-1.0
2155,纯粹的余料,Handsome Scrap,mhxx-dex-1.0
2156,纯粹的上等余料,Handsome Scrap+,mhxx-dex-1.0
2157,纯粹的贵重余料,Heavy Handsome Scrap,mhxx-dex-1.0
2158,矿石的余料,Ore Scrap,mhxx-dex-1.0
2159,矿石的上等余料,Ore Scrap+,mhxx-dex-1.0
2160,矿石的贵重余料,Heavy Ore Scrap,mhxx-dex-1.0
2161,虫的余料,Insect Scrap,mhxx-dex-1.0
2162,虫的上等余料,Insect Scrap+,mhxx-dex-1.0
2163,虫的贵重余料,Heavy Insect Scrap,mhxx-dex-1.0
2164,骨的余料,Bone Scrap,mhxx-dex-1.0
2165,骨的上等余料,Bone Scrap+,mhxx-dex-1.0
2166,骨的贵重余料,Heavy Bone Scrap,mhxx-dex-1.0
2167,木头的余料,Wood Scrap,mhxx-dex-1.0
2168,木头的上等余料,Wood Scrap+,mhxx-dex-1.0
2169,木头的贵重余料,Heavy Wood Scrap,mhxx-dex-1.0
2170,毛皮的余料,Fur Scrap,mhxx-dex-1.0
2171,毛皮的上等余料,Fur Scrap+,mhxx-dex-1.0
2172,毛皮的贵重余料,Heavy Fur Scrap,mhxx-dex-1.0
2173,草食龙的余料,Rhenoplos Scrap,mhxx-dex-1.0
2174,草食龙的上等余料,Rhenoplos Scrap+,mhxx-dex-1.0
2175,草食龙的贵重余料,Heavy Rhenoplos Scrap,mhxx-dex-1.0
2176,垂皮龙的上等余料,Slagtoth Scrap+,mhxx-dex-1.0
2177,飞甲虫的余料,Bnahabra Scrap,mhxx-dex-1.0
2178,飞甲虫的上等余料,Bnahabra Scrap+,mhxx-dex-1.0
2179,飞甲虫的贵重余料,Heavy Bnahabra Scrap,mhxx-dex-1.0
2180,狗龙的余料,Great Jaggi Scrap,mhxx-dex-1.0
2181,狗龙的上等余料,Great Jaggi Scrap+,mhxx-dex-1.0
2182,狗龙的贵重余料,Hvy Great Jaggi Scrap,mhxx-dex-1.0
2183,跳狗龙的余料,Maccao Scrap,mhxx-dex-1.0
2184,跳狗龙的上等余料,Maccao Scrap+,mhxx-dex-1.0
2185,跳狗龙的贵重余料,Heavy Maccao Scrap,mhxx-dex-1.0
2186,蓝速龙的余料,Velociprey Scrap,mhxx-dex-1.0
2187,蓝速龙的上等余料,Velociprey Scrap+,mhxx-dex-1.0
2188,蓝速龙的贵重余料,Heavy Velociprey Scrap,mhxx-dex-1.0
2189,白速龙的上等余料,Giaprey Scrap+,mhxx-dex-1.0
2190,白速龙的贵重余料,Heavy Giaprey Scrap,mhxx-dex-1.0
2191,黄速龙的余料,Genprey Scrap,mhxx-dex-1.0
2192,黄速龙的上等余料,Genprey Scrap+,mhxx-dex-1.0
2193,黄速龙的贵重余料,Heavy Genprey Scrap,mhxx-dex-1.0
2194,红速龙的余料,Ioprey Scrap,mhxx-dex-1.0
2195,红速龙的上等余料,Ioprey Scrap+,mhxx-dex-1.0
2196,红速龙的贵重余料,Heavy Ioprey Scrap,mhxx-dex-1.0
2197,青熊兽的余料,Arzuros Scrap,mhxx-dex-1.0
2198,青熊兽的上等余料,Arzuros Scrap+,mhxx-dex-1.0
2199,青熊兽的贵重余料,Heavy Arzuros Scrap,mhxx-dex-1.0
2200,红盔的余料,Redhelm Scrap,mhxx-dex-1.0
2201,红盔的铭余料,Prime Redhelm Scrap,mhxx-dex-1.0
2202,红盔的真余料,Elite Redhelm Scrap,mhxx-dex-1.0
2203,红盔的天余料,Perfect Redhelm Scrap,mhxx-dex-1.0
2204,白兔兽的余料,Lagombi Scrap,mhxx-dex-1.0
2205,白兔兽的上等余料,Lagombi Scrap+,mhxx-dex-1.0
2206,白兔兽的贵重余料,Heavy Lagombi Scrap,mhxx-dex-1.0
2207,大雪主的余料,Snowbaron Scrap,mhxx-dex-1.0
2208,大雪主的铭余料,Prime Snowbaron Scrap,mhxx-dex-1.0
2209,大雪主的真余料,Elite Snowbaron Scrap,mhxx-dex-1.0
2210,大雪主的天余料,Perfect Snowbaron Scrap,mhxx-dex-1.0
2211,赤甲兽的余料,Volvidon Scrap,mhxx-dex-1.0
2212,赤甲兽的上等余料,Volvidon Scrap+,mhxx-dex-1.0
2213,赤甲兽的贵重余料,Heavy Volvidon Scrap,mhxx-dex-1.0
2214,怪鸟的余料,Yian Kut-Ku Scrap,mhxx-dex-1.0
2215,怪鸟的上等余料,Yian Kut-Ku Scrap+,mhxx-dex-1.0
2216,怪鸟的贵重余料,Heavy Yian Kut-Ku Scrap,mhxx-dex-1.0
2217,怪鸟的猛余料,Hyper Kut-Ku Scrap,mhxx-dex-1.0
2218,怪鸟的狞余料,Hyper Kut-Ku Scrap X,mhxx-dex-1.0
2219,毒怪鸟的余料,Gypceros Scrap,mhxx-dex-1.0
2220,毒怪鸟的上等余料,Gypceros Scrap+,mhxx-dex-1.0
2221,毒怪鸟的贵重余料,Heavy Gypceros Scrap,mhxx-dex-1.0
2222,毒怪鸟的猛余料,Hyper Gypceros Scrap,mhxx-dex-1.0
2223,毒怪鸟的狞余料,Hyper Gypceros Scrap X,mhxx-dex-1.0
2224,夜鸟的余料,Malfestio Scrap,mhxx-dex-1.0
2225,夜鸟的上等余料,Malfestio Scrap+,mhxx-dex-1.0
2226,夜鸟的贵重余料,Heavy Malfestio Scrap,mhxx-dex-1.0
2227,夜鸟的猛余料,Hyper Malfestio Scrap,mhxx-dex-1.0
2228,夜鸟的狞余料,Hyper Malfestio Scrap X,mhxx-dex-1.0
2229,胧隐的真余料,Elite Nightcloak Scrap,mhxx-dex-1.0
2230,胧隐的天余料,Perf. Nightcloak Scrap,mhxx-dex-1.0
2231,黑狼鸟的余料,Yian Garuga Scrap,mhxx-dex-1.0
2232,黑狼鸟的上等余料,Yian Garuga Scrap+,mhxx-dex-1.0
2233,黑狼鸟的贵重余料,Hvy Yian Garuga Scrap,mhxx-dex-1.0
2234,黑狼鸟的猛余料,Hyper Garuga Scrap,mhxx-dex-1.0
2235,黑狼鸟的狞余料,Hyper Garuga Scrap X,mhxx-dex-1.0
2236,独眼的余料,Deadeye Scrap,mhxx-dex-1.0
2237,独眼的铭余料,Prime Deadeye Scrap,mhxx-dex-1.0
2238,独眼的真余料,Elite Deadeye Scrap,mhxx-dex-1.0
2239,独眼的天余料,Perfect Deadeye Scrap,mhxx-dex-1.0
2240,野猪王的余料,Bulldrome Scrap,mhxx-dex-1.0
2241,野猪王的上等余料,Bulldrome Scrap+,mhxx-dex-1.0
2242,野猪王的贵重余料,Heavy Bulldrome Scrap,mhxx-dex-1.0
2243,桃毛兽的上等余料,Congalala Scrap+,mhxx-dex-1.0
2244,桃毛兽的贵重余料,Heavy Congalala Scrap,mhxx-dex-1.0
2245,桃毛兽的狞余料,Hyper Congalala Scrap,mhxx-dex-1.0
2246,雪狮子的余料,Blangonga Scrap,mhxx-dex-1.0
2247,雪狮子的上等余料,Blangonga Scrap+,mhxx-dex-1.0
2248,雪狮子的贵重余料,Heavy Blangonga Scrap,mhxx-dex-1.0
2249,雪狮子的猛余料,Hyper Blangonga Scrap,mhxx-dex-1.0
2250,雪狮子的狞余料,Hypr Blangonga Scrap X,mhxx-dex-1.0
2251,奇猿狐的上等余料,Kecha Wacha Scrap+,mhxx-dex-1.0
2252,奇猿狐的贵重余料,Hvy Kecha Wacha Scrap,mhxx-dex-1.0
2253,奇猿狐的猛余料,Hyper Kecha Scrap,mhxx-dex-1.0
2254,奇猿狐的狞余料,Hyper Kecha Scrap X,mhxx-dex-1.0
2255,砂龙的余料,Cephalos Scrap,mhxx-dex-1.0
2256,砂龙的上等余料,Cephalos Scrap+,mhxx-dex-1.0
2257,砂龙的贵重余料,Heavy Cephalos Scrap,mhxx-dex-1.0
2258,水龙的上等余料,Plesioth Scrap+,mhxx-dex-1.0
2259,水龙的贵重余料,Heavy Plesioth Scrap,mhxx-dex-1.0
2260,水龙的猛余料,Hyper Plesioth Scrap,mhxx-dex-1.0
2261,水龙的狞余料,Hyper Plesioth Scrap X,mhxx-dex-1.0
2262,熔岩龙的上等余料,Lavasioth Scrap+,mhxx-dex-1.0
2263,岩龙的贵重余料,Heavy Lavasioth Scrap,mhxx-dex-1.0
2264,熔岩龙的猛余料,Hyper Lavasioth Scrap,mhxx-dex-1.0
2265,熔岩龙的狞余料,Hyper Lavasioth Scrap X,mhxx-dex-1.0
2266,水兽的余料,Royal Ludroth Scrap,mhxx-dex-1.0
2267,水兽的上等余料,Royal Ludroth Scrap+,mhxx-dex-1.0
2268,水兽的贵重余料,Heavy R.Ludroth Scrap,mhxx-dex-1.0
2269,水兽的猛余料,Hyper R.Ludroth Scrap,mhxx-dex-1.0
2270,水兽的狞余料,Hyper R.Ludroth Scrap X,mhxx-dex-1.0
2271,潜口龙的余料,Nibelsnarf Scrap,mhxx-dex-1.0
2272,潜口龙的上等余料,Nibelsnarf Scrap+,mhxx-dex-1.0
2273,潜口龙的贵重余料,Heavy Nibelsnarf Scrap,mhxx-dex-1.0
2274,潜口龙的猛余料,Hyper Nibelsnarf Scrap,mhxx-dex-1.0
2275,潜口龙的狞余料,Hypr Nibelsnarf Scrap X,mhxx-dex-1.0
2276,海龙的余料,Lagiacrus Scrap,mhxx-dex-1.0
2277,海龙的上等余料,Lagiacrus Scrap+,mhxx-dex-1.0
2278,海龙的贵重余料,Heavy Lagiacrus Scrap,mhxx-dex-1.0
2279,海龙的猛余料,Hyper Lagiacrus Scrap,mhxx-dex-1.0
2280,海龙的狞余料,Hyper Lagiacrus Scrap X,mhxx-dex-1.0
2281,炎戈龙的上等余料,Agnaktor Scrap+,mhxx-dex-1.0
2282,炎戈龙的贵重余料,Heavy Agnaktor Scrap,mhxx-dex-1.0
2283,炎戈龙的猛余料,Hyper Agnaktor Scrap,mhxx-dex-1.0
2284,炎戈龙的狞余料,Hyper Agnaktor Scrap X,mhxx-dex-1.0
2285,鬼蛙的余料,Tetsucabra Scrap,mhxx-dex-1.0
2286,鬼蛙的上等余料,Tetsucabra Scrap+,mhxx-dex-1.0
2287,鬼蛙的贵重余料,Heavy Tetsucabra Scrap,mhxx-dex-1.0
2288,鬼蛙的猛余料,Hyper Tetsu. Scrap,mhxx-dex-1.0
2289,鬼蛙的狞余料,Hyper Tetsu. Scrap X,mhxx-dex-1.0
2290,岩穿的余料,Drilltusk Scrap,mhxx-dex-1.0
2291,岩穿的铭余料,Prime Drilltusk Scrap,mhxx-dex-1.0
2292,岩穿的真余料,Elite Drilltusk Scrap,mhxx-dex-1.0
2293,岩穿的天余料,Perfect Drilltusk Scrap,mhxx-dex-1.0
2294,变形冰鲨的上等余料,Zamtrios Scrap+,mhxx-dex-1.0
2295,变形冰鲨的贵重余料,Heavy Zamtrios Scrap,mhxx-dex-1.0
2296,变形冰鲨的猛余料,Hyper Zamtrios Scrap,mhxx-dex-1.0
2297,变形冰鲨的狞余料,Hyper Zamtrios Scrap X,mhxx-dex-1.0
2298,绞蛇龙的余料,Najarala Scrap,mhxx-dex-1.0
2299,绞蛇龙的上等余料,Najarala Scrap+,mhxx-dex-1.0
2300,绞蛇龙的贵重余料,Heavy Najarala Scrap,mhxx-dex-1.0
2301,绞蛇龙的猛余料,Hyper Najarala Scrap,mhxx-dex-1.0
2302,绞蛇龙的狞余料,Hyper Najarala Scrap X,mhxx-dex-1.0
2303,盾蟹的余料,Hermitaur Scrap,mhxx-dex-1.0
2304,盾蟹的上等余料,Hermitaur Scrap+,mhxx-dex-1.0
2305,盾蟹的贵重余料,Heavy Hermitaur Scrap,mhxx-dex-1.0
2306,盾蟹的猛余料,Hyper Hermitaur Scrap,mhxx-dex-1.0
2307,盾蟹的狞余料,Hypr Hermitaur Scrap X,mhxx-dex-1.0
2308,矛碎的余料,Stonefist Scrap,mhxx-dex-1.0
2309,矛碎的铭余料,Prime Stonefist Scrap,mhxx-dex-1.0
2310,矛碎的真余料,Elite Stonefist Scrap,mhxx-dex-1.0
2311,矛碎的天余料,Perfect Stonefist Scrap,mhxx-dex-1.0
2312,镰蟹的余料,Shogun Scrap,mhxx-dex-1.0
2313,镰蟹的上等余料,Shogun Scrap+,mhxx-dex-1.0
2314,镰蟹的贵重余料,Heavy Shogun Scrap,mhxx-dex-1.0
2315,镰蟹的猛余料,Hyper Shogun Scrap,mhxx-dex-1.0
2316,镰蟹的狞余料,Hyper Shogun Scrap X,mhxx-dex-1.0
2317,铠裂的真余料,Elite Rustrazor Scrap,mhxx-dex-1.0
2318,铠裂的天余料,Perfect Rustrazor Scrap,mhxx-dex-1.0
2319,影蜘蛛的上等余料,Nerscylla Scrap+,mhxx-dex-1.0
2320,影蜘蛛的贵重余料,Heavy Nerscylla Scrap,mhxx-dex-1.0
2321,影蜘蛛的狞余料,Hyper Nerscylla Scrap X,mhxx-dex-1.0
2322,重甲虫的上等余料,Seltas Queen Scrap+,mhxx-dex-1.0
2323,重甲虫的贵重余料,Heavy S.Queen Scrap,mhxx-dex-1.0
2324,重甲虫的猛余料,Hyper S.Queen Scrap,mhxx-dex-1.0
2325,重甲虫的狞余料,Hyper S.Queen Scrap X,mhxx-dex-1.0
2326,土砂龙的上等余料,Barroth Scrap+,mhxx-dex-1.0
2327,土砂龙的贵重余料,Heavy Barroth Scrap,mhxx-dex-1.0
2328,土砂龙的狞余料,Hyper Barroth Scrap X,mhxx-dex-1.0
2329,爆锤龙的余料,Uragaan Scrap,mhxx-dex-1.0
2330,爆锤龙的上等余料,Uragaan Scrap+,mhxx-dex-1.0
2331,爆锤龙的贵重余料,Heavy Uragaan Scrap,mhxx-dex-1.0
2332,爆锤龙的猛余料,Hyper Uragaan Scrap,mhxx-dex-1.0
2333,爆锤龙的狞余料,Hyper Uragaan Scrap X,mhxx-dex-1.0
2334,宝缠的余料,Crystalbeard Scrap,mhxx-dex-1.0
2335,宝缠的铭余料,Prime C.beard Scrap,mhxx-dex-1.0
2336,宝缠的真余料,Elite C.beard Scrap,mhxx-dex-1.0
2337,宝缠的天余料,Perfect C.beard Scrap,mhxx-dex-1.0
2338,碎龙的余料,Brach Scrap,mhxx-dex-1.0
2339,碎龙的上等余料,Brach Scrap+,mhxx-dex-1.0
2340,碎龙的贵重余料,Heavy Brach Scrap,mhxx-dex-1.0
2341,碎龙的猛余料,Hyper Brach Scrap,mhxx-dex-1.0
2342,碎龙的狞余料,Hyper Brach Scrap X,mhxx-dex-1.0
2343,尾锤龙的上等余料,Duramboros Scrap+,mhxx-dex-1.0
2344,尾锤龙的贵重余料,Heavy Duram Scrap,mhxx-dex-1.0
2345,尾锤龙的猛余料,Hyper Duram Scrap,mhxx-dex-1.0
2346,尾锤龙的狞余料,Hyper Duram Scrap X,mhxx-dex-1.0
2347,有弹性的余料,Khezu Scrap,mhxx-dex-1.0
2348,珍珠色的上等余料,Khezu Scrap+,mhxx-dex-1.0
2349,珍珠色的贵重余料,Heavy Khezu Scrap,mhxx-dex-1.0
2350,珍珠色的猛余料,Hyper Khezu Scrap,mhxx-dex-1.0
2351,珍珠色的狞余料,Hyper Khezu Scrap X,mhxx-dex-1.0
2352,迅龙的余料,Nargacuga Scrap,mhxx-dex-1.0
2353,迅龙的上等余料,Nargacuga Scrap+,mhxx-dex-1.0
2354,迅龙的贵重余料,Heavy Nargacuga Scrap,mhxx-dex-1.0
2355,迅龙的猛余料,Hyper Nargacuga Scrap,mhxx-dex-1.0
2356,迅龙的狞余料,Hyper Narga Scrap X,mhxx-dex-1.0
2357,白疾风的余料,Silverwind Scrap,mhxx-dex-1.0
2358,白疾风的铭余料,Prime Silverwind Scrap,mhxx-dex-1.0
2359,白疾风的真余料,Elite Silverwind Scrap,mhxx-dex-1.0
2360,白疾风的天余料,Perfect Silverwind Scrap,mhxx-dex-1.0
2361,冰牙龙的上等余料,Barioth Scrap+,mhxx-dex-1.0
2362,冰牙龙的贵重余料,Heavy Barioth Scrap,mhxx-dex-1.0
2363,冰牙龙的狞余料,Hyper Barioth Scrap X,mhxx-dex-1.0
2364,岩龙的上等余料,Basarios Scrap+,mhxx-dex-1.0
2365,岩龙的贵重余料,Heavy Basarios Scrap,mhxx-dex-1.0
2366,岩龙的狞余料,Hyper Basarios Scrap X,mhxx-dex-1.0
2367,铠龙的上等余料,Gravios Scrap+,mhxx-dex-1.0
2368,铠龙的贵重余料,Heavy Gravios Scrap,mhxx-dex-1.0
2369,铠龙的狞余料,Hyper Gravios Scrap X,mhxx-dex-1.0
2370,雌火龙的余料,Rathian Scrap,mhxx-dex-1.0
2371,雌火龙的上等余料,Rathian Scrap+,mhxx-dex-1.0
2372,雌火龙的贵重余料,Heavy Rathian Scrap,mhxx-dex-1.0
2373,雌火龙的猛余料,Hyper Rathian Scrap,mhxx-dex-1.0
2374,雌火龙的狞余料,Hyper Rathian Scrap X,mhxx-dex-1.0
2375,紫毒姬的余料,Dreadqueen Scrap,mhxx-dex-1.0
2376,紫毒姬的铭余料,Prime Dreadqueen Scrap,mhxx-dex-1.0
2377,紫毒姬的狞余料,Elite Dreadqueen Scrap,mhxx-dex-1.0
2378,紫毒姬的天余料,Perfect Drdqueen Scrap,mhxx-dex-1.0
2379,火龙的余料,Rathalos Scrap,mhxx-dex-1.0
2380,火龙的上等余料,Rathalos Scrap+,mhxx-dex-1.0
2381,火龙的贵重余料,Heavy Rathalos Scrap,mhxx-dex-1.0
2382,火龙的猛余料,Hyper Rathalos Scrap,mhxx-dex-1.0
2383,火龙的狞余料,Hyper Rathalos Scrap X,mhxx-dex-1.0
2384,黑炎王的余料,Dreadking Scrap,mhxx-dex-1.0
2385,黑炎王的铭余料,Prime Dreadking Scrap,mhxx-dex-1.0
2386,黑炎王的真余料,Elite Dreadking Scrap,mhxx-dex-1.0
2387,黑炎王的天余料,Perfect Dreadking Scrap,mhxx-dex-1.0
2388,雷狼龙的余料,Zinogre Scrap,mhxx-dex-1.0
2389,雷狼龙的上等余料,Zinogre Scrap+,mhxx-dex-1.0
2390,雷狼龙的贵重余料,Heavy Zinogre Scrap,mhxx-dex-1.0
2391,雷狼龙的猛余料,Hyper Zinogre Scrap,mhxx-dex-1.0
2392,雷狼龙的狞余料,Hyper Zinogre Scrap X,mhxx-dex-1.0
2393,金雷公的余料,Thunderlord Scrap,mhxx-dex-1.0
2394,金雷公的铭余料,Prime Thunderlord Scrap,mhxx-dex-1.0
2395,金雷公的真余料,Elite Thunderlord Scrap,mhxx-dex-1.0
2396,金雷公的天余料,Perf. Thunderlord Scrap,mhxx-dex-1.0
2397,电龙的余料,Astalos Scrap,mhxx-dex-1.0
2398,电龙的上等余料,Astalos Scrap+,mhxx-dex-1.0
2399,电龙的贵重余料,Heavy Astalos Scrap,mhxx-dex-1.0
2400,电龙的猛余料,Hyper Astalos Scrap,mhxx-dex-1.0
2401,电龙的狞余料,Hyper Astalos Scrap X,mhxx-dex-1.0
2402,青电主的真余料,Elite Boltreaver Scrap,mhxx-dex-1.0
2403,青电主的天余料,Perfect Boltreaver Scrap,mhxx-dex-1.0
2404,巨兽的余料,Gammoth Scrap,mhxx-dex-1.0
2405,巨兽的上等余料,Gammoth Scrap+,mhxx-dex-1.0
2406,巨兽的贵重余料,Heavy Gammoth Scrap,mhxx-dex-1.0
2407,巨兽的猛余料,Hyper Gammoth Scrap,mhxx-dex-1.0
2408,巨兽的狞余料,Hypr Gammoth Scrap X,mhxx-dex-1.0
2409,银峰的真余料,Elite Elderfrost Scrap,mhxx-dex-1.0
2410,银峰的天余料,Perfect Elderfrost Scrap,mhxx-dex-1.0
2411,泡狐龙的余料,Mizutsune Scrap,mhxx-dex-1.0
2412,泡狐龙的上等余料,Mizutsune Scrap+,mhxx-dex-1.0
2413,泡狐龙的贵重余料,Heavy Mizutsune Scrap,mhxx-dex-1.0
2414,泡狐龙的猛余料,Hyper Mizutsune Scrap,mhxx-dex-1.0
2415,泡狐龙的狞余料,Hyper Mizutsune Scrap X,mhxx-dex-1.0
2416,天眼的真余料,Elite Soulseer Scrap,mhxx-dex-1.0
2417,天眼的天余料,Perfect Soulseer Scrap,mhxx-dex-1.0
2418,斩龙的余料,Glavenus Scrap,mhxx-dex-1.0
2419,斩龙的上等余料,Glavenus Scrap+,mhxx-dex-1.0
2420,斩龙的贵重余料,Heavy Glavenus Scrap,mhxx-dex-1.0
2421,斩龙的猛余料,Hyper Glavenus Scrap,mhxx-dex-1.0
2422,斩龙的狞余料,Hyper Glavenus Scrap X,mhxx-dex-1.0
2423,烬灭刃的余料,Hellblade Scrap,mhxx-dex-1.0
2424,烬灭刃的铭余料,Prime Hellblade Scrap,mhxx-dex-1.0
2425,烬灭刃的真余料,Elite Hellblade Scrap,mhxx-dex-1.0
2426,烬灭刃的天余料,Perfect Hellblade Scrap,mhxx-dex-1.0
2427,轰龙的余料,Tigrex Scrap,mhxx-dex-1.0
2428,轰龙的上等余料,Tigrex Scrap+,mhxx-dex-1.0
2429,轰龙的贵重余料,Heavy Tigrex Scrap,mhxx-dex-1.0
2430,轰龙的猛余料,Hyper Tigrex Scrap,mhxx-dex-1.0
2431,轰龙的狞余料,Hyper Tigrex Scrap X,mhxx-dex-1.0
2432,荒钩爪的余料,Grimclaw Scrap,mhxx-dex-1.0
2433,荒钩爪的铭余料,Prime Grimclaw Scrap,mhxx-dex-1.0
2434,荒钩爪的真余料,Elite Grimclaw Scrap,mhxx-dex-1.0
2435,荒钩爪的天余料,Perfect Grimclaw Scrap,mhxx-dex-1.0
2436,千刃龙的余料,Seregios Scrap,mhxx-dex-1.0
2437,千刃龙的上等余料,Seregios Scrap+,mhxx-dex-1.0
2438,千刃龙的贵重余料,Heavy Seregios Scrap,mhxx-dex-1.0
2439,千刃龙的猛余料,Hyper Seregios Scrap,mhxx-dex-1.0
2440,千刃龙的狞余料,Hyper Seregios Scrap X,mhxx-dex-1.0
2441,角龙的上等余料,Diablos Scrap+,mhxx-dex-1.0
2442,角龙的贵重余料,Heavy Diablos Scrap,mhxx-dex-1.0
2443,角龙的狞余料,Hyper Diablos Scrap X,mhxx-dex-1.0
2444,鏖魔的真余料,Elite Bloodbath Scrap,mhxx-dex-1.0
2445,鏖魔的天余料,Perfect Bloodbath Scrap,mhxx-dex-1.0
2446,黑蚀龙的余料,Gore Magala Scrap,mhxx-dex-1.0
2447,黑蚀龙的上等余料,Gore Magala Scrap+,mhxx-dex-1.0
2448,黑蚀龙的贵重余料,Heavy G.Magala Scrap,mhxx-dex-1.0
2449,黑蚀龙的猛余料,Hyper G.Magala Scrap,mhxx-dex-1.0
2450,黑蚀龙的狞余料,Hyper G.Magala Scrap X,mhxx-dex-1.0
2451,混沌的贵重余料,Heavy Chaotic Scrap,mhxx-dex-1.0
2452,天廻龙的余料,Shagaru Magala Scrap,mhxx-dex-1.0
2453,天廻龙的上等余料,S.Magala Scrap+,mhxx-dex-1.0
2454,天廻龙的贵重余料,Heavy S.Magala Scrap,mhxx-dex-1.0
2455,金狮子的上等余料,Rajang Scrap+,mhxx-dex-1.0
2456,金狮子的贵重余料,Heavy Rajang Scrap,mhxx-dex-1.0
2457,金狮子的猛余料,Hyper Rajang Scrap,mhxx-dex-1.0
2458,金狮子的狞余料,Hyper Rajang Scrap X,mhxx-dex-1.0
2459,恐暴龙的上等余料,Deviljho Scrap+,mhxx-dex-1.0
2460,恐暴龙的贵重余料,Heavy Deviljho Scrap,mhxx-dex-1.0
2461,恐暴龙的猛余料,Hyper Deviljho Scrap,mhxx-dex-1.0
2462,恐暴龙的狞余料,Hyper Deviljho Scrap X,mhxx-dex-1.0
2463,麒麟的余料,Kirin Scrap,mhxx-dex-1.0
2464,麒麟的上等余料,Kirin Scrap+,mhxx-dex-1.0
2465,麒麟的贵重余料,Heavy Kirin Scrap,mhxx-dex-1.0
2466,钢龙的余料,Kushala Daora Scrap,mhxx-dex-1.0
2467,钢龙的上等余料,Kushala Daora Scrap+,mhxx-dex-1.0
2468,钢龙的贵重余料,Heavy K.Daora Scrap,mhxx-dex-1.0
2469,霞龙的余料,Chameleos Scrap,mhxx-dex-1.0
2470,霞龙的上等余料,Chameleos Scrap+,mhxx-dex-1.0
2471,霞龙的贵重余料,Heavy Chameleos Scrap,mhxx-dex-1.0
2472,炎王龙的余料,Teostra Scrap,mhxx-dex-1.0
2473,炎王龙的上等余料,Teostra Scrap+,mhxx-dex-1.0
2474,炎王龙的贵重余料,Heavy Teostra Scrap,mhxx-dex-1.0
2475,霸龙的上等余料,Akantor Scrap+,mhxx-dex-1.0
2476,霸龙的贵重余料,Heavy Akantor Scrap,mhxx-dex-1.0
2477,崩龙的上等余料,Ukanlos Scrap+,mhxx-dex-1.0
2478,崩龙的贵重余料,Heavy Ukanlos Scrap,mhxx-dex-1.0
2479,煌黑龙的上等余料,Alatreon Scrap+,mhxx-dex-1.0
2480,煌黑龙的贵重余料,Heavy Alatreon Scrap,mhxx-dex-1.0
2481,岚龙的上等余料,Amatsu Scrap+,mhxx-dex-1.0
2482,岚龙的贵重余料,Heavy Amatsu Scrap,mhxx-dex-1.0
2483,老山龙的贵重余料,Heavy Lao Shan Scrap,mhxx-dex-1.0
2484,黑龙的贵重余料,Heavy Fatalis Scrap,mhxx-dex-1.0
2485,黑龙的红色贵重余料,Heavy C.Fatalis Scrap,mhxx-dex-1.0
2486,祖龙的贵重余料,Heavy O.Fatalis Scrap,mhxx-dex-1.0
2487,残骸的余料,Husk Scrap,mhxx-dex-1.0
2488,残骸的上等余料,Husk Scrap+,mhxx-dex-1.0
2489,残骸的贵重余料,Heavy Husk Scrap,mhxx-dex-1.0
2490,骸龙的上等余料,Nakarkos Scrap+,mhxx-dex-1.0
2491,骸龙的贵重余料,Heavy Narkakos Scrap,mhxx-dex-1.0
2492,天彗龙的上等余料,Valstrax Scrap+,mhxx-dex-1.0
2493,天彗龙的贵重余料,Heavy Valstrax Scrap,mhxx-dex-1.0
2494,阁螳螂的贵重余料,Heavy Ahtal-Ka Scrap,mhxx-dex-1.0
2495,狞猛的余料,Hyper Scrap,mhxx-dex-1.0
2496,狞猛的猛余料,Hyper Scrap+,mhxx-dex-1.0
2497,狞猛的狞余料,Hyper Scrap X,mhxx-dex-1.0
2498,狞猛的狞猛余料,Hyper Scrap XX,mhxx-dex-1.0
2499,异形的余料,Irregular Scrap,mhxx-dex-1.0
2500,异形的铭余料,Prime Irregular Scrap,mhxx-dex-1.0
2501,异形的真余料,Elite Irregular Scrap,mhxx-dex-1.0
2502,雌火龙的？？？？,Rathian Item,mhxx-dex-1.0
2503,金火龙的？？？？,Gold Rathian Item,mhxx-dex-1.0
2504,紫毒姬的？？？？,Dreadqueen Item,mhxx-dex-1.0
2505,火龙的？？？？？,Rathalos Item,mhxx-dex-1.0
2506,银火龙的？？？？,Silver Rathalos Item,mhxx-dex-1.0
2507,黑炎王的？？？？,Dreadking Item,mhxx-dex-1.0
2508,富有弹性的？？？,Khezu Item,mhxx-dex-1.0
2509,怪鸟的？？？？？,Yian Kut-Ku Item,mhxx-dex-1.0
2510,毒怪鸟的？？？？,Gypceros Item,mhxx-dex-1.0
2511,水龙的？？？？？,Plesioth Item,mhxx-dex-1.0
2512,麒麟的？？？？？,Kirin Item,mhxx-dex-1.0
2513,蓝速龙王的？？？,Velocidrome Item,mhxx-dex-1.0
2514,黄速龙王的？？？,Gendrome Item,mhxx-dex-1.0
2515,红速龙王的？？？,Iodrome Item,mhxx-dex-1.0
2516,砂龙王的？？？？,Cephadrome Item,mhxx-dex-1.0
2517,黑狼鸟的？？？？,Yian Garuga Item,mhxx-dex-1.0
2518,独眼的？？？？？,Deadeye Item,mhxx-dex-1.0
2519,大名盾蟹的？？？,Daimyo Hermitaur Item,mhxx-dex-1.0
2520,矛碎的？？？？？,Stonefist Item,mhxx-dex-1.0
2521,将军镰蟹的？？？,Shogun Ceanataur Item,mhxx-dex-1.0
2522,雪狮子王的？？？,Blangonga Item,mhxx-dex-1.0
2523,金狮子的？？？？,Rajang Item,mhxx-dex-1.0
2524,激昂金狮子的？？,Furious Rajang Item,mhxx-dex-1.0
2525,钢龙的？？？？？,Kushala Daora Item,mhxx-dex-1.0
2526,霞龙的？？？？？,Chameleos Item,mhxx-dex-1.0
2527,炎王龙的？？？？,Teostra Item,mhxx-dex-1.0
2528,野猪王的？？？？,Bulldrome Item,mhxx-dex-1.0
2529,轰龙的？？？？？,Tigrex Item,mhxx-dex-1.0
2530,荒钩爪的？？？？,Grimclaw Item,mhxx-dex-1.0
2531,霸龙的？？？？？,Akantor Item,mhxx-dex-1.0
2532,熔岩龙的？？？？,Lavasioth Item,mhxx-dex-1.0
2533,迅龙的？？？？？,Nargacuga Item,mhxx-dex-1.0
2534,白疾风的？？？？,Silverwind Item,mhxx-dex-1.0
2535,崩龙的？？？？？,Ukanlos Item,mhxx-dex-1.0
2536,恐暴龙的？？？？,Deviljho Item,mhxx-dex-1.0
2537,怒食恐暴龙的？？,Savage Deviljho Item,mhxx-dex-1.0
2538,爆锤龙的？？？？,Uragaan Item,mhxx-dex-1.0
2539,宝缠的？？？？？,Crystalbeard Item,mhxx-dex-1.0
2540,海龙的？？？？？,Lagiacrus Item,mhxx-dex-1.0
2541,水兽的？？？？？,Royal Ludroth Item,mhxx-dex-1.0
2542,炎戈龙的？？？？,Agnaktor Item,mhxx-dex-1.0
2543,煌黑龙的？？？？,Alatreon Item,mhxx-dex-1.0
2544,尾锤龙的？？？？,Duramboros Item,mhxx-dex-1.0
2545,潜口龙的？？？？,Nibelsnarf Item,mhxx-dex-1.0
2546,雷狼龙的？？？？,Zinogre Item,mhxx-dex-1.0
2547,金雷公的？？？？,Thunderlord Item,mhxx-dex-1.0
2548,岚龙的？？？？？,Amatsu Item,mhxx-dex-1.0
2549,青熊兽的？？？？,Arzuros Item,mhxx-dex-1.0
2550,红盔的？？？？？,Redhelm Item,mhxx-dex-1.0
2551,白兔兽的？？？？,Lagombi Item,mhxx-dex-1.0
2552,大雪主的？？？？,Snowbaron Item,mhxx-dex-1.0
2553,赤甲兽的？？？？,Volvidon Item,mhxx-dex-1.0
2554,碎龙的？？？？？,Brachydios Item,mhxx-dex-1.0
2555,奇猿狐的？？？？,Kecha Wacha Item,mhxx-dex-1.0
2556,鬼蛙的？？？？？,Tetsucabra Item,mhxx-dex-1.0
2557,岩穿的？？？？？,Drilltusk Item,mhxx-dex-1.0
2558,变形冰鲨的？？？,Zamtrios Item,mhxx-dex-1.0
2559,绞蛇龙的？？？？,Najarala Item,mhxx-dex-1.0
2560,重甲虫的？？？？,Seltas Queen Item,mhxx-dex-1.0
2561,黑蚀龙的？？？？,Gore Magala Item,mhxx-dex-1.0
2562,天廻龙的？？？？,Shagaru Magala Item,mhxx-dex-1.0
2563,穿甲虫的？？？？,Seltas Item,mhxx-dex-1.0
2564,千刃龙的？？？？,Seregios Item,mhxx-dex-1.0
2565,夜鸟的？？？？？,Malfestio Item,mhxx-dex-1.0
2566,斩龙的？？？？？,Glavenus Item,mhxx-dex-1.0
2567,烬灭刃的？？？？,Hellblade Item,mhxx-dex-1.0
2568,电龙的？？？？？,Astalos Item,mhxx-dex-1.0
2569,泡狐龙的？？？？,Mizutsune Item,mhxx-dex-1.0
2570,巨兽的？？？？？,Gammoth Item,mhxx-dex-1.0
2571,骸龙的？？？？？,Nakarkos Item,mhxx-dex-1.0
2572,跳狗龙王的？？？,Great Maccao Item,mhxx-dex-1.0
2573,草食龙的？？？？,Aptonoth Item,mhxx-dex-1.0
2574,背甲龙的？？？？,Apceros Item,mhxx-dex-1.0
2575,精灵鹿的？？？？,Kelbi Item,mhxx-dex-1.0
2576,蘑菇猪的？？？？,Mosswine Item,mhxx-dex-1.0
2577,巨甲虫的？？？？,Hornetaur Item,mhxx-dex-1.0
2578,巨蜂的？？？？？,Vespoid Item,mhxx-dex-1.0
2579,蓝速龙的？？？？,Velociprey Item,mhxx-dex-1.0
2580,黄速龙的？？？？,Genprey Item,mhxx-dex-1.0
2581,红速龙的？？？？,Ioprey Item,mhxx-dex-1.0
2582,砂龙的？？？？？,Cephalos Item,mhxx-dex-1.0
2583,野猪的？？？？？,Bullfango Item,mhxx-dex-1.0
2584,波波的？？？？？,Popo Item,mhxx-dex-1.0
2585,白速龙的？？？？,Giaprey Item,mhxx-dex-1.0
2586,雪鹿的？？？？？,Anteka Item,mhxx-dex-1.0
2587,翼蛇龙的？？？？,Remobra Item,mhxx-dex-1.0
2588,盾蟹的？？？？？,Hermitaur Item,mhxx-dex-1.0
2589,镰蟹的？？？？？,Ceanataur Item,mhxx-dex-1.0
2590,雪狮子的？？？？,Blango Item,mhxx-dex-1.0
2591,硬甲龙的？？？？,Rhenoplos Item,mhxx-dex-1.0
2592,飞甲虫的？？？？,Bnahabra Item,mhxx-dex-1.0
2593,甲虫的？？？？？,Altaroth Item,mhxx-dex-1.0
2594,狗龙的？？？？？,Jaggi Item,mhxx-dex-1.0
2595,雌狗龙的？？？？,Jaggia Item,mhxx-dex-1.0
2596,水生兽的？？？？,Ludroth Item,mhxx-dex-1.0
2597,熔岩兽的？？？？,Uroktor Item,mhxx-dex-1.0
2598,垂皮龙的？？？？,Slagtoth Item,mhxx-dex-1.0
2599,丸鸟的？？？？？,Gargwa Item,mhxx-dex-1.0
2600,变形幼冰鲨的？？,Zamite Item,mhxx-dex-1.0
2601,盾虫的？？？？？,Konchu Item,mhxx-dex-1.0
2602,跳狗龙的？？？？,Maccao Item,mhxx-dex-1.0
2603,首鸣龙的？？？？,Larinoth Item,mhxx-dex-1.0
2604,云羊鹿的？？？？,Moofah Item,mhxx-dex-1.0
2605,岩龙的？？？？？,Basarios Item,mhxx-dex-1.0
2606,铠龙的？？？？？,Gravios Item,mhxx-dex-1.0
2607,角龙的？？？？？,Diablos Item,mhxx-dex-1.0
2608,鏖魔的？？？？？,Bloodbath Item,mhxx-dex-1.0
2609,老山龙的？？？？,Lao-Shan Lung Item,mhxx-dex-1.0
2610,黑龙的？？？？？,Fatalis Item,mhxx-dex-1.0
2611,黑龙的红色？？？,Crimson Fatalis Item,mhxx-dex-1.0
2612,祖龙的？？？？？,Old Fatalis Item,mhxx-dex-1.0
2613,铠裂的？？？？？,Rustrazor Item,mhxx-dex-1.0
2614,桃毛兽王的？？？,Congalala Item,mhxx-dex-1.0
2615,白速龙王的？？？,Giadrome Item,mhxx-dex-1.0
2616,冰牙龙的？？？？,Barioth Item,mhxx-dex-1.0
2617,土砂龙的？？？？,Barroth Item,mhxx-dex-1.0
2618,影蜘蛛的？？？？,Nerscylla Item,mhxx-dex-1.0
2619,混沌的？？？？？,Chaotic G.Magala Item,mhxx-dex-1.0
2620,临界碎龙的？？？,Raging Brachydios Item,mhxx-dex-1.0
2621,胧隐的？？？？？,Nightcloak Item,mhxx-dex-1.0
2622,青电主的？？？？,Boltreaver Item,mhxx-dex-1.0
2623,天眼的？？？？？,Soulseer Item,mhxx-dex-1.0
2624,银峰的？？？？？,Elderfrost Item,mhxx-dex-1.0
2625,天彗龙的？？？？,Valstrax Item,mhxx-dex-1.0
2626,蠢动废墟的？？？,Ruin Item,mhxx-dex-1.0
2627,阁螳螂的？？？？,Empress Item,mhxx-dex-1.0
2628,桃毛兽的？？？？,Conga Item,mhxx-dex-1.0
2629,大雷光虫的？？？,Great Thunderbug Item,mhxx-dex-1.0
2630,商人橡子,Lagniapple,mhxx-dex-1.0
2631,大商人橡子,Big Lagniapple,mhxx-dex-1.0
2632,豪商人橡子,Huge Lagniapple,mhxx-dex-1.0
2633,超特训说明书,Training Guide,mhxx-dex-1.0
2634,超特训秘籍,Training Codex,mhxx-dex-1.0
2635,超特训的真谛,Training Compendium,mhxx-dex-1.0
2636,猫记忆的秘籍,Felyne Codex,mhxx-dex-1.0
2637,陈旧的弩炮弹,Timeworn Ballista Shot,mhxx-dex-1.0
2638,耐毒珠【1】,Antidote Jwl 1,mhxx-dex-1.0
2639,耐毒珠【2】,Antidote Jwl 2,mhxx-dex-1.0
2640,耐麻珠【1】,Paralysis Jwl 1,mhxx-dex-1.0
2641,耐麻珠【2】,Paralysis Jwl 2,mhxx-dex-1.0
2642,耐眠珠【1】,Pep Jwl 1,mhxx-dex-1.0
2643,耐眠珠【2】,Pep Jwl 2,mhxx-dex-1.0
2644,耐绝珠【1】,Steadfast Jwl 1,mhxx-dex-1.0
2645,制绝珠【1】,Standfast Jwl 1,mhxx-dex-1.0
2646,防音珠【1】,Earplug Jwl 1,mhxx-dex-1.0
2647,防音珠【3】,Earplug Jwl 3,mhxx-dex-1.0
2648,防风珠【1】,Wind Res Jwl 1,mhxx-dex-1.0
2649,防风珠【2】,Wind Res Jwl 2,mhxx-dex-1.0
2650,耐震珠【1】,Footing Jwl 1,mhxx-dex-1.0
2651,抗震珠【1】,Tectonic Jwl 1,mhxx-dex-1.0
2652,耐达摩珠【1】,Bind Jwl 1,mhxx-dex-1.0
2653,抗达摩珠【1】,Shackle Jwl 1,mhxx-dex-1.0
2654,耐暑珠【1】,Heat Res Jwl 1,mhxx-dex-1.0
2655,耐寒珠【1】,Cold Res Jwl 1,mhxx-dex-1.0
2656,北风珠【1】,Polar Jwl 1,mhxx-dex-1.0
2657,北风珠【3】,Polar Jwl 3,mhxx-dex-1.0
2658,南风珠【1】,Solar Jwl 1,mhxx-dex-1.0
2659,南风珠【3】,Solar Jwl 3,mhxx-dex-1.0
2660,耐盗珠【1】,Safe Jwl 1,mhxx-dex-1.0
2661,耐防珠【1】,Def Lock Jwl 1,mhxx-dex-1.0
2662,抗狂珠【1】,Sane Jwl 1,mhxx-dex-1.0
2663,抗狂珠【3】,Sane Jwl 3,mhxx-dex-1.0
2664,菌学珠【1】,Biology Jwl 1,mhxx-dex-1.0
2665,菌究珠【1】,Microbio Jwl 1,mhxx-dex-1.0
2666,抗伤珠【1】,Staunch Jwl 1,mhxx-dex-1.0
2667,攻击珠【1】,Attack Jwl 1,mhxx-dex-1.0
2668,攻击珠【2】,Attack Jwl 2,mhxx-dex-1.0
2669,攻击珠【3】,Attack Jwl 3,mhxx-dex-1.0
2670,防御珠【1】,Defense Jwl 1,mhxx-dex-1.0
2671,防御珠【2】,Defense Jwl 2,mhxx-dex-1.0
2672,体力珠【1】,Vitality Jwl 1,mhxx-dex-1.0
2673,耐火珠【1】,Fire Res Jwl 1,mhxx-dex-1.0
2674,制火珠【1】,Nul-Fire Jwl 1,mhxx-dex-1.0
2675,耐水珠【1】,Water Res Jwl 1,mhxx-dex-1.0
2676,制水珠【1】,Nul-Water Jwl 1,mhxx-dex-1.0
2677,耐雷珠【1】,ThunderRes Jwl 1,mhxx-dex-1.0
2678,制雷珠【1】,Nul-Thundr Jwl 1,mhxx-dex-1.0
2679,耐冰珠【1】,Ice Res Jwl 1,mhxx-dex-1.0
2680,制冰珠【1】,Nul-Ice Jwl 1,mhxx-dex-1.0
2681,耐龙珠【1】,Dragon Res Jwl 1,mhxx-dex-1.0
2682,制龙珠【1】,Nul-Dragon Jwl 1,mhxx-dex-1.0
2683,属耐珠【1】,Resistor Jwl 1,mhxx-dex-1.0
2684,属耐珠【3】,Resistor Jwl 3,mhxx-dex-1.0
2685,火炎珠【1】,Blaze Jwl 1,mhxx-dex-1.0
2686,火炎珠【2】,Blaze Jwl 2,mhxx-dex-1.0
2687,流水珠【1】,Stream Jwl 1,mhxx-dex-1.0
2688,流水珠【2】,Stream Jwl 2,mhxx-dex-1.0
2689,雷光珠【1】,Bolt Jwl 1,mhxx-dex-1.0
2690,雷光珠【2】,Bolt Jwl 2,mhxx-dex-1.0
2691,结冰珠【1】,Frost Jwl 1,mhxx-dex-1.0
2692,结冰珠【2】,Frost Jwl 2,mhxx-dex-1.0
2693,破龙珠【1】,Dragon Jwl 1,mhxx-dex-1.0
2694,破龙珠【2】,Dragon Jwl 2,mhxx-dex-1.0
2695,属攻珠【1】,Element Jwl 1,mhxx-dex-1.0
2696,属攻珠【3】,Element Jwl 3,mhxx-dex-1.0
2697,特攻珠【1】,Disabler Jwl 1,mhxx-dex-1.0
2698,特攻珠【2】,Disabler Jwl 2,mhxx-dex-1.0
2699,打磨珠【1】,Grinder Jwl 1,mhxx-dex-1.0
2700,匠珠【1】,Handicraft Jwl 1,mhxx-dex-1.0
2701,匠珠【3】,Handicraft Jwl 3,mhxx-dex-1.0
2702,斩铁珠【1】,Razor Jwl 1,mhxx-dex-1.0
2703,斩铁珠【3】,Razor Jwl 3,mhxx-dex-1.0
2704,剑豪珠【1】,Fencer Jwl 1,mhxx-dex-1.0
2705,剑豪珠【3】,Fencer Jwl 3,mhxx-dex-1.0
2706,刚刃珠【1】,Sharp Jwl 1,mhxx-dex-1.0
2707,刚刃珠【3】,Sharp Jwl 3,mhxx-dex-1.0
2708,钝器珠【1】,Blunt Jwl 1,mhxx-dex-1.0
2709,钝器珠【2】,Blunt Jwl 2,mhxx-dex-1.0
2710,拔刀珠【1】,Draw Jwl 1,mhxx-dex-1.0
2711,拔刀珠【2】,Draw Jwl 2,mhxx-dex-1.0
2712,拔打珠【1】,Gambit Jwl 1,mhxx-dex-1.0
2713,拔打珠【3】,Gambit Jwl 3,mhxx-dex-1.0
2714,速纳珠【1】,Sheath Jwl 1,mhxx-dex-1.0
2715,速纳珠【2】,Sheath Jwl 2,mhxx-dex-1.0
2716,收磨珠【1】,Razor Sheath Jwl 1,mhxx-dex-1.0
2719,刃鳞珠【1】,Bladescale Jwl 1,mhxx-dex-1.0
2721,刃鳞珠【3】,Bladescale Jwl 3,mhxx-dex-1.0
2722,早填珠【1】,Quickload Jwl 1,mhxx-dex-1.0
2723,早填珠【2】,Quickload Jwl 2,mhxx-dex-1.0
2724,抑反珠【1】,Absorber Jwl 1,mhxx-dex-1.0
2725,抑反珠【3】,Absorber Jwl 3,mhxx-dex-1.0
2726,点射珠【1】,Sniper Jwl 1,mhxx-dex-1.0
2727,强弹珠【1】,Forceshot Jwl 1,mhxx-dex-1.0
2728,强弹珠【3】,Forceshot Jwl 3,mhxx-dex-1.0
2729,贯穿珠【1】,Pierce Jwl 1,mhxx-dex-1.0
2730,贯穿珠【3】,Pierce Jwl 3,mhxx-dex-1.0
2731,散弹珠【1】,Pellet Jwl 1,mhxx-dex-1.0
2732,散弹珠【3】,Pellet Jwl 3,mhxx-dex-1.0
2733,重弹珠【1】,Heavyshot Jwl 1,mhxx-dex-1.0
2734,重弹珠【3】,Heavyshot Jwl 3,mhxx-dex-1.0
2735,加弹珠【1】,ShotPlus Jwl 1,mhxx-dex-1.0
2736,加弹珠【2】,ShotPlus Jwl 2,mhxx-dex-1.0
2737,加贯珠【1】,PiercePlus Jwl 1,mhxx-dex-1.0
2738,加散珠【1】,PelletPlus Jwl 1,mhxx-dex-1.0
2739,加榴珠【1】,CragPlus Jwl 1,mhxx-dex-1.0
2740,加扩珠【1】,ClustPlus Jwl 1,mhxx-dex-1.0
2741,加扩珠【3】,ClustPlus Jwl 3,mhxx-dex-1.0
2742,毒瓶珠【1】,Poisoncoat Jwl 1,mhxx-dex-1.0
2743,痹瓶珠【1】,Paracoat Jwl 1,mhxx-dex-1.0
2744,痹瓶珠【2】,Paracoat Jwl 2,mhxx-dex-1.0
2745,眠瓶珠【1】,Sleep Jwl 1,mhxx-dex-1.0
2746,强瓶珠【1】,Powercoat Jwl 1,mhxx-dex-1.0
2747,强瓶珠【2】,Powercoat Jwl 2,mhxx-dex-1.0
2748,属瓶珠【1】,Elemcoat Jwl 1,mhxx-dex-1.0
2749,属瓶珠【2】,Elemcoat Jwl 2,mhxx-dex-1.0
2750,接瓶珠【1】,Rangecoat Jwl 1,mhxx-dex-1.0
2751,减瓶珠【1】,Draincoat Jwl 1,mhxx-dex-1.0
2752,爆瓶珠【1】,Blastcoat Jwl 1,mhxx-dex-1.0
2753,速射珠【1】,Salvo Jwl 1,mhxx-dex-1.0
2754,速射珠【3】,Salvo Jwl 3,mhxx-dex-1.0
2755,射法珠【1】,Precise Jwl 1,mhxx-dex-1.0
2756,射法珠【2】,Precise Jwl 2,mhxx-dex-1.0
2757,装填珠【1】,Capacity Jwl 1,mhxx-dex-1.0
2758,装填珠【3】,Capacity Jwl 3,mhxx-dex-1.0
2759,变射珠【1】,Irregular Jwl 1,mhxx-dex-1.0
2760,省弹珠【1】,Thrift Jwl 1,mhxx-dex-1.0
2761,省弹珠【2】,Thrift Jwl 2,mhxx-dex-1.0
2762,达人珠【1】,Expert Jwl 1,mhxx-dex-1.0
2763,达人珠【2】,Expert Jwl 2,mhxx-dex-1.0
2764,达人珠【3】,Expert Jwl 3,mhxx-dex-1.0
2765,痛击珠【1】,Tenderizer Jwl 1,mhxx-dex-1.0
2766,痛击珠【3】,Tenderizer Jwl 3,mhxx-dex-1.0
2767,连击珠【1】,Chain Jwl 1,mhxx-dex-1.0
2768,连击珠【3】,Chain Jwl 3,mhxx-dex-1.0
2769,特会珠【1】,Crit Status Jwl 1,mhxx-dex-1.0
2770,特会珠【2】,Crit Status Jwl 2,mhxx-dex-1.0
2771,属会珠【1】,CritElementJwl 1,mhxx-dex-1.0
2772,属会珠【2】,CritElementJwl 2,mhxx-dex-1.0
2773,会心珠【1】,Critical Jwl 1,mhxx-dex-1.0
2774,会心珠【3】,Critical Jwl 3,mhxx-dex-1.0
2775,意外会心珠【1】,Negative Crit Jwl 1,mhxx-dex-1.0
2777,意外会心珠【3】,Negative Crit Jwl 3,mhxx-dex-1.0
2778,缩短珠【1】,Charger Jwl 1,mhxx-dex-1.0
2779,缩短珠【3】,Charger Jwl 3,mhxx-dex-1.0
2780,狂奔珠【1】,Sprinter Jwl 1,mhxx-dex-1.0
2781,狂奔珠【3】,Sprinter Jwl 3,mhxx-dex-1.0
2782,体术珠【1】,Physique Jwl 1,mhxx-dex-1.0
2783,体术珠【2】,Physique Jwl 2,mhxx-dex-1.0
2784,早气珠【1】,Refresh Jwl 1,mhxx-dex-1.0
2785,早气珠【2】,Refresh Jwl 2,mhxx-dex-1.0
2786,长跑珠【1】,Distance Runner Jwl 1,mhxx-dex-1.0
2787,长跑珠【2】,Distance Runner Jwl 2,mhxx-dex-1.0
2789,闪避珠【1】,Evasion Jwl 1,mhxx-dex-1.0
2790,闪避珠【2】,Evasion Jwl 2,mhxx-dex-1.0
2791,跳跃珠【1】,Jumping Jwl 1,mhxx-dex-1.0
2792,跳跃珠【3】,Jumping Jwl 3,mhxx-dex-1.0
2793,泡沫珠【1】,Bubble Jwl 1,mhxx-dex-1.0
2794,泡沫珠【3】,Bubble Jwl 3,mhxx-dex-1.0
2795,铁壁珠【1】,Ironwall Jwl 1,mhxx-dex-1.0
2796,铁壁珠【2】,Ironwall Jwl 2,mhxx-dex-1.0
2797,强壁珠【1】,Shield Jwl 1,mhxx-dex-1.0
2798,强壁珠【2】,Shield Jwl 2,mhxx-dex-1.0
2799,KO珠【1】,KO Jwl 1,mhxx-dex-1.0
2800,KO珠【2】,KO Jwl 2,mhxx-dex-1.0
2801,夺气珠【1】,Drain Jwl 1,mhxx-dex-1.0
2802,夺气珠【2】,Drain Jwl 2,mhxx-dex-1.0
2803,鼓笛珠【1】,Sonorous Jwl 1,mhxx-dex-1.0
2804,炮术珠【1】,Artillery Jwl 1,mhxx-dex-1.0
2805,重击珠【1】,Destroyer Jwl 1,mhxx-dex-1.0
2806,重击珠【3】,Destroyer Jwl 3,mhxx-dex-1.0
2807,爆师珠【1】,Bombardier Jwl 1,mhxx-dex-1.0
2808,全开珠【1】,Throttle Jwl 1,mhxx-dex-1.0
2809,全开珠【2】,Throttle Jwl 2,mhxx-dex-1.0
2810,斗魂珠【1】,Spirit Jwl 1,mhxx-dex-1.0
2811,斗魂珠【2】,Spirit Jwl 2,mhxx-dex-1.0
2812,无伤珠【1】,Flawless Jwl 1,mhxx-dex-1.0
2813,无伤珠【2】,Flawless Jwl 2,mhxx-dex-1.0
2814,好机珠【1】,Favor Jwl 1,mhxx-dex-1.0
2815,良机珠【3】,Favor Jwl 3,mhxx-dex-1.0
2816,龙气珠【1】,Dragon Spirit Jwl 1,mhxx-dex-1.0
2818,龙气珠【3】,Dragon Spirit Jwl 3,mhxx-dex-1.0
2819,潜力珠【1】,Potential Jwl 1,mhxx-dex-1.0
2820,潜力珠【2】,Potential Jwl 2,mhxx-dex-1.0
2821,逆境珠【1】,Fortitude Jwl 1,mhxx-dex-1.0
2822,逆境珠【2】,Fortitude Jwl 2,mhxx-dex-1.0
2823,暴怒珠【1】,Furor Jwl 1,mhxx-dex-1.0
2824,暴怒珠【2】,Furor Jwl 2,mhxx-dex-1.0
2825,绝境珠【1】,Crisis Jwl 1,mhxx-dex-1.0
2826,绝境珠【2】,Crisis Jwl 2,mhxx-dex-1.0
2827,毅力珠【1】,Guts Jwl 1,mhxx-dex-1.0
2828,毅力珠【2】,Guts Jwl 2,mhxx-dex-1.0
2829,蹑脚珠【1】,Ninja Jwl 1,mhxx-dex-1.0
2830,指挥珠【1】,Player Jwl 1,mhxx-dex-1.0
2831,名指挥珠【1】,Morale Jwl 1,mhxx-dex-1.0
2832,号令珠【1】,Leader Jwl 1,mhxx-dex-1.0
2833,号令珠【2】,Leader Jwl 2,mhxx-dex-1.0
2834,骑惯珠【1】,Rodeo Jwl 1,mhxx-dex-1.0
2835,飞燕珠【1】,Flight Jwl 1,mhxx-dex-1.0
2836,无念珠【1】,Insight Jwl 1,mhxx-dex-1.0
2837,无念珠【3】,Insight Jwl 3,mhxx-dex-1.0
2838,忍耐珠【1】,Endurance Jwl 1,mhxx-dex-1.0
2841,技延珠【1】,Extender Jwl 1,mhxx-dex-1.0
2842,技延珠【2】,Extender Jwl 2,mhxx-dex-1.0
2844,千里珠【1】,Psychic Jwl 1,mhxx-dex-1.0
2845,观察珠【1】,Perception Jwl 1,mhxx-dex-1.0
2846,猎手珠【1】,Ranger Jwl 1,mhxx-dex-1.0
2847,搬运珠【1】,Transportr Jwl 1,mhxx-dex-1.0
2848,加护珠【1】,Protection Jwl 1,mhxx-dex-1.0
2849,神护珠【1】,Asylum Jwl 1,mhxx-dex-1.0
2850,英雄珠【1】,Hero Jwl 1,mhxx-dex-1.0
2851,英雄珠【3】,Hero Jwl 3,mhxx-dex-1.0
2852,治愈珠【1】,Medicine Jwl 1,mhxx-dex-1.0
2853,治愈珠【2】,Medicine Jwl 2,mhxx-dex-1.0
2854,早复珠【1】,Recovery Jwl 1,mhxx-dex-1.0
2855,早复珠【2】,Recovery Jwl 2,mhxx-dex-1.0
2856,持续珠【1】,Enduring Jwl 1,mhxx-dex-1.0
2857,友爱珠【1】,Friendship Jwl 1,mhxx-dex-1.0
2858,友爱珠【2】,Friendship Jwl 2,mhxx-dex-1.0
2859,无食珠【1】,Hungerless Jwl 1,mhxx-dex-1.0
2860,食汉珠【1】,Metabolism Jwl 1,mhxx-dex-1.0
2861,快吃珠【1】,Gobbler Jwl 1,mhxx-dex-1.0
2862,快吃珠【3】,Gobbler Jwl 3,mhxx-dex-1.0
2863,节食珠【1】,Satiated Jwl 1,mhxx-dex-1.0
2864,肉食珠【1】,Meateater Jwl 1,mhxx-dex-1.0
2865,肉好珠【1】,Meatlover Jwl 1,mhxx-dex-1.0
2866,茸好珠【1】,Fungiform Jwl 1,mhxx-dex-1.0
2867,野草珠【1】,Grass Jwl 1,mhxx-dex-1.0
2868,博士珠【1】,Professor Jwl 1,mhxx-dex-1.0
2869,弹制珠【1】,Factory Jwl 1,mhxx-dex-1.0
2870,陷阱师珠【1】,Trapmaster Jwl 1,mhxx-dex-1.0
2871,采集珠【1】,Gathering Jwl 1,mhxx-dex-1.0
2872,采蜜珠【1】,Honeybee Jwl 1,mhxx-dex-1.0
2873,占蜜珠【1】,Queenbee Jwl 1,mhxx-dex-1.0
2874,护石珠【1】,Charmer Jwl 1,mhxx-dex-1.0
2875,护石珠【3】,Charmer Jwl 3,mhxx-dex-1.0
2876,祝福珠【1】,Blessing Jwl 1,mhxx-dex-1.0
2877,运气珠【1】,Fate Jwl 1,mhxx-dex-1.0
2878,运气珠【3】,Fate Jwl 3,mhxx-dex-1.0
2879,剥皮珠【1】,Carver Jwl 1,mhxx-dex-1.0
2880,剥皮珠【3】,Carver Jwl 3,mhxx-dex-1.0
2881,捕获珠【1】,Capture Jwl 1,mhxx-dex-1.0
2882,捕获珠【3】,Capture Jwl 3,mhxx-dex-1.0
2883,历铃珠【1】,Bell Jwl 1,mhxx-dex-1.0
2884,始猎珠【1】,Novice Jwl 1,mhxx-dex-1.0
2885,雪花珠【1】,Snowflake Jwl 1,mhxx-dex-1.0
2886,仙汤珠【1】,Springs Jwl 1,mhxx-dex-1.0
2887,探究珠【1】,Study Jwl 1,mhxx-dex-1.0
2888,天宴珠【1】,Skyfeast Jwl 1,mhxx-dex-1.0
2900,番茄汁,Tomato Juice,mhxx-dex-1.0
2901,妖精的尾巴纹章,Fairy Tail Mark,mhxx-dex-1.0
2902,海盗J猫金币,F Pirate Coin J,mhxx-dex-1.0
2903,纸箱,Cardboard,mhxx-dex-1.0
2904,优衣库硬币,Uniqlo Coin,mhxx-dex-1.0
2905,【日】影城票券,[JP] Studio Pass,mhxx-dex-1.0
2906,【日】懒散的蛋,[JP] Gudegude Egg,mhxx-dex-1.0
2907,【日】魂石,[JP] Soulstone,mhxx-dex-1.0
2908,热血硬币,Crows Coin,mhxx-dex-1.0
2909,自行车部入部申请书,Bicycle Club Application,mhxx-dex-1.0
2910,地下斗技场入场券,Arena Ticket,mhxx-dex-1.0
2911,老伯硬币,Grandpaw Coin,mhxx-dex-1.0
2912,可乐可乐票券,CoroCoro Ticket,mhxx-dex-1.0
2913,潮与虎硬币,Ushio Coin,mhxx-dex-1.0
2914,魔笛硬币,Magi Coin,mhxx-dex-1.0
2915,冥天星尘,Pluto Stardust,mhxx-dex-1.0
2916,命运卡片,Roll of Fate,mhxx-dex-1.0
2917,海盗J票券,Pirate Ticket J,mhxx-dex-1.0
2918,FAMI通票券,Famitsu Ticket,mhxx-dex-1.0
2919,电击票券,Dengeki Ticket,mhxx-dex-1.0
2920,优衣库S硬币,Uniqlo Coin S,mhxx-dex-1.0
2921,【日】影城X票券,[JP] Extraordinary Pass,mhxx-dex-1.0
2922,【日】影城G票券,[JP] Gold Studio Pass,mhxx-dex-1.0
2923,【日】影城W票券,[JP] Wonderful Pass,mhxx-dex-1.0
2924,【日】鲑鱼鱼片,[JP] Salmon Fillet,mhxx-dex-1.0
2925,【日】超时空要塞DELTA硬币,[JP] Macross Δ Coins,mhxx-dex-1.0
2926,风之指挥棒,Wind Waker,mhxx-dex-1.0
2927,艾英搭乘券,Arwing Boarding Pass,mhxx-dex-1.0
2928,超级蘑菇,Super Mushroom,mhxx-dex-1.0
2929,调色盘,Design Pattern,mhxx-dex-1.0
2930,三角之力,Triforce,mhxx-dex-1.0
2931,萨姆斯硬币,Samus Coin,mhxx-dex-1.0
2932,女神的眼光,Goddess's Grace,mhxx-dex-1.0
2933,女神的拥抱,Goddess's Embrace,mhxx-dex-1.0
2934,SF硬币,SF Coin,mhxx-dex-1.0
2935,红魂,Red Orb,mhxx-dex-1.0
2936,钛陶瓷合金,Ceratanium,mhxx-dex-1.0
2937,英雄之证,Hero's Seal,mhxx-dex-1.0
2938,宝贝日记本,Baby Journal,mhxx-dex-1.0
2939,暖呼呼日记本,Sunsnug Journal,mhxx-dex-1.0
2940,MH Fan Club会报杂志,Fan Club Newsletter,mhxx-dex-1.0
2941,MH Fan Club入部申请书,Fan Club Application,mhxx-dex-1.0
2942,MH Fan Club证明书,Fan Club Invite,mhxx-dex-1.0
2943,玩偶票券,Puppet Ticket,mhxx-dex-1.0
2944,上佳石,Great Stone,mhxx-dex-1.0
2945,邮差的信,Courier's Letter,mhxx-dex-1.0
2946,海王证书,Kaioh Certificate,mhxx-dex-1.0
2947,极致硬币,WORST Coin,mhxx-dex-1.0
2948,犯罪的证据,Evidence,mhxx-dex-1.0
2949,工薪族硬币,Salaryman Coin,mhxx-dex-1.0
2950,舍身流奥义书,Taisha-ryu Codex,mhxx-dex-1.0
2951,FAMI通礼物券,Famitsu Coupon,mhxx-dex-1.0
2952,电击XX券,Dengeki Ticket XX,mhxx-dex-1.0
2953,飞信队之证,Flying Xin Mark,mhxx-dex-1.0
2954,大海盗J票券,Buccaneer Ticket J,mhxx-dex-1.0
2955,魔法源解锁钥匙,Magic Realm Key,mhxx-dex-1.0
2956,【日】影城U票券,[JP] Ultimate Pass,mhxx-dex-1.0
2957,扎尔巴的碎片,Zaruba Fragment,mhxx-dex-1.0
2958,【日】超懒散的蛋,[JP] Super Gudegude Egg,mhxx-dex-1.0
2959,逆转裁判旁听券,Turnabout Ticket,mhxx-dex-1.0
2960,纳比尔票券,Navirou Ticket,mhxx-dex-1.0
2961,猫魂石,F Spirit Stone,mhxx-dex-1.0
2962,MH Fan Club升段证书,Club Promotion,mhxx-dex-1.0
2963,少年侦探团之证,JDL Badge,mhxx-dex-1.0
2964,【日】猎人资格证书,[JP] Hunter Certificate,mhxx-dex-1.0
2965,银水晶碎片,Silver Crystal,mhxx-dex-1.0
2966,塞尔达票券,Zelda Ticket,mhxx-dex-1.0
2967,塞尔达票券G,Zelda Ticket G,mhxx-dex-1.0
2968,【日】现场演出票券,[JP] Live Ticket,mhxx-dex-1.0
2969,【日】影城O票券,[JP] Outstanding Pass,mhxx-dex-1.0
2970,【日】影城XX票券,[JP] Extreme Extraordinary Pass,mhxx-dex-1.0
2971,【日】影城N票券,[JP] Notable Pass,mhxx-dex-1.0
2972,Sealing Shield,Sealing Shield,mhxx-dex-1.0
2973,支援机械,Option,mhxx-dex-1.0
2974,天道绘卷轴,Celestial Scroll,mhxx-dex-1.0
2975,亚瑟铠甲,Arthur's Armor,mhxx-dex-1.0
2976,塞尔达票券N,Zelda Ticket P,mhxx-dex-1.0
