equipment_type,weapon_id,save_level,display_level,slots,source
7,0,0,1,0,mhxx-romfs-native-table
7,1,0,1,0,mhxx-romfs-native-table
7,1,1,2,0,mhxx-romfs-native-table
7,1,2,3,0,mhxx-romfs-native-table
7,1,3,4,0,mhxx-romfs-native-table
7,1,4,5,0,mhxx-romfs-native-table
7,1,5,6,1,mhxx-romfs-native-table
7,1,6,7,1,mhxx-romfs-native-table
7,1,7,8,1,mhxx-romfs-native-table
7,1,8,9,2,mhxx-romfs-native-table
7,1,9,10,2,mhxx-romfs-native-table
7,1,10,11,3,mhxx-romfs-native-table
7,2,0,1,0,mhxx-romfs-native-table
7,2,1,2,0,mhxx-romfs-native-table
7,2,2,3,0,mhxx-romfs-native-table
7,2,3,4,0,mhxx-romfs-native-table
7,2,4,5,0,mhxx-romfs-native-table
7,2,5,6,0,mhxx-romfs-native-table
7,2,6,7,1,mhxx-romfs-native-table
7,2,7,8,2,mhxx-romfs-native-table
7,3,0,1,0,mhxx-romfs-native-table
7,3,1,2,0,mhxx-romfs-native-table
7,3,2,3,0,mhxx-romfs-native-table
7,3,3,4,0,mhxx-romfs-native-table
7,3,4,5,0,mhxx-romfs-native-table
7,3,5,6,0,mhxx-romfs-native-table
7,3,6,7,0,mhxx-romfs-native-table
7,3,7,8,0,mhxx-romfs-native-table
7,4,0,1,1,mhxx-romfs-native-table
7,4,1,2,1,mhxx-romfs-native-table
7,4,2,3,1,mhxx-romfs-native-table
7,4,3,4,1,mhxx-romfs-native-table
7,4,4,5,1,mhxx-romfs-native-table
7,4,5,6,1,mhxx-romfs-native-table
7,5,0,1,1,mhxx-romfs-native-table
7,5,1,2,1,mhxx-romfs-native-table
7,5,2,3,1,mhxx-romfs-native-table
7,5,3,4,2,mhxx-romfs-native-table
7,5,4,5,3,mhxx-romfs-native-table
7,6,0,1,0,mhxx-romfs-native-table
7,6,1,2,0,mhxx-romfs-native-table
7,6,2,3,0,mhxx-romfs-native-table
7,6,3,4,0,mhxx-romfs-native-table
7,6,4,5,0,mhxx-romfs-native-table
7,6,5,6,0,mhxx-romfs-native-table
7,6,6,7,0,mhxx-romfs-native-table
7,6,7,8,0,mhxx-romfs-native-table
7,7,0,1,0,mhxx-romfs-native-table
7,7,1,2,2,mhxx-romfs-native-table
7,7,2,3,2,mhxx-romfs-native-table
7,7,3,4,2,mhxx-romfs-native-table
7,7,4,5,2,mhxx-romfs-native-table
7,7,5,6,2,mhxx-romfs-native-table
7,7,6,7,2,mhxx-romfs-native-table
7,8,0,1,0,mhxx-romfs-native-table
7,8,1,2,0,mhxx-romfs-native-table
7,8,2,3,0,mhxx-romfs-native-table
7,8,3,4,0,mhxx-romfs-native-table
7,8,4,5,0,mhxx-romfs-native-table
7,8,5,6,0,mhxx-romfs-native-table
7,8,6,7,0,mhxx-romfs-native-table
7,8,7,8,0,mhxx-romfs-native-table
7,8,8,9,0,mhxx-romfs-native-table
7,9,0,1,1,mhxx-romfs-native-table
7,9,1,2,1,mhxx-romfs-native-table
7,9,2,3,1,mhxx-romfs-native-table
7,9,3,4,1,mhxx-romfs-native-table
7,9,4,5,1,mhxx-romfs-native-table
7,9,5,6,1,mhxx-romfs-native-table
7,9,6,7,1,mhxx-romfs-native-table
7,10,0,1,0,mhxx-romfs-native-table
7,10,1,2,0,mhxx-romfs-native-table
7,10,2,3,0,mhxx-romfs-native-table
7,10,3,4,0,mhxx-romfs-native-table
7,10,4,5,0,mhxx-romfs-native-table
7,10,5,6,0,mhxx-romfs-native-table
7,10,6,7,0,mhxx-romfs-native-table
7,10,7,8,0,mhxx-romfs-native-table
7,11,0,1,0,mhxx-romfs-native-table
7,11,1,2,0,mhxx-romfs-native-table
7,11,2,3,0,mhxx-romfs-native-table
7,11,3,4,0,mhxx-romfs-native-table
7,11,4,5,0,mhxx-romfs-native-table
7,11,5,6,0,mhxx-romfs-native-table
7,11,6,7,0,mhxx-romfs-native-table
7,11,7,8,0,mhxx-romfs-native-table
7,11,8,9,0,mhxx-romfs-native-table
7,11,9,10,0,mhxx-romfs-native-table
7,11,10,11,0,mhxx-romfs-native-table
7,12,0,1,1,mhxx-romfs-native-table
7,12,1,2,1,mhxx-romfs-native-table
7,12,2,3,1,mhxx-romfs-native-table
7,12,3,4,2,mhxx-romfs-native-table
7,12,4,5,2,mhxx-romfs-native-table
7,12,5,6,2,mhxx-romfs-native-table
7,12,6,7,3,mhxx-romfs-native-table
7,13,0,1,1,mhxx-romfs-native-table
7,13,1,2,1,mhxx-romfs-native-table
7,13,2,3,1,mhxx-romfs-native-table
7,13,3,4,1,mhxx-romfs-native-table
7,13,4,5,1,mhxx-romfs-native-table
7,13,5,6,1,mhxx-romfs-native-table
7,14,0,1,0,mhxx-romfs-native-table
7,14,1,2,0,mhxx-romfs-native-table
7,14,2,3,0,mhxx-romfs-native-table
7,14,3,4,0,mhxx-romfs-native-table
7,14,4,5,0,mhxx-romfs-native-table
7,14,5,6,0,mhxx-romfs-native-table
7,14,6,7,0,mhxx-romfs-native-table
7,15,0,1,0,mhxx-romfs-native-table
7,15,1,2,0,mhxx-romfs-native-table
7,15,2,3,0,mhxx-romfs-native-table
7,15,3,4,0,mhxx-romfs-native-table
7,15,4,5,0,mhxx-romfs-native-table
7,16,0,1,1,mhxx-romfs-native-table
7,16,1,2,1,mhxx-romfs-native-table
7,16,2,3,2,mhxx-romfs-native-table
7,16,3,4,2,mhxx-romfs-native-table
7,16,4,5,2,mhxx-romfs-native-table
7,16,5,6,2,mhxx-romfs-native-table
7,16,6,7,2,mhxx-romfs-native-table
7,16,7,8,2,mhxx-romfs-native-table
7,17,0,1,1,mhxx-romfs-native-table
7,17,1,2,1,mhxx-romfs-native-table
7,17,2,3,1,mhxx-romfs-native-table
7,17,3,4,1,mhxx-romfs-native-table
7,17,4,5,1,mhxx-romfs-native-table
7,18,0,1,2,mhxx-romfs-native-table
7,18,1,2,2,mhxx-romfs-native-table
7,18,2,3,3,mhxx-romfs-native-table
7,18,3,4,3,mhxx-romfs-native-table
7,18,4,5,3,mhxx-romfs-native-table
7,18,5,6,3,mhxx-romfs-native-table
7,18,6,7,3,mhxx-romfs-native-table
7,19,0,1,0,mhxx-romfs-native-table
7,19,1,2,1,mhxx-romfs-native-table
7,19,2,3,2,mhxx-romfs-native-table
7,19,3,4,2,mhxx-romfs-native-table
7,19,4,5,2,mhxx-romfs-native-table
7,19,5,6,2,mhxx-romfs-native-table
7,19,6,7,2,mhxx-romfs-native-table
7,19,7,8,2,mhxx-romfs-native-table
7,20,0,1,0,mhxx-romfs-native-table
7,20,1,2,0,mhxx-romfs-native-table
7,20,2,3,0,mhxx-romfs-native-table
7,20,3,4,0,mhxx-romfs-native-table
7,20,4,5,0,mhxx-romfs-native-table
7,20,5,6,0,mhxx-romfs-native-table
7,20,6,7,0,mhxx-romfs-native-table
7,20,7,8,0,mhxx-romfs-native-table
7,20,8,9,0,mhxx-romfs-native-table
7,21,0,1,2,mhxx-romfs-native-table
7,21,1,2,2,mhxx-romfs-native-table
7,21,2,3,2,mhxx-romfs-native-table
7,21,3,4,2,mhxx-romfs-native-table
7,21,4,5,2,mhxx-romfs-native-table
7,21,5,6,2,mhxx-romfs-native-table
7,21,6,7,2,mhxx-romfs-native-table
7,22,0,1,0,mhxx-romfs-native-table
7,22,1,2,0,mhxx-romfs-native-table
7,22,2,3,0,mhxx-romfs-native-table
7,22,3,4,0,mhxx-romfs-native-table
7,22,4,5,0,mhxx-romfs-native-table
7,22,5,6,1,mhxx-romfs-native-table
7,22,6,7,1,mhxx-romfs-native-table
7,22,7,8,1,mhxx-romfs-native-table
7,23,0,1,0,mhxx-romfs-native-table
7,23,1,2,0,mhxx-romfs-native-table
7,23,2,3,0,mhxx-romfs-native-table
7,23,3,4,0,mhxx-romfs-native-table
7,23,4,5,0,mhxx-romfs-native-table
7,23,5,6,0,mhxx-romfs-native-table
7,23,6,7,0,mhxx-romfs-native-table
7,23,7,8,0,mhxx-romfs-native-table
7,24,0,1,0,mhxx-romfs-native-table
7,24,1,2,0,mhxx-romfs-native-table
7,24,2,3,0,mhxx-romfs-native-table
7,24,3,4,0,mhxx-romfs-native-table
7,24,4,5,0,mhxx-romfs-native-table
7,24,5,6,0,mhxx-romfs-native-table
7,24,6,7,1,mhxx-romfs-native-table
7,24,7,8,1,mhxx-romfs-native-table
7,25,0,1,0,mhxx-romfs-native-table
7,25,1,2,0,mhxx-romfs-native-table
7,25,2,3,0,mhxx-romfs-native-table
7,25,3,4,0,mhxx-romfs-native-table
7,25,4,5,0,mhxx-romfs-native-table
7,25,5,6,0,mhxx-romfs-native-table
7,26,0,1,0,mhxx-romfs-native-table
7,26,1,2,0,mhxx-romfs-native-table
7,26,2,3,0,mhxx-romfs-native-table
7,26,3,4,0,mhxx-romfs-native-table
7,26,4,5,0,mhxx-romfs-native-table
7,26,5,6,0,mhxx-romfs-native-table
7,26,6,7,0,mhxx-romfs-native-table
7,26,7,8,0,mhxx-romfs-native-table
7,26,8,9,0,mhxx-romfs-native-table
7,26,9,10,0,mhxx-romfs-native-table
7,26,10,11,0,mhxx-romfs-native-table
7,27,0,1,0,mhxx-romfs-native-table
7,27,1,2,0,mhxx-romfs-native-table
7,27,2,3,0,mhxx-romfs-native-table
7,27,3,4,0,mhxx-romfs-native-table
7,27,4,5,0,mhxx-romfs-native-table
7,27,5,6,0,mhxx-romfs-native-table
7,27,6,7,0,mhxx-romfs-native-table
7,27,7,8,0,mhxx-romfs-native-table
7,28,0,1,1,mhxx-romfs-native-table
7,28,1,2,1,mhxx-romfs-native-table
7,28,2,3,1,mhxx-romfs-native-table
7,28,3,4,1,mhxx-romfs-native-table
7,28,4,5,1,mhxx-romfs-native-table
7,29,0,1,1,mhxx-romfs-native-table
7,29,1,2,1,mhxx-romfs-native-table
7,29,2,3,1,mhxx-romfs-native-table
7,29,3,4,1,mhxx-romfs-native-table
7,29,4,5,1,mhxx-romfs-native-table
7,29,5,6,1,mhxx-romfs-native-table
7,29,6,7,1,mhxx-romfs-native-table
7,30,0,1,2,mhxx-romfs-native-table
7,30,1,2,2,mhxx-romfs-native-table
7,30,2,3,2,mhxx-romfs-native-table
7,30,3,4,2,mhxx-romfs-native-table
7,30,4,5,2,mhxx-romfs-native-table
7,30,5,6,2,mhxx-romfs-native-table
7,31,0,1,0,mhxx-romfs-native-table
7,31,1,2,0,mhxx-romfs-native-table
7,31,2,3,0,mhxx-romfs-native-table
7,31,3,4,1,mhxx-romfs-native-table
7,31,4,5,2,mhxx-romfs-native-table
7,31,5,6,2,mhxx-romfs-native-table
7,31,6,7,2,mhxx-romfs-native-table
7,31,7,8,3,mhxx-romfs-native-table
7,31,8,9,3,mhxx-romfs-native-table
7,32,0,1,1,mhxx-romfs-native-table
7,32,1,2,1,mhxx-romfs-native-table
7,32,2,3,1,mhxx-romfs-native-table
7,32,3,4,1,mhxx-romfs-native-table
7,32,4,5,1,mhxx-romfs-native-table
7,32,5,6,1,mhxx-romfs-native-table
7,33,0,1,1,mhxx-romfs-native-table
7,33,1,2,1,mhxx-romfs-native-table
7,33,2,3,1,mhxx-romfs-native-table
7,33,3,4,1,mhxx-romfs-native-table
7,33,4,5,1,mhxx-romfs-native-table
7,33,5,6,1,mhxx-romfs-native-table
7,34,0,1,2,mhxx-romfs-native-table
7,34,1,2,2,mhxx-romfs-native-table
7,34,2,3,2,mhxx-romfs-native-table
7,34,3,4,2,mhxx-romfs-native-table
7,34,4,5,3,mhxx-romfs-native-table
7,34,5,6,3,mhxx-romfs-native-table
7,35,0,1,1,mhxx-romfs-native-table
7,35,1,2,1,mhxx-romfs-native-table
7,35,2,3,1,mhxx-romfs-native-table
7,35,3,4,2,mhxx-romfs-native-table
7,35,4,5,2,mhxx-romfs-native-table
7,35,5,6,2,mhxx-romfs-native-table
7,35,6,7,2,mhxx-romfs-native-table
7,35,7,8,2,mhxx-romfs-native-table
7,36,0,1,0,mhxx-romfs-native-table
7,36,1,2,0,mhxx-romfs-native-table
7,36,2,3,1,mhxx-romfs-native-table
7,36,3,4,2,mhxx-romfs-native-table
7,36,4,5,2,mhxx-romfs-native-table
7,36,5,6,2,mhxx-romfs-native-table
7,36,6,7,2,mhxx-romfs-native-table
7,36,7,8,2,mhxx-romfs-native-table
7,37,0,1,1,mhxx-romfs-native-table
7,37,1,2,1,mhxx-romfs-native-table
7,37,2,3,1,mhxx-romfs-native-table
7,37,3,4,1,mhxx-romfs-native-table
7,37,4,5,1,mhxx-romfs-native-table
7,37,5,6,1,mhxx-romfs-native-table
7,38,0,1,0,mhxx-romfs-native-table
7,38,1,2,0,mhxx-romfs-native-table
7,38,2,3,1,mhxx-romfs-native-table
7,38,3,4,1,mhxx-romfs-native-table
7,38,4,5,1,mhxx-romfs-native-table
7,38,5,6,1,mhxx-romfs-native-table
7,38,6,7,1,mhxx-romfs-native-table
7,39,0,1,0,mhxx-romfs-native-table
7,39,1,2,0,mhxx-romfs-native-table
7,39,2,3,0,mhxx-romfs-native-table
7,39,3,4,0,mhxx-romfs-native-table
7,39,4,5,0,mhxx-romfs-native-table
7,39,5,6,0,mhxx-romfs-native-table
7,39,6,7,0,mhxx-romfs-native-table
7,40,0,1,1,mhxx-romfs-native-table
7,40,1,2,1,mhxx-romfs-native-table
7,40,2,3,1,mhxx-romfs-native-table
7,40,3,4,1,mhxx-romfs-native-table
7,40,4,5,1,mhxx-romfs-native-table
7,40,5,6,1,mhxx-romfs-native-table
7,41,0,1,1,mhxx-romfs-native-table
7,41,1,2,1,mhxx-romfs-native-table
7,41,2,3,1,mhxx-romfs-native-table
7,41,3,4,1,mhxx-romfs-native-table
7,41,4,5,1,mhxx-romfs-native-table
7,41,5,6,1,mhxx-romfs-native-table
7,41,6,7,1,mhxx-romfs-native-table
7,42,0,1,1,mhxx-romfs-native-table
7,42,1,2,1,mhxx-romfs-native-table
7,42,2,3,1,mhxx-romfs-native-table
7,42,3,4,1,mhxx-romfs-native-table
7,42,4,5,1,mhxx-romfs-native-table
7,42,5,6,2,mhxx-romfs-native-table
7,42,6,7,2,mhxx-romfs-native-table
7,43,0,1,1,mhxx-romfs-native-table
7,43,1,2,2,mhxx-romfs-native-table
7,43,2,3,2,mhxx-romfs-native-table
7,43,3,4,2,mhxx-romfs-native-table
7,43,4,5,2,mhxx-romfs-native-table
7,43,5,6,2,mhxx-romfs-native-table
7,43,6,7,2,mhxx-romfs-native-table
7,43,7,8,2,mhxx-romfs-native-table
7,44,0,1,0,mhxx-romfs-native-table
7,44,1,2,0,mhxx-romfs-native-table
7,44,2,3,0,mhxx-romfs-native-table
7,44,3,4,0,mhxx-romfs-native-table
7,44,4,5,0,mhxx-romfs-native-table
7,44,5,6,0,mhxx-romfs-native-table
7,44,6,7,0,mhxx-romfs-native-table
7,44,7,8,0,mhxx-romfs-native-table
7,44,8,9,0,mhxx-romfs-native-table
7,45,0,1,0,mhxx-romfs-native-table
7,45,1,2,0,mhxx-romfs-native-table
7,45,2,3,0,mhxx-romfs-native-table
7,45,3,4,0,mhxx-romfs-native-table
7,45,4,5,0,mhxx-romfs-native-table
7,45,5,6,1,mhxx-romfs-native-table
7,45,6,7,2,mhxx-romfs-native-table
7,45,7,8,3,mhxx-romfs-native-table
7,46,0,1,1,mhxx-romfs-native-table
7,46,1,2,1,mhxx-romfs-native-table
7,46,2,3,2,mhxx-romfs-native-table
7,46,3,4,2,mhxx-romfs-native-table
7,46,4,5,2,mhxx-romfs-native-table
7,46,5,6,2,mhxx-romfs-native-table
7,46,6,7,2,mhxx-romfs-native-table
7,46,7,8,2,mhxx-romfs-native-table
7,47,0,1,0,mhxx-romfs-native-table
7,47,1,2,1,mhxx-romfs-native-table
7,47,2,3,1,mhxx-romfs-native-table
7,47,3,4,1,mhxx-romfs-native-table
7,47,4,5,1,mhxx-romfs-native-table
7,47,5,6,1,mhxx-romfs-native-table
7,47,6,7,1,mhxx-romfs-native-table
7,47,7,8,1,mhxx-romfs-native-table
7,48,0,1,1,mhxx-romfs-native-table
7,48,1,2,1,mhxx-romfs-native-table
7,48,2,3,2,mhxx-romfs-native-table
7,48,3,4,3,mhxx-romfs-native-table
7,48,4,5,3,mhxx-romfs-native-table
7,48,5,6,3,mhxx-romfs-native-table
7,48,6,7,3,mhxx-romfs-native-table
7,48,7,8,3,mhxx-romfs-native-table
7,48,8,9,3,mhxx-romfs-native-table
7,49,0,1,1,mhxx-romfs-native-table
7,49,1,2,1,mhxx-romfs-native-table
7,49,2,3,2,mhxx-romfs-native-table
7,49,3,4,2,mhxx-romfs-native-table
7,49,4,5,2,mhxx-romfs-native-table
7,49,5,6,2,mhxx-romfs-native-table
7,49,6,7,2,mhxx-romfs-native-table
7,49,7,8,2,mhxx-romfs-native-table
7,49,8,9,2,mhxx-romfs-native-table
7,50,0,1,0,mhxx-romfs-native-table
7,50,1,2,0,mhxx-romfs-native-table
7,50,2,3,0,mhxx-romfs-native-table
7,50,3,4,0,mhxx-romfs-native-table
7,50,4,5,0,mhxx-romfs-native-table
7,50,5,6,0,mhxx-romfs-native-table
7,50,6,7,0,mhxx-romfs-native-table
7,50,7,8,0,mhxx-romfs-native-table
7,50,8,9,0,mhxx-romfs-native-table
7,51,0,1,1,mhxx-romfs-native-table
7,51,1,2,1,mhxx-romfs-native-table
7,51,2,3,1,mhxx-romfs-native-table
7,51,3,4,1,mhxx-romfs-native-table
7,51,4,5,1,mhxx-romfs-native-table
7,51,5,6,1,mhxx-romfs-native-table
7,51,6,7,1,mhxx-romfs-native-table
7,51,7,8,1,mhxx-romfs-native-table
7,52,0,1,0,mhxx-romfs-native-table
7,52,1,2,2,mhxx-romfs-native-table
7,52,2,3,2,mhxx-romfs-native-table
7,52,3,4,2,mhxx-romfs-native-table
7,52,4,5,2,mhxx-romfs-native-table
7,52,5,6,2,mhxx-romfs-native-table
7,52,6,7,3,mhxx-romfs-native-table
7,52,7,8,3,mhxx-romfs-native-table
7,53,0,1,0,mhxx-romfs-native-table
7,53,1,2,0,mhxx-romfs-native-table
7,53,2,3,2,mhxx-romfs-native-table
7,53,3,4,2,mhxx-romfs-native-table
7,53,4,5,2,mhxx-romfs-native-table
7,53,5,6,2,mhxx-romfs-native-table
7,53,6,7,2,mhxx-romfs-native-table
7,53,7,8,2,mhxx-romfs-native-table
7,53,8,9,2,mhxx-romfs-native-table
7,54,0,1,0,mhxx-romfs-native-table
7,54,1,2,1,mhxx-romfs-native-table
7,54,2,3,1,mhxx-romfs-native-table
7,54,3,4,2,mhxx-romfs-native-table
7,54,4,5,2,mhxx-romfs-native-table
7,54,5,6,2,mhxx-romfs-native-table
7,54,6,7,2,mhxx-romfs-native-table
7,55,0,1,3,mhxx-romfs-native-table
7,55,1,2,3,mhxx-romfs-native-table
7,55,2,3,3,mhxx-romfs-native-table
7,55,3,4,3,mhxx-romfs-native-table
7,55,4,5,3,mhxx-romfs-native-table
7,56,0,1,0,mhxx-romfs-native-table
7,56,1,2,1,mhxx-romfs-native-table
7,56,2,3,1,mhxx-romfs-native-table
7,56,3,4,1,mhxx-romfs-native-table
7,56,4,5,1,mhxx-romfs-native-table
7,56,5,6,1,mhxx-romfs-native-table
7,56,6,7,1,mhxx-romfs-native-table
7,56,7,8,1,mhxx-romfs-native-table
7,56,8,9,1,mhxx-romfs-native-table
7,57,0,1,1,mhxx-romfs-native-table
7,57,1,2,1,mhxx-romfs-native-table
7,57,2,3,1,mhxx-romfs-native-table
7,57,3,4,1,mhxx-romfs-native-table
7,57,4,5,1,mhxx-romfs-native-table
7,57,5,6,1,mhxx-romfs-native-table
7,57,6,7,1,mhxx-romfs-native-table
7,57,7,8,1,mhxx-romfs-native-table
7,57,8,9,1,mhxx-romfs-native-table
7,58,0,1,1,mhxx-romfs-native-table
7,58,1,2,1,mhxx-romfs-native-table
7,58,2,3,1,mhxx-romfs-native-table
7,58,3,4,1,mhxx-romfs-native-table
7,58,4,5,1,mhxx-romfs-native-table
7,58,5,6,1,mhxx-romfs-native-table
7,58,6,7,1,mhxx-romfs-native-table
7,58,7,8,1,mhxx-romfs-native-table
7,58,8,9,1,mhxx-romfs-native-table
7,59,0,1,1,mhxx-romfs-native-table
7,59,1,2,1,mhxx-romfs-native-table
7,59,2,3,1,mhxx-romfs-native-table
7,59,3,4,1,mhxx-romfs-native-table
7,59,4,5,1,mhxx-romfs-native-table
7,59,5,6,1,mhxx-romfs-native-table
7,59,6,7,1,mhxx-romfs-native-table
7,59,7,8,1,mhxx-romfs-native-table
7,59,8,9,1,mhxx-romfs-native-table
7,60,0,1,1,mhxx-romfs-native-table
7,60,1,2,1,mhxx-romfs-native-table
7,60,2,3,1,mhxx-romfs-native-table
7,60,3,4,1,mhxx-romfs-native-table
7,60,4,5,1,mhxx-romfs-native-table
7,60,5,6,1,mhxx-romfs-native-table
7,60,6,7,1,mhxx-romfs-native-table
7,60,7,8,1,mhxx-romfs-native-table
7,60,8,9,1,mhxx-romfs-native-table
7,61,0,1,1,mhxx-romfs-native-table
7,61,1,2,1,mhxx-romfs-native-table
7,61,2,3,1,mhxx-romfs-native-table
7,61,3,4,1,mhxx-romfs-native-table
7,61,4,5,1,mhxx-romfs-native-table
7,61,5,6,1,mhxx-romfs-native-table
7,61,6,7,1,mhxx-romfs-native-table
7,62,0,1,1,mhxx-romfs-native-table
7,62,1,2,1,mhxx-romfs-native-table
7,62,2,3,1,mhxx-romfs-native-table
7,62,3,4,1,mhxx-romfs-native-table
7,62,4,5,1,mhxx-romfs-native-table
7,62,5,6,1,mhxx-romfs-native-table
7,62,6,7,1,mhxx-romfs-native-table
7,62,7,8,1,mhxx-romfs-native-table
7,63,0,1,0,mhxx-romfs-native-table
7,63,1,2,0,mhxx-romfs-native-table
7,63,2,3,0,mhxx-romfs-native-table
7,63,3,4,0,mhxx-romfs-native-table
7,63,4,5,0,mhxx-romfs-native-table
7,63,5,6,0,mhxx-romfs-native-table
7,63,6,7,0,mhxx-romfs-native-table
7,63,7,8,0,mhxx-romfs-native-table
7,64,0,1,2,mhxx-romfs-native-table
7,64,1,2,2,mhxx-romfs-native-table
7,64,2,3,3,mhxx-romfs-native-table
7,64,3,4,3,mhxx-romfs-native-table
7,64,4,5,3,mhxx-romfs-native-table
7,64,5,6,3,mhxx-romfs-native-table
7,65,0,1,0,mhxx-romfs-native-table
7,65,1,2,0,mhxx-romfs-native-table
7,65,2,3,0,mhxx-romfs-native-table
7,65,3,4,0,mhxx-romfs-native-table
7,65,4,5,0,mhxx-romfs-native-table
7,65,5,6,0,mhxx-romfs-native-table
7,66,0,1,2,mhxx-romfs-native-table
7,66,1,2,2,mhxx-romfs-native-table
7,66,2,3,2,mhxx-romfs-native-table
7,66,3,4,2,mhxx-romfs-native-table
7,66,4,5,2,mhxx-romfs-native-table
7,67,0,1,0,mhxx-romfs-native-table
7,67,1,2,0,mhxx-romfs-native-table
7,67,2,3,0,mhxx-romfs-native-table
7,67,3,4,0,mhxx-romfs-native-table
7,67,4,5,0,mhxx-romfs-native-table
7,68,0,1,1,mhxx-romfs-native-table
7,68,1,2,1,mhxx-romfs-native-table
7,68,2,3,1,mhxx-romfs-native-table
7,68,3,4,1,mhxx-romfs-native-table
7,68,4,5,1,mhxx-romfs-native-table
7,69,0,1,1,mhxx-romfs-native-table
7,69,1,2,1,mhxx-romfs-native-table
7,69,2,3,1,mhxx-romfs-native-table
7,69,3,4,1,mhxx-romfs-native-table
7,69,4,5,1,mhxx-romfs-native-table
7,69,5,6,1,mhxx-romfs-native-table
7,69,6,7,1,mhxx-romfs-native-table
7,70,0,1,2,mhxx-romfs-native-table
7,70,1,2,2,mhxx-romfs-native-table
7,70,2,3,2,mhxx-romfs-native-table
7,70,3,4,2,mhxx-romfs-native-table
7,70,4,5,2,mhxx-romfs-native-table
7,71,0,1,0,mhxx-romfs-native-table
7,71,1,2,0,mhxx-romfs-native-table
7,71,2,3,0,mhxx-romfs-native-table
7,71,3,4,0,mhxx-romfs-native-table
7,71,4,5,0,mhxx-romfs-native-table
7,72,0,1,0,mhxx-romfs-native-table
7,72,1,2,0,mhxx-romfs-native-table
7,72,2,3,0,mhxx-romfs-native-table
7,72,3,4,0,mhxx-romfs-native-table
7,72,4,5,0,mhxx-romfs-native-table
7,73,0,1,1,mhxx-romfs-native-table
7,73,1,2,1,mhxx-romfs-native-table
7,73,2,3,2,mhxx-romfs-native-table
7,73,3,4,2,mhxx-romfs-native-table
7,73,4,5,2,mhxx-romfs-native-table
7,74,0,1,0,mhxx-romfs-native-table
7,74,1,2,0,mhxx-romfs-native-table
7,74,2,3,0,mhxx-romfs-native-table
7,74,3,4,0,mhxx-romfs-native-table
7,74,4,5,0,mhxx-romfs-native-table
7,75,0,1,0,mhxx-romfs-native-table
7,75,1,2,0,mhxx-romfs-native-table
7,75,2,3,0,mhxx-romfs-native-table
7,76,0,1,0,mhxx-romfs-native-table
7,76,1,2,0,mhxx-romfs-native-table
7,76,2,3,0,mhxx-romfs-native-table
7,76,3,4,0,mhxx-romfs-native-table
7,76,4,5,0,mhxx-romfs-native-table
7,76,5,6,0,mhxx-romfs-native-table
7,77,0,1,1,mhxx-romfs-native-table
7,77,1,2,1,mhxx-romfs-native-table
7,77,2,3,1,mhxx-romfs-native-table
7,77,3,4,1,mhxx-romfs-native-table
7,77,4,5,1,mhxx-romfs-native-table
7,77,5,6,1,mhxx-romfs-native-table
7,78,0,1,0,mhxx-romfs-native-table
7,78,1,2,0,mhxx-romfs-native-table
7,78,2,3,0,mhxx-romfs-native-table
7,78,3,4,0,mhxx-romfs-native-table
7,78,4,5,0,mhxx-romfs-native-table
7,78,5,6,0,mhxx-romfs-native-table
7,78,6,7,0,mhxx-romfs-native-table
7,79,0,1,0,mhxx-romfs-native-table
7,79,1,2,0,mhxx-romfs-native-table
7,79,2,3,0,mhxx-romfs-native-table
7,79,3,4,0,mhxx-romfs-native-table
7,79,4,5,0,mhxx-romfs-native-table
7,80,0,1,0,mhxx-romfs-native-table
7,80,1,2,0,mhxx-romfs-native-table
7,80,2,3,0,mhxx-romfs-native-table
7,80,3,4,0,mhxx-romfs-native-table
7,80,4,5,0,mhxx-romfs-native-table
7,81,0,1,2,mhxx-romfs-native-table
7,81,1,2,2,mhxx-romfs-native-table
7,81,2,3,2,mhxx-romfs-native-table
7,81,3,4,3,mhxx-romfs-native-table
7,81,4,5,3,mhxx-romfs-native-table
7,81,5,6,3,mhxx-romfs-native-table
7,81,6,7,3,mhxx-romfs-native-table
7,81,7,8,3,mhxx-romfs-native-table
7,82,0,1,0,mhxx-romfs-native-table
7,82,1,2,0,mhxx-romfs-native-table
7,82,2,3,0,mhxx-romfs-native-table
7,82,3,4,0,mhxx-romfs-native-table
7,82,4,5,0,mhxx-romfs-native-table
7,82,5,6,1,mhxx-romfs-native-table
7,82,6,7,1,mhxx-romfs-native-table
7,83,0,1,0,mhxx-romfs-native-table
7,83,1,2,0,mhxx-romfs-native-table
7,83,2,3,0,mhxx-romfs-native-table
7,83,3,4,0,mhxx-romfs-native-table
7,83,4,5,0,mhxx-romfs-native-table
7,83,5,6,1,mhxx-romfs-native-table
7,83,6,7,1,mhxx-romfs-native-table
7,83,7,8,2,mhxx-romfs-native-table
7,84,0,1,0,mhxx-romfs-native-table
7,84,1,2,0,mhxx-romfs-native-table
7,84,2,3,0,mhxx-romfs-native-table
7,84,3,4,0,mhxx-romfs-native-table
7,84,4,5,0,mhxx-romfs-native-table
7,84,5,6,0,mhxx-romfs-native-table
7,85,0,1,0,mhxx-romfs-native-table
7,85,1,2,0,mhxx-romfs-native-table
7,85,2,3,0,mhxx-romfs-native-table
7,85,3,4,0,mhxx-romfs-native-table
7,85,4,5,0,mhxx-romfs-native-table
7,85,5,6,0,mhxx-romfs-native-table
7,86,0,1,1,mhxx-romfs-native-table
7,86,1,2,1,mhxx-romfs-native-table
7,86,2,3,2,mhxx-romfs-native-table
7,86,3,4,2,mhxx-romfs-native-table
7,86,4,5,2,mhxx-romfs-native-table
7,86,5,6,2,mhxx-romfs-native-table
7,86,6,7,2,mhxx-romfs-native-table
7,87,0,1,3,mhxx-romfs-native-table
7,87,1,2,3,mhxx-romfs-native-table
7,87,2,3,3,mhxx-romfs-native-table
7,87,3,4,3,mhxx-romfs-native-table
7,87,4,5,3,mhxx-romfs-native-table
7,88,0,1,0,mhxx-romfs-native-table
7,88,1,2,0,mhxx-romfs-native-table
7,88,2,3,0,mhxx-romfs-native-table
7,88,3,4,0,mhxx-romfs-native-table
7,88,4,5,0,mhxx-romfs-native-table
7,88,5,6,0,mhxx-romfs-native-table
7,88,6,7,0,mhxx-romfs-native-table
7,89,0,1,0,mhxx-romfs-native-table
7,89,1,2,0,mhxx-romfs-native-table
7,89,2,3,0,mhxx-romfs-native-table
7,89,3,4,0,mhxx-romfs-native-table
7,89,4,5,1,mhxx-romfs-native-table
7,89,5,6,1,mhxx-romfs-native-table
7,90,0,1,0,mhxx-romfs-native-table
7,90,1,2,0,mhxx-romfs-native-table
7,90,2,3,0,mhxx-romfs-native-table
7,90,3,4,0,mhxx-romfs-native-table
7,90,4,5,1,mhxx-romfs-native-table
7,90,5,6,2,mhxx-romfs-native-table
7,91,0,1,1,mhxx-romfs-native-table
7,91,1,2,1,mhxx-romfs-native-table
7,91,2,3,1,mhxx-romfs-native-table
7,91,3,4,1,mhxx-romfs-native-table
7,91,4,5,1,mhxx-romfs-native-table
7,92,0,1,1,mhxx-romfs-native-table
7,92,1,2,1,mhxx-romfs-native-table
7,92,2,3,1,mhxx-romfs-native-table
7,92,3,4,2,mhxx-romfs-native-table
7,92,4,5,2,mhxx-romfs-native-table
7,92,5,6,2,mhxx-romfs-native-table
7,92,6,7,3,mhxx-romfs-native-table
7,93,0,1,2,mhxx-romfs-native-table
7,93,1,2,2,mhxx-romfs-native-table
7,93,2,3,2,mhxx-romfs-native-table
7,93,3,4,2,mhxx-romfs-native-table
7,93,4,5,2,mhxx-romfs-native-table
7,93,5,6,2,mhxx-romfs-native-table
7,94,0,1,3,mhxx-romfs-native-table
7,94,1,2,3,mhxx-romfs-native-table
7,94,2,3,3,mhxx-romfs-native-table
7,94,3,4,3,mhxx-romfs-native-table
7,94,4,5,3,mhxx-romfs-native-table
7,95,0,1,0,mhxx-romfs-native-table
7,95,1,2,0,mhxx-romfs-native-table
7,95,2,3,0,mhxx-romfs-native-table
7,95,3,4,0,mhxx-romfs-native-table
7,95,4,5,0,mhxx-romfs-native-table
7,95,5,6,0,mhxx-romfs-native-table
7,95,6,7,0,mhxx-romfs-native-table
7,95,7,8,0,mhxx-romfs-native-table
7,95,8,9,0,mhxx-romfs-native-table
7,95,9,10,0,mhxx-romfs-native-table
7,95,10,11,0,mhxx-romfs-native-table
7,95,11,12,0,mhxx-romfs-native-table
7,95,12,13,0,mhxx-romfs-native-table
7,95,13,14,0,mhxx-romfs-native-table
7,95,14,15,0,mhxx-romfs-native-table
7,96,0,1,0,mhxx-romfs-native-table
7,96,1,2,0,mhxx-romfs-native-table
7,96,2,3,0,mhxx-romfs-native-table
7,96,3,4,0,mhxx-romfs-native-table
7,96,4,5,0,mhxx-romfs-native-table
7,96,5,6,0,mhxx-romfs-native-table
7,96,6,7,0,mhxx-romfs-native-table
7,96,7,8,0,mhxx-romfs-native-table
7,96,8,9,0,mhxx-romfs-native-table
7,96,9,10,0,mhxx-romfs-native-table
7,96,10,11,0,mhxx-romfs-native-table
7,96,11,12,0,mhxx-romfs-native-table
7,96,12,13,0,mhxx-romfs-native-table
7,96,13,14,0,mhxx-romfs-native-table
7,96,14,15,0,mhxx-romfs-native-table
7,97,0,1,0,mhxx-romfs-native-table
7,97,1,2,0,mhxx-romfs-native-table
7,97,2,3,0,mhxx-romfs-native-table
7,97,3,4,0,mhxx-romfs-native-table
7,97,4,5,0,mhxx-romfs-native-table
7,97,5,6,0,mhxx-romfs-native-table
7,97,6,7,0,mhxx-romfs-native-table
7,97,7,8,0,mhxx-romfs-native-table
7,97,8,9,0,mhxx-romfs-native-table
7,97,9,10,0,mhxx-romfs-native-table
7,97,10,11,0,mhxx-romfs-native-table
7,97,11,12,0,mhxx-romfs-native-table
7,97,12,13,0,mhxx-romfs-native-table
7,97,13,14,0,mhxx-romfs-native-table
7,97,14,15,0,mhxx-romfs-native-table
7,98,0,1,0,mhxx-romfs-native-table
7,98,1,2,0,mhxx-romfs-native-table
7,98,2,3,0,mhxx-romfs-native-table
7,98,3,4,0,mhxx-romfs-native-table
7,98,4,5,0,mhxx-romfs-native-table
7,98,5,6,0,mhxx-romfs-native-table
7,98,6,7,0,mhxx-romfs-native-table
7,98,7,8,0,mhxx-romfs-native-table
7,98,8,9,0,mhxx-romfs-native-table
7,98,9,10,0,mhxx-romfs-native-table
7,98,10,11,0,mhxx-romfs-native-table
7,98,11,12,0,mhxx-romfs-native-table
7,98,12,13,0,mhxx-romfs-native-table
7,98,13,14,0,mhxx-romfs-native-table
7,98,14,15,0,mhxx-romfs-native-table
7,99,0,1,0,mhxx-romfs-native-table
7,99,1,2,0,mhxx-romfs-native-table
7,99,2,3,0,mhxx-romfs-native-table
7,99,3,4,0,mhxx-romfs-native-table
7,99,4,5,0,mhxx-romfs-native-table
7,99,5,6,0,mhxx-romfs-native-table
7,99,6,7,0,mhxx-romfs-native-table
7,99,7,8,0,mhxx-romfs-native-table
7,99,8,9,0,mhxx-romfs-native-table
7,99,9,10,0,mhxx-romfs-native-table
7,99,10,11,0,mhxx-romfs-native-table
7,99,11,12,0,mhxx-romfs-native-table
7,99,12,13,0,mhxx-romfs-native-table
7,99,13,14,0,mhxx-romfs-native-table
7,99,14,15,0,mhxx-romfs-native-table
7,100,0,1,0,mhxx-romfs-native-table
7,100,1,2,0,mhxx-romfs-native-table
7,100,2,3,0,mhxx-romfs-native-table
7,100,3,4,0,mhxx-romfs-native-table
7,100,4,5,0,mhxx-romfs-native-table
7,100,5,6,0,mhxx-romfs-native-table
7,100,6,7,0,mhxx-romfs-native-table
7,100,7,8,0,mhxx-romfs-native-table
7,100,8,9,0,mhxx-romfs-native-table
7,100,9,10,0,mhxx-romfs-native-table
7,100,10,11,0,mhxx-romfs-native-table
7,100,11,12,0,mhxx-romfs-native-table
7,100,12,13,0,mhxx-romfs-native-table
7,100,13,14,0,mhxx-romfs-native-table
7,100,14,15,0,mhxx-romfs-native-table
7,101,0,1,0,mhxx-romfs-native-table
7,101,1,2,0,mhxx-romfs-native-table
7,101,2,3,0,mhxx-romfs-native-table
7,101,3,4,0,mhxx-romfs-native-table
7,101,4,5,0,mhxx-romfs-native-table
7,101,5,6,0,mhxx-romfs-native-table
7,101,6,7,0,mhxx-romfs-native-table
7,101,7,8,0,mhxx-romfs-native-table
7,101,8,9,0,mhxx-romfs-native-table
7,101,9,10,0,mhxx-romfs-native-table
7,101,10,11,0,mhxx-romfs-native-table
7,101,11,12,0,mhxx-romfs-native-table
7,101,12,13,0,mhxx-romfs-native-table
7,101,13,14,0,mhxx-romfs-native-table
7,101,14,15,0,mhxx-romfs-native-table
7,102,0,1,0,mhxx-romfs-native-table
7,102,1,2,0,mhxx-romfs-native-table
7,102,2,3,0,mhxx-romfs-native-table
7,102,3,4,0,mhxx-romfs-native-table
7,102,4,5,0,mhxx-romfs-native-table
7,102,5,6,0,mhxx-romfs-native-table
7,102,6,7,0,mhxx-romfs-native-table
7,102,7,8,0,mhxx-romfs-native-table
7,102,8,9,0,mhxx-romfs-native-table
7,102,9,10,0,mhxx-romfs-native-table
7,102,10,11,0,mhxx-romfs-native-table
7,102,11,12,0,mhxx-romfs-native-table
7,102,12,13,0,mhxx-romfs-native-table
7,102,13,14,0,mhxx-romfs-native-table
7,102,14,15,0,mhxx-romfs-native-table
7,103,0,1,0,mhxx-romfs-native-table
7,103,1,2,0,mhxx-romfs-native-table
7,103,2,3,0,mhxx-romfs-native-table
7,103,3,4,0,mhxx-romfs-native-table
7,103,4,5,0,mhxx-romfs-native-table
7,103,5,6,0,mhxx-romfs-native-table
7,103,6,7,0,mhxx-romfs-native-table
7,103,7,8,0,mhxx-romfs-native-table
7,103,8,9,0,mhxx-romfs-native-table
7,103,9,10,0,mhxx-romfs-native-table
7,103,10,11,0,mhxx-romfs-native-table
7,103,11,12,0,mhxx-romfs-native-table
7,103,12,13,0,mhxx-romfs-native-table
7,103,13,14,0,mhxx-romfs-native-table
7,103,14,15,0,mhxx-romfs-native-table
7,104,0,1,0,mhxx-romfs-native-table
7,104,1,2,0,mhxx-romfs-native-table
7,104,2,3,0,mhxx-romfs-native-table
7,104,3,4,0,mhxx-romfs-native-table
7,104,4,5,0,mhxx-romfs-native-table
7,104,5,6,0,mhxx-romfs-native-table
7,104,6,7,0,mhxx-romfs-native-table
7,104,7,8,0,mhxx-romfs-native-table
7,104,8,9,0,mhxx-romfs-native-table
7,104,9,10,0,mhxx-romfs-native-table
7,104,10,11,0,mhxx-romfs-native-table
7,104,11,12,0,mhxx-romfs-native-table
7,104,12,13,0,mhxx-romfs-native-table
7,104,13,14,0,mhxx-romfs-native-table
7,104,14,15,0,mhxx-romfs-native-table
7,105,0,1,0,mhxx-romfs-native-table
7,105,1,2,0,mhxx-romfs-native-table
7,105,2,3,0,mhxx-romfs-native-table
7,105,3,4,0,mhxx-romfs-native-table
7,105,4,5,0,mhxx-romfs-native-table
7,105,5,6,0,mhxx-romfs-native-table
7,105,6,7,0,mhxx-romfs-native-table
7,105,7,8,0,mhxx-romfs-native-table
7,105,8,9,0,mhxx-romfs-native-table
7,105,9,10,0,mhxx-romfs-native-table
7,105,10,11,0,mhxx-romfs-native-table
7,105,11,12,0,mhxx-romfs-native-table
7,105,12,13,0,mhxx-romfs-native-table
7,105,13,14,0,mhxx-romfs-native-table
7,105,14,15,0,mhxx-romfs-native-table
7,106,0,1,2,mhxx-romfs-native-table
7,106,1,2,2,mhxx-romfs-native-table
7,106,2,3,2,mhxx-romfs-native-table
7,106,3,4,2,mhxx-romfs-native-table
7,106,4,5,2,mhxx-romfs-native-table
7,107,0,1,1,mhxx-romfs-native-table
7,107,1,2,2,mhxx-romfs-native-table
7,107,2,3,2,mhxx-romfs-native-table
7,107,3,4,2,mhxx-romfs-native-table
7,107,4,5,2,mhxx-romfs-native-table
7,108,0,1,0,mhxx-romfs-native-table
7,108,1,2,0,mhxx-romfs-native-table
7,108,2,3,0,mhxx-romfs-native-table
7,108,3,4,0,mhxx-romfs-native-table
7,108,4,5,0,mhxx-romfs-native-table
7,109,0,1,0,mhxx-romfs-native-table
7,109,1,2,0,mhxx-romfs-native-table
7,109,2,3,0,mhxx-romfs-native-table
7,109,3,4,0,mhxx-romfs-native-table
7,109,4,5,0,mhxx-romfs-native-table
7,110,0,1,0,mhxx-romfs-native-table
7,110,1,2,0,mhxx-romfs-native-table
7,110,2,3,0,mhxx-romfs-native-table
7,110,3,4,0,mhxx-romfs-native-table
7,110,4,5,0,mhxx-romfs-native-table
7,111,0,1,3,mhxx-romfs-native-table
7,111,1,2,3,mhxx-romfs-native-table
7,111,2,3,3,mhxx-romfs-native-table
7,112,0,1,1,mhxx-romfs-native-table
7,112,1,2,1,mhxx-romfs-native-table
7,112,2,3,2,mhxx-romfs-native-table
7,112,3,4,2,mhxx-romfs-native-table
7,112,4,5,2,mhxx-romfs-native-table
7,112,5,6,2,mhxx-romfs-native-table
7,113,0,1,0,mhxx-romfs-native-table
7,113,1,2,0,mhxx-romfs-native-table
7,113,2,3,0,mhxx-romfs-native-table
7,113,3,4,0,mhxx-romfs-native-table
7,113,4,5,0,mhxx-romfs-native-table
7,114,0,1,0,mhxx-romfs-native-table
7,114,1,2,0,mhxx-romfs-native-table
7,114,2,3,0,mhxx-romfs-native-table
7,114,3,4,0,mhxx-romfs-native-table
7,114,4,5,0,mhxx-romfs-native-table
7,115,0,1,0,mhxx-romfs-native-table
7,115,1,2,0,mhxx-romfs-native-table
7,115,2,3,0,mhxx-romfs-native-table
7,115,3,4,0,mhxx-romfs-native-table
7,115,4,5,0,mhxx-romfs-native-table
7,116,0,1,0,mhxx-romfs-native-table
7,116,1,2,0,mhxx-romfs-native-table
7,116,2,3,0,mhxx-romfs-native-table
7,116,3,4,0,mhxx-romfs-native-table
7,116,4,5,0,mhxx-romfs-native-table
7,117,0,1,0,mhxx-romfs-native-table
7,117,1,2,0,mhxx-romfs-native-table
7,117,2,3,0,mhxx-romfs-native-table
7,117,3,4,0,mhxx-romfs-native-table
7,117,4,5,0,mhxx-romfs-native-table
7,118,0,1,0,mhxx-romfs-native-table
7,118,1,2,0,mhxx-romfs-native-table
7,118,2,3,0,mhxx-romfs-native-table
7,118,3,4,0,mhxx-romfs-native-table
7,118,4,5,0,mhxx-romfs-native-table
7,119,0,1,1,mhxx-romfs-native-table
7,119,1,2,1,mhxx-romfs-native-table
7,119,2,3,1,mhxx-romfs-native-table
7,120,0,1,3,mhxx-romfs-native-table
7,120,1,2,3,mhxx-romfs-native-table
7,120,2,3,3,mhxx-romfs-native-table
7,121,0,1,0,mhxx-romfs-native-table
7,121,1,2,0,mhxx-romfs-native-table
7,121,2,3,0,mhxx-romfs-native-table
7,122,0,1,2,mhxx-romfs-native-table
7,122,1,2,2,mhxx-romfs-native-table
7,122,2,3,2,mhxx-romfs-native-table
7,123,0,1,2,mhxx-romfs-native-table
7,123,1,2,2,mhxx-romfs-native-table
7,123,2,3,2,mhxx-romfs-native-table
7,124,0,1,0,mhxx-romfs-native-table
7,124,1,2,0,mhxx-romfs-native-table
7,124,2,3,0,mhxx-romfs-native-table
7,124,3,4,0,mhxx-romfs-native-table
7,124,4,5,0,mhxx-romfs-native-table
7,125,0,1,0,mhxx-romfs-native-table
7,125,1,2,0,mhxx-romfs-native-table
7,125,2,3,1,mhxx-romfs-native-table
7,125,3,4,1,mhxx-romfs-native-table
7,125,4,5,1,mhxx-romfs-native-table
7,126,0,1,0,mhxx-romfs-native-table
7,126,1,2,0,mhxx-romfs-native-table
7,126,2,3,0,mhxx-romfs-native-table
7,126,3,4,1,mhxx-romfs-native-table
7,126,4,5,1,mhxx-romfs-native-table
7,126,5,6,1,mhxx-romfs-native-table
7,127,0,1,1,mhxx-romfs-native-table
7,127,1,2,1,mhxx-romfs-native-table
7,127,2,3,1,mhxx-romfs-native-table
7,127,3,4,2,mhxx-romfs-native-table
7,127,4,5,2,mhxx-romfs-native-table
7,127,5,6,2,mhxx-romfs-native-table
7,128,0,1,1,mhxx-romfs-native-table
7,128,1,2,1,mhxx-romfs-native-table
7,128,2,3,1,mhxx-romfs-native-table
7,129,0,1,3,mhxx-romfs-native-table
7,129,1,2,3,mhxx-romfs-native-table
7,129,2,3,3,mhxx-romfs-native-table
7,130,0,1,1,mhxx-romfs-native-table
7,130,1,2,1,mhxx-romfs-native-table
7,130,2,3,2,mhxx-romfs-native-table
7,130,3,4,2,mhxx-romfs-native-table
7,130,4,5,3,mhxx-romfs-native-table
7,131,0,1,0,mhxx-romfs-native-table
7,131,1,2,0,mhxx-romfs-native-table
7,131,2,3,0,mhxx-romfs-native-table
7,132,0,1,2,mhxx-romfs-native-table
7,132,1,2,2,mhxx-romfs-native-table
7,132,2,3,3,mhxx-romfs-native-table
7,133,0,1,0,mhxx-romfs-native-table
7,133,1,2,0,mhxx-romfs-native-table
7,133,2,3,0,mhxx-romfs-native-table
7,134,0,1,2,mhxx-romfs-native-table
7,134,1,2,2,mhxx-romfs-native-table
7,134,2,3,2,mhxx-romfs-native-table
7,134,3,4,2,mhxx-romfs-native-table
7,134,4,5,2,mhxx-romfs-native-table
7,134,5,6,2,mhxx-romfs-native-table
7,135,0,1,0,mhxx-romfs-native-table
7,135,1,2,0,mhxx-romfs-native-table
7,135,2,3,0,mhxx-romfs-native-table
7,136,0,1,0,mhxx-romfs-native-table
7,136,1,2,0,mhxx-romfs-native-table
7,136,2,3,0,mhxx-romfs-native-table
8,0,0,1,0,mhxx-romfs-native-table
8,1,0,1,0,mhxx-romfs-native-table
8,1,1,2,0,mhxx-romfs-native-table
8,1,2,3,0,mhxx-romfs-native-table
8,1,3,4,0,mhxx-romfs-native-table
8,1,4,5,0,mhxx-romfs-native-table
8,1,5,6,1,mhxx-romfs-native-table
8,1,6,7,1,mhxx-romfs-native-table
8,1,7,8,1,mhxx-romfs-native-table
8,1,8,9,2,mhxx-romfs-native-table
8,1,9,10,2,mhxx-romfs-native-table
8,1,10,11,3,mhxx-romfs-native-table
8,2,0,1,0,mhxx-romfs-native-table
8,2,1,2,0,mhxx-romfs-native-table
8,2,2,3,0,mhxx-romfs-native-table
8,2,3,4,0,mhxx-romfs-native-table
8,2,4,5,0,mhxx-romfs-native-table
8,2,5,6,0,mhxx-romfs-native-table
8,2,6,7,1,mhxx-romfs-native-table
8,2,7,8,2,mhxx-romfs-native-table
8,3,0,1,0,mhxx-romfs-native-table
8,3,1,2,0,mhxx-romfs-native-table
8,3,2,3,0,mhxx-romfs-native-table
8,3,3,4,0,mhxx-romfs-native-table
8,3,4,5,0,mhxx-romfs-native-table
8,3,5,6,0,mhxx-romfs-native-table
8,3,6,7,0,mhxx-romfs-native-table
8,4,0,1,1,mhxx-romfs-native-table
8,4,1,2,1,mhxx-romfs-native-table
8,4,2,3,1,mhxx-romfs-native-table
8,4,3,4,1,mhxx-romfs-native-table
8,4,4,5,1,mhxx-romfs-native-table
8,4,5,6,1,mhxx-romfs-native-table
8,5,0,1,0,mhxx-romfs-native-table
8,5,1,2,1,mhxx-romfs-native-table
8,5,2,3,2,mhxx-romfs-native-table
8,5,3,4,2,mhxx-romfs-native-table
8,5,4,5,2,mhxx-romfs-native-table
8,5,5,6,2,mhxx-romfs-native-table
8,5,6,7,2,mhxx-romfs-native-table
8,5,7,8,2,mhxx-romfs-native-table
8,6,0,1,0,mhxx-romfs-native-table
8,6,1,2,0,mhxx-romfs-native-table
8,6,2,3,1,mhxx-romfs-native-table
8,6,3,4,2,mhxx-romfs-native-table
8,6,4,5,2,mhxx-romfs-native-table
8,6,5,6,2,mhxx-romfs-native-table
8,6,6,7,2,mhxx-romfs-native-table
8,7,0,1,1,mhxx-romfs-native-table
8,7,1,2,1,mhxx-romfs-native-table
8,7,2,3,1,mhxx-romfs-native-table
8,7,3,4,2,mhxx-romfs-native-table
8,7,4,5,2,mhxx-romfs-native-table
8,7,5,6,3,mhxx-romfs-native-table
8,7,6,7,3,mhxx-romfs-native-table
8,8,0,1,1,mhxx-romfs-native-table
8,8,1,2,1,mhxx-romfs-native-table
8,8,2,3,1,mhxx-romfs-native-table
8,8,3,4,1,mhxx-romfs-native-table
8,8,4,5,1,mhxx-romfs-native-table
8,8,5,6,2,mhxx-romfs-native-table
8,8,6,7,2,mhxx-romfs-native-table
8,8,7,8,2,mhxx-romfs-native-table
8,9,0,1,1,mhxx-romfs-native-table
8,9,1,2,1,mhxx-romfs-native-table
8,9,2,3,1,mhxx-romfs-native-table
8,9,3,4,1,mhxx-romfs-native-table
8,9,4,5,1,mhxx-romfs-native-table
8,9,5,6,1,mhxx-romfs-native-table
8,9,6,7,1,mhxx-romfs-native-table
8,9,7,8,1,mhxx-romfs-native-table
8,10,0,1,0,mhxx-romfs-native-table
8,10,1,2,1,mhxx-romfs-native-table
8,10,2,3,1,mhxx-romfs-native-table
8,10,3,4,1,mhxx-romfs-native-table
8,10,4,5,1,mhxx-romfs-native-table
8,10,5,6,1,mhxx-romfs-native-table
8,10,6,7,1,mhxx-romfs-native-table
8,10,7,8,1,mhxx-romfs-native-table
8,10,8,9,1,mhxx-romfs-native-table
8,11,0,1,0,mhxx-romfs-native-table
8,11,1,2,0,mhxx-romfs-native-table
8,11,2,3,0,mhxx-romfs-native-table
8,11,3,4,0,mhxx-romfs-native-table
8,11,4,5,0,mhxx-romfs-native-table
8,11,5,6,0,mhxx-romfs-native-table
8,11,6,7,0,mhxx-romfs-native-table
8,11,7,8,0,mhxx-romfs-native-table
8,11,8,9,0,mhxx-romfs-native-table
8,11,9,10,0,mhxx-romfs-native-table
8,11,10,11,0,mhxx-romfs-native-table
8,12,0,1,1,mhxx-romfs-native-table
8,12,1,2,1,mhxx-romfs-native-table
8,12,2,3,1,mhxx-romfs-native-table
8,12,3,4,1,mhxx-romfs-native-table
8,12,4,5,1,mhxx-romfs-native-table
8,12,5,6,1,mhxx-romfs-native-table
8,13,0,1,0,mhxx-romfs-native-table
8,13,1,2,0,mhxx-romfs-native-table
8,13,2,3,0,mhxx-romfs-native-table
8,13,3,4,0,mhxx-romfs-native-table
8,13,4,5,0,mhxx-romfs-native-table
8,13,5,6,0,mhxx-romfs-native-table
8,13,6,7,0,mhxx-romfs-native-table
8,13,7,8,0,mhxx-romfs-native-table
8,14,0,1,2,mhxx-romfs-native-table
8,14,1,2,3,mhxx-romfs-native-table
8,14,2,3,3,mhxx-romfs-native-table
8,14,3,4,3,mhxx-romfs-native-table
8,14,4,5,3,mhxx-romfs-native-table
8,14,5,6,3,mhxx-romfs-native-table
8,15,0,1,1,mhxx-romfs-native-table
8,15,1,2,1,mhxx-romfs-native-table
8,15,2,3,1,mhxx-romfs-native-table
8,15,3,4,1,mhxx-romfs-native-table
8,15,4,5,1,mhxx-romfs-native-table
8,16,0,1,0,mhxx-romfs-native-table
8,16,1,2,0,mhxx-romfs-native-table
8,16,2,3,0,mhxx-romfs-native-table
8,16,3,4,0,mhxx-romfs-native-table
8,16,4,5,0,mhxx-romfs-native-table
8,16,5,6,0,mhxx-romfs-native-table
8,16,6,7,0,mhxx-romfs-native-table
8,16,7,8,0,mhxx-romfs-native-table
8,17,0,1,0,mhxx-romfs-native-table
8,17,1,2,0,mhxx-romfs-native-table
8,17,2,3,0,mhxx-romfs-native-table
8,17,3,4,0,mhxx-romfs-native-table
8,17,4,5,0,mhxx-romfs-native-table
8,17,5,6,0,mhxx-romfs-native-table
8,17,6,7,0,mhxx-romfs-native-table
8,17,7,8,0,mhxx-romfs-native-table
8,18,0,1,1,mhxx-romfs-native-table
8,18,1,2,1,mhxx-romfs-native-table
8,18,2,3,1,mhxx-romfs-native-table
8,18,3,4,1,mhxx-romfs-native-table
8,18,4,5,2,mhxx-romfs-native-table
8,18,5,6,2,mhxx-romfs-native-table
8,18,6,7,2,mhxx-romfs-native-table
8,18,7,8,2,mhxx-romfs-native-table
8,19,0,1,1,mhxx-romfs-native-table
8,19,1,2,1,mhxx-romfs-native-table
8,19,2,3,1,mhxx-romfs-native-table
8,19,3,4,1,mhxx-romfs-native-table
8,19,4,5,1,mhxx-romfs-native-table
8,19,5,6,1,mhxx-romfs-native-table
8,19,6,7,2,mhxx-romfs-native-table
8,20,0,1,0,mhxx-romfs-native-table
8,20,1,2,1,mhxx-romfs-native-table
8,20,2,3,1,mhxx-romfs-native-table
8,20,3,4,1,mhxx-romfs-native-table
8,20,4,5,1,mhxx-romfs-native-table
8,20,5,6,1,mhxx-romfs-native-table
8,20,6,7,1,mhxx-romfs-native-table
8,20,7,8,1,mhxx-romfs-native-table
8,21,0,1,2,mhxx-romfs-native-table
8,21,1,2,2,mhxx-romfs-native-table
8,21,2,3,2,mhxx-romfs-native-table
8,21,3,4,2,mhxx-romfs-native-table
8,21,4,5,2,mhxx-romfs-native-table
8,22,0,1,0,mhxx-romfs-native-table
8,22,1,2,0,mhxx-romfs-native-table
8,22,2,3,0,mhxx-romfs-native-table
8,22,3,4,0,mhxx-romfs-native-table
8,22,4,5,0,mhxx-romfs-native-table
8,22,5,6,0,mhxx-romfs-native-table
8,22,6,7,0,mhxx-romfs-native-table
8,23,0,1,2,mhxx-romfs-native-table
8,23,1,2,2,mhxx-romfs-native-table
8,23,2,3,3,mhxx-romfs-native-table
8,23,3,4,3,mhxx-romfs-native-table
8,23,4,5,3,mhxx-romfs-native-table
8,23,5,6,3,mhxx-romfs-native-table
8,23,6,7,3,mhxx-romfs-native-table
8,23,7,8,3,mhxx-romfs-native-table
8,23,8,9,3,mhxx-romfs-native-table
8,24,0,1,0,mhxx-romfs-native-table
8,24,1,2,0,mhxx-romfs-native-table
8,24,2,3,1,mhxx-romfs-native-table
8,24,3,4,2,mhxx-romfs-native-table
8,24,4,5,2,mhxx-romfs-native-table
8,24,5,6,2,mhxx-romfs-native-table
8,24,6,7,2,mhxx-romfs-native-table
8,25,0,1,1,mhxx-romfs-native-table
8,25,1,2,1,mhxx-romfs-native-table
8,25,2,3,2,mhxx-romfs-native-table
8,25,3,4,2,mhxx-romfs-native-table
8,25,4,5,2,mhxx-romfs-native-table
8,25,5,6,3,mhxx-romfs-native-table
8,25,6,7,3,mhxx-romfs-native-table
8,25,7,8,3,mhxx-romfs-native-table
8,26,0,1,0,mhxx-romfs-native-table
8,26,1,2,0,mhxx-romfs-native-table
8,26,2,3,0,mhxx-romfs-native-table
8,26,3,4,0,mhxx-romfs-native-table
8,26,4,5,0,mhxx-romfs-native-table
8,26,5,6,0,mhxx-romfs-native-table
8,26,6,7,0,mhxx-romfs-native-table
8,26,7,8,0,mhxx-romfs-native-table
8,27,0,1,1,mhxx-romfs-native-table
8,27,1,2,1,mhxx-romfs-native-table
8,27,2,3,1,mhxx-romfs-native-table
8,27,3,4,1,mhxx-romfs-native-table
8,27,4,5,1,mhxx-romfs-native-table
8,27,5,6,1,mhxx-romfs-native-table
8,27,6,7,1,mhxx-romfs-native-table
8,28,0,1,2,mhxx-romfs-native-table
8,28,1,2,2,mhxx-romfs-native-table
8,28,2,3,2,mhxx-romfs-native-table
8,28,3,4,2,mhxx-romfs-native-table
8,28,4,5,2,mhxx-romfs-native-table
8,28,5,6,2,mhxx-romfs-native-table
8,29,0,1,0,mhxx-romfs-native-table
8,29,1,2,0,mhxx-romfs-native-table
8,29,2,3,0,mhxx-romfs-native-table
8,29,3,4,0,mhxx-romfs-native-table
8,29,4,5,0,mhxx-romfs-native-table
8,29,5,6,0,mhxx-romfs-native-table
8,29,6,7,0,mhxx-romfs-native-table
8,29,7,8,0,mhxx-romfs-native-table
8,29,8,9,0,mhxx-romfs-native-table
8,29,9,10,0,mhxx-romfs-native-table
8,29,10,11,0,mhxx-romfs-native-table
8,30,0,1,0,mhxx-romfs-native-table
8,30,1,2,0,mhxx-romfs-native-table
8,30,2,3,0,mhxx-romfs-native-table
8,30,3,4,0,mhxx-romfs-native-table
8,30,4,5,0,mhxx-romfs-native-table
8,30,5,6,0,mhxx-romfs-native-table
8,30,6,7,0,mhxx-romfs-native-table
8,30,7,8,0,mhxx-romfs-native-table
8,31,0,1,1,mhxx-romfs-native-table
8,31,1,2,1,mhxx-romfs-native-table
8,31,2,3,1,mhxx-romfs-native-table
8,31,3,4,1,mhxx-romfs-native-table
8,31,4,5,1,mhxx-romfs-native-table
8,32,0,1,2,mhxx-romfs-native-table
8,32,1,2,2,mhxx-romfs-native-table
8,32,2,3,2,mhxx-romfs-native-table
8,32,3,4,2,mhxx-romfs-native-table
8,32,4,5,2,mhxx-romfs-native-table
8,33,0,1,2,mhxx-romfs-native-table
8,33,1,2,2,mhxx-romfs-native-table
8,33,2,3,2,mhxx-romfs-native-table
8,33,3,4,2,mhxx-romfs-native-table
8,33,4,5,2,mhxx-romfs-native-table
8,33,5,6,2,mhxx-romfs-native-table
8,33,6,7,2,mhxx-romfs-native-table
8,33,7,8,2,mhxx-romfs-native-table
8,33,8,9,2,mhxx-romfs-native-table
8,34,0,1,1,mhxx-romfs-native-table
8,34,1,2,1,mhxx-romfs-native-table
8,34,2,3,1,mhxx-romfs-native-table
8,34,3,4,1,mhxx-romfs-native-table
8,34,4,5,1,mhxx-romfs-native-table
8,34,5,6,1,mhxx-romfs-native-table
8,35,0,1,2,mhxx-romfs-native-table
8,35,1,2,2,mhxx-romfs-native-table
8,35,2,3,2,mhxx-romfs-native-table
8,35,3,4,2,mhxx-romfs-native-table
8,35,4,5,2,mhxx-romfs-native-table
8,36,0,1,2,mhxx-romfs-native-table
8,36,1,2,2,mhxx-romfs-native-table
8,36,2,3,2,mhxx-romfs-native-table
8,36,3,4,2,mhxx-romfs-native-table
8,36,4,5,2,mhxx-romfs-native-table
8,36,5,6,2,mhxx-romfs-native-table
8,37,0,1,1,mhxx-romfs-native-table
8,37,1,2,1,mhxx-romfs-native-table
8,37,2,3,1,mhxx-romfs-native-table
8,37,3,4,1,mhxx-romfs-native-table
8,37,4,5,1,mhxx-romfs-native-table
8,37,5,6,1,mhxx-romfs-native-table
8,37,6,7,1,mhxx-romfs-native-table
8,38,0,1,0,mhxx-romfs-native-table
8,38,1,2,0,mhxx-romfs-native-table
8,38,2,3,1,mhxx-romfs-native-table
8,38,3,4,1,mhxx-romfs-native-table
8,38,4,5,1,mhxx-romfs-native-table
8,38,5,6,2,mhxx-romfs-native-table
8,38,6,7,2,mhxx-romfs-native-table
8,39,0,1,1,mhxx-romfs-native-table
8,39,1,2,1,mhxx-romfs-native-table
8,39,2,3,2,mhxx-romfs-native-table
8,39,3,4,2,mhxx-romfs-native-table
8,39,4,5,2,mhxx-romfs-native-table
8,39,5,6,2,mhxx-romfs-native-table
8,39,6,7,2,mhxx-romfs-native-table
8,39,7,8,3,mhxx-romfs-native-table
8,40,0,1,0,mhxx-romfs-native-table
8,40,1,2,0,mhxx-romfs-native-table
8,40,2,3,1,mhxx-romfs-native-table
8,40,3,4,1,mhxx-romfs-native-table
8,40,4,5,1,mhxx-romfs-native-table
8,40,5,6,1,mhxx-romfs-native-table
8,40,6,7,1,mhxx-romfs-native-table
8,41,0,1,0,mhxx-romfs-native-table
8,41,1,2,0,mhxx-romfs-native-table
8,41,2,3,0,mhxx-romfs-native-table
8,41,3,4,0,mhxx-romfs-native-table
8,41,4,5,0,mhxx-romfs-native-table
8,41,5,6,1,mhxx-romfs-native-table
8,41,6,7,1,mhxx-romfs-native-table
8,41,7,8,1,mhxx-romfs-native-table
8,42,0,1,0,mhxx-romfs-native-table
8,42,1,2,0,mhxx-romfs-native-table
8,42,2,3,0,mhxx-romfs-native-table
8,42,3,4,0,mhxx-romfs-native-table
8,42,4,5,0,mhxx-romfs-native-table
8,42,5,6,0,mhxx-romfs-native-table
8,42,6,7,0,mhxx-romfs-native-table
8,43,0,1,0,mhxx-romfs-native-table
8,43,1,2,0,mhxx-romfs-native-table
8,43,2,3,0,mhxx-romfs-native-table
8,43,3,4,0,mhxx-romfs-native-table
8,43,4,5,0,mhxx-romfs-native-table
8,43,5,6,0,mhxx-romfs-native-table
8,44,0,1,0,mhxx-romfs-native-table
8,44,1,2,0,mhxx-romfs-native-table
8,44,2,3,0,mhxx-romfs-native-table
8,44,3,4,1,mhxx-romfs-native-table
8,44,4,5,1,mhxx-romfs-native-table
8,45,0,1,1,mhxx-romfs-native-table
8,45,1,2,1,mhxx-romfs-native-table
8,45,2,3,2,mhxx-romfs-native-table
8,45,3,4,2,mhxx-romfs-native-table
8,45,4,5,3,mhxx-romfs-native-table
8,45,5,6,3,mhxx-romfs-native-table
8,45,6,7,3,mhxx-romfs-native-table
8,46,0,1,0,mhxx-romfs-native-table
8,46,1,2,0,mhxx-romfs-native-table
8,46,2,3,0,mhxx-romfs-native-table
8,46,3,4,0,mhxx-romfs-native-table
8,46,4,5,0,mhxx-romfs-native-table
8,46,5,6,0,mhxx-romfs-native-table
8,47,0,1,0,mhxx-romfs-native-table
8,47,1,2,0,mhxx-romfs-native-table
8,47,2,3,0,mhxx-romfs-native-table
8,47,3,4,0,mhxx-romfs-native-table
8,47,4,5,0,mhxx-romfs-native-table
8,47,5,6,0,mhxx-romfs-native-table
8,47,6,7,0,mhxx-romfs-native-table
8,47,7,8,0,mhxx-romfs-native-table
8,47,8,9,0,mhxx-romfs-native-table
8,48,0,1,0,mhxx-romfs-native-table
8,48,1,2,0,mhxx-romfs-native-table
8,48,2,3,0,mhxx-romfs-native-table
8,48,3,4,0,mhxx-romfs-native-table
8,48,4,5,0,mhxx-romfs-native-table
8,48,5,6,0,mhxx-romfs-native-table
8,48,6,7,0,mhxx-romfs-native-table
8,48,7,8,0,mhxx-romfs-native-table
8,49,0,1,0,mhxx-romfs-native-table
8,49,1,2,0,mhxx-romfs-native-table
8,49,2,3,1,mhxx-romfs-native-table
8,49,3,4,1,mhxx-romfs-native-table
8,49,4,5,2,mhxx-romfs-native-table
8,49,5,6,2,mhxx-romfs-native-table
8,49,6,7,2,mhxx-romfs-native-table
8,49,7,8,2,mhxx-romfs-native-table
8,49,8,9,2,mhxx-romfs-native-table
8,50,0,1,0,mhxx-romfs-native-table
8,50,1,2,0,mhxx-romfs-native-table
8,50,2,3,1,mhxx-romfs-native-table
8,50,3,4,1,mhxx-romfs-native-table
8,50,4,5,1,mhxx-romfs-native-table
8,50,5,6,1,mhxx-romfs-native-table
8,50,6,7,1,mhxx-romfs-native-table
8,50,7,8,1,mhxx-romfs-native-table
8,51,0,1,0,mhxx-romfs-native-table
8,51,1,2,1,mhxx-romfs-native-table
8,51,2,3,2,mhxx-romfs-native-table
8,51,3,4,3,mhxx-romfs-native-table
8,51,4,5,3,mhxx-romfs-native-table
8,51,5,6,3,mhxx-romfs-native-table
8,51,6,7,3,mhxx-romfs-native-table
8,51,7,8,3,mhxx-romfs-native-table
8,52,0,1,0,mhxx-romfs-native-table
8,52,1,2,0,mhxx-romfs-native-table
8,52,2,3,0,mhxx-romfs-native-table
8,52,3,4,0,mhxx-romfs-native-table
8,52,4,5,0,mhxx-romfs-native-table
8,52,5,6,0,mhxx-romfs-native-table
8,53,0,1,1,mhxx-romfs-native-table
8,53,1,2,1,mhxx-romfs-native-table
8,53,2,3,1,mhxx-romfs-native-table
8,53,3,4,1,mhxx-romfs-native-table
8,53,4,5,1,mhxx-romfs-native-table
8,53,5,6,2,mhxx-romfs-native-table
8,54,0,1,1,mhxx-romfs-native-table
8,54,1,2,1,mhxx-romfs-native-table
8,54,2,3,1,mhxx-romfs-native-table
8,54,3,4,1,mhxx-romfs-native-table
8,54,4,5,1,mhxx-romfs-native-table
8,54,5,6,1,mhxx-romfs-native-table
8,54,6,7,1,mhxx-romfs-native-table
8,54,7,8,1,mhxx-romfs-native-table
8,54,8,9,1,mhxx-romfs-native-table
8,55,0,1,1,mhxx-romfs-native-table
8,55,1,2,1,mhxx-romfs-native-table
8,55,2,3,1,mhxx-romfs-native-table
8,55,3,4,1,mhxx-romfs-native-table
8,55,4,5,1,mhxx-romfs-native-table
8,55,5,6,1,mhxx-romfs-native-table
8,55,6,7,1,mhxx-romfs-native-table
8,55,7,8,1,mhxx-romfs-native-table
8,55,8,9,1,mhxx-romfs-native-table
8,56,0,1,1,mhxx-romfs-native-table
8,56,1,2,1,mhxx-romfs-native-table
8,56,2,3,1,mhxx-romfs-native-table
8,56,3,4,1,mhxx-romfs-native-table
8,56,4,5,1,mhxx-romfs-native-table
8,56,5,6,1,mhxx-romfs-native-table
8,56,6,7,1,mhxx-romfs-native-table
8,56,7,8,1,mhxx-romfs-native-table
8,56,8,9,1,mhxx-romfs-native-table
8,57,0,1,1,mhxx-romfs-native-table
8,57,1,2,1,mhxx-romfs-native-table
8,57,2,3,1,mhxx-romfs-native-table
8,57,3,4,1,mhxx-romfs-native-table
8,57,4,5,1,mhxx-romfs-native-table
8,57,5,6,1,mhxx-romfs-native-table
8,57,6,7,1,mhxx-romfs-native-table
8,57,7,8,1,mhxx-romfs-native-table
8,57,8,9,1,mhxx-romfs-native-table
8,58,0,1,1,mhxx-romfs-native-table
8,58,1,2,1,mhxx-romfs-native-table
8,58,2,3,1,mhxx-romfs-native-table
8,58,3,4,1,mhxx-romfs-native-table
8,58,4,5,1,mhxx-romfs-native-table
8,58,5,6,1,mhxx-romfs-native-table
8,58,6,7,1,mhxx-romfs-native-table
8,59,0,1,1,mhxx-romfs-native-table
8,59,1,2,1,mhxx-romfs-native-table
8,59,2,3,1,mhxx-romfs-native-table
8,59,3,4,1,mhxx-romfs-native-table
8,59,4,5,1,mhxx-romfs-native-table
8,59,5,6,1,mhxx-romfs-native-table
8,59,6,7,1,mhxx-romfs-native-table
8,59,7,8,1,mhxx-romfs-native-table
8,60,0,1,1,mhxx-romfs-native-table
8,60,1,2,1,mhxx-romfs-native-table
8,60,2,3,1,mhxx-romfs-native-table
8,60,3,4,2,mhxx-romfs-native-table
8,60,4,5,2,mhxx-romfs-native-table
8,60,5,6,2,mhxx-romfs-native-table
8,60,6,7,2,mhxx-romfs-native-table
8,60,7,8,2,mhxx-romfs-native-table
8,61,0,1,1,mhxx-romfs-native-table
8,61,1,2,1,mhxx-romfs-native-table
8,61,2,3,1,mhxx-romfs-native-table
8,61,3,4,1,mhxx-romfs-native-table
8,61,4,5,1,mhxx-romfs-native-table
8,61,5,6,1,mhxx-romfs-native-table
8,61,6,7,1,mhxx-romfs-native-table
8,62,0,1,2,mhxx-romfs-native-table
8,62,1,2,2,mhxx-romfs-native-table
8,62,2,3,2,mhxx-romfs-native-table
8,62,3,4,2,mhxx-romfs-native-table
8,62,4,5,2,mhxx-romfs-native-table
8,63,0,1,0,mhxx-romfs-native-table
8,63,1,2,0,mhxx-romfs-native-table
8,63,2,3,0,mhxx-romfs-native-table
8,63,3,4,0,mhxx-romfs-native-table
8,63,4,5,0,mhxx-romfs-native-table
8,64,0,1,0,mhxx-romfs-native-table
8,64,1,2,0,mhxx-romfs-native-table
8,64,2,3,0,mhxx-romfs-native-table
8,64,3,4,0,mhxx-romfs-native-table
8,64,4,5,0,mhxx-romfs-native-table
8,65,0,1,1,mhxx-romfs-native-table
8,65,1,2,1,mhxx-romfs-native-table
8,65,2,3,1,mhxx-romfs-native-table
8,65,3,4,1,mhxx-romfs-native-table
8,65,4,5,1,mhxx-romfs-native-table
8,66,0,1,0,mhxx-romfs-native-table
8,66,1,2,0,mhxx-romfs-native-table
8,66,2,3,0,mhxx-romfs-native-table
8,66,3,4,0,mhxx-romfs-native-table
8,66,4,5,0,mhxx-romfs-native-table
8,67,0,1,0,mhxx-romfs-native-table
8,67,1,2,0,mhxx-romfs-native-table
8,67,2,3,0,mhxx-romfs-native-table
8,68,0,1,0,mhxx-romfs-native-table
8,68,1,2,0,mhxx-romfs-native-table
8,68,2,3,0,mhxx-romfs-native-table
8,68,3,4,1,mhxx-romfs-native-table
8,68,4,5,1,mhxx-romfs-native-table
8,68,5,6,1,mhxx-romfs-native-table
8,69,0,1,1,mhxx-romfs-native-table
8,69,1,2,1,mhxx-romfs-native-table
8,69,2,3,2,mhxx-romfs-native-table
8,69,3,4,2,mhxx-romfs-native-table
8,69,4,5,2,mhxx-romfs-native-table
8,69,5,6,2,mhxx-romfs-native-table
8,70,0,1,0,mhxx-romfs-native-table
8,70,1,2,0,mhxx-romfs-native-table
8,70,2,3,0,mhxx-romfs-native-table
8,70,3,4,0,mhxx-romfs-native-table
8,70,4,5,0,mhxx-romfs-native-table
8,70,5,6,0,mhxx-romfs-native-table
8,70,6,7,0,mhxx-romfs-native-table
8,71,0,1,3,mhxx-romfs-native-table
8,71,1,2,3,mhxx-romfs-native-table
8,71,2,3,3,mhxx-romfs-native-table
8,71,3,4,3,mhxx-romfs-native-table
8,71,4,5,3,mhxx-romfs-native-table
8,72,0,1,0,mhxx-romfs-native-table
8,72,1,2,0,mhxx-romfs-native-table
8,72,2,3,0,mhxx-romfs-native-table
8,72,3,4,0,mhxx-romfs-native-table
8,72,4,5,0,mhxx-romfs-native-table
8,73,0,1,2,mhxx-romfs-native-table
8,73,1,2,2,mhxx-romfs-native-table
8,73,2,3,3,mhxx-romfs-native-table
8,73,3,4,3,mhxx-romfs-native-table
8,73,4,5,3,mhxx-romfs-native-table
8,73,5,6,3,mhxx-romfs-native-table
8,73,6,7,3,mhxx-romfs-native-table
8,73,7,8,3,mhxx-romfs-native-table
8,74,0,1,0,mhxx-romfs-native-table
8,74,1,2,0,mhxx-romfs-native-table
8,74,2,3,0,mhxx-romfs-native-table
8,74,3,4,0,mhxx-romfs-native-table
8,74,4,5,0,mhxx-romfs-native-table
8,74,5,6,3,mhxx-romfs-native-table
8,74,6,7,3,mhxx-romfs-native-table
8,75,0,1,0,mhxx-romfs-native-table
8,75,1,2,0,mhxx-romfs-native-table
8,75,2,3,0,mhxx-romfs-native-table
8,75,3,4,0,mhxx-romfs-native-table
8,75,4,5,0,mhxx-romfs-native-table
8,75,5,6,1,mhxx-romfs-native-table
8,75,6,7,1,mhxx-romfs-native-table
8,75,7,8,2,mhxx-romfs-native-table
8,76,0,1,0,mhxx-romfs-native-table
8,76,1,2,0,mhxx-romfs-native-table
8,76,2,3,0,mhxx-romfs-native-table
8,76,3,4,0,mhxx-romfs-native-table
8,76,4,5,0,mhxx-romfs-native-table
8,76,5,6,0,mhxx-romfs-native-table
8,77,0,1,1,mhxx-romfs-native-table
8,77,1,2,1,mhxx-romfs-native-table
8,77,2,3,1,mhxx-romfs-native-table
8,77,3,4,1,mhxx-romfs-native-table
8,77,4,5,2,mhxx-romfs-native-table
8,77,5,6,3,mhxx-romfs-native-table
8,78,0,1,1,mhxx-romfs-native-table
8,78,1,2,1,mhxx-romfs-native-table
8,78,2,3,1,mhxx-romfs-native-table
8,78,3,4,1,mhxx-romfs-native-table
8,78,4,5,1,mhxx-romfs-native-table
8,78,5,6,1,mhxx-romfs-native-table
8,78,6,7,1,mhxx-romfs-native-table
8,78,7,8,1,mhxx-romfs-native-table
8,79,0,1,3,mhxx-romfs-native-table
8,79,1,2,3,mhxx-romfs-native-table
8,79,2,3,3,mhxx-romfs-native-table
8,79,3,4,3,mhxx-romfs-native-table
8,79,4,5,3,mhxx-romfs-native-table
8,80,0,1,0,mhxx-romfs-native-table
8,80,1,2,0,mhxx-romfs-native-table
8,80,2,3,0,mhxx-romfs-native-table
8,80,3,4,0,mhxx-romfs-native-table
8,80,4,5,0,mhxx-romfs-native-table
8,80,5,6,0,mhxx-romfs-native-table
8,81,0,1,0,mhxx-romfs-native-table
8,81,1,2,0,mhxx-romfs-native-table
8,81,2,3,1,mhxx-romfs-native-table
8,81,3,4,1,mhxx-romfs-native-table
8,81,4,5,2,mhxx-romfs-native-table
8,81,5,6,3,mhxx-romfs-native-table
8,82,0,1,0,mhxx-romfs-native-table
8,82,1,2,0,mhxx-romfs-native-table
8,82,2,3,0,mhxx-romfs-native-table
8,82,3,4,0,mhxx-romfs-native-table
8,82,4,5,0,mhxx-romfs-native-table
8,82,5,6,0,mhxx-romfs-native-table
8,83,0,1,0,mhxx-romfs-native-table
8,83,1,2,0,mhxx-romfs-native-table
8,83,2,3,0,mhxx-romfs-native-table
8,83,3,4,0,mhxx-romfs-native-table
8,83,4,5,0,mhxx-romfs-native-table
8,84,0,1,0,mhxx-romfs-native-table
8,84,1,2,0,mhxx-romfs-native-table
8,84,2,3,0,mhxx-romfs-native-table
8,84,3,4,0,mhxx-romfs-native-table
8,84,4,5,0,mhxx-romfs-native-table
8,84,5,6,0,mhxx-romfs-native-table
8,85,0,1,1,mhxx-romfs-native-table
8,85,1,2,2,mhxx-romfs-native-table
8,85,2,3,2,mhxx-romfs-native-table
8,85,3,4,3,mhxx-romfs-native-table
8,85,4,5,3,mhxx-romfs-native-table
8,85,5,6,3,mhxx-romfs-native-table
8,86,0,1,1,mhxx-romfs-native-table
8,86,1,2,1,mhxx-romfs-native-table
8,86,2,3,1,mhxx-romfs-native-table
8,86,3,4,1,mhxx-romfs-native-table
8,86,4,5,1,mhxx-romfs-native-table
8,87,0,1,1,mhxx-romfs-native-table
8,87,1,2,1,mhxx-romfs-native-table
8,87,2,3,1,mhxx-romfs-native-table
8,87,3,4,2,mhxx-romfs-native-table
8,87,4,5,2,mhxx-romfs-native-table
8,87,5,6,2,mhxx-romfs-native-table
8,87,6,7,3,mhxx-romfs-native-table
8,88,0,1,2,mhxx-romfs-native-table
8,88,1,2,2,mhxx-romfs-native-table
8,88,2,3,3,mhxx-romfs-native-table
8,88,3,4,3,mhxx-romfs-native-table
8,88,4,5,3,mhxx-romfs-native-table
8,88,5,6,3,mhxx-romfs-native-table
8,89,0,1,0,mhxx-romfs-native-table
8,89,1,2,0,mhxx-romfs-native-table
8,89,2,3,0,mhxx-romfs-native-table
8,89,3,4,0,mhxx-romfs-native-table
8,89,4,5,0,mhxx-romfs-native-table
8,89,5,6,0,mhxx-romfs-native-table
8,89,6,7,0,mhxx-romfs-native-table
8,89,7,8,0,mhxx-romfs-native-table
8,89,8,9,0,mhxx-romfs-native-table
8,89,9,10,0,mhxx-romfs-native-table
8,89,10,11,0,mhxx-romfs-native-table
8,89,11,12,0,mhxx-romfs-native-table
8,89,12,13,0,mhxx-romfs-native-table
8,89,13,14,0,mhxx-romfs-native-table
8,89,14,15,0,mhxx-romfs-native-table
8,90,0,1,0,mhxx-romfs-native-table
8,90,1,2,0,mhxx-romfs-native-table
8,90,2,3,0,mhxx-romfs-native-table
8,90,3,4,0,mhxx-romfs-native-table
8,90,4,5,0,mhxx-romfs-native-table
8,90,5,6,0,mhxx-romfs-native-table
8,90,6,7,0,mhxx-romfs-native-table
8,90,7,8,0,mhxx-romfs-native-table
8,90,8,9,0,mhxx-romfs-native-table
8,90,9,10,0,mhxx-romfs-native-table
8,90,10,11,0,mhxx-romfs-native-table
8,90,11,12,0,mhxx-romfs-native-table
8,90,12,13,0,mhxx-romfs-native-table
8,90,13,14,0,mhxx-romfs-native-table
8,90,14,15,0,mhxx-romfs-native-table
8,91,0,1,0,mhxx-romfs-native-table
8,91,1,2,0,mhxx-romfs-native-table
8,91,2,3,0,mhxx-romfs-native-table
8,91,3,4,0,mhxx-romfs-native-table
8,91,4,5,0,mhxx-romfs-native-table
8,91,5,6,0,mhxx-romfs-native-table
8,91,6,7,0,mhxx-romfs-native-table
8,91,7,8,0,mhxx-romfs-native-table
8,91,8,9,0,mhxx-romfs-native-table
8,91,9,10,0,mhxx-romfs-native-table
8,91,10,11,0,mhxx-romfs-native-table
8,91,11,12,0,mhxx-romfs-native-table
8,91,12,13,0,mhxx-romfs-native-table
8,91,13,14,0,mhxx-romfs-native-table
8,91,14,15,0,mhxx-romfs-native-table
8,92,0,1,0,mhxx-romfs-native-table
8,92,1,2,0,mhxx-romfs-native-table
8,92,2,3,0,mhxx-romfs-native-table
8,92,3,4,0,mhxx-romfs-native-table
8,92,4,5,0,mhxx-romfs-native-table
8,92,5,6,0,mhxx-romfs-native-table
8,92,6,7,0,mhxx-romfs-native-table
8,92,7,8,0,mhxx-romfs-native-table
8,92,8,9,0,mhxx-romfs-native-table
8,92,9,10,0,mhxx-romfs-native-table
8,92,10,11,0,mhxx-romfs-native-table
8,92,11,12,0,mhxx-romfs-native-table
8,92,12,13,0,mhxx-romfs-native-table
8,92,13,14,0,mhxx-romfs-native-table
8,92,14,15,0,mhxx-romfs-native-table
8,93,0,1,0,mhxx-romfs-native-table
8,93,1,2,0,mhxx-romfs-native-table
8,93,2,3,0,mhxx-romfs-native-table
8,93,3,4,0,mhxx-romfs-native-table
8,93,4,5,0,mhxx-romfs-native-table
8,93,5,6,0,mhxx-romfs-native-table
8,93,6,7,0,mhxx-romfs-native-table
8,93,7,8,0,mhxx-romfs-native-table
8,93,8,9,0,mhxx-romfs-native-table
8,93,9,10,0,mhxx-romfs-native-table
8,93,10,11,0,mhxx-romfs-native-table
8,93,11,12,0,mhxx-romfs-native-table
8,93,12,13,0,mhxx-romfs-native-table
8,93,13,14,0,mhxx-romfs-native-table
8,93,14,15,0,mhxx-romfs-native-table
8,94,0,1,0,mhxx-romfs-native-table
8,94,1,2,0,mhxx-romfs-native-table
8,94,2,3,0,mhxx-romfs-native-table
8,94,3,4,0,mhxx-romfs-native-table
8,94,4,5,0,mhxx-romfs-native-table
8,94,5,6,0,mhxx-romfs-native-table
8,94,6,7,0,mhxx-romfs-native-table
8,94,7,8,0,mhxx-romfs-native-table
8,94,8,9,0,mhxx-romfs-native-table
8,94,9,10,0,mhxx-romfs-native-table
8,94,10,11,0,mhxx-romfs-native-table
8,94,11,12,0,mhxx-romfs-native-table
8,94,12,13,0,mhxx-romfs-native-table
8,94,13,14,0,mhxx-romfs-native-table
8,94,14,15,0,mhxx-romfs-native-table
8,95,0,1,0,mhxx-romfs-native-table
8,95,1,2,0,mhxx-romfs-native-table
8,95,2,3,0,mhxx-romfs-native-table
8,95,3,4,0,mhxx-romfs-native-table
8,95,4,5,0,mhxx-romfs-native-table
8,95,5,6,0,mhxx-romfs-native-table
8,95,6,7,0,mhxx-romfs-native-table
8,95,7,8,0,mhxx-romfs-native-table
8,95,8,9,0,mhxx-romfs-native-table
8,95,9,10,0,mhxx-romfs-native-table
8,95,10,11,0,mhxx-romfs-native-table
8,95,11,12,0,mhxx-romfs-native-table
8,95,12,13,0,mhxx-romfs-native-table
8,95,13,14,0,mhxx-romfs-native-table
8,95,14,15,0,mhxx-romfs-native-table
8,96,0,1,0,mhxx-romfs-native-table
8,96,1,2,0,mhxx-romfs-native-table
8,96,2,3,0,mhxx-romfs-native-table
8,96,3,4,0,mhxx-romfs-native-table
8,96,4,5,0,mhxx-romfs-native-table
8,96,5,6,0,mhxx-romfs-native-table
8,96,6,7,0,mhxx-romfs-native-table
8,96,7,8,0,mhxx-romfs-native-table
8,96,8,9,0,mhxx-romfs-native-table
8,96,9,10,0,mhxx-romfs-native-table
8,96,10,11,0,mhxx-romfs-native-table
8,96,11,12,0,mhxx-romfs-native-table
8,96,12,13,0,mhxx-romfs-native-table
8,96,13,14,0,mhxx-romfs-native-table
8,96,14,15,0,mhxx-romfs-native-table
8,97,0,1,0,mhxx-romfs-native-table
8,97,1,2,0,mhxx-romfs-native-table
8,97,2,3,0,mhxx-romfs-native-table
8,97,3,4,0,mhxx-romfs-native-table
8,97,4,5,0,mhxx-romfs-native-table
8,97,5,6,0,mhxx-romfs-native-table
8,97,6,7,0,mhxx-romfs-native-table
8,97,7,8,0,mhxx-romfs-native-table
8,97,8,9,0,mhxx-romfs-native-table
8,97,9,10,0,mhxx-romfs-native-table
8,97,10,11,0,mhxx-romfs-native-table
8,97,11,12,0,mhxx-romfs-native-table
8,97,12,13,0,mhxx-romfs-native-table
8,97,13,14,0,mhxx-romfs-native-table
8,97,14,15,0,mhxx-romfs-native-table
8,98,0,1,0,mhxx-romfs-native-table
8,98,1,2,0,mhxx-romfs-native-table
8,98,2,3,0,mhxx-romfs-native-table
8,98,3,4,0,mhxx-romfs-native-table
8,98,4,5,0,mhxx-romfs-native-table
8,99,0,1,0,mhxx-romfs-native-table
8,99,1,2,0,mhxx-romfs-native-table
8,99,2,3,0,mhxx-romfs-native-table
8,99,3,4,0,mhxx-romfs-native-table
8,99,4,5,0,mhxx-romfs-native-table
8,100,0,1,3,mhxx-romfs-native-table
8,100,1,2,3,mhxx-romfs-native-table
8,100,2,3,3,mhxx-romfs-native-table
8,100,3,4,3,mhxx-romfs-native-table
8,100,4,5,3,mhxx-romfs-native-table
8,101,0,1,3,mhxx-romfs-native-table
8,101,1,2,3,mhxx-romfs-native-table
8,101,2,3,3,mhxx-romfs-native-table
8,101,3,4,3,mhxx-romfs-native-table
8,101,4,5,3,mhxx-romfs-native-table
8,102,0,1,3,mhxx-romfs-native-table
8,102,1,2,3,mhxx-romfs-native-table
8,102,2,3,3,mhxx-romfs-native-table
8,103,0,1,1,mhxx-romfs-native-table
8,103,1,2,1,mhxx-romfs-native-table
8,103,2,3,2,mhxx-romfs-native-table
8,103,3,4,2,mhxx-romfs-native-table
8,103,4,5,2,mhxx-romfs-native-table
8,103,5,6,2,mhxx-romfs-native-table
8,104,0,1,0,mhxx-romfs-native-table
8,104,1,2,0,mhxx-romfs-native-table
8,104,2,3,0,mhxx-romfs-native-table
8,104,3,4,0,mhxx-romfs-native-table
8,104,4,5,0,mhxx-romfs-native-table
8,105,0,1,0,mhxx-romfs-native-table
8,105,1,2,0,mhxx-romfs-native-table
8,105,2,3,0,mhxx-romfs-native-table
8,105,3,4,0,mhxx-romfs-native-table
8,105,4,5,0,mhxx-romfs-native-table
8,106,0,1,0,mhxx-romfs-native-table
8,106,1,2,0,mhxx-romfs-native-table
8,106,2,3,0,mhxx-romfs-native-table
8,106,3,4,0,mhxx-romfs-native-table
8,106,4,5,0,mhxx-romfs-native-table
8,107,0,1,0,mhxx-romfs-native-table
8,107,1,2,0,mhxx-romfs-native-table
8,107,2,3,0,mhxx-romfs-native-table
8,107,3,4,0,mhxx-romfs-native-table
8,107,4,5,0,mhxx-romfs-native-table
8,108,0,1,0,mhxx-romfs-native-table
8,108,1,2,0,mhxx-romfs-native-table
8,108,2,3,0,mhxx-romfs-native-table
8,108,3,4,0,mhxx-romfs-native-table
8,108,4,5,0,mhxx-romfs-native-table
8,109,0,1,0,mhxx-romfs-native-table
8,109,1,2,0,mhxx-romfs-native-table
8,109,2,3,0,mhxx-romfs-native-table
8,109,3,4,0,mhxx-romfs-native-table
8,109,4,5,0,mhxx-romfs-native-table
8,110,0,1,3,mhxx-romfs-native-table
8,110,1,2,3,mhxx-romfs-native-table
8,110,2,3,3,mhxx-romfs-native-table
8,111,0,1,0,mhxx-romfs-native-table
8,111,1,2,0,mhxx-romfs-native-table
8,111,2,3,0,mhxx-romfs-native-table
8,112,0,1,2,mhxx-romfs-native-table
8,112,1,2,2,mhxx-romfs-native-table
8,112,2,3,2,mhxx-romfs-native-table
8,113,0,1,2,mhxx-romfs-native-table
8,113,1,2,2,mhxx-romfs-native-table
8,113,2,3,2,mhxx-romfs-native-table
8,114,0,1,0,mhxx-romfs-native-table
8,114,1,2,0,mhxx-romfs-native-table
8,114,2,3,0,mhxx-romfs-native-table
8,114,3,4,0,mhxx-romfs-native-table
8,114,4,5,0,mhxx-romfs-native-table
8,115,0,1,1,mhxx-romfs-native-table
8,115,1,2,1,mhxx-romfs-native-table
8,115,2,3,2,mhxx-romfs-native-table
8,115,3,4,2,mhxx-romfs-native-table
8,115,4,5,2,mhxx-romfs-native-table
8,116,0,1,0,mhxx-romfs-native-table
8,116,1,2,1,mhxx-romfs-native-table
8,116,2,3,1,mhxx-romfs-native-table
8,116,3,4,1,mhxx-romfs-native-table
8,117,0,1,0,mhxx-romfs-native-table
8,117,1,2,0,mhxx-romfs-native-table
8,117,2,3,0,mhxx-romfs-native-table
8,118,0,1,1,mhxx-romfs-native-table
8,118,1,2,1,mhxx-romfs-native-table
8,118,2,3,2,mhxx-romfs-native-table
8,118,3,4,2,mhxx-romfs-native-table
8,118,4,5,2,mhxx-romfs-native-table
8,118,5,6,2,mhxx-romfs-native-table
8,119,0,1,0,mhxx-romfs-native-table
8,119,1,2,0,mhxx-romfs-native-table
8,119,2,3,0,mhxx-romfs-native-table
8,119,3,4,0,mhxx-romfs-native-table
8,119,4,5,0,mhxx-romfs-native-table
8,119,5,6,0,mhxx-romfs-native-table
8,120,0,1,0,mhxx-romfs-native-table
8,120,1,2,0,mhxx-romfs-native-table
8,120,2,3,0,mhxx-romfs-native-table
8,121,0,1,1,mhxx-romfs-native-table
8,121,1,2,1,mhxx-romfs-native-table
8,121,2,3,1,mhxx-romfs-native-table
8,122,0,1,1,mhxx-romfs-native-table
8,122,1,2,1,mhxx-romfs-native-table
8,122,2,3,1,mhxx-romfs-native-table
8,123,0,1,2,mhxx-romfs-native-table
8,123,1,2,2,mhxx-romfs-native-table
8,123,2,3,2,mhxx-romfs-native-table
8,124,0,1,1,mhxx-romfs-native-table
8,124,1,2,1,mhxx-romfs-native-table
8,124,2,3,2,mhxx-romfs-native-table
8,124,3,4,2,mhxx-romfs-native-table
8,124,4,5,3,mhxx-romfs-native-table
8,125,0,1,1,mhxx-romfs-native-table
8,125,1,2,1,mhxx-romfs-native-table
8,125,2,3,1,mhxx-romfs-native-table
8,126,0,1,0,mhxx-romfs-native-table
8,126,1,2,0,mhxx-romfs-native-table
8,126,2,3,0,mhxx-romfs-native-table
8,127,0,1,0,mhxx-romfs-native-table
8,127,1,2,0,mhxx-romfs-native-table
8,127,2,3,0,mhxx-romfs-native-table
8,128,0,1,0,mhxx-romfs-native-table
8,128,1,2,0,mhxx-romfs-native-table
8,128,2,3,0,mhxx-romfs-native-table
8,128,3,4,0,mhxx-romfs-native-table
9,0,0,1,0,mhxx-romfs-native-table
9,1,0,1,0,mhxx-romfs-native-table
9,1,1,2,0,mhxx-romfs-native-table
9,1,2,3,0,mhxx-romfs-native-table
9,1,3,4,0,mhxx-romfs-native-table
9,1,4,5,0,mhxx-romfs-native-table
9,1,5,6,1,mhxx-romfs-native-table
9,1,6,7,1,mhxx-romfs-native-table
9,1,7,8,1,mhxx-romfs-native-table
9,1,8,9,2,mhxx-romfs-native-table
9,1,9,10,2,mhxx-romfs-native-table
9,1,10,11,3,mhxx-romfs-native-table
9,2,0,1,0,mhxx-romfs-native-table
9,2,1,2,0,mhxx-romfs-native-table
9,2,2,3,0,mhxx-romfs-native-table
9,2,3,4,0,mhxx-romfs-native-table
9,2,4,5,0,mhxx-romfs-native-table
9,2,5,6,0,mhxx-romfs-native-table
9,2,6,7,1,mhxx-romfs-native-table
9,2,7,8,2,mhxx-romfs-native-table
9,3,0,1,1,mhxx-romfs-native-table
9,3,1,2,1,mhxx-romfs-native-table
9,3,2,3,2,mhxx-romfs-native-table
9,3,3,4,2,mhxx-romfs-native-table
9,3,4,5,3,mhxx-romfs-native-table
9,3,5,6,3,mhxx-romfs-native-table
9,4,0,1,0,mhxx-romfs-native-table
9,4,1,2,0,mhxx-romfs-native-table
9,4,2,3,1,mhxx-romfs-native-table
9,4,3,4,1,mhxx-romfs-native-table
9,4,4,5,1,mhxx-romfs-native-table
9,4,5,6,1,mhxx-romfs-native-table
9,4,6,7,2,mhxx-romfs-native-table
9,5,0,1,1,mhxx-romfs-native-table
9,5,1,2,1,mhxx-romfs-native-table
9,5,2,3,1,mhxx-romfs-native-table
9,5,3,4,2,mhxx-romfs-native-table
9,5,4,5,2,mhxx-romfs-native-table
9,5,5,6,2,mhxx-romfs-native-table
9,5,6,7,2,mhxx-romfs-native-table
9,5,7,8,3,mhxx-romfs-native-table
9,6,0,1,0,mhxx-romfs-native-table
9,6,1,2,0,mhxx-romfs-native-table
9,6,2,3,0,mhxx-romfs-native-table
9,6,3,4,0,mhxx-romfs-native-table
9,6,4,5,0,mhxx-romfs-native-table
9,6,5,6,0,mhxx-romfs-native-table
9,6,6,7,0,mhxx-romfs-native-table
9,7,0,1,0,mhxx-romfs-native-table
9,7,1,2,0,mhxx-romfs-native-table
9,7,2,3,0,mhxx-romfs-native-table
9,7,3,4,0,mhxx-romfs-native-table
9,7,4,5,0,mhxx-romfs-native-table
9,7,5,6,0,mhxx-romfs-native-table
9,7,6,7,0,mhxx-romfs-native-table
9,8,0,1,0,mhxx-romfs-native-table
9,8,1,2,0,mhxx-romfs-native-table
9,8,2,3,0,mhxx-romfs-native-table
9,8,3,4,0,mhxx-romfs-native-table
9,8,4,5,0,mhxx-romfs-native-table
9,8,5,6,0,mhxx-romfs-native-table
9,8,6,7,0,mhxx-romfs-native-table
9,8,7,8,0,mhxx-romfs-native-table
9,8,8,9,1,mhxx-romfs-native-table
9,8,9,10,1,mhxx-romfs-native-table
9,8,10,11,2,mhxx-romfs-native-table
9,9,0,1,1,mhxx-romfs-native-table
9,9,1,2,1,mhxx-romfs-native-table
9,9,2,3,1,mhxx-romfs-native-table
9,9,3,4,1,mhxx-romfs-native-table
9,9,4,5,2,mhxx-romfs-native-table
9,9,5,6,2,mhxx-romfs-native-table
9,9,6,7,3,mhxx-romfs-native-table
9,10,0,1,1,mhxx-romfs-native-table
9,10,1,2,1,mhxx-romfs-native-table
9,10,2,3,1,mhxx-romfs-native-table
9,10,3,4,1,mhxx-romfs-native-table
9,10,4,5,1,mhxx-romfs-native-table
9,10,5,6,1,mhxx-romfs-native-table
9,10,6,7,1,mhxx-romfs-native-table
9,10,7,8,1,mhxx-romfs-native-table
9,11,0,1,0,mhxx-romfs-native-table
9,11,1,2,0,mhxx-romfs-native-table
9,11,2,3,0,mhxx-romfs-native-table
9,11,3,4,0,mhxx-romfs-native-table
9,11,4,5,1,mhxx-romfs-native-table
9,11,5,6,1,mhxx-romfs-native-table
9,11,6,7,1,mhxx-romfs-native-table
9,12,0,1,1,mhxx-romfs-native-table
9,12,1,2,2,mhxx-romfs-native-table
9,12,2,3,2,mhxx-romfs-native-table
9,12,3,4,2,mhxx-romfs-native-table
9,12,4,5,2,mhxx-romfs-native-table
9,13,0,1,0,mhxx-romfs-native-table
9,13,1,2,0,mhxx-romfs-native-table
9,13,2,3,0,mhxx-romfs-native-table
9,13,3,4,0,mhxx-romfs-native-table
9,13,4,5,0,mhxx-romfs-native-table
9,13,5,6,0,mhxx-romfs-native-table
9,13,6,7,0,mhxx-romfs-native-table
9,13,7,8,0,mhxx-romfs-native-table
9,14,0,1,0,mhxx-romfs-native-table
9,14,1,2,0,mhxx-romfs-native-table
9,14,2,3,0,mhxx-romfs-native-table
9,14,3,4,0,mhxx-romfs-native-table
9,14,4,5,0,mhxx-romfs-native-table
9,14,5,6,0,mhxx-romfs-native-table
9,14,6,7,1,mhxx-romfs-native-table
9,14,7,8,1,mhxx-romfs-native-table
9,14,8,9,2,mhxx-romfs-native-table
9,15,0,1,2,mhxx-romfs-native-table
9,15,1,2,2,mhxx-romfs-native-table
9,15,2,3,2,mhxx-romfs-native-table
9,15,3,4,2,mhxx-romfs-native-table
9,15,4,5,3,mhxx-romfs-native-table
9,16,0,1,2,mhxx-romfs-native-table
9,16,1,2,2,mhxx-romfs-native-table
9,16,2,3,3,mhxx-romfs-native-table
9,16,3,4,3,mhxx-romfs-native-table
9,16,4,5,3,mhxx-romfs-native-table
9,16,5,6,3,mhxx-romfs-native-table
9,17,0,1,0,mhxx-romfs-native-table
9,17,1,2,0,mhxx-romfs-native-table
9,17,2,3,0,mhxx-romfs-native-table
9,17,3,4,0,mhxx-romfs-native-table
9,17,4,5,0,mhxx-romfs-native-table
9,17,5,6,0,mhxx-romfs-native-table
9,18,0,1,1,mhxx-romfs-native-table
9,18,1,2,1,mhxx-romfs-native-table
9,18,2,3,1,mhxx-romfs-native-table
9,18,3,4,2,mhxx-romfs-native-table
9,18,4,5,2,mhxx-romfs-native-table
9,19,0,1,1,mhxx-romfs-native-table
9,19,1,2,1,mhxx-romfs-native-table
9,19,2,3,1,mhxx-romfs-native-table
9,19,3,4,1,mhxx-romfs-native-table
9,19,4,5,1,mhxx-romfs-native-table
9,19,5,6,1,mhxx-romfs-native-table
9,19,6,7,1,mhxx-romfs-native-table
9,19,7,8,1,mhxx-romfs-native-table
9,20,0,1,2,mhxx-romfs-native-table
9,20,1,2,2,mhxx-romfs-native-table
9,20,2,3,2,mhxx-romfs-native-table
9,20,3,4,2,mhxx-romfs-native-table
9,20,4,5,2,mhxx-romfs-native-table
9,21,0,1,0,mhxx-romfs-native-table
9,21,1,2,0,mhxx-romfs-native-table
9,21,2,3,0,mhxx-romfs-native-table
9,21,3,4,0,mhxx-romfs-native-table
9,21,4,5,0,mhxx-romfs-native-table
9,21,5,6,0,mhxx-romfs-native-table
9,21,6,7,0,mhxx-romfs-native-table
9,21,7,8,0,mhxx-romfs-native-table
9,21,8,9,0,mhxx-romfs-native-table
9,21,9,10,0,mhxx-romfs-native-table
9,22,0,1,1,mhxx-romfs-native-table
9,22,1,2,1,mhxx-romfs-native-table
9,22,2,3,1,mhxx-romfs-native-table
9,22,3,4,1,mhxx-romfs-native-table
9,22,4,5,1,mhxx-romfs-native-table
9,22,5,6,1,mhxx-romfs-native-table
9,22,6,7,1,mhxx-romfs-native-table
9,23,0,1,2,mhxx-romfs-native-table
9,23,1,2,2,mhxx-romfs-native-table
9,23,2,3,2,mhxx-romfs-native-table
9,23,3,4,2,mhxx-romfs-native-table
9,23,4,5,2,mhxx-romfs-native-table
9,23,5,6,2,mhxx-romfs-native-table
9,24,0,1,0,mhxx-romfs-native-table
9,24,1,2,0,mhxx-romfs-native-table
9,24,2,3,1,mhxx-romfs-native-table
9,24,3,4,1,mhxx-romfs-native-table
9,24,4,5,1,mhxx-romfs-native-table
9,24,5,6,2,mhxx-romfs-native-table
9,24,6,7,2,mhxx-romfs-native-table
9,25,0,1,0,mhxx-romfs-native-table
9,25,1,2,0,mhxx-romfs-native-table
9,25,2,3,0,mhxx-romfs-native-table
9,25,3,4,0,mhxx-romfs-native-table
9,25,4,5,0,mhxx-romfs-native-table
9,25,5,6,0,mhxx-romfs-native-table
9,25,6,7,0,mhxx-romfs-native-table
9,25,7,8,0,mhxx-romfs-native-table
9,25,8,9,1,mhxx-romfs-native-table
9,25,9,10,1,mhxx-romfs-native-table
9,25,10,11,2,mhxx-romfs-native-table
9,26,0,1,2,mhxx-romfs-native-table
9,26,1,2,2,mhxx-romfs-native-table
9,26,2,3,2,mhxx-romfs-native-table
9,26,3,4,2,mhxx-romfs-native-table
9,26,4,5,2,mhxx-romfs-native-table
9,26,5,6,2,mhxx-romfs-native-table
9,26,6,7,2,mhxx-romfs-native-table
9,27,0,1,0,mhxx-romfs-native-table
9,27,1,2,0,mhxx-romfs-native-table
9,27,2,3,0,mhxx-romfs-native-table
9,27,3,4,0,mhxx-romfs-native-table
9,27,4,5,0,mhxx-romfs-native-table
9,27,5,6,0,mhxx-romfs-native-table
9,27,6,7,0,mhxx-romfs-native-table
9,27,7,8,0,mhxx-romfs-native-table
9,28,0,1,0,mhxx-romfs-native-table
9,28,1,2,0,mhxx-romfs-native-table
9,28,2,3,0,mhxx-romfs-native-table
9,28,3,4,0,mhxx-romfs-native-table
9,28,4,5,0,mhxx-romfs-native-table
9,28,5,6,1,mhxx-romfs-native-table
9,28,6,7,1,mhxx-romfs-native-table
9,29,0,1,1,mhxx-romfs-native-table
9,29,1,2,1,mhxx-romfs-native-table
9,29,2,3,1,mhxx-romfs-native-table
9,29,3,4,2,mhxx-romfs-native-table
9,29,4,5,2,mhxx-romfs-native-table
9,29,5,6,2,mhxx-romfs-native-table
9,30,0,1,0,mhxx-romfs-native-table
9,30,1,2,0,mhxx-romfs-native-table
9,30,2,3,0,mhxx-romfs-native-table
9,30,3,4,0,mhxx-romfs-native-table
9,30,4,5,0,mhxx-romfs-native-table
9,30,5,6,0,mhxx-romfs-native-table
9,30,6,7,0,mhxx-romfs-native-table
9,30,7,8,0,mhxx-romfs-native-table
9,30,8,9,0,mhxx-romfs-native-table
9,31,0,1,1,mhxx-romfs-native-table
9,31,1,2,1,mhxx-romfs-native-table
9,31,2,3,1,mhxx-romfs-native-table
9,31,3,4,1,mhxx-romfs-native-table
9,31,4,5,1,mhxx-romfs-native-table
9,31,5,6,1,mhxx-romfs-native-table
9,31,6,7,1,mhxx-romfs-native-table
9,32,0,1,2,mhxx-romfs-native-table
9,32,1,2,2,mhxx-romfs-native-table
9,32,2,3,2,mhxx-romfs-native-table
9,32,3,4,2,mhxx-romfs-native-table
9,32,4,5,2,mhxx-romfs-native-table
9,32,5,6,2,mhxx-romfs-native-table
9,33,0,1,0,mhxx-romfs-native-table
9,33,1,2,0,mhxx-romfs-native-table
9,33,2,3,0,mhxx-romfs-native-table
9,33,3,4,0,mhxx-romfs-native-table
9,33,4,5,0,mhxx-romfs-native-table
9,33,5,6,0,mhxx-romfs-native-table
9,33,6,7,0,mhxx-romfs-native-table
9,33,7,8,0,mhxx-romfs-native-table
9,34,0,1,1,mhxx-romfs-native-table
9,34,1,2,1,mhxx-romfs-native-table
9,34,2,3,1,mhxx-romfs-native-table
9,34,3,4,1,mhxx-romfs-native-table
9,34,4,5,1,mhxx-romfs-native-table
9,35,0,1,1,mhxx-romfs-native-table
9,35,1,2,1,mhxx-romfs-native-table
9,35,2,3,2,mhxx-romfs-native-table
9,35,3,4,2,mhxx-romfs-native-table
9,35,4,5,2,mhxx-romfs-native-table
9,35,5,6,2,mhxx-romfs-native-table
9,35,6,7,2,mhxx-romfs-native-table
9,35,7,8,2,mhxx-romfs-native-table
9,36,0,1,0,mhxx-romfs-native-table
9,36,1,2,0,mhxx-romfs-native-table
9,36,2,3,0,mhxx-romfs-native-table
9,36,3,4,0,mhxx-romfs-native-table
9,36,4,5,0,mhxx-romfs-native-table
9,36,5,6,0,mhxx-romfs-native-table
9,36,6,7,0,mhxx-romfs-native-table
9,37,0,1,0,mhxx-romfs-native-table
9,37,1,2,0,mhxx-romfs-native-table
9,37,2,3,1,mhxx-romfs-native-table
9,37,3,4,1,mhxx-romfs-native-table
9,37,4,5,1,mhxx-romfs-native-table
9,37,5,6,1,mhxx-romfs-native-table
9,37,6,7,1,mhxx-romfs-native-table
9,38,0,1,0,mhxx-romfs-native-table
9,38,1,2,0,mhxx-romfs-native-table
9,38,2,3,1,mhxx-romfs-native-table
9,38,3,4,1,mhxx-romfs-native-table
9,38,4,5,2,mhxx-romfs-native-table
9,38,5,6,2,mhxx-romfs-native-table
9,38,6,7,2,mhxx-romfs-native-table
9,38,7,8,2,mhxx-romfs-native-table
9,38,8,9,2,mhxx-romfs-native-table
9,39,0,1,0,mhxx-romfs-native-table
9,39,1,2,0,mhxx-romfs-native-table
9,39,2,3,0,mhxx-romfs-native-table
9,39,3,4,0,mhxx-romfs-native-table
9,39,4,5,0,mhxx-romfs-native-table
9,39,5,6,1,mhxx-romfs-native-table
9,40,0,1,1,mhxx-romfs-native-table
9,40,1,2,1,mhxx-romfs-native-table
9,40,2,3,1,mhxx-romfs-native-table
9,40,3,4,2,mhxx-romfs-native-table
9,40,4,5,2,mhxx-romfs-native-table
9,40,5,6,2,mhxx-romfs-native-table
9,41,0,1,1,mhxx-romfs-native-table
9,41,1,2,1,mhxx-romfs-native-table
9,41,2,3,1,mhxx-romfs-native-table
9,41,3,4,1,mhxx-romfs-native-table
9,41,4,5,1,mhxx-romfs-native-table
9,41,5,6,2,mhxx-romfs-native-table
9,41,6,7,2,mhxx-romfs-native-table
9,41,7,8,2,mhxx-romfs-native-table
9,42,0,1,1,mhxx-romfs-native-table
9,42,1,2,1,mhxx-romfs-native-table
9,42,2,3,2,mhxx-romfs-native-table
9,42,3,4,2,mhxx-romfs-native-table
9,42,4,5,2,mhxx-romfs-native-table
9,42,5,6,2,mhxx-romfs-native-table
9,42,6,7,3,mhxx-romfs-native-table
9,43,0,1,2,mhxx-romfs-native-table
9,43,1,2,2,mhxx-romfs-native-table
9,43,2,3,2,mhxx-romfs-native-table
9,43,3,4,3,mhxx-romfs-native-table
9,43,4,5,3,mhxx-romfs-native-table
9,43,5,6,3,mhxx-romfs-native-table
9,43,6,7,3,mhxx-romfs-native-table
9,43,7,8,3,mhxx-romfs-native-table
9,44,0,1,1,mhxx-romfs-native-table
9,44,1,2,1,mhxx-romfs-native-table
9,44,2,3,2,mhxx-romfs-native-table
9,44,3,4,2,mhxx-romfs-native-table
9,44,4,5,2,mhxx-romfs-native-table
9,44,5,6,2,mhxx-romfs-native-table
9,44,6,7,2,mhxx-romfs-native-table
9,44,7,8,2,mhxx-romfs-native-table
9,45,0,1,0,mhxx-romfs-native-table
9,45,1,2,0,mhxx-romfs-native-table
9,45,2,3,0,mhxx-romfs-native-table
9,45,3,4,1,mhxx-romfs-native-table
9,45,4,5,1,mhxx-romfs-native-table
9,45,5,6,2,mhxx-romfs-native-table
9,45,6,7,2,mhxx-romfs-native-table
9,45,7,8,2,mhxx-romfs-native-table
9,45,8,9,2,mhxx-romfs-native-table
9,46,0,1,1,mhxx-romfs-native-table
9,46,1,2,1,mhxx-romfs-native-table
9,46,2,3,1,mhxx-romfs-native-table
9,46,3,4,1,mhxx-romfs-native-table
9,46,4,5,1,mhxx-romfs-native-table
9,46,5,6,1,mhxx-romfs-native-table
9,46,6,7,2,mhxx-romfs-native-table
9,47,0,1,1,mhxx-romfs-native-table
9,47,1,2,1,mhxx-romfs-native-table
9,47,2,3,1,mhxx-romfs-native-table
9,47,3,4,1,mhxx-romfs-native-table
9,47,4,5,1,mhxx-romfs-native-table
9,47,5,6,1,mhxx-romfs-native-table
9,47,6,7,1,mhxx-romfs-native-table
9,48,0,1,2,mhxx-romfs-native-table
9,48,1,2,2,mhxx-romfs-native-table
9,48,2,3,2,mhxx-romfs-native-table
9,48,3,4,2,mhxx-romfs-native-table
9,48,4,5,2,mhxx-romfs-native-table
9,48,5,6,2,mhxx-romfs-native-table
9,48,6,7,2,mhxx-romfs-native-table
9,49,0,1,1,mhxx-romfs-native-table
9,49,1,2,1,mhxx-romfs-native-table
9,49,2,3,1,mhxx-romfs-native-table
9,49,3,4,1,mhxx-romfs-native-table
9,49,4,5,1,mhxx-romfs-native-table
9,49,5,6,1,mhxx-romfs-native-table
9,49,6,7,1,mhxx-romfs-native-table
9,49,7,8,1,mhxx-romfs-native-table
9,50,0,1,2,mhxx-romfs-native-table
9,50,1,2,2,mhxx-romfs-native-table
9,50,2,3,2,mhxx-romfs-native-table
9,50,3,4,2,mhxx-romfs-native-table
9,50,4,5,2,mhxx-romfs-native-table
9,51,0,1,0,mhxx-romfs-native-table
9,51,1,2,1,mhxx-romfs-native-table
9,51,2,3,2,mhxx-romfs-native-table
9,51,3,4,2,mhxx-romfs-native-table
9,51,4,5,2,mhxx-romfs-native-table
9,51,5,6,2,mhxx-romfs-native-table
9,51,6,7,2,mhxx-romfs-native-table
9,51,7,8,2,mhxx-romfs-native-table
9,52,0,1,1,mhxx-romfs-native-table
9,52,1,2,1,mhxx-romfs-native-table
9,52,2,3,2,mhxx-romfs-native-table
9,52,3,4,2,mhxx-romfs-native-table
9,52,4,5,3,mhxx-romfs-native-table
9,52,5,6,3,mhxx-romfs-native-table
9,52,6,7,3,mhxx-romfs-native-table
9,52,7,8,3,mhxx-romfs-native-table
9,52,8,9,3,mhxx-romfs-native-table
9,53,0,1,2,mhxx-romfs-native-table
9,53,1,2,2,mhxx-romfs-native-table
9,53,2,3,2,mhxx-romfs-native-table
9,53,3,4,2,mhxx-romfs-native-table
9,53,4,5,2,mhxx-romfs-native-table
9,53,5,6,2,mhxx-romfs-native-table
9,53,6,7,2,mhxx-romfs-native-table
9,54,0,1,2,mhxx-romfs-native-table
9,54,1,2,2,mhxx-romfs-native-table
9,54,2,3,3,mhxx-romfs-native-table
9,54,3,4,3,mhxx-romfs-native-table
9,54,4,5,3,mhxx-romfs-native-table
9,54,5,6,3,mhxx-romfs-native-table
9,55,0,1,1,mhxx-romfs-native-table
9,55,1,2,1,mhxx-romfs-native-table
9,55,2,3,1,mhxx-romfs-native-table
9,55,3,4,1,mhxx-romfs-native-table
9,55,4,5,1,mhxx-romfs-native-table
9,55,5,6,2,mhxx-romfs-native-table
9,55,6,7,2,mhxx-romfs-native-table
9,55,7,8,2,mhxx-romfs-native-table
9,56,0,1,1,mhxx-romfs-native-table
9,56,1,2,1,mhxx-romfs-native-table
9,56,2,3,1,mhxx-romfs-native-table
9,56,3,4,1,mhxx-romfs-native-table
9,56,4,5,1,mhxx-romfs-native-table
9,56,5,6,1,mhxx-romfs-native-table
9,56,6,7,1,mhxx-romfs-native-table
9,56,7,8,1,mhxx-romfs-native-table
9,56,8,9,2,mhxx-romfs-native-table
9,57,0,1,1,mhxx-romfs-native-table
9,57,1,2,1,mhxx-romfs-native-table
9,57,2,3,1,mhxx-romfs-native-table
9,57,3,4,1,mhxx-romfs-native-table
9,57,4,5,1,mhxx-romfs-native-table
9,57,5,6,1,mhxx-romfs-native-table
9,57,6,7,1,mhxx-romfs-native-table
9,57,7,8,1,mhxx-romfs-native-table
9,57,8,9,2,mhxx-romfs-native-table
9,58,0,1,1,mhxx-romfs-native-table
9,58,1,2,1,mhxx-romfs-native-table
9,58,2,3,1,mhxx-romfs-native-table
9,58,3,4,1,mhxx-romfs-native-table
9,58,4,5,1,mhxx-romfs-native-table
9,58,5,6,1,mhxx-romfs-native-table
9,58,6,7,1,mhxx-romfs-native-table
9,58,7,8,1,mhxx-romfs-native-table
9,58,8,9,2,mhxx-romfs-native-table
9,59,0,1,1,mhxx-romfs-native-table
9,59,1,2,1,mhxx-romfs-native-table
9,59,2,3,1,mhxx-romfs-native-table
9,59,3,4,1,mhxx-romfs-native-table
9,59,4,5,1,mhxx-romfs-native-table
9,59,5,6,1,mhxx-romfs-native-table
9,59,6,7,1,mhxx-romfs-native-table
9,59,7,8,1,mhxx-romfs-native-table
9,59,8,9,2,mhxx-romfs-native-table
9,60,0,1,1,mhxx-romfs-native-table
9,60,1,2,1,mhxx-romfs-native-table
9,60,2,3,1,mhxx-romfs-native-table
9,60,3,4,1,mhxx-romfs-native-table
9,60,4,5,1,mhxx-romfs-native-table
9,60,5,6,2,mhxx-romfs-native-table
9,60,6,7,2,mhxx-romfs-native-table
9,61,0,1,1,mhxx-romfs-native-table
9,61,1,2,1,mhxx-romfs-native-table
9,61,2,3,1,mhxx-romfs-native-table
9,61,3,4,1,mhxx-romfs-native-table
9,61,4,5,1,mhxx-romfs-native-table
9,61,5,6,1,mhxx-romfs-native-table
9,61,6,7,1,mhxx-romfs-native-table
9,61,7,8,1,mhxx-romfs-native-table
9,62,0,1,0,mhxx-romfs-native-table
9,62,1,2,0,mhxx-romfs-native-table
9,62,2,3,0,mhxx-romfs-native-table
9,62,3,4,0,mhxx-romfs-native-table
9,62,4,5,0,mhxx-romfs-native-table
9,62,5,6,0,mhxx-romfs-native-table
9,63,0,1,1,mhxx-romfs-native-table
9,63,1,2,1,mhxx-romfs-native-table
9,63,2,3,1,mhxx-romfs-native-table
9,63,3,4,1,mhxx-romfs-native-table
9,63,4,5,1,mhxx-romfs-native-table
9,64,0,1,2,mhxx-romfs-native-table
9,64,1,2,2,mhxx-romfs-native-table
9,64,2,3,2,mhxx-romfs-native-table
9,64,3,4,2,mhxx-romfs-native-table
9,64,4,5,2,mhxx-romfs-native-table
9,65,0,1,1,mhxx-romfs-native-table
9,65,1,2,1,mhxx-romfs-native-table
9,65,2,3,1,mhxx-romfs-native-table
9,65,3,4,1,mhxx-romfs-native-table
9,65,4,5,1,mhxx-romfs-native-table
9,65,5,6,1,mhxx-romfs-native-table
9,65,6,7,1,mhxx-romfs-native-table
9,66,0,1,2,mhxx-romfs-native-table
9,66,1,2,2,mhxx-romfs-native-table
9,66,2,3,2,mhxx-romfs-native-table
9,66,3,4,2,mhxx-romfs-native-table
9,66,4,5,2,mhxx-romfs-native-table
9,67,0,1,0,mhxx-romfs-native-table
9,67,1,2,0,mhxx-romfs-native-table
9,67,2,3,0,mhxx-romfs-native-table
9,67,3,4,0,mhxx-romfs-native-table
9,67,4,5,0,mhxx-romfs-native-table
9,68,0,1,1,mhxx-romfs-native-table
9,68,1,2,1,mhxx-romfs-native-table
9,68,2,3,2,mhxx-romfs-native-table
9,68,3,4,2,mhxx-romfs-native-table
9,68,4,5,2,mhxx-romfs-native-table
9,69,0,1,0,mhxx-romfs-native-table
9,69,1,2,0,mhxx-romfs-native-table
9,69,2,3,0,mhxx-romfs-native-table
9,69,3,4,0,mhxx-romfs-native-table
9,69,4,5,0,mhxx-romfs-native-table
9,70,0,1,0,mhxx-romfs-native-table
9,70,1,2,0,mhxx-romfs-native-table
9,70,2,3,0,mhxx-romfs-native-table
9,71,0,1,0,mhxx-romfs-native-table
9,71,1,2,0,mhxx-romfs-native-table
9,71,2,3,0,mhxx-romfs-native-table
9,71,3,4,0,mhxx-romfs-native-table
9,71,4,5,0,mhxx-romfs-native-table
9,72,0,1,1,mhxx-romfs-native-table
9,72,1,2,1,mhxx-romfs-native-table
9,72,2,3,2,mhxx-romfs-native-table
9,72,3,4,2,mhxx-romfs-native-table
9,72,4,5,2,mhxx-romfs-native-table
9,72,5,6,2,mhxx-romfs-native-table
9,73,0,1,0,mhxx-romfs-native-table
9,73,1,2,0,mhxx-romfs-native-table
9,73,2,3,0,mhxx-romfs-native-table
9,73,3,4,0,mhxx-romfs-native-table
9,73,4,5,0,mhxx-romfs-native-table
9,73,5,6,0,mhxx-romfs-native-table
9,73,6,7,0,mhxx-romfs-native-table
9,74,0,1,0,mhxx-romfs-native-table
9,74,1,2,0,mhxx-romfs-native-table
9,74,2,3,0,mhxx-romfs-native-table
9,74,3,4,0,mhxx-romfs-native-table
9,74,4,5,0,mhxx-romfs-native-table
9,75,0,1,2,mhxx-romfs-native-table
9,75,1,2,2,mhxx-romfs-native-table
9,75,2,3,2,mhxx-romfs-native-table
9,75,3,4,2,mhxx-romfs-native-table
9,75,4,5,2,mhxx-romfs-native-table
9,76,0,1,2,mhxx-romfs-native-table
9,76,1,2,2,mhxx-romfs-native-table
9,76,2,3,2,mhxx-romfs-native-table
9,76,3,4,3,mhxx-romfs-native-table
9,76,4,5,3,mhxx-romfs-native-table
9,76,5,6,3,mhxx-romfs-native-table
9,76,6,7,3,mhxx-romfs-native-table
9,76,7,8,3,mhxx-romfs-native-table
9,77,0,1,0,mhxx-romfs-native-table
9,77,1,2,0,mhxx-romfs-native-table
9,77,2,3,0,mhxx-romfs-native-table
9,77,3,4,0,mhxx-romfs-native-table
9,77,4,5,0,mhxx-romfs-native-table
9,77,5,6,1,mhxx-romfs-native-table
9,77,6,7,1,mhxx-romfs-native-table
9,78,0,1,0,mhxx-romfs-native-table
9,78,1,2,0,mhxx-romfs-native-table
9,78,2,3,0,mhxx-romfs-native-table
9,78,3,4,0,mhxx-romfs-native-table
9,78,4,5,0,mhxx-romfs-native-table
9,78,5,6,1,mhxx-romfs-native-table
9,78,6,7,2,mhxx-romfs-native-table
9,78,7,8,3,mhxx-romfs-native-table
9,79,0,1,0,mhxx-romfs-native-table
9,79,1,2,0,mhxx-romfs-native-table
9,79,2,3,0,mhxx-romfs-native-table
9,79,3,4,0,mhxx-romfs-native-table
9,79,4,5,1,mhxx-romfs-native-table
9,79,5,6,1,mhxx-romfs-native-table
9,80,0,1,0,mhxx-romfs-native-table
9,80,1,2,0,mhxx-romfs-native-table
9,80,2,3,0,mhxx-romfs-native-table
9,80,3,4,0,mhxx-romfs-native-table
9,80,4,5,0,mhxx-romfs-native-table
9,80,5,6,0,mhxx-romfs-native-table
9,81,0,1,0,mhxx-romfs-native-table
9,81,1,2,0,mhxx-romfs-native-table
9,81,2,3,0,mhxx-romfs-native-table
9,81,3,4,0,mhxx-romfs-native-table
9,81,4,5,0,mhxx-romfs-native-table
9,82,0,1,0,mhxx-romfs-native-table
9,82,1,2,0,mhxx-romfs-native-table
9,82,2,3,0,mhxx-romfs-native-table
9,82,3,4,0,mhxx-romfs-native-table
9,82,4,5,0,mhxx-romfs-native-table
9,83,0,1,2,mhxx-romfs-native-table
9,83,1,2,2,mhxx-romfs-native-table
9,83,2,3,2,mhxx-romfs-native-table
9,83,3,4,2,mhxx-romfs-native-table
9,83,4,5,2,mhxx-romfs-native-table
9,83,5,6,2,mhxx-romfs-native-table
9,84,0,1,2,mhxx-romfs-native-table
9,84,1,2,2,mhxx-romfs-native-table
9,84,2,3,3,mhxx-romfs-native-table
9,84,3,4,3,mhxx-romfs-native-table
9,84,4,5,3,mhxx-romfs-native-table
9,84,5,6,3,mhxx-romfs-native-table
9,85,0,1,3,mhxx-romfs-native-table
9,85,1,2,3,mhxx-romfs-native-table
9,85,2,3,3,mhxx-romfs-native-table
9,85,3,4,3,mhxx-romfs-native-table
9,85,4,5,3,mhxx-romfs-native-table
9,85,5,6,3,mhxx-romfs-native-table
9,86,0,1,2,mhxx-romfs-native-table
9,86,1,2,2,mhxx-romfs-native-table
9,86,2,3,3,mhxx-romfs-native-table
9,86,3,4,3,mhxx-romfs-native-table
9,86,4,5,3,mhxx-romfs-native-table
9,86,5,6,3,mhxx-romfs-native-table
9,86,6,7,3,mhxx-romfs-native-table
9,87,0,1,2,mhxx-romfs-native-table
9,87,1,2,2,mhxx-romfs-native-table
9,87,2,3,2,mhxx-romfs-native-table
9,87,3,4,2,mhxx-romfs-native-table
9,87,4,5,2,mhxx-romfs-native-table
9,88,0,1,3,mhxx-romfs-native-table
9,88,1,2,3,mhxx-romfs-native-table
9,88,2,3,3,mhxx-romfs-native-table
9,88,3,4,3,mhxx-romfs-native-table
9,88,4,5,3,mhxx-romfs-native-table
9,89,0,1,3,mhxx-romfs-native-table
9,89,1,2,3,mhxx-romfs-native-table
9,89,2,3,3,mhxx-romfs-native-table
9,89,3,4,3,mhxx-romfs-native-table
9,89,4,5,3,mhxx-romfs-native-table
9,90,0,1,0,mhxx-romfs-native-table
9,90,1,2,0,mhxx-romfs-native-table
9,90,2,3,0,mhxx-romfs-native-table
9,90,3,4,0,mhxx-romfs-native-table
9,90,4,5,0,mhxx-romfs-native-table
9,91,0,1,0,mhxx-romfs-native-table
9,91,1,2,1,mhxx-romfs-native-table
9,91,2,3,2,mhxx-romfs-native-table
9,91,3,4,2,mhxx-romfs-native-table
9,91,4,5,2,mhxx-romfs-native-table
9,91,5,6,2,mhxx-romfs-native-table
9,92,0,1,1,mhxx-romfs-native-table
9,92,1,2,1,mhxx-romfs-native-table
9,92,2,3,1,mhxx-romfs-native-table
9,92,3,4,1,mhxx-romfs-native-table
9,92,4,5,1,mhxx-romfs-native-table
9,93,0,1,1,mhxx-romfs-native-table
9,93,1,2,1,mhxx-romfs-native-table
9,93,2,3,1,mhxx-romfs-native-table
9,93,3,4,1,mhxx-romfs-native-table
9,93,4,5,2,mhxx-romfs-native-table
9,93,5,6,3,mhxx-romfs-native-table
9,94,0,1,2,mhxx-romfs-native-table
9,94,1,2,2,mhxx-romfs-native-table
9,94,2,3,2,mhxx-romfs-native-table
9,94,3,4,2,mhxx-romfs-native-table
9,94,4,5,2,mhxx-romfs-native-table
9,94,5,6,2,mhxx-romfs-native-table
9,95,0,1,2,mhxx-romfs-native-table
9,95,1,2,2,mhxx-romfs-native-table
9,95,2,3,2,mhxx-romfs-native-table
9,95,3,4,2,mhxx-romfs-native-table
9,95,4,5,2,mhxx-romfs-native-table
9,95,5,6,2,mhxx-romfs-native-table
9,96,0,1,3,mhxx-romfs-native-table
9,96,1,2,3,mhxx-romfs-native-table
9,96,2,3,3,mhxx-romfs-native-table
9,96,3,4,3,mhxx-romfs-native-table
9,96,4,5,3,mhxx-romfs-native-table
9,97,0,1,0,mhxx-romfs-native-table
9,97,1,2,0,mhxx-romfs-native-table
9,97,2,3,0,mhxx-romfs-native-table
9,97,3,4,0,mhxx-romfs-native-table
9,97,4,5,0,mhxx-romfs-native-table
9,97,5,6,0,mhxx-romfs-native-table
9,97,6,7,0,mhxx-romfs-native-table
9,97,7,8,0,mhxx-romfs-native-table
9,97,8,9,0,mhxx-romfs-native-table
9,97,9,10,0,mhxx-romfs-native-table
9,97,10,11,0,mhxx-romfs-native-table
9,97,11,12,0,mhxx-romfs-native-table
9,97,12,13,0,mhxx-romfs-native-table
9,97,13,14,0,mhxx-romfs-native-table
9,97,14,15,0,mhxx-romfs-native-table
9,98,0,1,0,mhxx-romfs-native-table
9,98,1,2,0,mhxx-romfs-native-table
9,98,2,3,0,mhxx-romfs-native-table
9,98,3,4,0,mhxx-romfs-native-table
9,98,4,5,0,mhxx-romfs-native-table
9,98,5,6,0,mhxx-romfs-native-table
9,98,6,7,0,mhxx-romfs-native-table
9,98,7,8,0,mhxx-romfs-native-table
9,98,8,9,0,mhxx-romfs-native-table
9,98,9,10,0,mhxx-romfs-native-table
9,98,10,11,0,mhxx-romfs-native-table
9,98,11,12,0,mhxx-romfs-native-table
9,98,12,13,0,mhxx-romfs-native-table
9,98,13,14,0,mhxx-romfs-native-table
9,98,14,15,0,mhxx-romfs-native-table
9,99,0,1,0,mhxx-romfs-native-table
9,99,1,2,0,mhxx-romfs-native-table
9,99,2,3,0,mhxx-romfs-native-table
9,99,3,4,0,mhxx-romfs-native-table
9,99,4,5,0,mhxx-romfs-native-table
9,99,5,6,0,mhxx-romfs-native-table
9,99,6,7,0,mhxx-romfs-native-table
9,99,7,8,0,mhxx-romfs-native-table
9,99,8,9,0,mhxx-romfs-native-table
9,99,9,10,0,mhxx-romfs-native-table
9,99,10,11,0,mhxx-romfs-native-table
9,99,11,12,0,mhxx-romfs-native-table
9,99,12,13,0,mhxx-romfs-native-table
9,99,13,14,0,mhxx-romfs-native-table
9,99,14,15,0,mhxx-romfs-native-table
9,100,0,1,0,mhxx-romfs-native-table
9,100,1,2,0,mhxx-romfs-native-table
9,100,2,3,0,mhxx-romfs-native-table
9,100,3,4,0,mhxx-romfs-native-table
9,100,4,5,0,mhxx-romfs-native-table
9,100,5,6,0,mhxx-romfs-native-table
9,100,6,7,0,mhxx-romfs-native-table
9,100,7,8,0,mhxx-romfs-native-table
9,100,8,9,0,mhxx-romfs-native-table
9,100,9,10,0,mhxx-romfs-native-table
9,100,10,11,0,mhxx-romfs-native-table
9,100,11,12,0,mhxx-romfs-native-table
9,100,12,13,0,mhxx-romfs-native-table
9,100,13,14,0,mhxx-romfs-native-table
9,100,14,15,0,mhxx-romfs-native-table
9,101,0,1,0,mhxx-romfs-native-table
9,101,1,2,0,mhxx-romfs-native-table
9,101,2,3,0,mhxx-romfs-native-table
9,101,3,4,0,mhxx-romfs-native-table
9,101,4,5,0,mhxx-romfs-native-table
9,101,5,6,0,mhxx-romfs-native-table
9,101,6,7,0,mhxx-romfs-native-table
9,101,7,8,0,mhxx-romfs-native-table
9,101,8,9,0,mhxx-romfs-native-table
9,101,9,10,0,mhxx-romfs-native-table
9,101,10,11,0,mhxx-romfs-native-table
9,101,11,12,0,mhxx-romfs-native-table
9,101,12,13,0,mhxx-romfs-native-table
9,101,13,14,0,mhxx-romfs-native-table
9,101,14,15,0,mhxx-romfs-native-table
9,102,0,1,0,mhxx-romfs-native-table
9,102,1,2,0,mhxx-romfs-native-table
9,102,2,3,0,mhxx-romfs-native-table
9,102,3,4,0,mhxx-romfs-native-table
9,102,4,5,0,mhxx-romfs-native-table
9,102,5,6,0,mhxx-romfs-native-table
9,102,6,7,0,mhxx-romfs-native-table
9,102,7,8,0,mhxx-romfs-native-table
9,102,8,9,0,mhxx-romfs-native-table
9,102,9,10,0,mhxx-romfs-native-table
9,102,10,11,0,mhxx-romfs-native-table
9,102,11,12,0,mhxx-romfs-native-table
9,102,12,13,0,mhxx-romfs-native-table
9,102,13,14,0,mhxx-romfs-native-table
9,102,14,15,0,mhxx-romfs-native-table
9,103,0,1,0,mhxx-romfs-native-table
9,103,1,2,0,mhxx-romfs-native-table
9,103,2,3,0,mhxx-romfs-native-table
9,103,3,4,0,mhxx-romfs-native-table
9,103,4,5,0,mhxx-romfs-native-table
9,103,5,6,0,mhxx-romfs-native-table
9,103,6,7,0,mhxx-romfs-native-table
9,103,7,8,0,mhxx-romfs-native-table
9,103,8,9,0,mhxx-romfs-native-table
9,103,9,10,0,mhxx-romfs-native-table
9,103,10,11,0,mhxx-romfs-native-table
9,103,11,12,0,mhxx-romfs-native-table
9,103,12,13,0,mhxx-romfs-native-table
9,103,13,14,0,mhxx-romfs-native-table
9,103,14,15,0,mhxx-romfs-native-table
9,104,0,1,0,mhxx-romfs-native-table
9,104,1,2,0,mhxx-romfs-native-table
9,104,2,3,0,mhxx-romfs-native-table
9,104,3,4,0,mhxx-romfs-native-table
9,104,4,5,0,mhxx-romfs-native-table
9,104,5,6,0,mhxx-romfs-native-table
9,104,6,7,0,mhxx-romfs-native-table
9,104,7,8,0,mhxx-romfs-native-table
9,104,8,9,0,mhxx-romfs-native-table
9,104,9,10,0,mhxx-romfs-native-table
9,104,10,11,0,mhxx-romfs-native-table
9,104,11,12,0,mhxx-romfs-native-table
9,104,12,13,0,mhxx-romfs-native-table
9,104,13,14,0,mhxx-romfs-native-table
9,104,14,15,0,mhxx-romfs-native-table
9,105,0,1,1,mhxx-romfs-native-table
9,105,1,2,1,mhxx-romfs-native-table
9,105,2,3,1,mhxx-romfs-native-table
9,105,3,4,1,mhxx-romfs-native-table
9,105,4,5,1,mhxx-romfs-native-table
9,106,0,1,1,mhxx-romfs-native-table
9,106,1,2,1,mhxx-romfs-native-table
9,106,2,3,1,mhxx-romfs-native-table
9,106,3,4,1,mhxx-romfs-native-table
9,106,4,5,1,mhxx-romfs-native-table
9,107,0,1,3,mhxx-romfs-native-table
9,107,1,2,3,mhxx-romfs-native-table
9,107,2,3,3,mhxx-romfs-native-table
9,108,0,1,1,mhxx-romfs-native-table
9,108,1,2,1,mhxx-romfs-native-table
9,108,2,3,2,mhxx-romfs-native-table
9,108,3,4,2,mhxx-romfs-native-table
9,108,4,5,2,mhxx-romfs-native-table
9,108,5,6,2,mhxx-romfs-native-table
9,109,0,1,0,mhxx-romfs-native-table
9,109,1,2,0,mhxx-romfs-native-table
9,109,2,3,0,mhxx-romfs-native-table
9,109,3,4,0,mhxx-romfs-native-table
9,109,4,5,0,mhxx-romfs-native-table
9,110,0,1,0,mhxx-romfs-native-table
9,110,1,2,0,mhxx-romfs-native-table
9,110,2,3,0,mhxx-romfs-native-table
9,110,3,4,0,mhxx-romfs-native-table
9,110,4,5,0,mhxx-romfs-native-table
9,111,0,1,0,mhxx-romfs-native-table
9,111,1,2,0,mhxx-romfs-native-table
9,111,2,3,0,mhxx-romfs-native-table
9,111,3,4,0,mhxx-romfs-native-table
9,111,4,5,0,mhxx-romfs-native-table
9,112,0,1,0,mhxx-romfs-native-table
9,112,1,2,0,mhxx-romfs-native-table
9,112,2,3,0,mhxx-romfs-native-table
9,112,3,4,0,mhxx-romfs-native-table
9,112,4,5,0,mhxx-romfs-native-table
9,113,0,1,0,mhxx-romfs-native-table
9,113,1,2,0,mhxx-romfs-native-table
9,113,2,3,0,mhxx-romfs-native-table
9,114,0,1,3,mhxx-romfs-native-table
9,114,1,2,3,mhxx-romfs-native-table
9,114,2,3,3,mhxx-romfs-native-table
9,115,0,1,0,mhxx-romfs-native-table
9,115,1,2,0,mhxx-romfs-native-table
9,115,2,3,0,mhxx-romfs-native-table
9,116,0,1,2,mhxx-romfs-native-table
9,116,1,2,2,mhxx-romfs-native-table
9,116,2,3,2,mhxx-romfs-native-table
9,117,0,1,2,mhxx-romfs-native-table
9,117,1,2,2,mhxx-romfs-native-table
9,117,2,3,2,mhxx-romfs-native-table
9,118,0,1,0,mhxx-romfs-native-table
9,118,1,2,0,mhxx-romfs-native-table
9,118,2,3,0,mhxx-romfs-native-table
9,118,3,4,0,mhxx-romfs-native-table
9,118,4,5,0,mhxx-romfs-native-table
9,119,0,1,0,mhxx-romfs-native-table
9,119,1,2,0,mhxx-romfs-native-table
9,119,2,3,0,mhxx-romfs-native-table
9,119,3,4,0,mhxx-romfs-native-table
9,119,4,5,0,mhxx-romfs-native-table
9,120,0,1,0,mhxx-romfs-native-table
9,120,1,2,0,mhxx-romfs-native-table
9,120,2,3,0,mhxx-romfs-native-table
9,120,3,4,0,mhxx-romfs-native-table
9,120,4,5,1,mhxx-romfs-native-table
9,121,0,1,0,mhxx-romfs-native-table
9,121,1,2,0,mhxx-romfs-native-table
9,121,2,3,1,mhxx-romfs-native-table
9,121,3,4,2,mhxx-romfs-native-table
9,121,4,5,2,mhxx-romfs-native-table
9,122,0,1,0,mhxx-romfs-native-table
9,122,1,2,0,mhxx-romfs-native-table
9,122,2,3,0,mhxx-romfs-native-table
9,123,0,1,0,mhxx-romfs-native-table
9,123,1,2,0,mhxx-romfs-native-table
9,123,2,3,0,mhxx-romfs-native-table
9,123,3,4,1,mhxx-romfs-native-table
9,123,4,5,1,mhxx-romfs-native-table
9,124,0,1,0,mhxx-romfs-native-table
9,124,1,2,0,mhxx-romfs-native-table
9,124,2,3,0,mhxx-romfs-native-table
9,125,0,1,1,mhxx-romfs-native-table
9,125,1,2,1,mhxx-romfs-native-table
9,125,2,3,1,mhxx-romfs-native-table
9,125,3,4,1,mhxx-romfs-native-table
9,125,4,5,1,mhxx-romfs-native-table
9,125,5,6,1,mhxx-romfs-native-table
9,126,0,1,2,mhxx-romfs-native-table
9,126,1,2,2,mhxx-romfs-native-table
9,126,2,3,2,mhxx-romfs-native-table
9,127,0,1,0,mhxx-romfs-native-table
9,127,1,2,0,mhxx-romfs-native-table
9,127,2,3,0,mhxx-romfs-native-table
9,128,0,1,1,mhxx-romfs-native-table
9,128,1,2,1,mhxx-romfs-native-table
9,128,2,3,2,mhxx-romfs-native-table
9,129,0,1,1,mhxx-romfs-native-table
9,129,1,2,1,mhxx-romfs-native-table
9,129,2,3,2,mhxx-romfs-native-table
9,129,3,4,2,mhxx-romfs-native-table
9,129,4,5,3,mhxx-romfs-native-table
9,130,0,1,1,mhxx-romfs-native-table
9,130,1,2,1,mhxx-romfs-native-table
9,130,2,3,2,mhxx-romfs-native-table
9,130,3,4,2,mhxx-romfs-native-table
9,130,4,5,2,mhxx-romfs-native-table
9,131,0,1,0,mhxx-romfs-native-table
9,131,1,2,0,mhxx-romfs-native-table
9,131,2,3,0,mhxx-romfs-native-table
10,0,0,1,0,mhxx-romfs-native-table
10,1,0,1,0,mhxx-romfs-native-table
10,1,1,2,0,mhxx-romfs-native-table
10,1,2,3,0,mhxx-romfs-native-table
10,1,3,4,0,mhxx-romfs-native-table
10,1,4,5,0,mhxx-romfs-native-table
10,1,5,6,1,mhxx-romfs-native-table
10,1,6,7,1,mhxx-romfs-native-table
10,1,7,8,1,mhxx-romfs-native-table
10,1,8,9,2,mhxx-romfs-native-table
10,1,9,10,2,mhxx-romfs-native-table
10,1,10,11,3,mhxx-romfs-native-table
10,2,0,1,0,mhxx-romfs-native-table
10,2,1,2,0,mhxx-romfs-native-table
10,2,2,3,0,mhxx-romfs-native-table
10,2,3,4,0,mhxx-romfs-native-table
10,2,4,5,0,mhxx-romfs-native-table
10,2,5,6,0,mhxx-romfs-native-table
10,2,6,7,1,mhxx-romfs-native-table
10,2,7,8,2,mhxx-romfs-native-table
10,3,0,1,0,mhxx-romfs-native-table
10,3,1,2,0,mhxx-romfs-native-table
10,3,2,3,0,mhxx-romfs-native-table
10,3,3,4,0,mhxx-romfs-native-table
10,3,4,5,0,mhxx-romfs-native-table
10,3,5,6,1,mhxx-romfs-native-table
10,3,6,7,1,mhxx-romfs-native-table
10,3,7,8,1,mhxx-romfs-native-table
10,4,0,1,1,mhxx-romfs-native-table
10,4,1,2,1,mhxx-romfs-native-table
10,4,2,3,1,mhxx-romfs-native-table
10,4,3,4,1,mhxx-romfs-native-table
10,4,4,5,1,mhxx-romfs-native-table
10,4,5,6,1,mhxx-romfs-native-table
10,4,6,7,1,mhxx-romfs-native-table
10,5,0,1,2,mhxx-romfs-native-table
10,5,1,2,2,mhxx-romfs-native-table
10,5,2,3,2,mhxx-romfs-native-table
10,5,3,4,2,mhxx-romfs-native-table
10,5,4,5,2,mhxx-romfs-native-table
10,6,0,1,0,mhxx-romfs-native-table
10,6,1,2,0,mhxx-romfs-native-table
10,6,2,3,0,mhxx-romfs-native-table
10,6,3,4,0,mhxx-romfs-native-table
10,6,4,5,0,mhxx-romfs-native-table
10,6,5,6,0,mhxx-romfs-native-table
10,6,6,7,0,mhxx-romfs-native-table
10,7,0,1,1,mhxx-romfs-native-table
10,7,1,2,1,mhxx-romfs-native-table
10,7,2,3,1,mhxx-romfs-native-table
10,7,3,4,1,mhxx-romfs-native-table
10,7,4,5,1,mhxx-romfs-native-table
10,8,0,1,0,mhxx-romfs-native-table
10,8,1,2,0,mhxx-romfs-native-table
10,8,2,3,0,mhxx-romfs-native-table
10,8,3,4,0,mhxx-romfs-native-table
10,8,4,5,0,mhxx-romfs-native-table
10,9,0,1,0,mhxx-romfs-native-table
10,9,1,2,0,mhxx-romfs-native-table
10,9,2,3,0,mhxx-romfs-native-table
10,9,3,4,0,mhxx-romfs-native-table
10,9,4,5,0,mhxx-romfs-native-table
10,9,5,6,0,mhxx-romfs-native-table
10,9,6,7,0,mhxx-romfs-native-table
10,9,7,8,0,mhxx-romfs-native-table
10,10,0,1,0,mhxx-romfs-native-table
10,10,1,2,0,mhxx-romfs-native-table
10,10,2,3,0,mhxx-romfs-native-table
10,10,3,4,0,mhxx-romfs-native-table
10,10,4,5,0,mhxx-romfs-native-table
10,10,5,6,0,mhxx-romfs-native-table
10,10,6,7,0,mhxx-romfs-native-table
10,10,7,8,0,mhxx-romfs-native-table
10,10,8,9,0,mhxx-romfs-native-table
10,10,9,10,0,mhxx-romfs-native-table
10,10,10,11,0,mhxx-romfs-native-table
10,11,0,1,2,mhxx-romfs-native-table
10,11,1,2,2,mhxx-romfs-native-table
10,11,2,3,3,mhxx-romfs-native-table
10,11,3,4,3,mhxx-romfs-native-table
10,11,4,5,3,mhxx-romfs-native-table
10,11,5,6,3,mhxx-romfs-native-table
10,11,6,7,3,mhxx-romfs-native-table
10,12,0,1,2,mhxx-romfs-native-table
10,12,1,2,2,mhxx-romfs-native-table
10,12,2,3,3,mhxx-romfs-native-table
10,12,3,4,3,mhxx-romfs-native-table
10,12,4,5,3,mhxx-romfs-native-table
10,12,5,6,3,mhxx-romfs-native-table
10,12,6,7,3,mhxx-romfs-native-table
10,13,0,1,0,mhxx-romfs-native-table
10,13,1,2,0,mhxx-romfs-native-table
10,13,2,3,1,mhxx-romfs-native-table
10,13,3,4,1,mhxx-romfs-native-table
10,13,4,5,1,mhxx-romfs-native-table
10,13,5,6,1,mhxx-romfs-native-table
10,13,6,7,1,mhxx-romfs-native-table
10,14,0,1,2,mhxx-romfs-native-table
10,14,1,2,2,mhxx-romfs-native-table
10,14,2,3,2,mhxx-romfs-native-table
10,14,3,4,2,mhxx-romfs-native-table
10,14,4,5,2,mhxx-romfs-native-table
10,14,5,6,2,mhxx-romfs-native-table
10,15,0,1,1,mhxx-romfs-native-table
10,15,1,2,1,mhxx-romfs-native-table
10,15,2,3,1,mhxx-romfs-native-table
10,15,3,4,1,mhxx-romfs-native-table
10,15,4,5,1,mhxx-romfs-native-table
10,15,5,6,1,mhxx-romfs-native-table
10,15,6,7,1,mhxx-romfs-native-table
10,16,0,1,0,mhxx-romfs-native-table
10,16,1,2,0,mhxx-romfs-native-table
10,16,2,3,1,mhxx-romfs-native-table
10,16,3,4,1,mhxx-romfs-native-table
10,16,4,5,1,mhxx-romfs-native-table
10,16,5,6,1,mhxx-romfs-native-table
10,16,6,7,1,mhxx-romfs-native-table
10,17,0,1,1,mhxx-romfs-native-table
10,17,1,2,1,mhxx-romfs-native-table
10,17,2,3,1,mhxx-romfs-native-table
10,17,3,4,2,mhxx-romfs-native-table
10,17,4,5,2,mhxx-romfs-native-table
10,18,0,1,1,mhxx-romfs-native-table
10,18,1,2,1,mhxx-romfs-native-table
10,18,2,3,1,mhxx-romfs-native-table
10,18,3,4,1,mhxx-romfs-native-table
10,18,4,5,2,mhxx-romfs-native-table
10,18,5,6,2,mhxx-romfs-native-table
10,18,6,7,2,mhxx-romfs-native-table
10,18,7,8,2,mhxx-romfs-native-table
10,18,8,9,2,mhxx-romfs-native-table
10,18,9,10,2,mhxx-romfs-native-table
10,19,0,1,0,mhxx-romfs-native-table
10,19,1,2,1,mhxx-romfs-native-table
10,19,2,3,1,mhxx-romfs-native-table
10,19,3,4,2,mhxx-romfs-native-table
10,19,4,5,2,mhxx-romfs-native-table
10,19,5,6,2,mhxx-romfs-native-table
10,19,6,7,2,mhxx-romfs-native-table
10,20,0,1,0,mhxx-romfs-native-table
10,20,1,2,0,mhxx-romfs-native-table
10,20,2,3,0,mhxx-romfs-native-table
10,20,3,4,0,mhxx-romfs-native-table
10,20,4,5,0,mhxx-romfs-native-table
10,20,5,6,0,mhxx-romfs-native-table
10,21,0,1,0,mhxx-romfs-native-table
10,21,1,2,0,mhxx-romfs-native-table
10,21,2,3,1,mhxx-romfs-native-table
10,21,3,4,2,mhxx-romfs-native-table
10,21,4,5,2,mhxx-romfs-native-table
10,21,5,6,2,mhxx-romfs-native-table
10,21,6,7,2,mhxx-romfs-native-table
10,22,0,1,0,mhxx-romfs-native-table
10,22,1,2,0,mhxx-romfs-native-table
10,22,2,3,0,mhxx-romfs-native-table
10,22,3,4,0,mhxx-romfs-native-table
10,22,4,5,0,mhxx-romfs-native-table
10,22,5,6,0,mhxx-romfs-native-table
10,23,0,1,0,mhxx-romfs-native-table
10,23,1,2,0,mhxx-romfs-native-table
10,23,2,3,0,mhxx-romfs-native-table
10,23,3,4,1,mhxx-romfs-native-table
10,23,4,5,1,mhxx-romfs-native-table
10,23,5,6,1,mhxx-romfs-native-table
10,23,6,7,1,mhxx-romfs-native-table
10,23,7,8,1,mhxx-romfs-native-table
10,24,0,1,0,mhxx-romfs-native-table
10,24,1,2,1,mhxx-romfs-native-table
10,24,2,3,2,mhxx-romfs-native-table
10,24,3,4,2,mhxx-romfs-native-table
10,24,4,5,2,mhxx-romfs-native-table
10,24,5,6,2,mhxx-romfs-native-table
10,24,6,7,2,mhxx-romfs-native-table
10,24,7,8,2,mhxx-romfs-native-table
10,25,0,1,0,mhxx-romfs-native-table
10,25,1,2,0,mhxx-romfs-native-table
10,25,2,3,0,mhxx-romfs-native-table
10,25,3,4,0,mhxx-romfs-native-table
10,25,4,5,0,mhxx-romfs-native-table
10,25,5,6,0,mhxx-romfs-native-table
10,25,6,7,0,mhxx-romfs-native-table
10,25,7,8,0,mhxx-romfs-native-table
10,26,0,1,1,mhxx-romfs-native-table
10,26,1,2,1,mhxx-romfs-native-table
10,26,2,3,1,mhxx-romfs-native-table
10,26,3,4,1,mhxx-romfs-native-table
10,26,4,5,1,mhxx-romfs-native-table
10,26,5,6,1,mhxx-romfs-native-table
10,27,0,1,2,mhxx-romfs-native-table
10,27,1,2,2,mhxx-romfs-native-table
10,27,2,3,2,mhxx-romfs-native-table
10,27,3,4,2,mhxx-romfs-native-table
10,27,4,5,2,mhxx-romfs-native-table
10,27,5,6,2,mhxx-romfs-native-table
10,28,0,1,0,mhxx-romfs-native-table
10,28,1,2,0,mhxx-romfs-native-table
10,28,2,3,0,mhxx-romfs-native-table
10,28,3,4,0,mhxx-romfs-native-table
10,28,4,5,0,mhxx-romfs-native-table
10,28,5,6,0,mhxx-romfs-native-table
10,28,6,7,0,mhxx-romfs-native-table
10,28,7,8,0,mhxx-romfs-native-table
10,29,0,1,0,mhxx-romfs-native-table
10,29,1,2,0,mhxx-romfs-native-table
10,29,2,3,0,mhxx-romfs-native-table
10,29,3,4,0,mhxx-romfs-native-table
10,29,4,5,0,mhxx-romfs-native-table
10,29,5,6,0,mhxx-romfs-native-table
10,29,6,7,0,mhxx-romfs-native-table
10,30,0,1,0,mhxx-romfs-native-table
10,30,1,2,0,mhxx-romfs-native-table
10,30,2,3,0,mhxx-romfs-native-table
10,30,3,4,0,mhxx-romfs-native-table
10,30,4,5,0,mhxx-romfs-native-table
10,30,5,6,0,mhxx-romfs-native-table
10,30,6,7,0,mhxx-romfs-native-table
10,30,7,8,0,mhxx-romfs-native-table
10,30,8,9,0,mhxx-romfs-native-table
10,30,9,10,0,mhxx-romfs-native-table
10,30,10,11,0,mhxx-romfs-native-table
10,31,0,1,0,mhxx-romfs-native-table
10,31,1,2,0,mhxx-romfs-native-table
10,31,2,3,0,mhxx-romfs-native-table
10,31,3,4,1,mhxx-romfs-native-table
10,31,4,5,1,mhxx-romfs-native-table
10,31,5,6,1,mhxx-romfs-native-table
10,31,6,7,1,mhxx-romfs-native-table
10,31,7,8,1,mhxx-romfs-native-table
10,32,0,1,2,mhxx-romfs-native-table
10,32,1,2,2,mhxx-romfs-native-table
10,32,2,3,2,mhxx-romfs-native-table
10,32,3,4,2,mhxx-romfs-native-table
10,32,4,5,2,mhxx-romfs-native-table
10,32,5,6,2,mhxx-romfs-native-table
10,33,0,1,1,mhxx-romfs-native-table
10,33,1,2,1,mhxx-romfs-native-table
10,33,2,3,1,mhxx-romfs-native-table
10,33,3,4,1,mhxx-romfs-native-table
10,33,4,5,1,mhxx-romfs-native-table
10,33,5,6,1,mhxx-romfs-native-table
10,33,6,7,1,mhxx-romfs-native-table
10,34,0,1,2,mhxx-romfs-native-table
10,34,1,2,2,mhxx-romfs-native-table
10,34,2,3,2,mhxx-romfs-native-table
10,34,3,4,2,mhxx-romfs-native-table
10,34,4,5,2,mhxx-romfs-native-table
10,34,5,6,2,mhxx-romfs-native-table
10,35,0,1,1,mhxx-romfs-native-table
10,35,1,2,1,mhxx-romfs-native-table
10,35,2,3,1,mhxx-romfs-native-table
10,35,3,4,1,mhxx-romfs-native-table
10,35,4,5,1,mhxx-romfs-native-table
10,35,5,6,1,mhxx-romfs-native-table
10,35,6,7,1,mhxx-romfs-native-table
10,35,7,8,2,mhxx-romfs-native-table
10,36,0,1,0,mhxx-romfs-native-table
10,36,1,2,0,mhxx-romfs-native-table
10,36,2,3,0,mhxx-romfs-native-table
10,36,3,4,0,mhxx-romfs-native-table
10,36,4,5,0,mhxx-romfs-native-table
10,36,5,6,0,mhxx-romfs-native-table
10,37,0,1,1,mhxx-romfs-native-table
10,37,1,2,1,mhxx-romfs-native-table
10,37,2,3,2,mhxx-romfs-native-table
10,37,3,4,2,mhxx-romfs-native-table
10,37,4,5,2,mhxx-romfs-native-table
10,37,5,6,2,mhxx-romfs-native-table
10,37,6,7,2,mhxx-romfs-native-table
10,37,7,8,2,mhxx-romfs-native-table
10,38,0,1,1,mhxx-romfs-native-table
10,38,1,2,1,mhxx-romfs-native-table
10,38,2,3,1,mhxx-romfs-native-table
10,38,3,4,1,mhxx-romfs-native-table
10,38,4,5,1,mhxx-romfs-native-table
10,38,5,6,1,mhxx-romfs-native-table
10,38,6,7,1,mhxx-romfs-native-table
10,38,7,8,1,mhxx-romfs-native-table
10,39,0,1,1,mhxx-romfs-native-table
10,39,1,2,1,mhxx-romfs-native-table
10,39,2,3,2,mhxx-romfs-native-table
10,39,3,4,2,mhxx-romfs-native-table
10,39,4,5,2,mhxx-romfs-native-table
10,39,5,6,2,mhxx-romfs-native-table
10,39,6,7,2,mhxx-romfs-native-table
10,39,7,8,2,mhxx-romfs-native-table
10,40,0,1,0,mhxx-romfs-native-table
10,40,1,2,0,mhxx-romfs-native-table
10,40,2,3,0,mhxx-romfs-native-table
10,40,3,4,0,mhxx-romfs-native-table
10,40,4,5,0,mhxx-romfs-native-table
10,40,5,6,0,mhxx-romfs-native-table
10,40,6,7,0,mhxx-romfs-native-table
10,40,7,8,0,mhxx-romfs-native-table
10,40,8,9,0,mhxx-romfs-native-table
10,41,0,1,0,mhxx-romfs-native-table
10,41,1,2,0,mhxx-romfs-native-table
10,41,2,3,0,mhxx-romfs-native-table
10,41,3,4,0,mhxx-romfs-native-table
10,41,4,5,0,mhxx-romfs-native-table
10,41,5,6,0,mhxx-romfs-native-table
10,42,0,1,1,mhxx-romfs-native-table
10,42,1,2,1,mhxx-romfs-native-table
10,42,2,3,1,mhxx-romfs-native-table
10,42,3,4,1,mhxx-romfs-native-table
10,42,4,5,1,mhxx-romfs-native-table
10,42,5,6,1,mhxx-romfs-native-table
10,42,6,7,1,mhxx-romfs-native-table
10,43,0,1,1,mhxx-romfs-native-table
10,43,1,2,1,mhxx-romfs-native-table
10,43,2,3,1,mhxx-romfs-native-table
10,43,3,4,1,mhxx-romfs-native-table
10,43,4,5,1,mhxx-romfs-native-table
10,43,5,6,2,mhxx-romfs-native-table
10,43,6,7,2,mhxx-romfs-native-table
10,44,0,1,1,mhxx-romfs-native-table
10,44,1,2,1,mhxx-romfs-native-table
10,44,2,3,2,mhxx-romfs-native-table
10,44,3,4,2,mhxx-romfs-native-table
10,44,4,5,2,mhxx-romfs-native-table
10,44,5,6,2,mhxx-romfs-native-table
10,44,6,7,2,mhxx-romfs-native-table
10,44,7,8,2,mhxx-romfs-native-table
10,45,0,1,0,mhxx-romfs-native-table
10,45,1,2,0,mhxx-romfs-native-table
10,45,2,3,0,mhxx-romfs-native-table
10,45,3,4,1,mhxx-romfs-native-table
10,45,4,5,1,mhxx-romfs-native-table
10,45,5,6,1,mhxx-romfs-native-table
10,45,6,7,1,mhxx-romfs-native-table
10,45,7,8,1,mhxx-romfs-native-table
10,46,0,1,0,mhxx-romfs-native-table
10,46,1,2,0,mhxx-romfs-native-table
10,46,2,3,1,mhxx-romfs-native-table
10,46,3,4,1,mhxx-romfs-native-table
10,46,4,5,2,mhxx-romfs-native-table
10,46,5,6,2,mhxx-romfs-native-table
10,46,6,7,2,mhxx-romfs-native-table
10,46,7,8,2,mhxx-romfs-native-table
10,46,8,9,2,mhxx-romfs-native-table
10,47,0,1,0,mhxx-romfs-native-table
10,47,1,2,0,mhxx-romfs-native-table
10,47,2,3,0,mhxx-romfs-native-table
10,47,3,4,0,mhxx-romfs-native-table
10,47,4,5,0,mhxx-romfs-native-table
10,47,5,6,0,mhxx-romfs-native-table
10,48,0,1,1,mhxx-romfs-native-table
10,48,1,2,1,mhxx-romfs-native-table
10,48,2,3,1,mhxx-romfs-native-table
10,48,3,4,1,mhxx-romfs-native-table
10,48,4,5,1,mhxx-romfs-native-table
10,49,0,1,1,mhxx-romfs-native-table
10,49,1,2,1,mhxx-romfs-native-table
10,49,2,3,1,mhxx-romfs-native-table
10,49,3,4,1,mhxx-romfs-native-table
10,49,4,5,1,mhxx-romfs-native-table
10,49,5,6,1,mhxx-romfs-native-table
10,50,0,1,2,mhxx-romfs-native-table
10,50,1,2,2,mhxx-romfs-native-table
10,50,2,3,2,mhxx-romfs-native-table
10,50,3,4,2,mhxx-romfs-native-table
10,50,4,5,2,mhxx-romfs-native-table
10,50,5,6,3,mhxx-romfs-native-table
10,51,0,1,0,mhxx-romfs-native-table
10,51,1,2,0,mhxx-romfs-native-table
10,51,2,3,0,mhxx-romfs-native-table
10,51,3,4,0,mhxx-romfs-native-table
10,51,4,5,0,mhxx-romfs-native-table
10,51,5,6,0,mhxx-romfs-native-table
10,52,0,1,2,mhxx-romfs-native-table
10,52,1,2,2,mhxx-romfs-native-table
10,52,2,3,2,mhxx-romfs-native-table
10,52,3,4,2,mhxx-romfs-native-table
10,52,4,5,2,mhxx-romfs-native-table
10,53,0,1,0,mhxx-romfs-native-table
10,53,1,2,0,mhxx-romfs-native-table
10,53,2,3,0,mhxx-romfs-native-table
10,53,3,4,0,mhxx-romfs-native-table
10,53,4,5,0,mhxx-romfs-native-table
10,53,5,6,0,mhxx-romfs-native-table
10,53,6,7,0,mhxx-romfs-native-table
10,54,0,1,1,mhxx-romfs-native-table
10,54,1,2,1,mhxx-romfs-native-table
10,54,2,3,1,mhxx-romfs-native-table
10,54,3,4,1,mhxx-romfs-native-table
10,54,4,5,1,mhxx-romfs-native-table
10,54,5,6,1,mhxx-romfs-native-table
10,55,0,1,0,mhxx-romfs-native-table
10,55,1,2,0,mhxx-romfs-native-table
10,55,2,3,0,mhxx-romfs-native-table
10,55,3,4,0,mhxx-romfs-native-table
10,55,4,5,0,mhxx-romfs-native-table
10,55,5,6,0,mhxx-romfs-native-table
10,55,6,7,0,mhxx-romfs-native-table
10,55,7,8,0,mhxx-romfs-native-table
10,56,0,1,1,mhxx-romfs-native-table
10,56,1,2,1,mhxx-romfs-native-table
10,56,2,3,1,mhxx-romfs-native-table
10,56,3,4,1,mhxx-romfs-native-table
10,56,4,5,1,mhxx-romfs-native-table
10,57,0,1,1,mhxx-romfs-native-table
10,57,1,2,1,mhxx-romfs-native-table
10,57,2,3,1,mhxx-romfs-native-table
10,57,3,4,1,mhxx-romfs-native-table
10,57,4,5,1,mhxx-romfs-native-table
10,57,5,6,1,mhxx-romfs-native-table
10,57,6,7,1,mhxx-romfs-native-table
10,57,7,8,1,mhxx-romfs-native-table
10,57,8,9,1,mhxx-romfs-native-table
10,58,0,1,1,mhxx-romfs-native-table
10,58,1,2,1,mhxx-romfs-native-table
10,58,2,3,1,mhxx-romfs-native-table
10,58,3,4,1,mhxx-romfs-native-table
10,58,4,5,1,mhxx-romfs-native-table
10,58,5,6,1,mhxx-romfs-native-table
10,58,6,7,1,mhxx-romfs-native-table
10,58,7,8,1,mhxx-romfs-native-table
10,58,8,9,1,mhxx-romfs-native-table
10,59,0,1,1,mhxx-romfs-native-table
10,59,1,2,1,mhxx-romfs-native-table
10,59,2,3,1,mhxx-romfs-native-table
10,59,3,4,1,mhxx-romfs-native-table
10,59,4,5,1,mhxx-romfs-native-table
10,59,5,6,1,mhxx-romfs-native-table
10,59,6,7,1,mhxx-romfs-native-table
10,59,7,8,1,mhxx-romfs-native-table
10,59,8,9,1,mhxx-romfs-native-table
10,60,0,1,1,mhxx-romfs-native-table
10,60,1,2,1,mhxx-romfs-native-table
10,60,2,3,1,mhxx-romfs-native-table
10,60,3,4,1,mhxx-romfs-native-table
10,60,4,5,1,mhxx-romfs-native-table
10,60,5,6,1,mhxx-romfs-native-table
10,60,6,7,1,mhxx-romfs-native-table
10,60,7,8,1,mhxx-romfs-native-table
10,60,8,9,1,mhxx-romfs-native-table
10,61,0,1,1,mhxx-romfs-native-table
10,61,1,2,1,mhxx-romfs-native-table
10,61,2,3,1,mhxx-romfs-native-table
10,61,3,4,1,mhxx-romfs-native-table
10,61,4,5,1,mhxx-romfs-native-table
10,61,5,6,1,mhxx-romfs-native-table
10,61,6,7,1,mhxx-romfs-native-table
10,62,0,1,1,mhxx-romfs-native-table
10,62,1,2,1,mhxx-romfs-native-table
10,62,2,3,1,mhxx-romfs-native-table
10,62,3,4,1,mhxx-romfs-native-table
10,62,4,5,1,mhxx-romfs-native-table
10,62,5,6,1,mhxx-romfs-native-table
10,62,6,7,1,mhxx-romfs-native-table
10,62,7,8,1,mhxx-romfs-native-table
10,63,0,1,1,mhxx-romfs-native-table
10,63,1,2,1,mhxx-romfs-native-table
10,63,2,3,1,mhxx-romfs-native-table
10,63,3,4,1,mhxx-romfs-native-table
10,63,4,5,1,mhxx-romfs-native-table
10,63,5,6,1,mhxx-romfs-native-table
10,63,6,7,1,mhxx-romfs-native-table
10,64,0,1,1,mhxx-romfs-native-table
10,64,1,2,1,mhxx-romfs-native-table
10,64,2,3,1,mhxx-romfs-native-table
10,64,3,4,1,mhxx-romfs-native-table
10,64,4,5,1,mhxx-romfs-native-table
10,64,5,6,1,mhxx-romfs-native-table
10,64,6,7,1,mhxx-romfs-native-table
10,65,0,1,2,mhxx-romfs-native-table
10,65,1,2,2,mhxx-romfs-native-table
10,65,2,3,2,mhxx-romfs-native-table
10,65,3,4,2,mhxx-romfs-native-table
10,65,4,5,2,mhxx-romfs-native-table
10,66,0,1,0,mhxx-romfs-native-table
10,66,1,2,0,mhxx-romfs-native-table
10,66,2,3,0,mhxx-romfs-native-table
10,66,3,4,0,mhxx-romfs-native-table
10,66,4,5,0,mhxx-romfs-native-table
10,67,0,1,1,mhxx-romfs-native-table
10,67,1,2,1,mhxx-romfs-native-table
10,67,2,3,2,mhxx-romfs-native-table
10,67,3,4,2,mhxx-romfs-native-table
10,67,4,5,2,mhxx-romfs-native-table
10,68,0,1,0,mhxx-romfs-native-table
10,68,1,2,0,mhxx-romfs-native-table
10,68,2,3,0,mhxx-romfs-native-table
10,68,3,4,0,mhxx-romfs-native-table
10,68,4,5,0,mhxx-romfs-native-table
10,69,0,1,0,mhxx-romfs-native-table
10,69,1,2,0,mhxx-romfs-native-table
10,69,2,3,0,mhxx-romfs-native-table
10,70,0,1,0,mhxx-romfs-native-table
10,70,1,2,0,mhxx-romfs-native-table
10,70,2,3,0,mhxx-romfs-native-table
10,70,3,4,0,mhxx-romfs-native-table
10,70,4,5,0,mhxx-romfs-native-table
10,70,5,6,0,mhxx-romfs-native-table
10,71,0,1,0,mhxx-romfs-native-table
10,71,1,2,0,mhxx-romfs-native-table
10,71,2,3,1,mhxx-romfs-native-table
10,71,3,4,1,mhxx-romfs-native-table
10,71,4,5,1,mhxx-romfs-native-table
10,71,5,6,1,mhxx-romfs-native-table
10,72,0,1,0,mhxx-romfs-native-table
10,72,1,2,0,mhxx-romfs-native-table
10,72,2,3,0,mhxx-romfs-native-table
10,72,3,4,0,mhxx-romfs-native-table
10,72,4,5,0,mhxx-romfs-native-table
10,72,5,6,0,mhxx-romfs-native-table
10,72,6,7,0,mhxx-romfs-native-table
10,73,0,1,2,mhxx-romfs-native-table
10,73,1,2,2,mhxx-romfs-native-table
10,73,2,3,2,mhxx-romfs-native-table
10,73,3,4,2,mhxx-romfs-native-table
10,73,4,5,2,mhxx-romfs-native-table
10,74,0,1,1,mhxx-romfs-native-table
10,74,1,2,1,mhxx-romfs-native-table
10,74,2,3,1,mhxx-romfs-native-table
10,74,3,4,1,mhxx-romfs-native-table
10,74,4,5,1,mhxx-romfs-native-table
10,75,0,1,2,mhxx-romfs-native-table
10,75,1,2,2,mhxx-romfs-native-table
10,75,2,3,2,mhxx-romfs-native-table
10,75,3,4,3,mhxx-romfs-native-table
10,75,4,5,3,mhxx-romfs-native-table
10,75,5,6,3,mhxx-romfs-native-table
10,75,6,7,3,mhxx-romfs-native-table
10,75,7,8,3,mhxx-romfs-native-table
10,76,0,1,0,mhxx-romfs-native-table
10,76,1,2,0,mhxx-romfs-native-table
10,76,2,3,0,mhxx-romfs-native-table
10,76,3,4,0,mhxx-romfs-native-table
10,76,4,5,0,mhxx-romfs-native-table
10,76,5,6,0,mhxx-romfs-native-table
10,76,6,7,0,mhxx-romfs-native-table
10,77,0,1,0,mhxx-romfs-native-table
10,77,1,2,0,mhxx-romfs-native-table
10,77,2,3,0,mhxx-romfs-native-table
10,77,3,4,0,mhxx-romfs-native-table
10,77,4,5,0,mhxx-romfs-native-table
10,77,5,6,1,mhxx-romfs-native-table
10,77,6,7,1,mhxx-romfs-native-table
10,77,7,8,2,mhxx-romfs-native-table
10,78,0,1,0,mhxx-romfs-native-table
10,78,1,2,0,mhxx-romfs-native-table
10,78,2,3,0,mhxx-romfs-native-table
10,78,3,4,0,mhxx-romfs-native-table
10,78,4,5,0,mhxx-romfs-native-table
10,78,5,6,0,mhxx-romfs-native-table
10,79,0,1,3,mhxx-romfs-native-table
10,79,1,2,3,mhxx-romfs-native-table
10,79,2,3,3,mhxx-romfs-native-table
10,79,3,4,3,mhxx-romfs-native-table
10,79,4,5,3,mhxx-romfs-native-table
10,79,5,6,3,mhxx-romfs-native-table
10,79,6,7,3,mhxx-romfs-native-table
10,80,0,1,0,mhxx-romfs-native-table
10,80,1,2,0,mhxx-romfs-native-table
10,80,2,3,0,mhxx-romfs-native-table
10,80,3,4,0,mhxx-romfs-native-table
10,80,4,5,0,mhxx-romfs-native-table
10,80,5,6,0,mhxx-romfs-native-table
10,81,0,1,2,mhxx-romfs-native-table
10,81,1,2,3,mhxx-romfs-native-table
10,81,2,3,3,mhxx-romfs-native-table
10,81,3,4,3,mhxx-romfs-native-table
10,81,4,5,3,mhxx-romfs-native-table
10,81,5,6,3,mhxx-romfs-native-table
10,82,0,1,2,mhxx-romfs-native-table
10,82,1,2,2,mhxx-romfs-native-table
10,82,2,3,2,mhxx-romfs-native-table
10,82,3,4,2,mhxx-romfs-native-table
10,82,4,5,2,mhxx-romfs-native-table
10,82,5,6,2,mhxx-romfs-native-table
10,83,0,1,2,mhxx-romfs-native-table
10,83,1,2,2,mhxx-romfs-native-table
10,83,2,3,2,mhxx-romfs-native-table
10,83,3,4,2,mhxx-romfs-native-table
10,83,4,5,2,mhxx-romfs-native-table
10,83,5,6,2,mhxx-romfs-native-table
10,84,0,1,2,mhxx-romfs-native-table
10,84,1,2,2,mhxx-romfs-native-table
10,84,2,3,3,mhxx-romfs-native-table
10,84,3,4,3,mhxx-romfs-native-table
10,84,4,5,3,mhxx-romfs-native-table
10,84,5,6,3,mhxx-romfs-native-table
10,85,0,1,2,mhxx-romfs-native-table
10,85,1,2,2,mhxx-romfs-native-table
10,85,2,3,2,mhxx-romfs-native-table
10,85,3,4,2,mhxx-romfs-native-table
10,85,4,5,2,mhxx-romfs-native-table
10,85,5,6,2,mhxx-romfs-native-table
10,86,0,1,0,mhxx-romfs-native-table
10,86,1,2,0,mhxx-romfs-native-table
10,86,2,3,0,mhxx-romfs-native-table
10,86,3,4,0,mhxx-romfs-native-table
10,86,4,5,0,mhxx-romfs-native-table
10,86,5,6,0,mhxx-romfs-native-table
10,87,0,1,0,mhxx-romfs-native-table
10,87,1,2,0,mhxx-romfs-native-table
10,87,2,3,0,mhxx-romfs-native-table
10,87,3,4,1,mhxx-romfs-native-table
10,87,4,5,1,mhxx-romfs-native-table
10,88,0,1,0,mhxx-romfs-native-table
10,88,1,2,0,mhxx-romfs-native-table
10,88,2,3,0,mhxx-romfs-native-table
10,88,3,4,0,mhxx-romfs-native-table
10,88,4,5,0,mhxx-romfs-native-table
10,88,5,6,0,mhxx-romfs-native-table
10,88,6,7,0,mhxx-romfs-native-table
10,89,0,1,2,mhxx-romfs-native-table
10,89,1,2,2,mhxx-romfs-native-table
10,89,2,3,2,mhxx-romfs-native-table
10,89,3,4,2,mhxx-romfs-native-table
10,89,4,5,2,mhxx-romfs-native-table
10,89,5,6,2,mhxx-romfs-native-table
10,90,0,1,3,mhxx-romfs-native-table
10,90,1,2,3,mhxx-romfs-native-table
10,90,2,3,3,mhxx-romfs-native-table
10,90,3,4,3,mhxx-romfs-native-table
10,90,4,5,3,mhxx-romfs-native-table
10,91,0,1,0,mhxx-romfs-native-table
10,91,1,2,0,mhxx-romfs-native-table
10,91,2,3,0,mhxx-romfs-native-table
10,91,3,4,0,mhxx-romfs-native-table
10,91,4,5,0,mhxx-romfs-native-table
10,91,5,6,0,mhxx-romfs-native-table
10,91,6,7,0,mhxx-romfs-native-table
10,91,7,8,0,mhxx-romfs-native-table
10,91,8,9,0,mhxx-romfs-native-table
10,91,9,10,0,mhxx-romfs-native-table
10,91,10,11,0,mhxx-romfs-native-table
10,91,11,12,0,mhxx-romfs-native-table
10,91,12,13,0,mhxx-romfs-native-table
10,91,13,14,0,mhxx-romfs-native-table
10,91,14,15,0,mhxx-romfs-native-table
10,92,0,1,0,mhxx-romfs-native-table
10,92,1,2,0,mhxx-romfs-native-table
10,92,2,3,0,mhxx-romfs-native-table
10,92,3,4,0,mhxx-romfs-native-table
10,92,4,5,0,mhxx-romfs-native-table
10,92,5,6,0,mhxx-romfs-native-table
10,92,6,7,0,mhxx-romfs-native-table
10,92,7,8,0,mhxx-romfs-native-table
10,92,8,9,0,mhxx-romfs-native-table
10,92,9,10,0,mhxx-romfs-native-table
10,92,10,11,0,mhxx-romfs-native-table
10,92,11,12,0,mhxx-romfs-native-table
10,92,12,13,0,mhxx-romfs-native-table
10,92,13,14,0,mhxx-romfs-native-table
10,92,14,15,0,mhxx-romfs-native-table
10,93,0,1,0,mhxx-romfs-native-table
10,93,1,2,0,mhxx-romfs-native-table
10,93,2,3,0,mhxx-romfs-native-table
10,93,3,4,0,mhxx-romfs-native-table
10,93,4,5,0,mhxx-romfs-native-table
10,93,5,6,0,mhxx-romfs-native-table
10,93,6,7,0,mhxx-romfs-native-table
10,93,7,8,0,mhxx-romfs-native-table
10,93,8,9,0,mhxx-romfs-native-table
10,93,9,10,0,mhxx-romfs-native-table
10,93,10,11,0,mhxx-romfs-native-table
10,93,11,12,0,mhxx-romfs-native-table
10,93,12,13,0,mhxx-romfs-native-table
10,93,13,14,0,mhxx-romfs-native-table
10,93,14,15,0,mhxx-romfs-native-table
10,94,0,1,0,mhxx-romfs-native-table
10,94,1,2,0,mhxx-romfs-native-table
10,94,2,3,0,mhxx-romfs-native-table
10,94,3,4,0,mhxx-romfs-native-table
10,94,4,5,0,mhxx-romfs-native-table
10,94,5,6,0,mhxx-romfs-native-table
10,94,6,7,0,mhxx-romfs-native-table
10,94,7,8,0,mhxx-romfs-native-table
10,94,8,9,0,mhxx-romfs-native-table
10,94,9,10,0,mhxx-romfs-native-table
10,94,10,11,0,mhxx-romfs-native-table
10,94,11,12,0,mhxx-romfs-native-table
10,94,12,13,0,mhxx-romfs-native-table
10,94,13,14,0,mhxx-romfs-native-table
10,94,14,15,0,mhxx-romfs-native-table
10,95,0,1,0,mhxx-romfs-native-table
10,95,1,2,0,mhxx-romfs-native-table
10,95,2,3,0,mhxx-romfs-native-table
10,95,3,4,0,mhxx-romfs-native-table
10,95,4,5,0,mhxx-romfs-native-table
10,95,5,6,0,mhxx-romfs-native-table
10,95,6,7,0,mhxx-romfs-native-table
10,95,7,8,0,mhxx-romfs-native-table
10,95,8,9,0,mhxx-romfs-native-table
10,95,9,10,0,mhxx-romfs-native-table
10,95,10,11,0,mhxx-romfs-native-table
10,95,11,12,0,mhxx-romfs-native-table
10,95,12,13,0,mhxx-romfs-native-table
10,95,13,14,0,mhxx-romfs-native-table
10,95,14,15,0,mhxx-romfs-native-table
10,96,0,1,0,mhxx-romfs-native-table
10,96,1,2,0,mhxx-romfs-native-table
10,96,2,3,0,mhxx-romfs-native-table
10,96,3,4,0,mhxx-romfs-native-table
10,96,4,5,0,mhxx-romfs-native-table
10,96,5,6,0,mhxx-romfs-native-table
10,96,6,7,0,mhxx-romfs-native-table
10,96,7,8,0,mhxx-romfs-native-table
10,96,8,9,0,mhxx-romfs-native-table
10,96,9,10,0,mhxx-romfs-native-table
10,96,10,11,0,mhxx-romfs-native-table
10,96,11,12,0,mhxx-romfs-native-table
10,96,12,13,0,mhxx-romfs-native-table
10,96,13,14,0,mhxx-romfs-native-table
10,96,14,15,0,mhxx-romfs-native-table
10,97,0,1,0,mhxx-romfs-native-table
10,97,1,2,0,mhxx-romfs-native-table
10,97,2,3,0,mhxx-romfs-native-table
10,97,3,4,0,mhxx-romfs-native-table
10,97,4,5,0,mhxx-romfs-native-table
10,97,5,6,0,mhxx-romfs-native-table
10,97,6,7,0,mhxx-romfs-native-table
10,97,7,8,0,mhxx-romfs-native-table
10,97,8,9,0,mhxx-romfs-native-table
10,97,9,10,0,mhxx-romfs-native-table
10,97,10,11,0,mhxx-romfs-native-table
10,97,11,12,0,mhxx-romfs-native-table
10,97,12,13,0,mhxx-romfs-native-table
10,97,13,14,0,mhxx-romfs-native-table
10,97,14,15,0,mhxx-romfs-native-table
10,98,0,1,0,mhxx-romfs-native-table
10,98,1,2,0,mhxx-romfs-native-table
10,98,2,3,0,mhxx-romfs-native-table
10,98,3,4,0,mhxx-romfs-native-table
10,98,4,5,0,mhxx-romfs-native-table
10,98,5,6,0,mhxx-romfs-native-table
10,98,6,7,0,mhxx-romfs-native-table
10,98,7,8,0,mhxx-romfs-native-table
10,98,8,9,0,mhxx-romfs-native-table
10,98,9,10,0,mhxx-romfs-native-table
10,98,10,11,0,mhxx-romfs-native-table
10,98,11,12,0,mhxx-romfs-native-table
10,98,12,13,0,mhxx-romfs-native-table
10,98,13,14,0,mhxx-romfs-native-table
10,98,14,15,0,mhxx-romfs-native-table
10,99,0,1,2,mhxx-romfs-native-table
10,99,1,2,2,mhxx-romfs-native-table
10,99,2,3,2,mhxx-romfs-native-table
10,99,3,4,2,mhxx-romfs-native-table
10,99,4,5,2,mhxx-romfs-native-table
10,100,0,1,3,mhxx-romfs-native-table
10,100,1,2,3,mhxx-romfs-native-table
10,100,2,3,3,mhxx-romfs-native-table
10,101,0,1,1,mhxx-romfs-native-table
10,101,1,2,1,mhxx-romfs-native-table
10,101,2,3,2,mhxx-romfs-native-table
10,101,3,4,2,mhxx-romfs-native-table
10,101,4,5,2,mhxx-romfs-native-table
10,101,5,6,2,mhxx-romfs-native-table
10,102,0,1,0,mhxx-romfs-native-table
10,102,1,2,0,mhxx-romfs-native-table
10,102,2,3,0,mhxx-romfs-native-table
10,102,3,4,0,mhxx-romfs-native-table
10,102,4,5,0,mhxx-romfs-native-table
10,103,0,1,0,mhxx-romfs-native-table
10,103,1,2,0,mhxx-romfs-native-table
10,103,2,3,0,mhxx-romfs-native-table
10,103,3,4,0,mhxx-romfs-native-table
10,103,4,5,0,mhxx-romfs-native-table
10,104,0,1,0,mhxx-romfs-native-table
10,104,1,2,0,mhxx-romfs-native-table
10,104,2,3,0,mhxx-romfs-native-table
10,104,3,4,0,mhxx-romfs-native-table
10,104,4,5,0,mhxx-romfs-native-table
10,105,0,1,0,mhxx-romfs-native-table
10,105,1,2,0,mhxx-romfs-native-table
10,105,2,3,0,mhxx-romfs-native-table
10,105,3,4,0,mhxx-romfs-native-table
10,105,4,5,0,mhxx-romfs-native-table
10,106,0,1,0,mhxx-romfs-native-table
10,106,1,2,0,mhxx-romfs-native-table
10,106,2,3,0,mhxx-romfs-native-table
10,106,3,4,0,mhxx-romfs-native-table
10,106,4,5,0,mhxx-romfs-native-table
10,107,0,1,0,mhxx-romfs-native-table
10,107,1,2,0,mhxx-romfs-native-table
10,107,2,3,0,mhxx-romfs-native-table
10,107,3,4,0,mhxx-romfs-native-table
10,107,4,5,0,mhxx-romfs-native-table
10,108,0,1,0,mhxx-romfs-native-table
10,108,1,2,0,mhxx-romfs-native-table
10,108,2,3,0,mhxx-romfs-native-table
10,109,0,1,3,mhxx-romfs-native-table
10,109,1,2,3,mhxx-romfs-native-table
10,109,2,3,3,mhxx-romfs-native-table
10,110,0,1,0,mhxx-romfs-native-table
10,110,1,2,0,mhxx-romfs-native-table
10,110,2,3,0,mhxx-romfs-native-table
10,111,0,1,2,mhxx-romfs-native-table
10,111,1,2,2,mhxx-romfs-native-table
10,111,2,3,2,mhxx-romfs-native-table
10,112,0,1,2,mhxx-romfs-native-table
10,112,1,2,2,mhxx-romfs-native-table
10,112,2,3,2,mhxx-romfs-native-table
10,113,0,1,0,mhxx-romfs-native-table
10,113,1,2,0,mhxx-romfs-native-table
10,113,2,3,0,mhxx-romfs-native-table
10,113,3,4,0,mhxx-romfs-native-table
10,113,4,5,0,mhxx-romfs-native-table
10,113,5,6,0,mhxx-romfs-native-table
10,114,0,1,0,mhxx-romfs-native-table
10,114,1,2,0,mhxx-romfs-native-table
10,114,2,3,0,mhxx-romfs-native-table
10,114,3,4,0,mhxx-romfs-native-table
10,114,4,5,0,mhxx-romfs-native-table
10,115,0,1,1,mhxx-romfs-native-table
10,115,1,2,1,mhxx-romfs-native-table
10,115,2,3,1,mhxx-romfs-native-table
10,115,3,4,1,mhxx-romfs-native-table
10,115,4,5,1,mhxx-romfs-native-table
10,116,0,1,2,mhxx-romfs-native-table
10,116,1,2,2,mhxx-romfs-native-table
10,116,2,3,2,mhxx-romfs-native-table
10,116,3,4,2,mhxx-romfs-native-table
10,116,4,5,2,mhxx-romfs-native-table
10,117,0,1,2,mhxx-romfs-native-table
10,117,1,2,2,mhxx-romfs-native-table
10,117,2,3,2,mhxx-romfs-native-table
10,117,3,4,2,mhxx-romfs-native-table
10,117,4,5,2,mhxx-romfs-native-table
10,117,5,6,2,mhxx-romfs-native-table
10,118,0,1,3,mhxx-romfs-native-table
10,118,1,2,3,mhxx-romfs-native-table
10,118,2,3,3,mhxx-romfs-native-table
10,118,3,4,3,mhxx-romfs-native-table
10,118,4,5,3,mhxx-romfs-native-table
10,118,5,6,3,mhxx-romfs-native-table
10,119,0,1,3,mhxx-romfs-native-table
10,119,1,2,3,mhxx-romfs-native-table
10,119,2,3,3,mhxx-romfs-native-table
10,119,3,4,3,mhxx-romfs-native-table
10,119,4,5,3,mhxx-romfs-native-table
10,119,5,6,3,mhxx-romfs-native-table
10,120,0,1,2,mhxx-romfs-native-table
10,120,1,2,2,mhxx-romfs-native-table
10,120,2,3,2,mhxx-romfs-native-table
10,121,0,1,3,mhxx-romfs-native-table
10,121,1,2,3,mhxx-romfs-native-table
10,121,2,3,3,mhxx-romfs-native-table
10,122,0,1,0,mhxx-romfs-native-table
10,122,1,2,0,mhxx-romfs-native-table
10,122,2,3,0,mhxx-romfs-native-table
10,123,0,1,1,mhxx-romfs-native-table
10,123,1,2,1,mhxx-romfs-native-table
10,123,2,3,2,mhxx-romfs-native-table
10,123,3,4,2,mhxx-romfs-native-table
10,123,4,5,3,mhxx-romfs-native-table
10,124,0,1,3,mhxx-romfs-native-table
10,124,1,2,3,mhxx-romfs-native-table
10,124,2,3,3,mhxx-romfs-native-table
10,125,0,1,3,mhxx-romfs-native-table
10,125,1,2,3,mhxx-romfs-native-table
10,125,2,3,3,mhxx-romfs-native-table
10,126,0,1,0,mhxx-romfs-native-table
10,126,1,2,0,mhxx-romfs-native-table
10,126,2,3,0,mhxx-romfs-native-table
11,0,0,1,0,mhxx-romfs-native-table
11,1,0,1,0,mhxx-romfs-native-table
11,1,1,2,0,mhxx-romfs-native-table
11,1,2,3,0,mhxx-romfs-native-table
11,1,3,4,0,mhxx-romfs-native-table
11,1,4,5,0,mhxx-romfs-native-table
11,1,5,6,0,mhxx-romfs-native-table
11,1,6,7,0,mhxx-romfs-native-table
11,1,7,8,0,mhxx-romfs-native-table
11,1,8,9,1,mhxx-romfs-native-table
11,1,9,10,2,mhxx-romfs-native-table
11,1,10,11,3,mhxx-romfs-native-table
11,2,0,1,2,mhxx-romfs-native-table
11,2,1,2,2,mhxx-romfs-native-table
11,2,2,3,2,mhxx-romfs-native-table
11,2,3,4,2,mhxx-romfs-native-table
11,2,4,5,2,mhxx-romfs-native-table
11,2,5,6,3,mhxx-romfs-native-table
11,3,0,1,0,mhxx-romfs-native-table
11,3,1,2,0,mhxx-romfs-native-table
11,3,2,3,0,mhxx-romfs-native-table
11,3,3,4,0,mhxx-romfs-native-table
11,3,4,5,0,mhxx-romfs-native-table
11,3,5,6,0,mhxx-romfs-native-table
11,4,0,1,0,mhxx-romfs-native-table
11,4,1,2,0,mhxx-romfs-native-table
11,4,2,3,0,mhxx-romfs-native-table
11,4,3,4,0,mhxx-romfs-native-table
11,4,4,5,0,mhxx-romfs-native-table
11,5,0,1,1,mhxx-romfs-native-table
11,5,1,2,1,mhxx-romfs-native-table
11,5,2,3,2,mhxx-romfs-native-table
11,5,3,4,2,mhxx-romfs-native-table
11,5,4,5,2,mhxx-romfs-native-table
11,5,5,6,3,mhxx-romfs-native-table
11,5,6,7,3,mhxx-romfs-native-table
11,5,7,8,3,mhxx-romfs-native-table
11,6,0,1,1,mhxx-romfs-native-table
11,6,1,2,1,mhxx-romfs-native-table
11,6,2,3,1,mhxx-romfs-native-table
11,6,3,4,1,mhxx-romfs-native-table
11,6,4,5,1,mhxx-romfs-native-table
11,6,5,6,1,mhxx-romfs-native-table
11,7,0,1,0,mhxx-romfs-native-table
11,7,1,2,0,mhxx-romfs-native-table
11,7,2,3,0,mhxx-romfs-native-table
11,7,3,4,0,mhxx-romfs-native-table
11,7,4,5,0,mhxx-romfs-native-table
11,7,5,6,1,mhxx-romfs-native-table
11,7,6,7,1,mhxx-romfs-native-table
11,8,0,1,0,mhxx-romfs-native-table
11,8,1,2,0,mhxx-romfs-native-table
11,8,2,3,0,mhxx-romfs-native-table
11,8,3,4,0,mhxx-romfs-native-table
11,8,4,5,0,mhxx-romfs-native-table
11,8,5,6,1,mhxx-romfs-native-table
11,8,6,7,1,mhxx-romfs-native-table
11,8,7,8,1,mhxx-romfs-native-table
11,9,0,1,0,mhxx-romfs-native-table
11,9,1,2,0,mhxx-romfs-native-table
11,9,2,3,0,mhxx-romfs-native-table
11,9,3,4,0,mhxx-romfs-native-table
11,9,4,5,0,mhxx-romfs-native-table
11,9,5,6,1,mhxx-romfs-native-table
11,9,6,7,1,mhxx-romfs-native-table
11,10,0,1,0,mhxx-romfs-native-table
11,10,1,2,0,mhxx-romfs-native-table
11,10,2,3,0,mhxx-romfs-native-table
11,10,3,4,0,mhxx-romfs-native-table
11,10,4,5,0,mhxx-romfs-native-table
11,11,0,1,0,mhxx-romfs-native-table
11,11,1,2,0,mhxx-romfs-native-table
11,11,2,3,0,mhxx-romfs-native-table
11,11,3,4,0,mhxx-romfs-native-table
11,11,4,5,1,mhxx-romfs-native-table
11,11,5,6,2,mhxx-romfs-native-table
11,12,0,1,0,mhxx-romfs-native-table
11,12,1,2,0,mhxx-romfs-native-table
11,12,2,3,0,mhxx-romfs-native-table
11,12,3,4,1,mhxx-romfs-native-table
11,12,4,5,1,mhxx-romfs-native-table
11,13,0,1,0,mhxx-romfs-native-table
11,13,1,2,0,mhxx-romfs-native-table
11,13,2,3,0,mhxx-romfs-native-table
11,13,3,4,0,mhxx-romfs-native-table
11,13,4,5,0,mhxx-romfs-native-table
11,13,5,6,0,mhxx-romfs-native-table
11,13,6,7,0,mhxx-romfs-native-table
11,13,7,8,0,mhxx-romfs-native-table
11,14,0,1,0,mhxx-romfs-native-table
11,14,1,2,0,mhxx-romfs-native-table
11,14,2,3,0,mhxx-romfs-native-table
11,14,3,4,0,mhxx-romfs-native-table
11,14,4,5,0,mhxx-romfs-native-table
11,14,5,6,0,mhxx-romfs-native-table
11,15,0,1,0,mhxx-romfs-native-table
11,15,1,2,0,mhxx-romfs-native-table
11,15,2,3,0,mhxx-romfs-native-table
11,15,3,4,0,mhxx-romfs-native-table
11,15,4,5,0,mhxx-romfs-native-table
11,15,5,6,0,mhxx-romfs-native-table
11,15,6,7,0,mhxx-romfs-native-table
11,15,7,8,0,mhxx-romfs-native-table
11,15,8,9,1,mhxx-romfs-native-table
11,15,9,10,2,mhxx-romfs-native-table
11,15,10,11,2,mhxx-romfs-native-table
11,16,0,1,0,mhxx-romfs-native-table
11,16,1,2,0,mhxx-romfs-native-table
11,16,2,3,0,mhxx-romfs-native-table
11,16,3,4,0,mhxx-romfs-native-table
11,16,4,5,0,mhxx-romfs-native-table
11,16,5,6,0,mhxx-romfs-native-table
11,17,0,1,1,mhxx-romfs-native-table
11,17,1,2,1,mhxx-romfs-native-table
11,17,2,3,1,mhxx-romfs-native-table
11,17,3,4,1,mhxx-romfs-native-table
11,17,4,5,1,mhxx-romfs-native-table
11,17,5,6,2,mhxx-romfs-native-table
11,17,6,7,2,mhxx-romfs-native-table
11,18,0,1,0,mhxx-romfs-native-table
11,18,1,2,0,mhxx-romfs-native-table
11,18,2,3,0,mhxx-romfs-native-table
11,18,3,4,0,mhxx-romfs-native-table
11,18,4,5,1,mhxx-romfs-native-table
11,18,5,6,2,mhxx-romfs-native-table
11,18,6,7,2,mhxx-romfs-native-table
11,19,0,1,0,mhxx-romfs-native-table
11,19,1,2,0,mhxx-romfs-native-table
11,19,2,3,1,mhxx-romfs-native-table
11,19,3,4,1,mhxx-romfs-native-table
11,19,4,5,2,mhxx-romfs-native-table
11,19,5,6,2,mhxx-romfs-native-table
11,19,6,7,2,mhxx-romfs-native-table
11,20,0,1,0,mhxx-romfs-native-table
11,20,1,2,0,mhxx-romfs-native-table
11,20,2,3,0,mhxx-romfs-native-table
11,20,3,4,0,mhxx-romfs-native-table
11,20,4,5,0,mhxx-romfs-native-table
11,20,5,6,1,mhxx-romfs-native-table
11,20,6,7,1,mhxx-romfs-native-table
11,21,0,1,1,mhxx-romfs-native-table
11,21,1,2,1,mhxx-romfs-native-table
11,21,2,3,1,mhxx-romfs-native-table
11,21,3,4,1,mhxx-romfs-native-table
11,21,4,5,2,mhxx-romfs-native-table
11,21,5,6,2,mhxx-romfs-native-table
11,21,6,7,2,mhxx-romfs-native-table
11,22,0,1,0,mhxx-romfs-native-table
11,22,1,2,0,mhxx-romfs-native-table
11,22,2,3,0,mhxx-romfs-native-table
11,22,3,4,1,mhxx-romfs-native-table
11,22,4,5,1,mhxx-romfs-native-table
11,23,0,1,0,mhxx-romfs-native-table
11,23,1,2,0,mhxx-romfs-native-table
11,23,2,3,0,mhxx-romfs-native-table
11,23,3,4,0,mhxx-romfs-native-table
11,23,4,5,0,mhxx-romfs-native-table
11,23,5,6,0,mhxx-romfs-native-table
11,23,6,7,1,mhxx-romfs-native-table
11,23,7,8,1,mhxx-romfs-native-table
11,24,0,1,0,mhxx-romfs-native-table
11,24,1,2,0,mhxx-romfs-native-table
11,24,2,3,0,mhxx-romfs-native-table
11,24,3,4,0,mhxx-romfs-native-table
11,24,4,5,1,mhxx-romfs-native-table
11,24,5,6,1,mhxx-romfs-native-table
11,25,0,1,2,mhxx-romfs-native-table
11,25,1,2,2,mhxx-romfs-native-table
11,25,2,3,2,mhxx-romfs-native-table
11,25,3,4,3,mhxx-romfs-native-table
11,25,4,5,3,mhxx-romfs-native-table
11,25,5,6,3,mhxx-romfs-native-table
11,25,6,7,3,mhxx-romfs-native-table
11,26,0,1,2,mhxx-romfs-native-table
11,26,1,2,2,mhxx-romfs-native-table
11,26,2,3,2,mhxx-romfs-native-table
11,26,3,4,2,mhxx-romfs-native-table
11,26,4,5,2,mhxx-romfs-native-table
11,26,5,6,2,mhxx-romfs-native-table
11,27,0,1,1,mhxx-romfs-native-table
11,27,1,2,1,mhxx-romfs-native-table
11,27,2,3,1,mhxx-romfs-native-table
11,27,3,4,2,mhxx-romfs-native-table
11,27,4,5,2,mhxx-romfs-native-table
11,28,0,1,1,mhxx-romfs-native-table
11,28,1,2,1,mhxx-romfs-native-table
11,28,2,3,2,mhxx-romfs-native-table
11,28,3,4,2,mhxx-romfs-native-table
11,28,4,5,2,mhxx-romfs-native-table
11,28,5,6,2,mhxx-romfs-native-table
11,29,0,1,1,mhxx-romfs-native-table
11,29,1,2,1,mhxx-romfs-native-table
11,29,2,3,1,mhxx-romfs-native-table
11,29,3,4,1,mhxx-romfs-native-table
11,29,4,5,2,mhxx-romfs-native-table
11,29,5,6,2,mhxx-romfs-native-table
11,30,0,1,1,mhxx-romfs-native-table
11,30,1,2,1,mhxx-romfs-native-table
11,30,2,3,1,mhxx-romfs-native-table
11,30,3,4,1,mhxx-romfs-native-table
11,30,4,5,1,mhxx-romfs-native-table
11,30,5,6,1,mhxx-romfs-native-table
11,31,0,1,0,mhxx-romfs-native-table
11,31,1,2,0,mhxx-romfs-native-table
11,31,2,3,0,mhxx-romfs-native-table
11,31,3,4,0,mhxx-romfs-native-table
11,31,4,5,0,mhxx-romfs-native-table
11,31,5,6,0,mhxx-romfs-native-table
11,31,6,7,0,mhxx-romfs-native-table
11,31,7,8,0,mhxx-romfs-native-table
11,31,8,9,1,mhxx-romfs-native-table
11,31,9,10,2,mhxx-romfs-native-table
11,31,10,11,2,mhxx-romfs-native-table
11,32,0,1,1,mhxx-romfs-native-table
11,32,1,2,1,mhxx-romfs-native-table
11,32,2,3,1,mhxx-romfs-native-table
11,32,3,4,2,mhxx-romfs-native-table
11,32,4,5,2,mhxx-romfs-native-table
11,33,0,1,1,mhxx-romfs-native-table
11,33,1,2,1,mhxx-romfs-native-table
11,33,2,3,1,mhxx-romfs-native-table
11,33,3,4,1,mhxx-romfs-native-table
11,33,4,5,1,mhxx-romfs-native-table
11,33,5,6,1,mhxx-romfs-native-table
11,34,0,1,1,mhxx-romfs-native-table
11,34,1,2,1,mhxx-romfs-native-table
11,34,2,3,1,mhxx-romfs-native-table
11,34,3,4,1,mhxx-romfs-native-table
11,34,4,5,1,mhxx-romfs-native-table
11,34,5,6,2,mhxx-romfs-native-table
11,34,6,7,3,mhxx-romfs-native-table
11,35,0,1,0,mhxx-romfs-native-table
11,35,1,2,0,mhxx-romfs-native-table
11,35,2,3,0,mhxx-romfs-native-table
11,35,3,4,0,mhxx-romfs-native-table
11,35,4,5,1,mhxx-romfs-native-table
11,35,5,6,1,mhxx-romfs-native-table
11,35,6,7,2,mhxx-romfs-native-table
11,36,0,1,0,mhxx-romfs-native-table
11,36,1,2,0,mhxx-romfs-native-table
11,36,2,3,0,mhxx-romfs-native-table
11,36,3,4,1,mhxx-romfs-native-table
11,36,4,5,1,mhxx-romfs-native-table
11,36,5,6,1,mhxx-romfs-native-table
11,37,0,1,0,mhxx-romfs-native-table
11,37,1,2,0,mhxx-romfs-native-table
11,37,2,3,0,mhxx-romfs-native-table
11,37,3,4,0,mhxx-romfs-native-table
11,37,4,5,0,mhxx-romfs-native-table
11,37,5,6,0,mhxx-romfs-native-table
11,37,6,7,0,mhxx-romfs-native-table
11,38,0,1,1,mhxx-romfs-native-table
11,38,1,2,1,mhxx-romfs-native-table
11,38,2,3,1,mhxx-romfs-native-table
11,38,3,4,2,mhxx-romfs-native-table
11,38,4,5,2,mhxx-romfs-native-table
11,39,0,1,1,mhxx-romfs-native-table
11,39,1,2,1,mhxx-romfs-native-table
11,39,2,3,1,mhxx-romfs-native-table
11,39,3,4,2,mhxx-romfs-native-table
11,39,4,5,2,mhxx-romfs-native-table
11,40,0,1,0,mhxx-romfs-native-table
11,40,1,2,0,mhxx-romfs-native-table
11,40,2,3,0,mhxx-romfs-native-table
11,40,3,4,0,mhxx-romfs-native-table
11,40,4,5,1,mhxx-romfs-native-table
11,40,5,6,1,mhxx-romfs-native-table
11,41,0,1,1,mhxx-romfs-native-table
11,41,1,2,1,mhxx-romfs-native-table
11,41,2,3,1,mhxx-romfs-native-table
11,41,3,4,2,mhxx-romfs-native-table
11,41,4,5,2,mhxx-romfs-native-table
11,42,0,1,2,mhxx-romfs-native-table
11,42,1,2,2,mhxx-romfs-native-table
11,42,2,3,2,mhxx-romfs-native-table
11,42,3,4,2,mhxx-romfs-native-table
11,42,4,5,2,mhxx-romfs-native-table
11,42,5,6,2,mhxx-romfs-native-table
11,42,6,7,2,mhxx-romfs-native-table
11,43,0,1,0,mhxx-romfs-native-table
11,43,1,2,0,mhxx-romfs-native-table
11,43,2,3,0,mhxx-romfs-native-table
11,43,3,4,0,mhxx-romfs-native-table
11,43,4,5,1,mhxx-romfs-native-table
11,43,5,6,1,mhxx-romfs-native-table
11,43,6,7,1,mhxx-romfs-native-table
11,44,0,1,1,mhxx-romfs-native-table
11,44,1,2,1,mhxx-romfs-native-table
11,44,2,3,1,mhxx-romfs-native-table
11,44,3,4,1,mhxx-romfs-native-table
11,44,4,5,1,mhxx-romfs-native-table
11,44,5,6,1,mhxx-romfs-native-table
11,44,6,7,2,mhxx-romfs-native-table
11,45,0,1,2,mhxx-romfs-native-table
11,45,1,2,2,mhxx-romfs-native-table
11,45,2,3,2,mhxx-romfs-native-table
11,45,3,4,2,mhxx-romfs-native-table
11,45,4,5,2,mhxx-romfs-native-table
11,45,5,6,2,mhxx-romfs-native-table
11,45,6,7,2,mhxx-romfs-native-table
11,46,0,1,1,mhxx-romfs-native-table
11,46,1,2,1,mhxx-romfs-native-table
11,46,2,3,1,mhxx-romfs-native-table
11,46,3,4,2,mhxx-romfs-native-table
11,46,4,5,2,mhxx-romfs-native-table
11,47,0,1,1,mhxx-romfs-native-table
11,47,1,2,1,mhxx-romfs-native-table
11,47,2,3,1,mhxx-romfs-native-table
11,47,3,4,1,mhxx-romfs-native-table
11,47,4,5,1,mhxx-romfs-native-table
11,47,5,6,1,mhxx-romfs-native-table
11,48,0,1,1,mhxx-romfs-native-table
11,48,1,2,1,mhxx-romfs-native-table
11,48,2,3,1,mhxx-romfs-native-table
11,48,3,4,1,mhxx-romfs-native-table
11,48,4,5,1,mhxx-romfs-native-table
11,48,5,6,1,mhxx-romfs-native-table
11,49,0,1,2,mhxx-romfs-native-table
11,49,1,2,2,mhxx-romfs-native-table
11,49,2,3,2,mhxx-romfs-native-table
11,49,3,4,2,mhxx-romfs-native-table
11,49,4,5,3,mhxx-romfs-native-table
11,50,0,1,0,mhxx-romfs-native-table
11,50,1,2,0,mhxx-romfs-native-table
11,50,2,3,0,mhxx-romfs-native-table
11,50,3,4,0,mhxx-romfs-native-table
11,50,4,5,0,mhxx-romfs-native-table
11,51,0,1,1,mhxx-romfs-native-table
11,51,1,2,1,mhxx-romfs-native-table
11,51,2,3,1,mhxx-romfs-native-table
11,51,3,4,1,mhxx-romfs-native-table
11,51,4,5,1,mhxx-romfs-native-table
11,51,5,6,1,mhxx-romfs-native-table
11,52,0,1,3,mhxx-romfs-native-table
11,52,1,2,3,mhxx-romfs-native-table
11,52,2,3,3,mhxx-romfs-native-table
11,52,3,4,3,mhxx-romfs-native-table
11,52,4,5,3,mhxx-romfs-native-table
11,53,0,1,0,mhxx-romfs-native-table
11,53,1,2,0,mhxx-romfs-native-table
11,53,2,3,0,mhxx-romfs-native-table
11,53,3,4,1,mhxx-romfs-native-table
11,53,4,5,1,mhxx-romfs-native-table
11,54,0,1,0,mhxx-romfs-native-table
11,54,1,2,0,mhxx-romfs-native-table
11,54,2,3,0,mhxx-romfs-native-table
11,54,3,4,0,mhxx-romfs-native-table
11,54,4,5,0,mhxx-romfs-native-table
11,55,0,1,0,mhxx-romfs-native-table
11,55,1,2,0,mhxx-romfs-native-table
11,55,2,3,0,mhxx-romfs-native-table
11,55,3,4,0,mhxx-romfs-native-table
11,55,4,5,0,mhxx-romfs-native-table
11,56,0,1,1,mhxx-romfs-native-table
11,56,1,2,1,mhxx-romfs-native-table
11,56,2,3,1,mhxx-romfs-native-table
11,56,3,4,2,mhxx-romfs-native-table
11,56,4,5,2,mhxx-romfs-native-table
11,57,0,1,0,mhxx-romfs-native-table
11,57,1,2,0,mhxx-romfs-native-table
11,57,2,3,0,mhxx-romfs-native-table
11,57,3,4,0,mhxx-romfs-native-table
11,57,4,5,0,mhxx-romfs-native-table
11,58,0,1,1,mhxx-romfs-native-table
11,58,1,2,1,mhxx-romfs-native-table
11,58,2,3,1,mhxx-romfs-native-table
11,58,3,4,1,mhxx-romfs-native-table
11,58,4,5,2,mhxx-romfs-native-table
11,59,0,1,0,mhxx-romfs-native-table
11,59,1,2,0,mhxx-romfs-native-table
11,59,2,3,0,mhxx-romfs-native-table
11,59,3,4,0,mhxx-romfs-native-table
11,59,4,5,0,mhxx-romfs-native-table
11,59,5,6,1,mhxx-romfs-native-table
11,59,6,7,2,mhxx-romfs-native-table
11,60,0,1,2,mhxx-romfs-native-table
11,60,1,2,2,mhxx-romfs-native-table
11,60,2,3,2,mhxx-romfs-native-table
11,60,3,4,2,mhxx-romfs-native-table
11,60,4,5,2,mhxx-romfs-native-table
11,60,5,6,2,mhxx-romfs-native-table
11,61,0,1,1,mhxx-romfs-native-table
11,61,1,2,1,mhxx-romfs-native-table
11,61,2,3,1,mhxx-romfs-native-table
11,61,3,4,1,mhxx-romfs-native-table
11,61,4,5,2,mhxx-romfs-native-table
11,61,5,6,2,mhxx-romfs-native-table
11,62,0,1,0,mhxx-romfs-native-table
11,62,1,2,0,mhxx-romfs-native-table
11,62,2,3,0,mhxx-romfs-native-table
11,62,3,4,0,mhxx-romfs-native-table
11,62,4,5,0,mhxx-romfs-native-table
11,62,5,6,0,mhxx-romfs-native-table
11,62,6,7,0,mhxx-romfs-native-table
11,62,7,8,0,mhxx-romfs-native-table
11,63,0,1,2,mhxx-romfs-native-table
11,63,1,2,2,mhxx-romfs-native-table
11,63,2,3,2,mhxx-romfs-native-table
11,63,3,4,2,mhxx-romfs-native-table
11,63,4,5,3,mhxx-romfs-native-table
11,63,5,6,3,mhxx-romfs-native-table
11,64,0,1,3,mhxx-romfs-native-table
11,64,1,2,3,mhxx-romfs-native-table
11,64,2,3,3,mhxx-romfs-native-table
11,64,3,4,3,mhxx-romfs-native-table
11,64,4,5,3,mhxx-romfs-native-table
11,65,0,1,2,mhxx-romfs-native-table
11,65,1,2,2,mhxx-romfs-native-table
11,65,2,3,2,mhxx-romfs-native-table
11,65,3,4,2,mhxx-romfs-native-table
11,65,4,5,2,mhxx-romfs-native-table
11,66,0,1,0,mhxx-romfs-native-table
11,66,1,2,0,mhxx-romfs-native-table
11,66,2,3,0,mhxx-romfs-native-table
11,66,3,4,0,mhxx-romfs-native-table
11,66,4,5,0,mhxx-romfs-native-table
11,67,0,1,1,mhxx-romfs-native-table
11,67,1,2,1,mhxx-romfs-native-table
11,67,2,3,1,mhxx-romfs-native-table
11,67,3,4,1,mhxx-romfs-native-table
11,67,4,5,1,mhxx-romfs-native-table
11,67,5,6,2,mhxx-romfs-native-table
11,67,6,7,2,mhxx-romfs-native-table
11,68,0,1,0,mhxx-romfs-native-table
11,68,1,2,0,mhxx-romfs-native-table
11,68,2,3,0,mhxx-romfs-native-table
11,68,3,4,0,mhxx-romfs-native-table
11,68,4,5,0,mhxx-romfs-native-table
11,68,5,6,0,mhxx-romfs-native-table
11,69,0,1,0,mhxx-romfs-native-table
11,69,1,2,0,mhxx-romfs-native-table
11,69,2,3,0,mhxx-romfs-native-table
11,69,3,4,0,mhxx-romfs-native-table
11,69,4,5,0,mhxx-romfs-native-table
11,69,5,6,0,mhxx-romfs-native-table
11,69,6,7,0,mhxx-romfs-native-table
11,69,7,8,0,mhxx-romfs-native-table
11,69,8,9,0,mhxx-romfs-native-table
11,69,9,10,0,mhxx-romfs-native-table
11,69,10,11,0,mhxx-romfs-native-table
11,69,11,12,0,mhxx-romfs-native-table
11,69,12,13,0,mhxx-romfs-native-table
11,69,13,14,0,mhxx-romfs-native-table
11,69,14,15,0,mhxx-romfs-native-table
11,70,0,1,0,mhxx-romfs-native-table
11,70,1,2,0,mhxx-romfs-native-table
11,70,2,3,0,mhxx-romfs-native-table
11,70,3,4,0,mhxx-romfs-native-table
11,70,4,5,0,mhxx-romfs-native-table
11,70,5,6,0,mhxx-romfs-native-table
11,70,6,7,0,mhxx-romfs-native-table
11,70,7,8,0,mhxx-romfs-native-table
11,70,8,9,0,mhxx-romfs-native-table
11,70,9,10,0,mhxx-romfs-native-table
11,70,10,11,0,mhxx-romfs-native-table
11,70,11,12,0,mhxx-romfs-native-table
11,70,12,13,0,mhxx-romfs-native-table
11,70,13,14,0,mhxx-romfs-native-table
11,70,14,15,0,mhxx-romfs-native-table
11,71,0,1,0,mhxx-romfs-native-table
11,71,1,2,0,mhxx-romfs-native-table
11,71,2,3,0,mhxx-romfs-native-table
11,71,3,4,0,mhxx-romfs-native-table
11,71,4,5,0,mhxx-romfs-native-table
11,71,5,6,0,mhxx-romfs-native-table
11,71,6,7,0,mhxx-romfs-native-table
11,71,7,8,0,mhxx-romfs-native-table
11,71,8,9,0,mhxx-romfs-native-table
11,71,9,10,0,mhxx-romfs-native-table
11,71,10,11,0,mhxx-romfs-native-table
11,71,11,12,0,mhxx-romfs-native-table
11,71,12,13,0,mhxx-romfs-native-table
11,71,13,14,0,mhxx-romfs-native-table
11,71,14,15,0,mhxx-romfs-native-table
11,72,0,1,0,mhxx-romfs-native-table
11,72,1,2,0,mhxx-romfs-native-table
11,72,2,3,0,mhxx-romfs-native-table
11,72,3,4,0,mhxx-romfs-native-table
11,72,4,5,0,mhxx-romfs-native-table
11,72,5,6,0,mhxx-romfs-native-table
11,72,6,7,0,mhxx-romfs-native-table
11,72,7,8,0,mhxx-romfs-native-table
11,72,8,9,0,mhxx-romfs-native-table
11,72,9,10,0,mhxx-romfs-native-table
11,72,10,11,0,mhxx-romfs-native-table
11,72,11,12,0,mhxx-romfs-native-table
11,72,12,13,0,mhxx-romfs-native-table
11,72,13,14,0,mhxx-romfs-native-table
11,72,14,15,0,mhxx-romfs-native-table
11,73,0,1,0,mhxx-romfs-native-table
11,73,1,2,0,mhxx-romfs-native-table
11,73,2,3,0,mhxx-romfs-native-table
11,73,3,4,0,mhxx-romfs-native-table
11,73,4,5,0,mhxx-romfs-native-table
11,73,5,6,0,mhxx-romfs-native-table
11,73,6,7,0,mhxx-romfs-native-table
11,73,7,8,0,mhxx-romfs-native-table
11,73,8,9,0,mhxx-romfs-native-table
11,73,9,10,0,mhxx-romfs-native-table
11,73,10,11,0,mhxx-romfs-native-table
11,73,11,12,0,mhxx-romfs-native-table
11,73,12,13,0,mhxx-romfs-native-table
11,73,13,14,0,mhxx-romfs-native-table
11,73,14,15,0,mhxx-romfs-native-table
11,74,0,1,0,mhxx-romfs-native-table
11,74,1,2,0,mhxx-romfs-native-table
11,74,2,3,0,mhxx-romfs-native-table
11,74,3,4,0,mhxx-romfs-native-table
11,74,4,5,0,mhxx-romfs-native-table
11,74,5,6,0,mhxx-romfs-native-table
11,74,6,7,0,mhxx-romfs-native-table
11,74,7,8,0,mhxx-romfs-native-table
11,74,8,9,0,mhxx-romfs-native-table
11,74,9,10,0,mhxx-romfs-native-table
11,74,10,11,0,mhxx-romfs-native-table
11,74,11,12,0,mhxx-romfs-native-table
11,74,12,13,0,mhxx-romfs-native-table
11,74,13,14,0,mhxx-romfs-native-table
11,74,14,15,0,mhxx-romfs-native-table
11,75,0,1,0,mhxx-romfs-native-table
11,75,1,2,0,mhxx-romfs-native-table
11,75,2,3,0,mhxx-romfs-native-table
11,75,3,4,0,mhxx-romfs-native-table
11,75,4,5,0,mhxx-romfs-native-table
11,75,5,6,0,mhxx-romfs-native-table
11,75,6,7,0,mhxx-romfs-native-table
11,75,7,8,0,mhxx-romfs-native-table
11,75,8,9,0,mhxx-romfs-native-table
11,75,9,10,0,mhxx-romfs-native-table
11,75,10,11,0,mhxx-romfs-native-table
11,75,11,12,0,mhxx-romfs-native-table
11,75,12,13,0,mhxx-romfs-native-table
11,75,13,14,0,mhxx-romfs-native-table
11,75,14,15,0,mhxx-romfs-native-table
11,76,0,1,0,mhxx-romfs-native-table
11,76,1,2,0,mhxx-romfs-native-table
11,76,2,3,0,mhxx-romfs-native-table
11,76,3,4,0,mhxx-romfs-native-table
11,76,4,5,0,mhxx-romfs-native-table
11,76,5,6,0,mhxx-romfs-native-table
11,76,6,7,0,mhxx-romfs-native-table
11,76,7,8,0,mhxx-romfs-native-table
11,76,8,9,0,mhxx-romfs-native-table
11,76,9,10,0,mhxx-romfs-native-table
11,76,10,11,0,mhxx-romfs-native-table
11,76,11,12,0,mhxx-romfs-native-table
11,76,12,13,0,mhxx-romfs-native-table
11,76,13,14,0,mhxx-romfs-native-table
11,76,14,15,0,mhxx-romfs-native-table
11,77,0,1,0,mhxx-romfs-native-table
11,77,1,2,0,mhxx-romfs-native-table
11,77,2,3,0,mhxx-romfs-native-table
11,77,3,4,0,mhxx-romfs-native-table
11,77,4,5,0,mhxx-romfs-native-table
11,77,5,6,0,mhxx-romfs-native-table
11,77,6,7,0,mhxx-romfs-native-table
11,77,7,8,0,mhxx-romfs-native-table
11,77,8,9,0,mhxx-romfs-native-table
11,77,9,10,0,mhxx-romfs-native-table
11,77,10,11,0,mhxx-romfs-native-table
11,77,11,12,0,mhxx-romfs-native-table
11,77,12,13,0,mhxx-romfs-native-table
11,77,13,14,0,mhxx-romfs-native-table
11,77,14,15,0,mhxx-romfs-native-table
11,78,0,1,0,mhxx-romfs-native-table
11,78,1,2,0,mhxx-romfs-native-table
11,78,2,3,0,mhxx-romfs-native-table
11,78,3,4,0,mhxx-romfs-native-table
11,78,4,5,0,mhxx-romfs-native-table
11,78,5,6,0,mhxx-romfs-native-table
11,78,6,7,0,mhxx-romfs-native-table
11,78,7,8,0,mhxx-romfs-native-table
11,78,8,9,0,mhxx-romfs-native-table
11,78,9,10,0,mhxx-romfs-native-table
11,78,10,11,0,mhxx-romfs-native-table
11,78,11,12,0,mhxx-romfs-native-table
11,78,12,13,0,mhxx-romfs-native-table
11,78,13,14,0,mhxx-romfs-native-table
11,78,14,15,0,mhxx-romfs-native-table
11,79,0,1,0,mhxx-romfs-native-table
11,79,1,2,0,mhxx-romfs-native-table
11,79,2,3,0,mhxx-romfs-native-table
11,79,3,4,0,mhxx-romfs-native-table
11,79,4,5,0,mhxx-romfs-native-table
11,79,5,6,0,mhxx-romfs-native-table
11,79,6,7,0,mhxx-romfs-native-table
11,79,7,8,0,mhxx-romfs-native-table
11,79,8,9,0,mhxx-romfs-native-table
11,79,9,10,0,mhxx-romfs-native-table
11,79,10,11,0,mhxx-romfs-native-table
11,79,11,12,0,mhxx-romfs-native-table
11,79,12,13,0,mhxx-romfs-native-table
11,79,13,14,0,mhxx-romfs-native-table
11,79,14,15,0,mhxx-romfs-native-table
11,80,0,1,1,mhxx-romfs-native-table
11,80,1,2,1,mhxx-romfs-native-table
11,80,2,3,1,mhxx-romfs-native-table
11,80,3,4,1,mhxx-romfs-native-table
11,80,4,5,1,mhxx-romfs-native-table
11,81,0,1,3,mhxx-romfs-native-table
11,81,1,2,3,mhxx-romfs-native-table
11,81,2,3,3,mhxx-romfs-native-table
11,82,0,1,1,mhxx-romfs-native-table
11,82,1,2,1,mhxx-romfs-native-table
11,82,2,3,1,mhxx-romfs-native-table
11,82,3,4,1,mhxx-romfs-native-table
11,82,4,5,2,mhxx-romfs-native-table
11,82,5,6,2,mhxx-romfs-native-table
11,83,0,1,0,mhxx-romfs-native-table
11,83,1,2,0,mhxx-romfs-native-table
11,83,2,3,0,mhxx-romfs-native-table
11,83,3,4,0,mhxx-romfs-native-table
11,83,4,5,0,mhxx-romfs-native-table
11,84,0,1,0,mhxx-romfs-native-table
11,84,1,2,0,mhxx-romfs-native-table
11,84,2,3,0,mhxx-romfs-native-table
11,84,3,4,0,mhxx-romfs-native-table
11,84,4,5,0,mhxx-romfs-native-table
11,85,0,1,0,mhxx-romfs-native-table
11,85,1,2,0,mhxx-romfs-native-table
11,85,2,3,0,mhxx-romfs-native-table
11,85,3,4,0,mhxx-romfs-native-table
11,85,4,5,0,mhxx-romfs-native-table
11,86,0,1,0,mhxx-romfs-native-table
11,86,1,2,0,mhxx-romfs-native-table
11,86,2,3,0,mhxx-romfs-native-table
11,86,3,4,0,mhxx-romfs-native-table
11,86,4,5,0,mhxx-romfs-native-table
11,87,0,1,0,mhxx-romfs-native-table
11,87,1,2,0,mhxx-romfs-native-table
11,87,2,3,0,mhxx-romfs-native-table
11,87,3,4,0,mhxx-romfs-native-table
11,87,4,5,0,mhxx-romfs-native-table
11,88,0,1,0,mhxx-romfs-native-table
11,88,1,2,0,mhxx-romfs-native-table
11,88,2,3,0,mhxx-romfs-native-table
11,88,3,4,0,mhxx-romfs-native-table
11,88,4,5,0,mhxx-romfs-native-table
11,89,0,1,1,mhxx-romfs-native-table
11,89,1,2,1,mhxx-romfs-native-table
11,89,2,3,2,mhxx-romfs-native-table
11,90,0,1,3,mhxx-romfs-native-table
11,90,1,2,3,mhxx-romfs-native-table
11,90,2,3,3,mhxx-romfs-native-table
11,91,0,1,2,mhxx-romfs-native-table
11,91,1,2,2,mhxx-romfs-native-table
11,91,2,3,2,mhxx-romfs-native-table
11,92,0,1,1,mhxx-romfs-native-table
11,92,1,2,1,mhxx-romfs-native-table
11,92,2,3,1,mhxx-romfs-native-table
11,93,0,1,1,mhxx-romfs-native-table
11,93,1,2,1,mhxx-romfs-native-table
11,93,2,3,1,mhxx-romfs-native-table
11,94,0,1,2,mhxx-romfs-native-table
11,94,1,2,2,mhxx-romfs-native-table
11,94,2,3,2,mhxx-romfs-native-table
11,95,0,1,0,mhxx-romfs-native-table
11,95,1,2,1,mhxx-romfs-native-table
11,95,2,3,1,mhxx-romfs-native-table
11,95,3,4,2,mhxx-romfs-native-table
11,95,4,5,2,mhxx-romfs-native-table
11,96,0,1,0,mhxx-romfs-native-table
11,96,1,2,0,mhxx-romfs-native-table
11,96,2,3,1,mhxx-romfs-native-table
11,96,3,4,1,mhxx-romfs-native-table
11,96,4,5,2,mhxx-romfs-native-table
11,96,5,6,2,mhxx-romfs-native-table
11,97,0,1,0,mhxx-romfs-native-table
11,97,1,2,0,mhxx-romfs-native-table
11,97,2,3,0,mhxx-romfs-native-table
11,97,3,4,1,mhxx-romfs-native-table
11,97,4,5,1,mhxx-romfs-native-table
11,98,0,1,1,mhxx-romfs-native-table
11,98,1,2,1,mhxx-romfs-native-table
11,98,2,3,1,mhxx-romfs-native-table
11,98,3,4,2,mhxx-romfs-native-table
11,98,4,5,2,mhxx-romfs-native-table
11,98,5,6,2,mhxx-romfs-native-table
11,99,0,1,1,mhxx-romfs-native-table
11,99,1,2,2,mhxx-romfs-native-table
11,99,2,3,2,mhxx-romfs-native-table
11,99,3,4,2,mhxx-romfs-native-table
11,99,4,5,2,mhxx-romfs-native-table
11,100,0,1,1,mhxx-romfs-native-table
11,100,1,2,1,mhxx-romfs-native-table
11,100,2,3,2,mhxx-romfs-native-table
11,100,3,4,2,mhxx-romfs-native-table
11,100,4,5,2,mhxx-romfs-native-table
11,100,5,6,2,mhxx-romfs-native-table
11,101,0,1,2,mhxx-romfs-native-table
11,101,1,2,2,mhxx-romfs-native-table
11,101,2,3,2,mhxx-romfs-native-table
11,102,0,1,1,mhxx-romfs-native-table
11,102,1,2,1,mhxx-romfs-native-table
11,102,2,3,1,mhxx-romfs-native-table
11,103,0,1,1,mhxx-romfs-native-table
11,103,1,2,1,mhxx-romfs-native-table
11,103,2,3,2,mhxx-romfs-native-table
11,103,3,4,2,mhxx-romfs-native-table
11,103,4,5,3,mhxx-romfs-native-table
11,104,0,1,2,mhxx-romfs-native-table
11,104,1,2,2,mhxx-romfs-native-table
11,104,2,3,2,mhxx-romfs-native-table
11,105,0,1,2,mhxx-romfs-native-table
11,105,1,2,2,mhxx-romfs-native-table
11,105,2,3,2,mhxx-romfs-native-table
11,105,3,4,2,mhxx-romfs-native-table
11,105,4,5,2,mhxx-romfs-native-table
11,106,0,1,3,mhxx-romfs-native-table
11,106,1,2,3,mhxx-romfs-native-table
11,106,2,3,3,mhxx-romfs-native-table
11,106,3,4,3,mhxx-romfs-native-table
11,106,4,5,3,mhxx-romfs-native-table
11,107,0,1,0,mhxx-romfs-native-table
11,107,1,2,0,mhxx-romfs-native-table
11,107,2,3,0,mhxx-romfs-native-table
11,108,0,1,1,mhxx-romfs-native-table
11,108,1,2,1,mhxx-romfs-native-table
11,108,2,3,1,mhxx-romfs-native-table
13,0,0,1,0,mhxx-romfs-native-table
13,1,0,1,0,mhxx-romfs-native-table
13,1,1,2,0,mhxx-romfs-native-table
13,1,2,3,0,mhxx-romfs-native-table
13,1,3,4,0,mhxx-romfs-native-table
13,1,4,5,0,mhxx-romfs-native-table
13,1,5,6,0,mhxx-romfs-native-table
13,1,6,7,0,mhxx-romfs-native-table
13,1,7,8,0,mhxx-romfs-native-table
13,1,8,9,1,mhxx-romfs-native-table
13,1,9,10,2,mhxx-romfs-native-table
13,1,10,11,3,mhxx-romfs-native-table
13,2,0,1,0,mhxx-romfs-native-table
13,2,1,2,0,mhxx-romfs-native-table
13,2,2,3,0,mhxx-romfs-native-table
13,2,3,4,0,mhxx-romfs-native-table
13,2,4,5,1,mhxx-romfs-native-table
13,2,5,6,1,mhxx-romfs-native-table
13,3,0,1,1,mhxx-romfs-native-table
13,3,1,2,1,mhxx-romfs-native-table
13,3,2,3,1,mhxx-romfs-native-table
13,3,3,4,1,mhxx-romfs-native-table
13,3,4,5,1,mhxx-romfs-native-table
13,3,5,6,1,mhxx-romfs-native-table
13,4,0,1,0,mhxx-romfs-native-table
13,4,1,2,0,mhxx-romfs-native-table
13,4,2,3,0,mhxx-romfs-native-table
13,4,3,4,0,mhxx-romfs-native-table
13,4,4,5,0,mhxx-romfs-native-table
13,4,5,6,0,mhxx-romfs-native-table
13,5,0,1,0,mhxx-romfs-native-table
13,5,1,2,0,mhxx-romfs-native-table
13,5,2,3,0,mhxx-romfs-native-table
13,5,3,4,0,mhxx-romfs-native-table
13,5,4,5,0,mhxx-romfs-native-table
13,5,5,6,1,mhxx-romfs-native-table
13,6,0,1,1,mhxx-romfs-native-table
13,6,1,2,1,mhxx-romfs-native-table
13,6,2,3,1,mhxx-romfs-native-table
13,6,3,4,2,mhxx-romfs-native-table
13,6,4,5,2,mhxx-romfs-native-table
13,6,5,6,3,mhxx-romfs-native-table
13,7,0,1,0,mhxx-romfs-native-table
13,7,1,2,0,mhxx-romfs-native-table
13,7,2,3,0,mhxx-romfs-native-table
13,7,3,4,0,mhxx-romfs-native-table
13,7,4,5,0,mhxx-romfs-native-table
13,7,5,6,0,mhxx-romfs-native-table
13,7,6,7,0,mhxx-romfs-native-table
13,7,7,8,0,mhxx-romfs-native-table
13,7,8,9,1,mhxx-romfs-native-table
13,7,9,10,1,mhxx-romfs-native-table
13,7,10,11,1,mhxx-romfs-native-table
13,8,0,1,3,mhxx-romfs-native-table
13,8,1,2,3,mhxx-romfs-native-table
13,8,2,3,3,mhxx-romfs-native-table
13,8,3,4,3,mhxx-romfs-native-table
13,8,4,5,3,mhxx-romfs-native-table
13,9,0,1,0,mhxx-romfs-native-table
13,9,1,2,0,mhxx-romfs-native-table
13,9,2,3,0,mhxx-romfs-native-table
13,9,3,4,0,mhxx-romfs-native-table
13,9,4,5,0,mhxx-romfs-native-table
13,9,5,6,0,mhxx-romfs-native-table
13,9,6,7,0,mhxx-romfs-native-table
13,10,0,1,1,mhxx-romfs-native-table
13,10,1,2,1,mhxx-romfs-native-table
13,10,2,3,1,mhxx-romfs-native-table
13,10,3,4,2,mhxx-romfs-native-table
13,10,4,5,2,mhxx-romfs-native-table
13,11,0,1,1,mhxx-romfs-native-table
13,11,1,2,1,mhxx-romfs-native-table
13,11,2,3,1,mhxx-romfs-native-table
13,11,3,4,1,mhxx-romfs-native-table
13,11,4,5,2,mhxx-romfs-native-table
13,11,5,6,2,mhxx-romfs-native-table
13,12,0,1,0,mhxx-romfs-native-table
13,12,1,2,0,mhxx-romfs-native-table
13,12,2,3,0,mhxx-romfs-native-table
13,12,3,4,0,mhxx-romfs-native-table
13,12,4,5,0,mhxx-romfs-native-table
13,12,5,6,0,mhxx-romfs-native-table
13,12,6,7,0,mhxx-romfs-native-table
13,12,7,8,0,mhxx-romfs-native-table
13,13,0,1,0,mhxx-romfs-native-table
13,13,1,2,0,mhxx-romfs-native-table
13,13,2,3,0,mhxx-romfs-native-table
13,13,3,4,0,mhxx-romfs-native-table
13,13,4,5,0,mhxx-romfs-native-table
13,13,5,6,1,mhxx-romfs-native-table
13,13,6,7,1,mhxx-romfs-native-table
13,14,0,1,1,mhxx-romfs-native-table
13,14,1,2,1,mhxx-romfs-native-table
13,14,2,3,1,mhxx-romfs-native-table
13,14,3,4,2,mhxx-romfs-native-table
13,14,4,5,2,mhxx-romfs-native-table
13,14,5,6,2,mhxx-romfs-native-table
13,15,0,1,0,mhxx-romfs-native-table
13,15,1,2,0,mhxx-romfs-native-table
13,15,2,3,0,mhxx-romfs-native-table
13,15,3,4,0,mhxx-romfs-native-table
13,15,4,5,0,mhxx-romfs-native-table
13,15,5,6,0,mhxx-romfs-native-table
13,15,6,7,0,mhxx-romfs-native-table
13,15,7,8,0,mhxx-romfs-native-table
13,15,8,9,0,mhxx-romfs-native-table
13,15,9,10,0,mhxx-romfs-native-table
13,15,10,11,0,mhxx-romfs-native-table
13,16,0,1,0,mhxx-romfs-native-table
13,16,1,2,0,mhxx-romfs-native-table
13,16,2,3,0,mhxx-romfs-native-table
13,16,3,4,0,mhxx-romfs-native-table
13,16,4,5,0,mhxx-romfs-native-table
13,16,5,6,0,mhxx-romfs-native-table
13,17,0,1,1,mhxx-romfs-native-table
13,17,1,2,1,mhxx-romfs-native-table
13,17,2,3,1,mhxx-romfs-native-table
13,17,3,4,1,mhxx-romfs-native-table
13,17,4,5,1,mhxx-romfs-native-table
13,18,0,1,1,mhxx-romfs-native-table
13,18,1,2,1,mhxx-romfs-native-table
13,18,2,3,1,mhxx-romfs-native-table
13,18,3,4,1,mhxx-romfs-native-table
13,18,4,5,1,mhxx-romfs-native-table
13,18,5,6,1,mhxx-romfs-native-table
13,18,6,7,2,mhxx-romfs-native-table
13,18,7,8,2,mhxx-romfs-native-table
13,19,0,1,1,mhxx-romfs-native-table
13,19,1,2,1,mhxx-romfs-native-table
13,19,2,3,1,mhxx-romfs-native-table
13,19,3,4,1,mhxx-romfs-native-table
13,19,4,5,1,mhxx-romfs-native-table
13,19,5,6,1,mhxx-romfs-native-table
13,20,0,1,2,mhxx-romfs-native-table
13,20,1,2,2,mhxx-romfs-native-table
13,20,2,3,2,mhxx-romfs-native-table
13,20,3,4,2,mhxx-romfs-native-table
13,20,4,5,2,mhxx-romfs-native-table
13,20,5,6,2,mhxx-romfs-native-table
13,21,0,1,0,mhxx-romfs-native-table
13,21,1,2,0,mhxx-romfs-native-table
13,21,2,3,0,mhxx-romfs-native-table
13,21,3,4,0,mhxx-romfs-native-table
13,21,4,5,1,mhxx-romfs-native-table
13,21,5,6,1,mhxx-romfs-native-table
13,22,0,1,0,mhxx-romfs-native-table
13,22,1,2,0,mhxx-romfs-native-table
13,22,2,3,0,mhxx-romfs-native-table
13,22,3,4,0,mhxx-romfs-native-table
13,22,4,5,0,mhxx-romfs-native-table
13,22,5,6,1,mhxx-romfs-native-table
13,22,6,7,1,mhxx-romfs-native-table
13,23,0,1,0,mhxx-romfs-native-table
13,23,1,2,0,mhxx-romfs-native-table
13,23,2,3,0,mhxx-romfs-native-table
13,23,3,4,0,mhxx-romfs-native-table
13,23,4,5,0,mhxx-romfs-native-table
13,23,5,6,0,mhxx-romfs-native-table
13,23,6,7,1,mhxx-romfs-native-table
13,23,7,8,1,mhxx-romfs-native-table
13,23,8,9,1,mhxx-romfs-native-table
13,24,0,1,0,mhxx-romfs-native-table
13,24,1,2,0,mhxx-romfs-native-table
13,24,2,3,0,mhxx-romfs-native-table
13,24,3,4,0,mhxx-romfs-native-table
13,24,4,5,0,mhxx-romfs-native-table
13,24,5,6,0,mhxx-romfs-native-table
13,24,6,7,0,mhxx-romfs-native-table
13,24,7,8,0,mhxx-romfs-native-table
13,25,0,1,2,mhxx-romfs-native-table
13,25,1,2,2,mhxx-romfs-native-table
13,25,2,3,2,mhxx-romfs-native-table
13,25,3,4,2,mhxx-romfs-native-table
13,25,4,5,2,mhxx-romfs-native-table
13,26,0,1,0,mhxx-romfs-native-table
13,26,1,2,0,mhxx-romfs-native-table
13,26,2,3,0,mhxx-romfs-native-table
13,26,3,4,0,mhxx-romfs-native-table
13,26,4,5,1,mhxx-romfs-native-table
13,26,5,6,1,mhxx-romfs-native-table
13,27,0,1,2,mhxx-romfs-native-table
13,27,1,2,2,mhxx-romfs-native-table
13,27,2,3,2,mhxx-romfs-native-table
13,27,3,4,3,mhxx-romfs-native-table
13,27,4,5,3,mhxx-romfs-native-table
13,28,0,1,0,mhxx-romfs-native-table
13,28,1,2,0,mhxx-romfs-native-table
13,28,2,3,0,mhxx-romfs-native-table
13,28,3,4,0,mhxx-romfs-native-table
13,28,4,5,0,mhxx-romfs-native-table
13,28,5,6,0,mhxx-romfs-native-table
13,29,0,1,0,mhxx-romfs-native-table
13,29,1,2,0,mhxx-romfs-native-table
13,29,2,3,0,mhxx-romfs-native-table
13,29,3,4,0,mhxx-romfs-native-table
13,29,4,5,0,mhxx-romfs-native-table
13,29,5,6,0,mhxx-romfs-native-table
13,29,6,7,0,mhxx-romfs-native-table
13,29,7,8,0,mhxx-romfs-native-table
13,29,8,9,1,mhxx-romfs-native-table
13,29,9,10,1,mhxx-romfs-native-table
13,29,10,11,1,mhxx-romfs-native-table
13,30,0,1,1,mhxx-romfs-native-table
13,30,1,2,1,mhxx-romfs-native-table
13,30,2,3,1,mhxx-romfs-native-table
13,30,3,4,1,mhxx-romfs-native-table
13,30,4,5,1,mhxx-romfs-native-table
13,31,0,1,0,mhxx-romfs-native-table
13,31,1,2,0,mhxx-romfs-native-table
13,31,2,3,0,mhxx-romfs-native-table
13,31,3,4,1,mhxx-romfs-native-table
13,31,4,5,2,mhxx-romfs-native-table
13,31,5,6,2,mhxx-romfs-native-table
13,32,0,1,0,mhxx-romfs-native-table
13,32,1,2,0,mhxx-romfs-native-table
13,32,2,3,1,mhxx-romfs-native-table
13,32,3,4,1,mhxx-romfs-native-table
13,32,4,5,2,mhxx-romfs-native-table
13,32,5,6,2,mhxx-romfs-native-table
13,33,0,1,0,mhxx-romfs-native-table
13,33,1,2,0,mhxx-romfs-native-table
13,33,2,3,0,mhxx-romfs-native-table
13,33,3,4,3,mhxx-romfs-native-table
13,33,4,5,3,mhxx-romfs-native-table
13,34,0,1,0,mhxx-romfs-native-table
13,34,1,2,0,mhxx-romfs-native-table
13,34,2,3,0,mhxx-romfs-native-table
13,34,3,4,0,mhxx-romfs-native-table
13,34,4,5,0,mhxx-romfs-native-table
13,34,5,6,0,mhxx-romfs-native-table
13,35,0,1,0,mhxx-romfs-native-table
13,35,1,2,0,mhxx-romfs-native-table
13,35,2,3,0,mhxx-romfs-native-table
13,35,3,4,0,mhxx-romfs-native-table
13,35,4,5,0,mhxx-romfs-native-table
13,35,5,6,0,mhxx-romfs-native-table
13,35,6,7,0,mhxx-romfs-native-table
13,36,0,1,0,mhxx-romfs-native-table
13,36,1,2,0,mhxx-romfs-native-table
13,36,2,3,0,mhxx-romfs-native-table
13,36,3,4,0,mhxx-romfs-native-table
13,36,4,5,0,mhxx-romfs-native-table
13,36,5,6,0,mhxx-romfs-native-table
13,36,6,7,1,mhxx-romfs-native-table
13,36,7,8,1,mhxx-romfs-native-table
13,36,8,9,1,mhxx-romfs-native-table
13,37,0,1,2,mhxx-romfs-native-table
13,37,1,2,2,mhxx-romfs-native-table
13,37,2,3,2,mhxx-romfs-native-table
13,37,3,4,2,mhxx-romfs-native-table
13,37,4,5,2,mhxx-romfs-native-table
13,37,5,6,2,mhxx-romfs-native-table
13,38,0,1,0,mhxx-romfs-native-table
13,38,1,2,0,mhxx-romfs-native-table
13,38,2,3,0,mhxx-romfs-native-table
13,38,3,4,0,mhxx-romfs-native-table
13,38,4,5,0,mhxx-romfs-native-table
13,38,5,6,1,mhxx-romfs-native-table
13,38,6,7,1,mhxx-romfs-native-table
13,38,7,8,1,mhxx-romfs-native-table
13,39,0,1,1,mhxx-romfs-native-table
13,39,1,2,1,mhxx-romfs-native-table
13,39,2,3,1,mhxx-romfs-native-table
13,39,3,4,1,mhxx-romfs-native-table
13,39,4,5,1,mhxx-romfs-native-table
13,39,5,6,2,mhxx-romfs-native-table
13,39,6,7,2,mhxx-romfs-native-table
13,39,7,8,2,mhxx-romfs-native-table
13,40,0,1,0,mhxx-romfs-native-table
13,40,1,2,0,mhxx-romfs-native-table
13,40,2,3,0,mhxx-romfs-native-table
13,40,3,4,0,mhxx-romfs-native-table
13,40,4,5,0,mhxx-romfs-native-table
13,40,5,6,0,mhxx-romfs-native-table
13,40,6,7,0,mhxx-romfs-native-table
13,41,0,1,0,mhxx-romfs-native-table
13,41,1,2,0,mhxx-romfs-native-table
13,41,2,3,0,mhxx-romfs-native-table
13,41,3,4,0,mhxx-romfs-native-table
13,41,4,5,0,mhxx-romfs-native-table
13,41,5,6,0,mhxx-romfs-native-table
13,42,0,1,1,mhxx-romfs-native-table
13,42,1,2,1,mhxx-romfs-native-table
13,42,2,3,1,mhxx-romfs-native-table
13,42,3,4,2,mhxx-romfs-native-table
13,42,4,5,2,mhxx-romfs-native-table
13,42,5,6,2,mhxx-romfs-native-table
13,43,0,1,1,mhxx-romfs-native-table
13,43,1,2,1,mhxx-romfs-native-table
13,43,2,3,1,mhxx-romfs-native-table
13,43,3,4,1,mhxx-romfs-native-table
13,43,4,5,1,mhxx-romfs-native-table
13,43,5,6,2,mhxx-romfs-native-table
13,43,6,7,2,mhxx-romfs-native-table
13,43,7,8,2,mhxx-romfs-native-table
13,44,0,1,0,mhxx-romfs-native-table
13,44,1,2,0,mhxx-romfs-native-table
13,44,2,3,0,mhxx-romfs-native-table
13,44,3,4,0,mhxx-romfs-native-table
13,44,4,5,0,mhxx-romfs-native-table
13,45,0,1,0,mhxx-romfs-native-table
13,45,1,2,0,mhxx-romfs-native-table
13,45,2,3,0,mhxx-romfs-native-table
13,45,3,4,0,mhxx-romfs-native-table
13,45,4,5,1,mhxx-romfs-native-table
13,45,5,6,1,mhxx-romfs-native-table
13,45,6,7,1,mhxx-romfs-native-table
13,46,0,1,0,mhxx-romfs-native-table
13,46,1,2,0,mhxx-romfs-native-table
13,46,2,3,0,mhxx-romfs-native-table
13,46,3,4,0,mhxx-romfs-native-table
13,46,4,5,0,mhxx-romfs-native-table
13,46,5,6,0,mhxx-romfs-native-table
13,46,6,7,0,mhxx-romfs-native-table
13,47,0,1,0,mhxx-romfs-native-table
13,47,1,2,0,mhxx-romfs-native-table
13,47,2,3,0,mhxx-romfs-native-table
13,47,3,4,0,mhxx-romfs-native-table
13,47,4,5,0,mhxx-romfs-native-table
13,47,5,6,0,mhxx-romfs-native-table
13,47,6,7,0,mhxx-romfs-native-table
13,48,0,1,0,mhxx-romfs-native-table
13,48,1,2,0,mhxx-romfs-native-table
13,48,2,3,0,mhxx-romfs-native-table
13,48,3,4,0,mhxx-romfs-native-table
13,48,4,5,0,mhxx-romfs-native-table
13,48,5,6,0,mhxx-romfs-native-table
13,48,6,7,0,mhxx-romfs-native-table
13,49,0,1,1,mhxx-romfs-native-table
13,49,1,2,1,mhxx-romfs-native-table
13,49,2,3,1,mhxx-romfs-native-table
13,49,3,4,1,mhxx-romfs-native-table
13,49,4,5,1,mhxx-romfs-native-table
13,49,5,6,1,mhxx-romfs-native-table
13,50,0,1,2,mhxx-romfs-native-table
13,50,1,2,2,mhxx-romfs-native-table
13,50,2,3,2,mhxx-romfs-native-table
13,50,3,4,2,mhxx-romfs-native-table
13,50,4,5,2,mhxx-romfs-native-table
13,50,5,6,2,mhxx-romfs-native-table
13,51,0,1,1,mhxx-romfs-native-table
13,51,1,2,1,mhxx-romfs-native-table
13,51,2,3,1,mhxx-romfs-native-table
13,51,3,4,1,mhxx-romfs-native-table
13,51,4,5,1,mhxx-romfs-native-table
13,52,0,1,3,mhxx-romfs-native-table
13,52,1,2,3,mhxx-romfs-native-table
13,52,2,3,3,mhxx-romfs-native-table
13,52,3,4,3,mhxx-romfs-native-table
13,52,4,5,3,mhxx-romfs-native-table
13,52,5,6,3,mhxx-romfs-native-table
13,53,0,1,1,mhxx-romfs-native-table
13,53,1,2,1,mhxx-romfs-native-table
13,53,2,3,1,mhxx-romfs-native-table
13,53,3,4,1,mhxx-romfs-native-table
13,53,4,5,1,mhxx-romfs-native-table
13,53,5,6,1,mhxx-romfs-native-table
13,54,0,1,2,mhxx-romfs-native-table
13,54,1,2,2,mhxx-romfs-native-table
13,54,2,3,2,mhxx-romfs-native-table
13,54,3,4,2,mhxx-romfs-native-table
13,54,4,5,2,mhxx-romfs-native-table
13,55,0,1,0,mhxx-romfs-native-table
13,55,1,2,0,mhxx-romfs-native-table
13,55,2,3,0,mhxx-romfs-native-table
13,55,3,4,1,mhxx-romfs-native-table
13,55,4,5,1,mhxx-romfs-native-table
13,56,0,1,0,mhxx-romfs-native-table
13,56,1,2,0,mhxx-romfs-native-table
13,56,2,3,0,mhxx-romfs-native-table
13,56,3,4,0,mhxx-romfs-native-table
13,56,4,5,0,mhxx-romfs-native-table
13,57,0,1,0,mhxx-romfs-native-table
13,57,1,2,0,mhxx-romfs-native-table
13,57,2,3,0,mhxx-romfs-native-table
13,57,3,4,0,mhxx-romfs-native-table
13,57,4,5,0,mhxx-romfs-native-table
13,58,0,1,0,mhxx-romfs-native-table
13,58,1,2,0,mhxx-romfs-native-table
13,58,2,3,0,mhxx-romfs-native-table
13,58,3,4,0,mhxx-romfs-native-table
13,58,4,5,0,mhxx-romfs-native-table
13,59,0,1,0,mhxx-romfs-native-table
13,59,1,2,0,mhxx-romfs-native-table
13,59,2,3,0,mhxx-romfs-native-table
13,59,3,4,0,mhxx-romfs-native-table
13,59,4,5,0,mhxx-romfs-native-table
13,60,0,1,0,mhxx-romfs-native-table
13,60,1,2,0,mhxx-romfs-native-table
13,60,2,3,0,mhxx-romfs-native-table
13,60,3,4,0,mhxx-romfs-native-table
13,60,4,5,0,mhxx-romfs-native-table
13,61,0,1,2,mhxx-romfs-native-table
13,61,1,2,2,mhxx-romfs-native-table
13,61,2,3,2,mhxx-romfs-native-table
13,61,3,4,2,mhxx-romfs-native-table
13,61,4,5,2,mhxx-romfs-native-table
13,62,0,1,0,mhxx-romfs-native-table
13,62,1,2,0,mhxx-romfs-native-table
13,62,2,3,0,mhxx-romfs-native-table
13,62,3,4,0,mhxx-romfs-native-table
13,62,4,5,0,mhxx-romfs-native-table
13,63,0,1,0,mhxx-romfs-native-table
13,63,1,2,0,mhxx-romfs-native-table
13,63,2,3,0,mhxx-romfs-native-table
13,63,3,4,0,mhxx-romfs-native-table
13,63,4,5,0,mhxx-romfs-native-table
13,63,5,6,0,mhxx-romfs-native-table
13,64,0,1,1,mhxx-romfs-native-table
13,64,1,2,1,mhxx-romfs-native-table
13,64,2,3,1,mhxx-romfs-native-table
13,64,3,4,1,mhxx-romfs-native-table
13,64,4,5,2,mhxx-romfs-native-table
13,64,5,6,3,mhxx-romfs-native-table
13,65,0,1,1,mhxx-romfs-native-table
13,65,1,2,1,mhxx-romfs-native-table
13,65,2,3,1,mhxx-romfs-native-table
13,65,3,4,1,mhxx-romfs-native-table
13,65,4,5,1,mhxx-romfs-native-table
13,65,5,6,1,mhxx-romfs-native-table
13,66,0,1,0,mhxx-romfs-native-table
13,66,1,2,0,mhxx-romfs-native-table
13,66,2,3,0,mhxx-romfs-native-table
13,66,3,4,0,mhxx-romfs-native-table
13,66,4,5,0,mhxx-romfs-native-table
13,67,0,1,0,mhxx-romfs-native-table
13,67,1,2,0,mhxx-romfs-native-table
13,67,2,3,0,mhxx-romfs-native-table
13,67,3,4,0,mhxx-romfs-native-table
13,67,4,5,0,mhxx-romfs-native-table
13,67,5,6,2,mhxx-romfs-native-table
13,67,6,7,2,mhxx-romfs-native-table
13,67,7,8,3,mhxx-romfs-native-table
13,68,0,1,1,mhxx-romfs-native-table
13,68,1,2,1,mhxx-romfs-native-table
13,68,2,3,1,mhxx-romfs-native-table
13,68,3,4,1,mhxx-romfs-native-table
13,68,4,5,1,mhxx-romfs-native-table
13,69,0,1,2,mhxx-romfs-native-table
13,69,1,2,2,mhxx-romfs-native-table
13,69,2,3,2,mhxx-romfs-native-table
13,69,3,4,2,mhxx-romfs-native-table
13,69,4,5,2,mhxx-romfs-native-table
13,69,5,6,3,mhxx-romfs-native-table
13,70,0,1,0,mhxx-romfs-native-table
13,70,1,2,0,mhxx-romfs-native-table
13,70,2,3,0,mhxx-romfs-native-table
13,70,3,4,0,mhxx-romfs-native-table
13,70,4,5,0,mhxx-romfs-native-table
13,70,5,6,0,mhxx-romfs-native-table
13,71,0,1,2,mhxx-romfs-native-table
13,71,1,2,2,mhxx-romfs-native-table
13,71,2,3,2,mhxx-romfs-native-table
13,71,3,4,2,mhxx-romfs-native-table
13,71,4,5,2,mhxx-romfs-native-table
13,71,5,6,2,mhxx-romfs-native-table
13,72,0,1,0,mhxx-romfs-native-table
13,72,1,2,0,mhxx-romfs-native-table
13,72,2,3,0,mhxx-romfs-native-table
13,72,3,4,0,mhxx-romfs-native-table
13,72,4,5,0,mhxx-romfs-native-table
13,72,5,6,0,mhxx-romfs-native-table
13,73,0,1,3,mhxx-romfs-native-table
13,73,1,2,3,mhxx-romfs-native-table
13,73,2,3,3,mhxx-romfs-native-table
13,73,3,4,3,mhxx-romfs-native-table
13,73,4,5,3,mhxx-romfs-native-table
13,73,5,6,3,mhxx-romfs-native-table
13,73,6,7,3,mhxx-romfs-native-table
13,74,0,1,0,mhxx-romfs-native-table
13,74,1,2,0,mhxx-romfs-native-table
13,74,2,3,0,mhxx-romfs-native-table
13,74,3,4,0,mhxx-romfs-native-table
13,74,4,5,0,mhxx-romfs-native-table
13,74,5,6,0,mhxx-romfs-native-table
13,74,6,7,0,mhxx-romfs-native-table
13,75,0,1,0,mhxx-romfs-native-table
13,75,1,2,0,mhxx-romfs-native-table
13,75,2,3,0,mhxx-romfs-native-table
13,75,3,4,0,mhxx-romfs-native-table
13,75,4,5,0,mhxx-romfs-native-table
13,76,0,1,3,mhxx-romfs-native-table
13,76,1,2,3,mhxx-romfs-native-table
13,76,2,3,3,mhxx-romfs-native-table
13,76,3,4,3,mhxx-romfs-native-table
13,76,4,5,3,mhxx-romfs-native-table
13,76,5,6,3,mhxx-romfs-native-table
13,77,0,1,1,mhxx-romfs-native-table
13,77,1,2,1,mhxx-romfs-native-table
13,77,2,3,1,mhxx-romfs-native-table
13,77,3,4,1,mhxx-romfs-native-table
13,77,4,5,2,mhxx-romfs-native-table
13,77,5,6,2,mhxx-romfs-native-table
13,78,0,1,0,mhxx-romfs-native-table
13,78,1,2,0,mhxx-romfs-native-table
13,78,2,3,0,mhxx-romfs-native-table
13,78,3,4,0,mhxx-romfs-native-table
13,78,4,5,0,mhxx-romfs-native-table
13,78,5,6,0,mhxx-romfs-native-table
13,78,6,7,0,mhxx-romfs-native-table
13,78,7,8,0,mhxx-romfs-native-table
13,78,8,9,0,mhxx-romfs-native-table
13,78,9,10,0,mhxx-romfs-native-table
13,78,10,11,0,mhxx-romfs-native-table
13,78,11,12,0,mhxx-romfs-native-table
13,78,12,13,0,mhxx-romfs-native-table
13,78,13,14,0,mhxx-romfs-native-table
13,78,14,15,0,mhxx-romfs-native-table
13,79,0,1,0,mhxx-romfs-native-table
13,79,1,2,0,mhxx-romfs-native-table
13,79,2,3,0,mhxx-romfs-native-table
13,79,3,4,0,mhxx-romfs-native-table
13,79,4,5,0,mhxx-romfs-native-table
13,79,5,6,0,mhxx-romfs-native-table
13,79,6,7,0,mhxx-romfs-native-table
13,79,7,8,0,mhxx-romfs-native-table
13,79,8,9,0,mhxx-romfs-native-table
13,79,9,10,0,mhxx-romfs-native-table
13,79,10,11,0,mhxx-romfs-native-table
13,79,11,12,0,mhxx-romfs-native-table
13,79,12,13,0,mhxx-romfs-native-table
13,79,13,14,0,mhxx-romfs-native-table
13,79,14,15,0,mhxx-romfs-native-table
13,80,0,1,0,mhxx-romfs-native-table
13,80,1,2,0,mhxx-romfs-native-table
13,80,2,3,0,mhxx-romfs-native-table
13,80,3,4,0,mhxx-romfs-native-table
13,80,4,5,0,mhxx-romfs-native-table
13,80,5,6,0,mhxx-romfs-native-table
13,80,6,7,0,mhxx-romfs-native-table
13,80,7,8,0,mhxx-romfs-native-table
13,80,8,9,0,mhxx-romfs-native-table
13,80,9,10,0,mhxx-romfs-native-table
13,80,10,11,0,mhxx-romfs-native-table
13,80,11,12,0,mhxx-romfs-native-table
13,80,12,13,0,mhxx-romfs-native-table
13,80,13,14,0,mhxx-romfs-native-table
13,80,14,15,0,mhxx-romfs-native-table
13,81,0,1,0,mhxx-romfs-native-table
13,81,1,2,0,mhxx-romfs-native-table
13,81,2,3,0,mhxx-romfs-native-table
13,81,3,4,0,mhxx-romfs-native-table
13,81,4,5,0,mhxx-romfs-native-table
13,81,5,6,0,mhxx-romfs-native-table
13,81,6,7,0,mhxx-romfs-native-table
13,81,7,8,0,mhxx-romfs-native-table
13,81,8,9,0,mhxx-romfs-native-table
13,81,9,10,0,mhxx-romfs-native-table
13,81,10,11,0,mhxx-romfs-native-table
13,81,11,12,0,mhxx-romfs-native-table
13,81,12,13,0,mhxx-romfs-native-table
13,81,13,14,0,mhxx-romfs-native-table
13,81,14,15,0,mhxx-romfs-native-table
13,82,0,1,0,mhxx-romfs-native-table
13,82,1,2,0,mhxx-romfs-native-table
13,82,2,3,0,mhxx-romfs-native-table
13,82,3,4,0,mhxx-romfs-native-table
13,82,4,5,0,mhxx-romfs-native-table
13,82,5,6,0,mhxx-romfs-native-table
13,82,6,7,0,mhxx-romfs-native-table
13,82,7,8,0,mhxx-romfs-native-table
13,82,8,9,0,mhxx-romfs-native-table
13,82,9,10,0,mhxx-romfs-native-table
13,82,10,11,0,mhxx-romfs-native-table
13,82,11,12,0,mhxx-romfs-native-table
13,82,12,13,0,mhxx-romfs-native-table
13,82,13,14,0,mhxx-romfs-native-table
13,82,14,15,0,mhxx-romfs-native-table
13,83,0,1,0,mhxx-romfs-native-table
13,83,1,2,0,mhxx-romfs-native-table
13,83,2,3,0,mhxx-romfs-native-table
13,83,3,4,0,mhxx-romfs-native-table
13,83,4,5,0,mhxx-romfs-native-table
13,83,5,6,0,mhxx-romfs-native-table
13,83,6,7,0,mhxx-romfs-native-table
13,83,7,8,0,mhxx-romfs-native-table
13,83,8,9,0,mhxx-romfs-native-table
13,83,9,10,0,mhxx-romfs-native-table
13,83,10,11,0,mhxx-romfs-native-table
13,83,11,12,0,mhxx-romfs-native-table
13,83,12,13,0,mhxx-romfs-native-table
13,83,13,14,0,mhxx-romfs-native-table
13,83,14,15,0,mhxx-romfs-native-table
13,84,0,1,0,mhxx-romfs-native-table
13,84,1,2,0,mhxx-romfs-native-table
13,84,2,3,0,mhxx-romfs-native-table
13,84,3,4,0,mhxx-romfs-native-table
13,84,4,5,0,mhxx-romfs-native-table
13,84,5,6,0,mhxx-romfs-native-table
13,84,6,7,0,mhxx-romfs-native-table
13,84,7,8,0,mhxx-romfs-native-table
13,84,8,9,0,mhxx-romfs-native-table
13,84,9,10,0,mhxx-romfs-native-table
13,84,10,11,0,mhxx-romfs-native-table
13,84,11,12,0,mhxx-romfs-native-table
13,84,12,13,0,mhxx-romfs-native-table
13,84,13,14,0,mhxx-romfs-native-table
13,84,14,15,0,mhxx-romfs-native-table
13,85,0,1,3,mhxx-romfs-native-table
13,85,1,2,3,mhxx-romfs-native-table
13,85,2,3,3,mhxx-romfs-native-table
13,85,3,4,3,mhxx-romfs-native-table
13,85,4,5,3,mhxx-romfs-native-table
13,86,0,1,3,mhxx-romfs-native-table
13,86,1,2,3,mhxx-romfs-native-table
13,86,2,3,3,mhxx-romfs-native-table
13,87,0,1,1,mhxx-romfs-native-table
13,87,1,2,1,mhxx-romfs-native-table
13,87,2,3,1,mhxx-romfs-native-table
13,87,3,4,1,mhxx-romfs-native-table
13,87,4,5,2,mhxx-romfs-native-table
13,87,5,6,2,mhxx-romfs-native-table
13,88,0,1,0,mhxx-romfs-native-table
13,88,1,2,0,mhxx-romfs-native-table
13,88,2,3,0,mhxx-romfs-native-table
13,88,3,4,0,mhxx-romfs-native-table
13,88,4,5,0,mhxx-romfs-native-table
13,89,0,1,0,mhxx-romfs-native-table
13,89,1,2,0,mhxx-romfs-native-table
13,89,2,3,0,mhxx-romfs-native-table
13,89,3,4,0,mhxx-romfs-native-table
13,89,4,5,0,mhxx-romfs-native-table
13,90,0,1,0,mhxx-romfs-native-table
13,90,1,2,0,mhxx-romfs-native-table
13,90,2,3,0,mhxx-romfs-native-table
13,90,3,4,0,mhxx-romfs-native-table
13,90,4,5,0,mhxx-romfs-native-table
13,91,0,1,0,mhxx-romfs-native-table
13,91,1,2,0,mhxx-romfs-native-table
13,91,2,3,0,mhxx-romfs-native-table
13,91,3,4,0,mhxx-romfs-native-table
13,91,4,5,0,mhxx-romfs-native-table
13,92,0,1,0,mhxx-romfs-native-table
13,92,1,2,0,mhxx-romfs-native-table
13,92,2,3,0,mhxx-romfs-native-table
13,92,3,4,0,mhxx-romfs-native-table
13,92,4,5,0,mhxx-romfs-native-table
13,93,0,1,0,mhxx-romfs-native-table
13,93,1,2,0,mhxx-romfs-native-table
13,93,2,3,0,mhxx-romfs-native-table
13,94,0,1,0,mhxx-romfs-native-table
13,94,1,2,0,mhxx-romfs-native-table
13,94,2,3,0,mhxx-romfs-native-table
13,95,0,1,1,mhxx-romfs-native-table
13,95,1,2,1,mhxx-romfs-native-table
13,95,2,3,2,mhxx-romfs-native-table
13,96,0,1,0,mhxx-romfs-native-table
13,96,1,2,0,mhxx-romfs-native-table
13,96,2,3,0,mhxx-romfs-native-table
13,97,0,1,3,mhxx-romfs-native-table
13,97,1,2,3,mhxx-romfs-native-table
13,97,2,3,3,mhxx-romfs-native-table
13,98,0,1,0,mhxx-romfs-native-table
13,98,1,2,0,mhxx-romfs-native-table
13,98,2,3,0,mhxx-romfs-native-table
13,98,3,4,2,mhxx-romfs-native-table
13,98,4,5,3,mhxx-romfs-native-table
13,99,0,1,1,mhxx-romfs-native-table
13,99,1,2,1,mhxx-romfs-native-table
13,99,2,3,1,mhxx-romfs-native-table
13,99,3,4,1,mhxx-romfs-native-table
13,99,4,5,1,mhxx-romfs-native-table
13,99,5,6,1,mhxx-romfs-native-table
13,100,0,1,1,mhxx-romfs-native-table
13,100,1,2,1,mhxx-romfs-native-table
13,100,2,3,1,mhxx-romfs-native-table
13,100,3,4,2,mhxx-romfs-native-table
13,100,4,5,3,mhxx-romfs-native-table
13,101,0,1,0,mhxx-romfs-native-table
13,101,1,2,0,mhxx-romfs-native-table
13,101,2,3,0,mhxx-romfs-native-table
13,101,3,4,0,mhxx-romfs-native-table
13,101,4,5,0,mhxx-romfs-native-table
13,102,0,1,0,mhxx-romfs-native-table
13,102,1,2,0,mhxx-romfs-native-table
13,102,2,3,0,mhxx-romfs-native-table
13,102,3,4,0,mhxx-romfs-native-table
13,102,4,5,0,mhxx-romfs-native-table
13,103,0,1,1,mhxx-romfs-native-table
13,103,1,2,1,mhxx-romfs-native-table
13,103,2,3,1,mhxx-romfs-native-table
13,103,3,4,2,mhxx-romfs-native-table
13,103,4,5,2,mhxx-romfs-native-table
13,103,5,6,2,mhxx-romfs-native-table
13,104,0,1,2,mhxx-romfs-native-table
13,104,1,2,2,mhxx-romfs-native-table
13,104,2,3,2,mhxx-romfs-native-table
13,105,0,1,0,mhxx-romfs-native-table
13,105,1,2,0,mhxx-romfs-native-table
13,105,2,3,0,mhxx-romfs-native-table
13,106,0,1,1,mhxx-romfs-native-table
13,106,1,2,1,mhxx-romfs-native-table
13,106,2,3,2,mhxx-romfs-native-table
13,106,3,4,2,mhxx-romfs-native-table
13,106,4,5,3,mhxx-romfs-native-table
13,107,0,1,1,mhxx-romfs-native-table
13,107,1,2,1,mhxx-romfs-native-table
13,107,2,3,1,mhxx-romfs-native-table
13,108,0,1,0,mhxx-romfs-native-table
13,108,1,2,0,mhxx-romfs-native-table
13,108,2,3,0,mhxx-romfs-native-table
13,109,0,1,2,mhxx-romfs-native-table
13,109,1,2,2,mhxx-romfs-native-table
13,109,2,3,2,mhxx-romfs-native-table
14,0,0,1,0,mhxx-romfs-native-table
14,1,0,1,0,mhxx-romfs-native-table
14,1,1,2,0,mhxx-romfs-native-table
14,1,2,3,0,mhxx-romfs-native-table
14,1,3,4,0,mhxx-romfs-native-table
14,1,4,5,0,mhxx-romfs-native-table
14,1,5,6,1,mhxx-romfs-native-table
14,1,6,7,1,mhxx-romfs-native-table
14,1,7,8,1,mhxx-romfs-native-table
14,1,8,9,2,mhxx-romfs-native-table
14,1,9,10,2,mhxx-romfs-native-table
14,1,10,11,3,mhxx-romfs-native-table
14,2,0,1,0,mhxx-romfs-native-table
14,2,1,2,0,mhxx-romfs-native-table
14,2,2,3,0,mhxx-romfs-native-table
14,2,3,4,0,mhxx-romfs-native-table
14,2,4,5,0,mhxx-romfs-native-table
14,2,5,6,0,mhxx-romfs-native-table
14,2,6,7,1,mhxx-romfs-native-table
14,2,7,8,2,mhxx-romfs-native-table
14,3,0,1,0,mhxx-romfs-native-table
14,3,1,2,0,mhxx-romfs-native-table
14,3,2,3,0,mhxx-romfs-native-table
14,3,3,4,0,mhxx-romfs-native-table
14,3,4,5,0,mhxx-romfs-native-table
14,3,5,6,1,mhxx-romfs-native-table
14,3,6,7,1,mhxx-romfs-native-table
14,3,7,8,1,mhxx-romfs-native-table
14,4,0,1,2,mhxx-romfs-native-table
14,4,1,2,2,mhxx-romfs-native-table
14,4,2,3,2,mhxx-romfs-native-table
14,4,3,4,3,mhxx-romfs-native-table
14,4,4,5,3,mhxx-romfs-native-table
14,4,5,6,3,mhxx-romfs-native-table
14,4,6,7,3,mhxx-romfs-native-table
14,5,0,1,2,mhxx-romfs-native-table
14,5,1,2,2,mhxx-romfs-native-table
14,5,2,3,2,mhxx-romfs-native-table
14,5,3,4,2,mhxx-romfs-native-table
14,5,4,5,3,mhxx-romfs-native-table
14,6,0,1,1,mhxx-romfs-native-table
14,6,1,2,1,mhxx-romfs-native-table
14,6,2,3,1,mhxx-romfs-native-table
14,6,3,4,1,mhxx-romfs-native-table
14,6,4,5,1,mhxx-romfs-native-table
14,6,5,6,1,mhxx-romfs-native-table
14,7,0,1,0,mhxx-romfs-native-table
14,7,1,2,0,mhxx-romfs-native-table
14,7,2,3,0,mhxx-romfs-native-table
14,7,3,4,0,mhxx-romfs-native-table
14,7,4,5,0,mhxx-romfs-native-table
14,7,5,6,0,mhxx-romfs-native-table
14,7,6,7,0,mhxx-romfs-native-table
14,7,7,8,0,mhxx-romfs-native-table
14,7,8,9,0,mhxx-romfs-native-table
14,8,0,1,1,mhxx-romfs-native-table
14,8,1,2,1,mhxx-romfs-native-table
14,8,2,3,1,mhxx-romfs-native-table
14,8,3,4,1,mhxx-romfs-native-table
14,8,4,5,1,mhxx-romfs-native-table
14,8,5,6,1,mhxx-romfs-native-table
14,9,0,1,0,mhxx-romfs-native-table
14,9,1,2,0,mhxx-romfs-native-table
14,9,2,3,0,mhxx-romfs-native-table
14,9,3,4,0,mhxx-romfs-native-table
14,9,4,5,0,mhxx-romfs-native-table
14,9,5,6,0,mhxx-romfs-native-table
14,9,6,7,0,mhxx-romfs-native-table
14,9,7,8,0,mhxx-romfs-native-table
14,9,8,9,0,mhxx-romfs-native-table
14,9,9,10,0,mhxx-romfs-native-table
14,9,10,11,0,mhxx-romfs-native-table
14,10,0,1,0,mhxx-romfs-native-table
14,10,1,2,1,mhxx-romfs-native-table
14,10,2,3,2,mhxx-romfs-native-table
14,10,3,4,2,mhxx-romfs-native-table
14,10,4,5,2,mhxx-romfs-native-table
14,10,5,6,2,mhxx-romfs-native-table
14,10,6,7,2,mhxx-romfs-native-table
14,10,7,8,2,mhxx-romfs-native-table
14,11,0,1,0,mhxx-romfs-native-table
14,11,1,2,0,mhxx-romfs-native-table
14,11,2,3,1,mhxx-romfs-native-table
14,11,3,4,1,mhxx-romfs-native-table
14,11,4,5,2,mhxx-romfs-native-table
14,11,5,6,2,mhxx-romfs-native-table
14,11,6,7,2,mhxx-romfs-native-table
14,11,7,8,2,mhxx-romfs-native-table
14,11,8,9,3,mhxx-romfs-native-table
14,12,0,1,1,mhxx-romfs-native-table
14,12,1,2,1,mhxx-romfs-native-table
14,12,2,3,1,mhxx-romfs-native-table
14,12,3,4,1,mhxx-romfs-native-table
14,12,4,5,1,mhxx-romfs-native-table
14,13,0,1,0,mhxx-romfs-native-table
14,13,1,2,0,mhxx-romfs-native-table
14,13,2,3,0,mhxx-romfs-native-table
14,13,3,4,0,mhxx-romfs-native-table
14,13,4,5,0,mhxx-romfs-native-table
14,13,5,6,0,mhxx-romfs-native-table
14,13,6,7,0,mhxx-romfs-native-table
14,13,7,8,0,mhxx-romfs-native-table
14,14,0,1,0,mhxx-romfs-native-table
14,14,1,2,0,mhxx-romfs-native-table
14,14,2,3,0,mhxx-romfs-native-table
14,14,3,4,0,mhxx-romfs-native-table
14,14,4,5,0,mhxx-romfs-native-table
14,14,5,6,0,mhxx-romfs-native-table
14,14,6,7,0,mhxx-romfs-native-table
14,15,0,1,0,mhxx-romfs-native-table
14,15,1,2,0,mhxx-romfs-native-table
14,15,2,3,0,mhxx-romfs-native-table
14,15,3,4,0,mhxx-romfs-native-table
14,15,4,5,0,mhxx-romfs-native-table
14,15,5,6,0,mhxx-romfs-native-table
14,15,6,7,0,mhxx-romfs-native-table
14,16,0,1,3,mhxx-romfs-native-table
14,16,1,2,3,mhxx-romfs-native-table
14,16,2,3,3,mhxx-romfs-native-table
14,16,3,4,3,mhxx-romfs-native-table
14,16,4,5,3,mhxx-romfs-native-table
14,17,0,1,0,mhxx-romfs-native-table
14,17,1,2,0,mhxx-romfs-native-table
14,17,2,3,0,mhxx-romfs-native-table
14,17,3,4,0,mhxx-romfs-native-table
14,17,4,5,0,mhxx-romfs-native-table
14,17,5,6,0,mhxx-romfs-native-table
14,17,6,7,1,mhxx-romfs-native-table
14,17,7,8,1,mhxx-romfs-native-table
14,18,0,1,0,mhxx-romfs-native-table
14,18,1,2,0,mhxx-romfs-native-table
14,18,2,3,0,mhxx-romfs-native-table
14,18,3,4,0,mhxx-romfs-native-table
14,18,4,5,0,mhxx-romfs-native-table
14,18,5,6,0,mhxx-romfs-native-table
14,19,0,1,1,mhxx-romfs-native-table
14,19,1,2,1,mhxx-romfs-native-table
14,19,2,3,1,mhxx-romfs-native-table
14,19,3,4,1,mhxx-romfs-native-table
14,19,4,5,2,mhxx-romfs-native-table
14,19,5,6,2,mhxx-romfs-native-table
14,19,6,7,2,mhxx-romfs-native-table
14,19,7,8,2,mhxx-romfs-native-table
14,19,8,9,2,mhxx-romfs-native-table
14,19,9,10,2,mhxx-romfs-native-table
14,20,0,1,1,mhxx-romfs-native-table
14,20,1,2,1,mhxx-romfs-native-table
14,20,2,3,1,mhxx-romfs-native-table
14,20,3,4,1,mhxx-romfs-native-table
14,20,4,5,1,mhxx-romfs-native-table
14,21,0,1,1,mhxx-romfs-native-table
14,21,1,2,1,mhxx-romfs-native-table
14,21,2,3,1,mhxx-romfs-native-table
14,21,3,4,1,mhxx-romfs-native-table
14,21,4,5,1,mhxx-romfs-native-table
14,21,5,6,1,mhxx-romfs-native-table
14,21,6,7,1,mhxx-romfs-native-table
14,22,0,1,2,mhxx-romfs-native-table
14,22,1,2,2,mhxx-romfs-native-table
14,22,2,3,2,mhxx-romfs-native-table
14,22,3,4,2,mhxx-romfs-native-table
14,22,4,5,2,mhxx-romfs-native-table
14,22,5,6,2,mhxx-romfs-native-table
14,23,0,1,0,mhxx-romfs-native-table
14,23,1,2,0,mhxx-romfs-native-table
14,23,2,3,0,mhxx-romfs-native-table
14,23,3,4,0,mhxx-romfs-native-table
14,23,4,5,0,mhxx-romfs-native-table
14,23,5,6,1,mhxx-romfs-native-table
14,23,6,7,1,mhxx-romfs-native-table
14,23,7,8,1,mhxx-romfs-native-table
14,23,8,9,1,mhxx-romfs-native-table
14,23,9,10,1,mhxx-romfs-native-table
14,23,10,11,1,mhxx-romfs-native-table
14,24,0,1,0,mhxx-romfs-native-table
14,24,1,2,0,mhxx-romfs-native-table
14,24,2,3,0,mhxx-romfs-native-table
14,24,3,4,0,mhxx-romfs-native-table
14,24,4,5,0,mhxx-romfs-native-table
14,24,5,6,0,mhxx-romfs-native-table
14,25,0,1,1,mhxx-romfs-native-table
14,25,1,2,1,mhxx-romfs-native-table
14,25,2,3,2,mhxx-romfs-native-table
14,25,3,4,2,mhxx-romfs-native-table
14,25,4,5,2,mhxx-romfs-native-table
14,25,5,6,2,mhxx-romfs-native-table
14,25,6,7,2,mhxx-romfs-native-table
14,26,0,1,2,mhxx-romfs-native-table
14,26,1,2,2,mhxx-romfs-native-table
14,26,2,3,2,mhxx-romfs-native-table
14,26,3,4,2,mhxx-romfs-native-table
14,26,4,5,2,mhxx-romfs-native-table
14,26,5,6,2,mhxx-romfs-native-table
14,27,0,1,1,mhxx-romfs-native-table
14,27,1,2,2,mhxx-romfs-native-table
14,27,2,3,3,mhxx-romfs-native-table
14,27,3,4,3,mhxx-romfs-native-table
14,27,4,5,3,mhxx-romfs-native-table
14,27,5,6,3,mhxx-romfs-native-table
14,27,6,7,3,mhxx-romfs-native-table
14,27,7,8,3,mhxx-romfs-native-table
14,27,8,9,3,mhxx-romfs-native-table
14,28,0,1,1,mhxx-romfs-native-table
14,28,1,2,1,mhxx-romfs-native-table
14,28,2,3,1,mhxx-romfs-native-table
14,28,3,4,1,mhxx-romfs-native-table
14,28,4,5,1,mhxx-romfs-native-table
14,28,5,6,1,mhxx-romfs-native-table
14,29,0,1,1,mhxx-romfs-native-table
14,29,1,2,1,mhxx-romfs-native-table
14,29,2,3,1,mhxx-romfs-native-table
14,29,3,4,1,mhxx-romfs-native-table
14,29,4,5,1,mhxx-romfs-native-table
14,29,5,6,1,mhxx-romfs-native-table
14,29,6,7,1,mhxx-romfs-native-table
14,30,0,1,0,mhxx-romfs-native-table
14,30,1,2,0,mhxx-romfs-native-table
14,30,2,3,0,mhxx-romfs-native-table
14,30,3,4,0,mhxx-romfs-native-table
14,30,4,5,0,mhxx-romfs-native-table
14,30,5,6,0,mhxx-romfs-native-table
14,30,6,7,0,mhxx-romfs-native-table
14,31,0,1,1,mhxx-romfs-native-table
14,31,1,2,1,mhxx-romfs-native-table
14,31,2,3,1,mhxx-romfs-native-table
14,31,3,4,1,mhxx-romfs-native-table
14,31,4,5,1,mhxx-romfs-native-table
14,31,5,6,1,mhxx-romfs-native-table
14,32,0,1,1,mhxx-romfs-native-table
14,32,1,2,1,mhxx-romfs-native-table
14,32,2,3,1,mhxx-romfs-native-table
14,32,3,4,1,mhxx-romfs-native-table
14,32,4,5,1,mhxx-romfs-native-table
14,32,5,6,2,mhxx-romfs-native-table
14,32,6,7,2,mhxx-romfs-native-table
14,32,7,8,2,mhxx-romfs-native-table
14,33,0,1,1,mhxx-romfs-native-table
14,33,1,2,1,mhxx-romfs-native-table
14,33,2,3,1,mhxx-romfs-native-table
14,33,3,4,1,mhxx-romfs-native-table
14,33,4,5,1,mhxx-romfs-native-table
14,33,5,6,1,mhxx-romfs-native-table
14,34,0,1,0,mhxx-romfs-native-table
14,34,1,2,0,mhxx-romfs-native-table
14,34,2,3,0,mhxx-romfs-native-table
14,34,3,4,0,mhxx-romfs-native-table
14,34,4,5,0,mhxx-romfs-native-table
14,34,5,6,0,mhxx-romfs-native-table
14,34,6,7,0,mhxx-romfs-native-table
14,35,0,1,2,mhxx-romfs-native-table
14,35,1,2,2,mhxx-romfs-native-table
14,35,2,3,2,mhxx-romfs-native-table
14,35,3,4,2,mhxx-romfs-native-table
14,35,4,5,2,mhxx-romfs-native-table
14,36,0,1,1,mhxx-romfs-native-table
14,36,1,2,1,mhxx-romfs-native-table
14,36,2,3,1,mhxx-romfs-native-table
14,36,3,4,1,mhxx-romfs-native-table
14,36,4,5,1,mhxx-romfs-native-table
14,36,5,6,1,mhxx-romfs-native-table
14,36,6,7,1,mhxx-romfs-native-table
14,37,0,1,3,mhxx-romfs-native-table
14,37,1,2,3,mhxx-romfs-native-table
14,37,2,3,3,mhxx-romfs-native-table
14,37,3,4,3,mhxx-romfs-native-table
14,37,4,5,3,mhxx-romfs-native-table
14,38,0,1,1,mhxx-romfs-native-table
14,38,1,2,1,mhxx-romfs-native-table
14,38,2,3,1,mhxx-romfs-native-table
14,38,3,4,2,mhxx-romfs-native-table
14,38,4,5,2,mhxx-romfs-native-table
14,38,5,6,2,mhxx-romfs-native-table
14,38,6,7,2,mhxx-romfs-native-table
14,38,7,8,2,mhxx-romfs-native-table
14,38,8,9,3,mhxx-romfs-native-table
14,39,0,1,0,mhxx-romfs-native-table
14,39,1,2,0,mhxx-romfs-native-table
14,39,2,3,0,mhxx-romfs-native-table
14,39,3,4,0,mhxx-romfs-native-table
14,39,4,5,0,mhxx-romfs-native-table
14,39,5,6,0,mhxx-romfs-native-table
14,39,6,7,0,mhxx-romfs-native-table
14,39,7,8,0,mhxx-romfs-native-table
14,39,8,9,0,mhxx-romfs-native-table
14,40,0,1,0,mhxx-romfs-native-table
14,40,1,2,0,mhxx-romfs-native-table
14,40,2,3,0,mhxx-romfs-native-table
14,40,3,4,0,mhxx-romfs-native-table
14,40,4,5,0,mhxx-romfs-native-table
14,40,5,6,0,mhxx-romfs-native-table
14,41,0,1,1,mhxx-romfs-native-table
14,41,1,2,1,mhxx-romfs-native-table
14,41,2,3,1,mhxx-romfs-native-table
14,41,3,4,1,mhxx-romfs-native-table
14,41,4,5,1,mhxx-romfs-native-table
14,41,5,6,1,mhxx-romfs-native-table
14,42,0,1,0,mhxx-romfs-native-table
14,42,1,2,0,mhxx-romfs-native-table
14,42,2,3,0,mhxx-romfs-native-table
14,42,3,4,1,mhxx-romfs-native-table
14,42,4,5,1,mhxx-romfs-native-table
14,42,5,6,1,mhxx-romfs-native-table
14,42,6,7,2,mhxx-romfs-native-table
14,42,7,8,2,mhxx-romfs-native-table
14,43,0,1,0,mhxx-romfs-native-table
14,43,1,2,0,mhxx-romfs-native-table
14,43,2,3,0,mhxx-romfs-native-table
14,43,3,4,0,mhxx-romfs-native-table
14,43,4,5,0,mhxx-romfs-native-table
14,43,5,6,0,mhxx-romfs-native-table
14,43,6,7,0,mhxx-romfs-native-table
14,44,0,1,0,mhxx-romfs-native-table
14,44,1,2,0,mhxx-romfs-native-table
14,44,2,3,0,mhxx-romfs-native-table
14,44,3,4,0,mhxx-romfs-native-table
14,44,4,5,0,mhxx-romfs-native-table
14,44,5,6,0,mhxx-romfs-native-table
14,44,6,7,0,mhxx-romfs-native-table
14,44,7,8,0,mhxx-romfs-native-table
14,45,0,1,0,mhxx-romfs-native-table
14,45,1,2,1,mhxx-romfs-native-table
14,45,2,3,1,mhxx-romfs-native-table
14,45,3,4,1,mhxx-romfs-native-table
14,45,4,5,1,mhxx-romfs-native-table
14,45,5,6,1,mhxx-romfs-native-table
14,46,0,1,1,mhxx-romfs-native-table
14,46,1,2,1,mhxx-romfs-native-table
14,46,2,3,1,mhxx-romfs-native-table
14,46,3,4,2,mhxx-romfs-native-table
14,46,4,5,2,mhxx-romfs-native-table
14,47,0,1,0,mhxx-romfs-native-table
14,47,1,2,0,mhxx-romfs-native-table
14,47,2,3,0,mhxx-romfs-native-table
14,47,3,4,0,mhxx-romfs-native-table
14,47,4,5,0,mhxx-romfs-native-table
14,47,5,6,1,mhxx-romfs-native-table
14,47,6,7,1,mhxx-romfs-native-table
14,48,0,1,2,mhxx-romfs-native-table
14,48,1,2,2,mhxx-romfs-native-table
14,48,2,3,2,mhxx-romfs-native-table
14,48,3,4,2,mhxx-romfs-native-table
14,48,4,5,3,mhxx-romfs-native-table
14,49,0,1,1,mhxx-romfs-native-table
14,49,1,2,1,mhxx-romfs-native-table
14,49,2,3,2,mhxx-romfs-native-table
14,49,3,4,2,mhxx-romfs-native-table
14,49,4,5,2,mhxx-romfs-native-table
14,49,5,6,2,mhxx-romfs-native-table
14,49,6,7,2,mhxx-romfs-native-table
14,49,7,8,2,mhxx-romfs-native-table
14,50,0,1,0,mhxx-romfs-native-table
14,50,1,2,0,mhxx-romfs-native-table
14,50,2,3,0,mhxx-romfs-native-table
14,50,3,4,0,mhxx-romfs-native-table
14,50,4,5,0,mhxx-romfs-native-table
14,50,5,6,0,mhxx-romfs-native-table
14,50,6,7,0,mhxx-romfs-native-table
14,51,0,1,0,mhxx-romfs-native-table
14,51,1,2,0,mhxx-romfs-native-table
14,51,2,3,0,mhxx-romfs-native-table
14,51,3,4,0,mhxx-romfs-native-table
14,51,4,5,0,mhxx-romfs-native-table
14,51,5,6,0,mhxx-romfs-native-table
14,51,6,7,0,mhxx-romfs-native-table
14,51,7,8,0,mhxx-romfs-native-table
14,51,8,9,0,mhxx-romfs-native-table
14,52,0,1,0,mhxx-romfs-native-table
14,52,1,2,0,mhxx-romfs-native-table
14,52,2,3,0,mhxx-romfs-native-table
14,52,3,4,0,mhxx-romfs-native-table
14,52,4,5,0,mhxx-romfs-native-table
14,52,5,6,0,mhxx-romfs-native-table
14,53,0,1,1,mhxx-romfs-native-table
14,53,1,2,1,mhxx-romfs-native-table
14,53,2,3,1,mhxx-romfs-native-table
14,53,3,4,1,mhxx-romfs-native-table
14,53,4,5,1,mhxx-romfs-native-table
14,54,0,1,1,mhxx-romfs-native-table
14,54,1,2,1,mhxx-romfs-native-table
14,54,2,3,2,mhxx-romfs-native-table
14,54,3,4,2,mhxx-romfs-native-table
14,54,4,5,2,mhxx-romfs-native-table
14,54,5,6,2,mhxx-romfs-native-table
14,54,6,7,2,mhxx-romfs-native-table
14,54,7,8,2,mhxx-romfs-native-table
14,55,0,1,1,mhxx-romfs-native-table
14,55,1,2,1,mhxx-romfs-native-table
14,55,2,3,1,mhxx-romfs-native-table
14,55,3,4,1,mhxx-romfs-native-table
14,55,4,5,1,mhxx-romfs-native-table
14,55,5,6,1,mhxx-romfs-native-table
14,56,0,1,1,mhxx-romfs-native-table
14,56,1,2,1,mhxx-romfs-native-table
14,56,2,3,1,mhxx-romfs-native-table
14,56,3,4,1,mhxx-romfs-native-table
14,56,4,5,1,mhxx-romfs-native-table
14,56,5,6,1,mhxx-romfs-native-table
14,56,6,7,1,mhxx-romfs-native-table
14,57,0,1,0,mhxx-romfs-native-table
14,57,1,2,0,mhxx-romfs-native-table
14,57,2,3,0,mhxx-romfs-native-table
14,57,3,4,0,mhxx-romfs-native-table
14,57,4,5,0,mhxx-romfs-native-table
14,57,5,6,0,mhxx-romfs-native-table
14,58,0,1,1,mhxx-romfs-native-table
14,58,1,2,1,mhxx-romfs-native-table
14,58,2,3,1,mhxx-romfs-native-table
14,58,3,4,1,mhxx-romfs-native-table
14,58,4,5,1,mhxx-romfs-native-table
14,58,5,6,1,mhxx-romfs-native-table
14,58,6,7,1,mhxx-romfs-native-table
14,58,7,8,1,mhxx-romfs-native-table
14,58,8,9,1,mhxx-romfs-native-table
14,59,0,1,1,mhxx-romfs-native-table
14,59,1,2,1,mhxx-romfs-native-table
14,59,2,3,1,mhxx-romfs-native-table
14,59,3,4,1,mhxx-romfs-native-table
14,59,4,5,1,mhxx-romfs-native-table
14,59,5,6,1,mhxx-romfs-native-table
14,59,6,7,1,mhxx-romfs-native-table
14,59,7,8,1,mhxx-romfs-native-table
14,59,8,9,1,mhxx-romfs-native-table
14,60,0,1,1,mhxx-romfs-native-table
14,60,1,2,1,mhxx-romfs-native-table
14,60,2,3,1,mhxx-romfs-native-table
14,60,3,4,1,mhxx-romfs-native-table
14,60,4,5,1,mhxx-romfs-native-table
14,60,5,6,1,mhxx-romfs-native-table
14,60,6,7,1,mhxx-romfs-native-table
14,60,7,8,1,mhxx-romfs-native-table
14,60,8,9,1,mhxx-romfs-native-table
14,61,0,1,1,mhxx-romfs-native-table
14,61,1,2,1,mhxx-romfs-native-table
14,61,2,3,1,mhxx-romfs-native-table
14,61,3,4,1,mhxx-romfs-native-table
14,61,4,5,1,mhxx-romfs-native-table
14,61,5,6,1,mhxx-romfs-native-table
14,61,6,7,1,mhxx-romfs-native-table
14,61,7,8,1,mhxx-romfs-native-table
14,61,8,9,1,mhxx-romfs-native-table
14,62,0,1,1,mhxx-romfs-native-table
14,62,1,2,1,mhxx-romfs-native-table
14,62,2,3,1,mhxx-romfs-native-table
14,62,3,4,1,mhxx-romfs-native-table
14,62,4,5,1,mhxx-romfs-native-table
14,62,5,6,1,mhxx-romfs-native-table
14,62,6,7,1,mhxx-romfs-native-table
14,63,0,1,1,mhxx-romfs-native-table
14,63,1,2,1,mhxx-romfs-native-table
14,63,2,3,1,mhxx-romfs-native-table
14,63,3,4,1,mhxx-romfs-native-table
14,63,4,5,1,mhxx-romfs-native-table
14,63,5,6,1,mhxx-romfs-native-table
14,63,6,7,1,mhxx-romfs-native-table
14,63,7,8,1,mhxx-romfs-native-table
14,64,0,1,0,mhxx-romfs-native-table
14,64,1,2,0,mhxx-romfs-native-table
14,64,2,3,0,mhxx-romfs-native-table
14,64,3,4,0,mhxx-romfs-native-table
14,64,4,5,0,mhxx-romfs-native-table
14,65,0,1,1,mhxx-romfs-native-table
14,65,1,2,1,mhxx-romfs-native-table
14,65,2,3,1,mhxx-romfs-native-table
14,65,3,4,1,mhxx-romfs-native-table
14,65,4,5,1,mhxx-romfs-native-table
14,66,0,1,1,mhxx-romfs-native-table
14,66,1,2,1,mhxx-romfs-native-table
14,66,2,3,1,mhxx-romfs-native-table
14,66,3,4,1,mhxx-romfs-native-table
14,66,4,5,1,mhxx-romfs-native-table
14,66,5,6,1,mhxx-romfs-native-table
14,66,6,7,1,mhxx-romfs-native-table
14,67,0,1,2,mhxx-romfs-native-table
14,67,1,2,2,mhxx-romfs-native-table
14,67,2,3,2,mhxx-romfs-native-table
14,67,3,4,2,mhxx-romfs-native-table
14,67,4,5,2,mhxx-romfs-native-table
14,68,0,1,0,mhxx-romfs-native-table
14,68,1,2,0,mhxx-romfs-native-table
14,68,2,3,0,mhxx-romfs-native-table
14,68,3,4,0,mhxx-romfs-native-table
14,68,4,5,0,mhxx-romfs-native-table
14,69,0,1,0,mhxx-romfs-native-table
14,69,1,2,0,mhxx-romfs-native-table
14,69,2,3,0,mhxx-romfs-native-table
14,69,3,4,0,mhxx-romfs-native-table
14,69,4,5,0,mhxx-romfs-native-table
14,70,0,1,1,mhxx-romfs-native-table
14,70,1,2,1,mhxx-romfs-native-table
14,70,2,3,2,mhxx-romfs-native-table
14,70,3,4,2,mhxx-romfs-native-table
14,70,4,5,2,mhxx-romfs-native-table
14,71,0,1,0,mhxx-romfs-native-table
14,71,1,2,0,mhxx-romfs-native-table
14,71,2,3,0,mhxx-romfs-native-table
14,71,3,4,0,mhxx-romfs-native-table
14,71,4,5,0,mhxx-romfs-native-table
14,72,0,1,0,mhxx-romfs-native-table
14,72,1,2,0,mhxx-romfs-native-table
14,72,2,3,0,mhxx-romfs-native-table
14,72,3,4,0,mhxx-romfs-native-table
14,72,4,5,0,mhxx-romfs-native-table
14,72,5,6,0,mhxx-romfs-native-table
14,72,6,7,0,mhxx-romfs-native-table
14,73,0,1,1,mhxx-romfs-native-table
14,73,1,2,1,mhxx-romfs-native-table
14,73,2,3,2,mhxx-romfs-native-table
14,73,3,4,2,mhxx-romfs-native-table
14,73,4,5,2,mhxx-romfs-native-table
14,74,0,1,1,mhxx-romfs-native-table
14,74,1,2,1,mhxx-romfs-native-table
14,74,2,3,1,mhxx-romfs-native-table
14,74,3,4,1,mhxx-romfs-native-table
14,74,4,5,1,mhxx-romfs-native-table
14,75,0,1,2,mhxx-romfs-native-table
14,75,1,2,2,mhxx-romfs-native-table
14,75,2,3,2,mhxx-romfs-native-table
14,75,3,4,3,mhxx-romfs-native-table
14,75,4,5,3,mhxx-romfs-native-table
14,75,5,6,3,mhxx-romfs-native-table
14,75,6,7,3,mhxx-romfs-native-table
14,76,0,1,0,mhxx-romfs-native-table
14,76,1,2,0,mhxx-romfs-native-table
14,76,2,3,0,mhxx-romfs-native-table
14,76,3,4,0,mhxx-romfs-native-table
14,76,4,5,0,mhxx-romfs-native-table
14,76,5,6,0,mhxx-romfs-native-table
14,76,6,7,0,mhxx-romfs-native-table
14,77,0,1,0,mhxx-romfs-native-table
14,77,1,2,0,mhxx-romfs-native-table
14,77,2,3,0,mhxx-romfs-native-table
14,77,3,4,0,mhxx-romfs-native-table
14,77,4,5,0,mhxx-romfs-native-table
14,77,5,6,1,mhxx-romfs-native-table
14,77,6,7,1,mhxx-romfs-native-table
14,77,7,8,2,mhxx-romfs-native-table
14,78,0,1,0,mhxx-romfs-native-table
14,78,1,2,0,mhxx-romfs-native-table
14,78,2,3,0,mhxx-romfs-native-table
14,78,3,4,0,mhxx-romfs-native-table
14,78,4,5,0,mhxx-romfs-native-table
14,78,5,6,0,mhxx-romfs-native-table
14,79,0,1,1,mhxx-romfs-native-table
14,79,1,2,1,mhxx-romfs-native-table
14,79,2,3,2,mhxx-romfs-native-table
14,79,3,4,2,mhxx-romfs-native-table
14,79,4,5,2,mhxx-romfs-native-table
14,79,5,6,2,mhxx-romfs-native-table
14,79,6,7,2,mhxx-romfs-native-table
14,80,0,1,0,mhxx-romfs-native-table
14,80,1,2,0,mhxx-romfs-native-table
14,80,2,3,0,mhxx-romfs-native-table
14,80,3,4,0,mhxx-romfs-native-table
14,80,4,5,0,mhxx-romfs-native-table
14,80,5,6,0,mhxx-romfs-native-table
14,81,0,1,1,mhxx-romfs-native-table
14,81,1,2,1,mhxx-romfs-native-table
14,81,2,3,1,mhxx-romfs-native-table
14,81,3,4,1,mhxx-romfs-native-table
14,81,4,5,1,mhxx-romfs-native-table
14,82,0,1,2,mhxx-romfs-native-table
14,82,1,2,2,mhxx-romfs-native-table
14,82,2,3,3,mhxx-romfs-native-table
14,82,3,4,3,mhxx-romfs-native-table
14,82,4,5,3,mhxx-romfs-native-table
14,82,5,6,3,mhxx-romfs-native-table
14,83,0,1,1,mhxx-romfs-native-table
14,83,1,2,1,mhxx-romfs-native-table
14,83,2,3,1,mhxx-romfs-native-table
14,83,3,4,1,mhxx-romfs-native-table
14,83,4,5,1,mhxx-romfs-native-table
14,84,0,1,0,mhxx-romfs-native-table
14,84,1,2,0,mhxx-romfs-native-table
14,84,2,3,0,mhxx-romfs-native-table
14,84,3,4,0,mhxx-romfs-native-table
14,84,4,5,0,mhxx-romfs-native-table
14,84,5,6,0,mhxx-romfs-native-table
14,85,0,1,3,mhxx-romfs-native-table
14,85,1,2,3,mhxx-romfs-native-table
14,85,2,3,3,mhxx-romfs-native-table
14,85,3,4,3,mhxx-romfs-native-table
14,85,4,5,3,mhxx-romfs-native-table
14,85,5,6,3,mhxx-romfs-native-table
14,85,6,7,3,mhxx-romfs-native-table
14,86,0,1,0,mhxx-romfs-native-table
14,86,1,2,0,mhxx-romfs-native-table
14,86,2,3,0,mhxx-romfs-native-table
14,86,3,4,0,mhxx-romfs-native-table
14,86,4,5,0,mhxx-romfs-native-table
14,86,5,6,0,mhxx-romfs-native-table
14,86,6,7,0,mhxx-romfs-native-table
14,86,7,8,0,mhxx-romfs-native-table
14,86,8,9,0,mhxx-romfs-native-table
14,86,9,10,0,mhxx-romfs-native-table
14,86,10,11,0,mhxx-romfs-native-table
14,86,11,12,0,mhxx-romfs-native-table
14,86,12,13,0,mhxx-romfs-native-table
14,86,13,14,0,mhxx-romfs-native-table
14,86,14,15,0,mhxx-romfs-native-table
14,87,0,1,0,mhxx-romfs-native-table
14,87,1,2,0,mhxx-romfs-native-table
14,87,2,3,0,mhxx-romfs-native-table
14,87,3,4,0,mhxx-romfs-native-table
14,87,4,5,0,mhxx-romfs-native-table
14,87,5,6,0,mhxx-romfs-native-table
14,87,6,7,0,mhxx-romfs-native-table
14,87,7,8,0,mhxx-romfs-native-table
14,87,8,9,0,mhxx-romfs-native-table
14,87,9,10,0,mhxx-romfs-native-table
14,87,10,11,0,mhxx-romfs-native-table
14,87,11,12,0,mhxx-romfs-native-table
14,87,12,13,0,mhxx-romfs-native-table
14,87,13,14,0,mhxx-romfs-native-table
14,87,14,15,0,mhxx-romfs-native-table
14,88,0,1,0,mhxx-romfs-native-table
14,88,1,2,0,mhxx-romfs-native-table
14,88,2,3,0,mhxx-romfs-native-table
14,88,3,4,0,mhxx-romfs-native-table
14,88,4,5,0,mhxx-romfs-native-table
14,88,5,6,0,mhxx-romfs-native-table
14,88,6,7,0,mhxx-romfs-native-table
14,88,7,8,0,mhxx-romfs-native-table
14,88,8,9,0,mhxx-romfs-native-table
14,88,9,10,0,mhxx-romfs-native-table
14,88,10,11,0,mhxx-romfs-native-table
14,88,11,12,0,mhxx-romfs-native-table
14,88,12,13,0,mhxx-romfs-native-table
14,88,13,14,0,mhxx-romfs-native-table
14,88,14,15,0,mhxx-romfs-native-table
14,89,0,1,0,mhxx-romfs-native-table
14,89,1,2,0,mhxx-romfs-native-table
14,89,2,3,0,mhxx-romfs-native-table
14,89,3,4,0,mhxx-romfs-native-table
14,89,4,5,0,mhxx-romfs-native-table
14,89,5,6,0,mhxx-romfs-native-table
14,89,6,7,0,mhxx-romfs-native-table
14,89,7,8,0,mhxx-romfs-native-table
14,89,8,9,0,mhxx-romfs-native-table
14,89,9,10,0,mhxx-romfs-native-table
14,89,10,11,0,mhxx-romfs-native-table
14,89,11,12,0,mhxx-romfs-native-table
14,89,12,13,0,mhxx-romfs-native-table
14,89,13,14,0,mhxx-romfs-native-table
14,89,14,15,0,mhxx-romfs-native-table
14,90,0,1,0,mhxx-romfs-native-table
14,90,1,2,0,mhxx-romfs-native-table
14,90,2,3,0,mhxx-romfs-native-table
14,90,3,4,0,mhxx-romfs-native-table
14,90,4,5,0,mhxx-romfs-native-table
14,90,5,6,0,mhxx-romfs-native-table
14,90,6,7,0,mhxx-romfs-native-table
14,90,7,8,0,mhxx-romfs-native-table
14,90,8,9,0,mhxx-romfs-native-table
14,90,9,10,0,mhxx-romfs-native-table
14,90,10,11,0,mhxx-romfs-native-table
14,90,11,12,0,mhxx-romfs-native-table
14,90,12,13,0,mhxx-romfs-native-table
14,90,13,14,0,mhxx-romfs-native-table
14,90,14,15,0,mhxx-romfs-native-table
14,91,0,1,0,mhxx-romfs-native-table
14,91,1,2,0,mhxx-romfs-native-table
14,91,2,3,0,mhxx-romfs-native-table
14,91,3,4,0,mhxx-romfs-native-table
14,91,4,5,0,mhxx-romfs-native-table
14,91,5,6,0,mhxx-romfs-native-table
14,91,6,7,0,mhxx-romfs-native-table
14,91,7,8,0,mhxx-romfs-native-table
14,91,8,9,0,mhxx-romfs-native-table
14,91,9,10,0,mhxx-romfs-native-table
14,91,10,11,0,mhxx-romfs-native-table
14,91,11,12,0,mhxx-romfs-native-table
14,91,12,13,0,mhxx-romfs-native-table
14,91,13,14,0,mhxx-romfs-native-table
14,91,14,15,0,mhxx-romfs-native-table
14,92,0,1,0,mhxx-romfs-native-table
14,92,1,2,0,mhxx-romfs-native-table
14,92,2,3,0,mhxx-romfs-native-table
14,92,3,4,0,mhxx-romfs-native-table
14,92,4,5,0,mhxx-romfs-native-table
14,92,5,6,0,mhxx-romfs-native-table
14,92,6,7,0,mhxx-romfs-native-table
14,92,7,8,0,mhxx-romfs-native-table
14,92,8,9,0,mhxx-romfs-native-table
14,92,9,10,0,mhxx-romfs-native-table
14,92,10,11,0,mhxx-romfs-native-table
14,92,11,12,0,mhxx-romfs-native-table
14,92,12,13,0,mhxx-romfs-native-table
14,92,13,14,0,mhxx-romfs-native-table
14,92,14,15,0,mhxx-romfs-native-table
14,93,0,1,0,mhxx-romfs-native-table
14,93,1,2,0,mhxx-romfs-native-table
14,93,2,3,0,mhxx-romfs-native-table
14,93,3,4,0,mhxx-romfs-native-table
14,93,4,5,0,mhxx-romfs-native-table
14,93,5,6,0,mhxx-romfs-native-table
14,93,6,7,0,mhxx-romfs-native-table
14,93,7,8,0,mhxx-romfs-native-table
14,93,8,9,0,mhxx-romfs-native-table
14,93,9,10,0,mhxx-romfs-native-table
14,93,10,11,0,mhxx-romfs-native-table
14,93,11,12,0,mhxx-romfs-native-table
14,93,12,13,0,mhxx-romfs-native-table
14,93,13,14,0,mhxx-romfs-native-table
14,93,14,15,0,mhxx-romfs-native-table
14,94,0,1,0,mhxx-romfs-native-table
14,94,1,2,0,mhxx-romfs-native-table
14,94,2,3,0,mhxx-romfs-native-table
14,94,3,4,0,mhxx-romfs-native-table
14,94,4,5,0,mhxx-romfs-native-table
14,94,5,6,0,mhxx-romfs-native-table
14,94,6,7,0,mhxx-romfs-native-table
14,94,7,8,0,mhxx-romfs-native-table
14,94,8,9,0,mhxx-romfs-native-table
14,94,9,10,0,mhxx-romfs-native-table
14,94,10,11,0,mhxx-romfs-native-table
14,94,11,12,0,mhxx-romfs-native-table
14,94,12,13,0,mhxx-romfs-native-table
14,94,13,14,0,mhxx-romfs-native-table
14,94,14,15,0,mhxx-romfs-native-table
14,95,0,1,0,mhxx-romfs-native-table
14,95,1,2,0,mhxx-romfs-native-table
14,95,2,3,0,mhxx-romfs-native-table
14,95,3,4,0,mhxx-romfs-native-table
14,95,4,5,0,mhxx-romfs-native-table
14,95,5,6,0,mhxx-romfs-native-table
14,95,6,7,0,mhxx-romfs-native-table
14,95,7,8,0,mhxx-romfs-native-table
14,95,8,9,0,mhxx-romfs-native-table
14,95,9,10,0,mhxx-romfs-native-table
14,95,10,11,0,mhxx-romfs-native-table
14,95,11,12,0,mhxx-romfs-native-table
14,95,12,13,0,mhxx-romfs-native-table
14,95,13,14,0,mhxx-romfs-native-table
14,95,14,15,0,mhxx-romfs-native-table
14,96,0,1,0,mhxx-romfs-native-table
14,96,1,2,0,mhxx-romfs-native-table
14,96,2,3,0,mhxx-romfs-native-table
14,96,3,4,0,mhxx-romfs-native-table
14,96,4,5,0,mhxx-romfs-native-table
14,96,5,6,0,mhxx-romfs-native-table
14,96,6,7,0,mhxx-romfs-native-table
14,96,7,8,0,mhxx-romfs-native-table
14,96,8,9,0,mhxx-romfs-native-table
14,96,9,10,0,mhxx-romfs-native-table
14,96,10,11,0,mhxx-romfs-native-table
14,96,11,12,0,mhxx-romfs-native-table
14,96,12,13,0,mhxx-romfs-native-table
14,96,13,14,0,mhxx-romfs-native-table
14,96,14,15,0,mhxx-romfs-native-table
14,97,0,1,1,mhxx-romfs-native-table
14,97,1,2,1,mhxx-romfs-native-table
14,97,2,3,1,mhxx-romfs-native-table
14,97,3,4,1,mhxx-romfs-native-table
14,97,4,5,1,mhxx-romfs-native-table
14,98,0,1,2,mhxx-romfs-native-table
14,98,1,2,2,mhxx-romfs-native-table
14,98,2,3,2,mhxx-romfs-native-table
14,98,3,4,2,mhxx-romfs-native-table
14,98,4,5,2,mhxx-romfs-native-table
14,99,0,1,1,mhxx-romfs-native-table
14,99,1,2,1,mhxx-romfs-native-table
14,99,2,3,1,mhxx-romfs-native-table
14,99,3,4,1,mhxx-romfs-native-table
14,99,4,5,1,mhxx-romfs-native-table
14,100,0,1,3,mhxx-romfs-native-table
14,100,1,2,3,mhxx-romfs-native-table
14,100,2,3,3,mhxx-romfs-native-table
14,100,3,4,3,mhxx-romfs-native-table
14,100,4,5,3,mhxx-romfs-native-table
14,101,0,1,2,mhxx-romfs-native-table
14,101,1,2,2,mhxx-romfs-native-table
14,101,2,3,2,mhxx-romfs-native-table
14,101,3,4,2,mhxx-romfs-native-table
14,101,4,5,2,mhxx-romfs-native-table
14,102,0,1,0,mhxx-romfs-native-table
14,102,1,2,0,mhxx-romfs-native-table
14,102,2,3,0,mhxx-romfs-native-table
14,102,3,4,0,mhxx-romfs-native-table
14,102,4,5,0,mhxx-romfs-native-table
14,103,0,1,3,mhxx-romfs-native-table
14,103,1,2,3,mhxx-romfs-native-table
14,103,2,3,3,mhxx-romfs-native-table
14,104,0,1,1,mhxx-romfs-native-table
14,104,1,2,1,mhxx-romfs-native-table
14,104,2,3,2,mhxx-romfs-native-table
14,104,3,4,2,mhxx-romfs-native-table
14,104,4,5,2,mhxx-romfs-native-table
14,104,5,6,2,mhxx-romfs-native-table
14,105,0,1,0,mhxx-romfs-native-table
14,105,1,2,0,mhxx-romfs-native-table
14,105,2,3,0,mhxx-romfs-native-table
14,105,3,4,0,mhxx-romfs-native-table
14,105,4,5,0,mhxx-romfs-native-table
14,106,0,1,0,mhxx-romfs-native-table
14,106,1,2,0,mhxx-romfs-native-table
14,106,2,3,0,mhxx-romfs-native-table
14,106,3,4,0,mhxx-romfs-native-table
14,106,4,5,0,mhxx-romfs-native-table
14,107,0,1,0,mhxx-romfs-native-table
14,107,1,2,0,mhxx-romfs-native-table
14,107,2,3,0,mhxx-romfs-native-table
14,107,3,4,0,mhxx-romfs-native-table
14,107,4,5,0,mhxx-romfs-native-table
14,108,0,1,0,mhxx-romfs-native-table
14,108,1,2,0,mhxx-romfs-native-table
14,108,2,3,0,mhxx-romfs-native-table
14,108,3,4,0,mhxx-romfs-native-table
14,108,4,5,0,mhxx-romfs-native-table
14,109,0,1,0,mhxx-romfs-native-table
14,109,1,2,0,mhxx-romfs-native-table
14,109,2,3,0,mhxx-romfs-native-table
14,109,3,4,0,mhxx-romfs-native-table
14,109,4,5,0,mhxx-romfs-native-table
14,110,0,1,1,mhxx-romfs-native-table
14,110,1,2,1,mhxx-romfs-native-table
14,110,2,3,1,mhxx-romfs-native-table
14,111,0,1,3,mhxx-romfs-native-table
14,111,1,2,3,mhxx-romfs-native-table
14,111,2,3,3,mhxx-romfs-native-table
14,112,0,1,0,mhxx-romfs-native-table
14,112,1,2,0,mhxx-romfs-native-table
14,112,2,3,0,mhxx-romfs-native-table
14,113,0,1,2,mhxx-romfs-native-table
14,113,1,2,2,mhxx-romfs-native-table
14,113,2,3,2,mhxx-romfs-native-table
14,114,0,1,2,mhxx-romfs-native-table
14,114,1,2,2,mhxx-romfs-native-table
14,114,2,3,2,mhxx-romfs-native-table
14,115,0,1,1,mhxx-romfs-native-table
14,115,1,2,1,mhxx-romfs-native-table
14,115,2,3,1,mhxx-romfs-native-table
14,115,3,4,1,mhxx-romfs-native-table
14,115,4,5,1,mhxx-romfs-native-table
14,115,5,6,1,mhxx-romfs-native-table
14,116,0,1,2,mhxx-romfs-native-table
14,116,1,2,2,mhxx-romfs-native-table
14,116,2,3,2,mhxx-romfs-native-table
14,116,3,4,2,mhxx-romfs-native-table
14,116,4,5,2,mhxx-romfs-native-table
14,117,0,1,0,mhxx-romfs-native-table
14,117,1,2,0,mhxx-romfs-native-table
14,117,2,3,0,mhxx-romfs-native-table
14,117,3,4,1,mhxx-romfs-native-table
14,117,4,5,1,mhxx-romfs-native-table
14,117,5,6,1,mhxx-romfs-native-table
14,118,0,1,2,mhxx-romfs-native-table
14,118,1,2,3,mhxx-romfs-native-table
14,118,2,3,3,mhxx-romfs-native-table
14,119,0,1,1,mhxx-romfs-native-table
14,119,1,2,1,mhxx-romfs-native-table
14,119,2,3,1,mhxx-romfs-native-table
14,120,0,1,3,mhxx-romfs-native-table
14,120,1,2,3,mhxx-romfs-native-table
14,120,2,3,3,mhxx-romfs-native-table
14,121,0,1,2,mhxx-romfs-native-table
14,121,1,2,2,mhxx-romfs-native-table
14,121,2,3,2,mhxx-romfs-native-table
14,122,0,1,1,mhxx-romfs-native-table
14,122,1,2,1,mhxx-romfs-native-table
14,122,2,3,2,mhxx-romfs-native-table
14,122,3,4,2,mhxx-romfs-native-table
14,122,4,5,3,mhxx-romfs-native-table
14,123,0,1,2,mhxx-romfs-native-table
14,123,1,2,2,mhxx-romfs-native-table
14,123,2,3,2,mhxx-romfs-native-table
14,124,0,1,0,mhxx-romfs-native-table
14,124,1,2,0,mhxx-romfs-native-table
14,124,2,3,0,mhxx-romfs-native-table
14,125,0,1,2,mhxx-romfs-native-table
14,125,1,2,2,mhxx-romfs-native-table
14,125,2,3,2,mhxx-romfs-native-table
14,126,0,1,3,mhxx-romfs-native-table
14,126,1,2,3,mhxx-romfs-native-table
14,126,2,3,3,mhxx-romfs-native-table
14,126,3,4,3,mhxx-romfs-native-table
14,126,4,5,3,mhxx-romfs-native-table
15,0,0,1,0,mhxx-romfs-native-table
15,1,0,1,0,mhxx-romfs-native-table
15,1,1,2,0,mhxx-romfs-native-table
15,1,2,3,0,mhxx-romfs-native-table
15,1,3,4,0,mhxx-romfs-native-table
15,1,4,5,0,mhxx-romfs-native-table
15,1,5,6,1,mhxx-romfs-native-table
15,1,6,7,1,mhxx-romfs-native-table
15,1,7,8,1,mhxx-romfs-native-table
15,1,8,9,2,mhxx-romfs-native-table
15,1,9,10,2,mhxx-romfs-native-table
15,1,10,11,3,mhxx-romfs-native-table
15,2,0,1,0,mhxx-romfs-native-table
15,2,1,2,0,mhxx-romfs-native-table
15,2,2,3,0,mhxx-romfs-native-table
15,2,3,4,0,mhxx-romfs-native-table
15,2,4,5,0,mhxx-romfs-native-table
15,2,5,6,0,mhxx-romfs-native-table
15,2,6,7,0,mhxx-romfs-native-table
15,2,7,8,0,mhxx-romfs-native-table
15,3,0,1,1,mhxx-romfs-native-table
15,3,1,2,1,mhxx-romfs-native-table
15,3,2,3,1,mhxx-romfs-native-table
15,3,3,4,1,mhxx-romfs-native-table
15,3,4,5,1,mhxx-romfs-native-table
15,4,0,1,0,mhxx-romfs-native-table
15,4,1,2,0,mhxx-romfs-native-table
15,4,2,3,0,mhxx-romfs-native-table
15,4,3,4,0,mhxx-romfs-native-table
15,4,4,5,0,mhxx-romfs-native-table
15,4,5,6,0,mhxx-romfs-native-table
15,4,6,7,0,mhxx-romfs-native-table
15,5,0,1,1,mhxx-romfs-native-table
15,5,1,2,1,mhxx-romfs-native-table
15,5,2,3,1,mhxx-romfs-native-table
15,5,3,4,1,mhxx-romfs-native-table
15,5,4,5,1,mhxx-romfs-native-table
15,5,5,6,2,mhxx-romfs-native-table
15,6,0,1,0,mhxx-romfs-native-table
15,6,1,2,0,mhxx-romfs-native-table
15,6,2,3,0,mhxx-romfs-native-table
15,6,3,4,0,mhxx-romfs-native-table
15,6,4,5,0,mhxx-romfs-native-table
15,6,5,6,0,mhxx-romfs-native-table
15,6,6,7,0,mhxx-romfs-native-table
15,6,7,8,0,mhxx-romfs-native-table
15,7,0,1,0,mhxx-romfs-native-table
15,7,1,2,0,mhxx-romfs-native-table
15,7,2,3,0,mhxx-romfs-native-table
15,7,3,4,0,mhxx-romfs-native-table
15,7,4,5,0,mhxx-romfs-native-table
15,7,5,6,0,mhxx-romfs-native-table
15,7,6,7,0,mhxx-romfs-native-table
15,7,7,8,0,mhxx-romfs-native-table
15,8,0,1,0,mhxx-romfs-native-table
15,8,1,2,0,mhxx-romfs-native-table
15,8,2,3,0,mhxx-romfs-native-table
15,8,3,4,0,mhxx-romfs-native-table
15,8,4,5,0,mhxx-romfs-native-table
15,8,5,6,0,mhxx-romfs-native-table
15,8,6,7,0,mhxx-romfs-native-table
15,9,0,1,1,mhxx-romfs-native-table
15,9,1,2,1,mhxx-romfs-native-table
15,9,2,3,1,mhxx-romfs-native-table
15,9,3,4,1,mhxx-romfs-native-table
15,9,4,5,1,mhxx-romfs-native-table
15,9,5,6,1,mhxx-romfs-native-table
15,10,0,1,0,mhxx-romfs-native-table
15,10,1,2,0,mhxx-romfs-native-table
15,10,2,3,0,mhxx-romfs-native-table
15,10,3,4,0,mhxx-romfs-native-table
15,10,4,5,0,mhxx-romfs-native-table
15,10,5,6,0,mhxx-romfs-native-table
15,10,6,7,0,mhxx-romfs-native-table
15,11,0,1,0,mhxx-romfs-native-table
15,11,1,2,0,mhxx-romfs-native-table
15,11,2,3,0,mhxx-romfs-native-table
15,11,3,4,0,mhxx-romfs-native-table
15,11,4,5,0,mhxx-romfs-native-table
15,11,5,6,0,mhxx-romfs-native-table
15,11,6,7,0,mhxx-romfs-native-table
15,11,7,8,0,mhxx-romfs-native-table
15,11,8,9,0,mhxx-romfs-native-table
15,11,9,10,0,mhxx-romfs-native-table
15,11,10,11,0,mhxx-romfs-native-table
15,12,0,1,1,mhxx-romfs-native-table
15,12,1,2,1,mhxx-romfs-native-table
15,12,2,3,1,mhxx-romfs-native-table
15,12,3,4,1,mhxx-romfs-native-table
15,12,4,5,2,mhxx-romfs-native-table
15,12,5,6,2,mhxx-romfs-native-table
15,12,6,7,2,mhxx-romfs-native-table
15,12,7,8,2,mhxx-romfs-native-table
15,13,0,1,0,mhxx-romfs-native-table
15,13,1,2,0,mhxx-romfs-native-table
15,13,2,3,0,mhxx-romfs-native-table
15,13,3,4,0,mhxx-romfs-native-table
15,13,4,5,0,mhxx-romfs-native-table
15,13,5,6,0,mhxx-romfs-native-table
15,14,0,1,0,mhxx-romfs-native-table
15,14,1,2,0,mhxx-romfs-native-table
15,14,2,3,0,mhxx-romfs-native-table
15,14,3,4,0,mhxx-romfs-native-table
15,14,4,5,0,mhxx-romfs-native-table
15,15,0,1,2,mhxx-romfs-native-table
15,15,1,2,2,mhxx-romfs-native-table
15,15,2,3,2,mhxx-romfs-native-table
15,15,3,4,2,mhxx-romfs-native-table
15,15,4,5,2,mhxx-romfs-native-table
15,16,0,1,0,mhxx-romfs-native-table
15,16,1,2,0,mhxx-romfs-native-table
15,16,2,3,0,mhxx-romfs-native-table
15,16,3,4,0,mhxx-romfs-native-table
15,16,4,5,0,mhxx-romfs-native-table
15,16,5,6,0,mhxx-romfs-native-table
15,16,6,7,0,mhxx-romfs-native-table
15,17,0,1,2,mhxx-romfs-native-table
15,17,1,2,2,mhxx-romfs-native-table
15,17,2,3,2,mhxx-romfs-native-table
15,17,3,4,2,mhxx-romfs-native-table
15,17,4,5,2,mhxx-romfs-native-table
15,17,5,6,2,mhxx-romfs-native-table
15,18,0,1,0,mhxx-romfs-native-table
15,18,1,2,0,mhxx-romfs-native-table
15,18,2,3,1,mhxx-romfs-native-table
15,18,3,4,1,mhxx-romfs-native-table
15,18,4,5,1,mhxx-romfs-native-table
15,18,5,6,2,mhxx-romfs-native-table
15,18,6,7,2,mhxx-romfs-native-table
15,19,0,1,0,mhxx-romfs-native-table
15,19,1,2,0,mhxx-romfs-native-table
15,19,2,3,0,mhxx-romfs-native-table
15,19,3,4,1,mhxx-romfs-native-table
15,19,4,5,1,mhxx-romfs-native-table
15,20,0,1,0,mhxx-romfs-native-table
15,20,1,2,0,mhxx-romfs-native-table
15,20,2,3,0,mhxx-romfs-native-table
15,20,3,4,0,mhxx-romfs-native-table
15,20,4,5,0,mhxx-romfs-native-table
15,20,5,6,0,mhxx-romfs-native-table
15,20,6,7,0,mhxx-romfs-native-table
15,21,0,1,0,mhxx-romfs-native-table
15,21,1,2,1,mhxx-romfs-native-table
15,21,2,3,1,mhxx-romfs-native-table
15,21,3,4,2,mhxx-romfs-native-table
15,21,4,5,2,mhxx-romfs-native-table
15,21,5,6,2,mhxx-romfs-native-table
15,21,6,7,2,mhxx-romfs-native-table
15,21,7,8,2,mhxx-romfs-native-table
15,21,8,9,2,mhxx-romfs-native-table
15,22,0,1,1,mhxx-romfs-native-table
15,22,1,2,1,mhxx-romfs-native-table
15,22,2,3,2,mhxx-romfs-native-table
15,22,3,4,2,mhxx-romfs-native-table
15,22,4,5,2,mhxx-romfs-native-table
15,22,5,6,2,mhxx-romfs-native-table
15,22,6,7,2,mhxx-romfs-native-table
15,22,7,8,2,mhxx-romfs-native-table
15,23,0,1,0,mhxx-romfs-native-table
15,23,1,2,0,mhxx-romfs-native-table
15,23,2,3,0,mhxx-romfs-native-table
15,23,3,4,1,mhxx-romfs-native-table
15,23,4,5,1,mhxx-romfs-native-table
15,23,5,6,2,mhxx-romfs-native-table
15,23,6,7,3,mhxx-romfs-native-table
15,24,0,1,0,mhxx-romfs-native-table
15,24,1,2,0,mhxx-romfs-native-table
15,24,2,3,0,mhxx-romfs-native-table
15,24,3,4,0,mhxx-romfs-native-table
15,24,4,5,0,mhxx-romfs-native-table
15,24,5,6,0,mhxx-romfs-native-table
15,24,6,7,0,mhxx-romfs-native-table
15,24,7,8,0,mhxx-romfs-native-table
15,24,8,9,0,mhxx-romfs-native-table
15,24,9,10,0,mhxx-romfs-native-table
15,24,10,11,0,mhxx-romfs-native-table
15,25,0,1,1,mhxx-romfs-native-table
15,25,1,2,1,mhxx-romfs-native-table
15,25,2,3,1,mhxx-romfs-native-table
15,25,3,4,1,mhxx-romfs-native-table
15,25,4,5,1,mhxx-romfs-native-table
15,25,5,6,1,mhxx-romfs-native-table
15,25,6,7,1,mhxx-romfs-native-table
15,26,0,1,0,mhxx-romfs-native-table
15,26,1,2,1,mhxx-romfs-native-table
15,26,2,3,1,mhxx-romfs-native-table
15,26,3,4,1,mhxx-romfs-native-table
15,26,4,5,1,mhxx-romfs-native-table
15,26,5,6,1,mhxx-romfs-native-table
15,26,6,7,1,mhxx-romfs-native-table
15,27,0,1,0,mhxx-romfs-native-table
15,27,1,2,0,mhxx-romfs-native-table
15,27,2,3,0,mhxx-romfs-native-table
15,27,3,4,0,mhxx-romfs-native-table
15,27,4,5,0,mhxx-romfs-native-table
15,27,5,6,0,mhxx-romfs-native-table
15,27,6,7,0,mhxx-romfs-native-table
15,28,0,1,1,mhxx-romfs-native-table
15,28,1,2,1,mhxx-romfs-native-table
15,28,2,3,1,mhxx-romfs-native-table
15,28,3,4,2,mhxx-romfs-native-table
15,28,4,5,3,mhxx-romfs-native-table
15,29,0,1,0,mhxx-romfs-native-table
15,29,1,2,0,mhxx-romfs-native-table
15,29,2,3,0,mhxx-romfs-native-table
15,29,3,4,0,mhxx-romfs-native-table
15,29,4,5,0,mhxx-romfs-native-table
15,29,5,6,0,mhxx-romfs-native-table
15,29,6,7,0,mhxx-romfs-native-table
15,29,7,8,0,mhxx-romfs-native-table
15,30,0,1,1,mhxx-romfs-native-table
15,30,1,2,1,mhxx-romfs-native-table
15,30,2,3,1,mhxx-romfs-native-table
15,30,3,4,1,mhxx-romfs-native-table
15,30,4,5,1,mhxx-romfs-native-table
15,31,0,1,0,mhxx-romfs-native-table
15,31,1,2,1,mhxx-romfs-native-table
15,31,2,3,2,mhxx-romfs-native-table
15,31,3,4,2,mhxx-romfs-native-table
15,31,4,5,2,mhxx-romfs-native-table
15,31,5,6,2,mhxx-romfs-native-table
15,31,6,7,2,mhxx-romfs-native-table
15,31,7,8,2,mhxx-romfs-native-table
15,32,0,1,0,mhxx-romfs-native-table
15,32,1,2,0,mhxx-romfs-native-table
15,32,2,3,0,mhxx-romfs-native-table
15,32,3,4,0,mhxx-romfs-native-table
15,32,4,5,0,mhxx-romfs-native-table
15,32,5,6,0,mhxx-romfs-native-table
15,32,6,7,0,mhxx-romfs-native-table
15,32,7,8,0,mhxx-romfs-native-table
15,33,0,1,1,mhxx-romfs-native-table
15,33,1,2,1,mhxx-romfs-native-table
15,33,2,3,1,mhxx-romfs-native-table
15,33,3,4,1,mhxx-romfs-native-table
15,33,4,5,1,mhxx-romfs-native-table
15,33,5,6,1,mhxx-romfs-native-table
15,34,0,1,2,mhxx-romfs-native-table
15,34,1,2,2,mhxx-romfs-native-table
15,34,2,3,2,mhxx-romfs-native-table
15,34,3,4,3,mhxx-romfs-native-table
15,34,4,5,3,mhxx-romfs-native-table
15,34,5,6,3,mhxx-romfs-native-table
15,34,6,7,3,mhxx-romfs-native-table
15,35,0,1,0,mhxx-romfs-native-table
15,35,1,2,0,mhxx-romfs-native-table
15,35,2,3,0,mhxx-romfs-native-table
15,35,3,4,1,mhxx-romfs-native-table
15,35,4,5,2,mhxx-romfs-native-table
15,35,5,6,2,mhxx-romfs-native-table
15,35,6,7,3,mhxx-romfs-native-table
15,35,7,8,3,mhxx-romfs-native-table
15,36,0,1,0,mhxx-romfs-native-table
15,36,1,2,0,mhxx-romfs-native-table
15,36,2,3,0,mhxx-romfs-native-table
15,36,3,4,0,mhxx-romfs-native-table
15,36,4,5,0,mhxx-romfs-native-table
15,36,5,6,0,mhxx-romfs-native-table
15,36,6,7,0,mhxx-romfs-native-table
15,37,0,1,2,mhxx-romfs-native-table
15,37,1,2,2,mhxx-romfs-native-table
15,37,2,3,2,mhxx-romfs-native-table
15,37,3,4,2,mhxx-romfs-native-table
15,37,4,5,2,mhxx-romfs-native-table
15,37,5,6,2,mhxx-romfs-native-table
15,38,0,1,1,mhxx-romfs-native-table
15,38,1,2,1,mhxx-romfs-native-table
15,38,2,3,1,mhxx-romfs-native-table
15,38,3,4,1,mhxx-romfs-native-table
15,38,4,5,1,mhxx-romfs-native-table
15,38,5,6,1,mhxx-romfs-native-table
15,38,6,7,1,mhxx-romfs-native-table
15,39,0,1,2,mhxx-romfs-native-table
15,39,1,2,3,mhxx-romfs-native-table
15,39,2,3,3,mhxx-romfs-native-table
15,39,3,4,3,mhxx-romfs-native-table
15,39,4,5,3,mhxx-romfs-native-table
15,40,0,1,0,mhxx-romfs-native-table
15,40,1,2,0,mhxx-romfs-native-table
15,40,2,3,0,mhxx-romfs-native-table
15,40,3,4,0,mhxx-romfs-native-table
15,40,4,5,0,mhxx-romfs-native-table
15,40,5,6,1,mhxx-romfs-native-table
15,40,6,7,1,mhxx-romfs-native-table
15,40,7,8,1,mhxx-romfs-native-table
15,41,0,1,1,mhxx-romfs-native-table
15,41,1,2,1,mhxx-romfs-native-table
15,41,2,3,1,mhxx-romfs-native-table
15,41,3,4,1,mhxx-romfs-native-table
15,41,4,5,1,mhxx-romfs-native-table
15,41,5,6,1,mhxx-romfs-native-table
15,41,6,7,1,mhxx-romfs-native-table
15,41,7,8,1,mhxx-romfs-native-table
15,41,8,9,1,mhxx-romfs-native-table
15,42,0,1,1,mhxx-romfs-native-table
15,42,1,2,1,mhxx-romfs-native-table
15,42,2,3,1,mhxx-romfs-native-table
15,42,3,4,1,mhxx-romfs-native-table
15,42,4,5,1,mhxx-romfs-native-table
15,42,5,6,1,mhxx-romfs-native-table
15,42,6,7,1,mhxx-romfs-native-table
15,42,7,8,1,mhxx-romfs-native-table
15,42,8,9,1,mhxx-romfs-native-table
15,43,0,1,1,mhxx-romfs-native-table
15,43,1,2,1,mhxx-romfs-native-table
15,43,2,3,1,mhxx-romfs-native-table
15,43,3,4,1,mhxx-romfs-native-table
15,43,4,5,1,mhxx-romfs-native-table
15,43,5,6,1,mhxx-romfs-native-table
15,43,6,7,1,mhxx-romfs-native-table
15,43,7,8,1,mhxx-romfs-native-table
15,43,8,9,1,mhxx-romfs-native-table
15,44,0,1,1,mhxx-romfs-native-table
15,44,1,2,1,mhxx-romfs-native-table
15,44,2,3,1,mhxx-romfs-native-table
15,44,3,4,1,mhxx-romfs-native-table
15,44,4,5,1,mhxx-romfs-native-table
15,44,5,6,1,mhxx-romfs-native-table
15,44,6,7,1,mhxx-romfs-native-table
15,44,7,8,1,mhxx-romfs-native-table
15,44,8,9,1,mhxx-romfs-native-table
15,45,0,1,1,mhxx-romfs-native-table
15,45,1,2,1,mhxx-romfs-native-table
15,45,2,3,1,mhxx-romfs-native-table
15,45,3,4,1,mhxx-romfs-native-table
15,45,4,5,1,mhxx-romfs-native-table
15,45,5,6,1,mhxx-romfs-native-table
15,45,6,7,1,mhxx-romfs-native-table
15,46,0,1,1,mhxx-romfs-native-table
15,46,1,2,1,mhxx-romfs-native-table
15,46,2,3,1,mhxx-romfs-native-table
15,46,3,4,1,mhxx-romfs-native-table
15,46,4,5,1,mhxx-romfs-native-table
15,46,5,6,1,mhxx-romfs-native-table
15,46,6,7,1,mhxx-romfs-native-table
15,46,7,8,1,mhxx-romfs-native-table
15,47,0,1,0,mhxx-romfs-native-table
15,47,1,2,0,mhxx-romfs-native-table
15,47,2,3,1,mhxx-romfs-native-table
15,47,3,4,1,mhxx-romfs-native-table
15,47,4,5,1,mhxx-romfs-native-table
15,47,5,6,1,mhxx-romfs-native-table
15,47,6,7,1,mhxx-romfs-native-table
15,47,7,8,1,mhxx-romfs-native-table
15,48,0,1,0,mhxx-romfs-native-table
15,48,1,2,0,mhxx-romfs-native-table
15,48,2,3,0,mhxx-romfs-native-table
15,48,3,4,0,mhxx-romfs-native-table
15,48,4,5,0,mhxx-romfs-native-table
15,48,5,6,0,mhxx-romfs-native-table
15,49,0,1,2,mhxx-romfs-native-table
15,49,1,2,2,mhxx-romfs-native-table
15,49,2,3,3,mhxx-romfs-native-table
15,49,3,4,3,mhxx-romfs-native-table
15,49,4,5,3,mhxx-romfs-native-table
15,49,5,6,3,mhxx-romfs-native-table
15,50,0,1,0,mhxx-romfs-native-table
15,50,1,2,0,mhxx-romfs-native-table
15,50,2,3,0,mhxx-romfs-native-table
15,50,3,4,0,mhxx-romfs-native-table
15,50,4,5,0,mhxx-romfs-native-table
15,50,5,6,0,mhxx-romfs-native-table
15,51,0,1,2,mhxx-romfs-native-table
15,51,1,2,2,mhxx-romfs-native-table
15,51,2,3,2,mhxx-romfs-native-table
15,51,3,4,2,mhxx-romfs-native-table
15,51,4,5,2,mhxx-romfs-native-table
15,52,0,1,0,mhxx-romfs-native-table
15,52,1,2,0,mhxx-romfs-native-table
15,52,2,3,0,mhxx-romfs-native-table
15,52,3,4,0,mhxx-romfs-native-table
15,52,4,5,0,mhxx-romfs-native-table
15,53,0,1,1,mhxx-romfs-native-table
15,53,1,2,1,mhxx-romfs-native-table
15,53,2,3,1,mhxx-romfs-native-table
15,53,3,4,1,mhxx-romfs-native-table
15,53,4,5,1,mhxx-romfs-native-table
15,54,0,1,1,mhxx-romfs-native-table
15,54,1,2,1,mhxx-romfs-native-table
15,54,2,3,1,mhxx-romfs-native-table
15,54,3,4,1,mhxx-romfs-native-table
15,54,4,5,1,mhxx-romfs-native-table
15,54,5,6,1,mhxx-romfs-native-table
15,54,6,7,1,mhxx-romfs-native-table
15,55,0,1,2,mhxx-romfs-native-table
15,55,1,2,2,mhxx-romfs-native-table
15,55,2,3,2,mhxx-romfs-native-table
15,55,3,4,2,mhxx-romfs-native-table
15,55,4,5,2,mhxx-romfs-native-table
15,56,0,1,0,mhxx-romfs-native-table
15,56,1,2,0,mhxx-romfs-native-table
15,56,2,3,0,mhxx-romfs-native-table
15,56,3,4,0,mhxx-romfs-native-table
15,56,4,5,0,mhxx-romfs-native-table
15,57,0,1,0,mhxx-romfs-native-table
15,57,1,2,0,mhxx-romfs-native-table
15,57,2,3,0,mhxx-romfs-native-table
15,57,3,4,0,mhxx-romfs-native-table
15,57,4,5,0,mhxx-romfs-native-table
15,58,0,1,1,mhxx-romfs-native-table
15,58,1,2,1,mhxx-romfs-native-table
15,58,2,3,1,mhxx-romfs-native-table
15,58,3,4,1,mhxx-romfs-native-table
15,58,4,5,1,mhxx-romfs-native-table
15,59,0,1,0,mhxx-romfs-native-table
15,59,1,2,0,mhxx-romfs-native-table
15,59,2,3,0,mhxx-romfs-native-table
15,59,3,4,0,mhxx-romfs-native-table
15,59,4,5,0,mhxx-romfs-native-table
15,60,0,1,0,mhxx-romfs-native-table
15,60,1,2,0,mhxx-romfs-native-table
15,60,2,3,0,mhxx-romfs-native-table
15,60,3,4,0,mhxx-romfs-native-table
15,60,4,5,0,mhxx-romfs-native-table
15,60,5,6,0,mhxx-romfs-native-table
15,60,6,7,0,mhxx-romfs-native-table
15,61,0,1,2,mhxx-romfs-native-table
15,61,1,2,2,mhxx-romfs-native-table
15,61,2,3,2,mhxx-romfs-native-table
15,61,3,4,2,mhxx-romfs-native-table
15,61,4,5,2,mhxx-romfs-native-table
15,62,0,1,1,mhxx-romfs-native-table
15,62,1,2,1,mhxx-romfs-native-table
15,62,2,3,1,mhxx-romfs-native-table
15,62,3,4,1,mhxx-romfs-native-table
15,62,4,5,1,mhxx-romfs-native-table
15,63,0,1,1,mhxx-romfs-native-table
15,63,1,2,2,mhxx-romfs-native-table
15,63,2,3,3,mhxx-romfs-native-table
15,63,3,4,3,mhxx-romfs-native-table
15,63,4,5,3,mhxx-romfs-native-table
15,63,5,6,3,mhxx-romfs-native-table
15,63,6,7,3,mhxx-romfs-native-table
15,63,7,8,3,mhxx-romfs-native-table
15,64,0,1,0,mhxx-romfs-native-table
15,64,1,2,0,mhxx-romfs-native-table
15,64,2,3,0,mhxx-romfs-native-table
15,64,3,4,0,mhxx-romfs-native-table
15,64,4,5,0,mhxx-romfs-native-table
15,64,5,6,1,mhxx-romfs-native-table
15,64,6,7,1,mhxx-romfs-native-table
15,65,0,1,0,mhxx-romfs-native-table
15,65,1,2,0,mhxx-romfs-native-table
15,65,2,3,0,mhxx-romfs-native-table
15,65,3,4,0,mhxx-romfs-native-table
15,65,4,5,0,mhxx-romfs-native-table
15,65,5,6,1,mhxx-romfs-native-table
15,65,6,7,1,mhxx-romfs-native-table
15,65,7,8,2,mhxx-romfs-native-table
15,66,0,1,0,mhxx-romfs-native-table
15,66,1,2,0,mhxx-romfs-native-table
15,66,2,3,0,mhxx-romfs-native-table
15,66,3,4,0,mhxx-romfs-native-table
15,66,4,5,0,mhxx-romfs-native-table
15,66,5,6,0,mhxx-romfs-native-table
15,67,0,1,1,mhxx-romfs-native-table
15,67,1,2,1,mhxx-romfs-native-table
15,67,2,3,2,mhxx-romfs-native-table
15,67,3,4,2,mhxx-romfs-native-table
15,67,4,5,2,mhxx-romfs-native-table
15,67,5,6,2,mhxx-romfs-native-table
15,67,6,7,2,mhxx-romfs-native-table
15,68,0,1,0,mhxx-romfs-native-table
15,68,1,2,0,mhxx-romfs-native-table
15,68,2,3,0,mhxx-romfs-native-table
15,68,3,4,0,mhxx-romfs-native-table
15,68,4,5,0,mhxx-romfs-native-table
15,68,5,6,0,mhxx-romfs-native-table
15,69,0,1,0,mhxx-romfs-native-table
15,69,1,2,0,mhxx-romfs-native-table
15,69,2,3,0,mhxx-romfs-native-table
15,69,3,4,0,mhxx-romfs-native-table
15,69,4,5,2,mhxx-romfs-native-table
15,69,5,6,2,mhxx-romfs-native-table
15,70,0,1,0,mhxx-romfs-native-table
15,70,1,2,0,mhxx-romfs-native-table
15,70,2,3,0,mhxx-romfs-native-table
15,70,3,4,0,mhxx-romfs-native-table
15,70,4,5,0,mhxx-romfs-native-table
15,70,5,6,0,mhxx-romfs-native-table
15,71,0,1,3,mhxx-romfs-native-table
15,71,1,2,3,mhxx-romfs-native-table
15,71,2,3,3,mhxx-romfs-native-table
15,71,3,4,3,mhxx-romfs-native-table
15,71,4,5,3,mhxx-romfs-native-table
15,71,5,6,3,mhxx-romfs-native-table
15,71,6,7,3,mhxx-romfs-native-table
15,72,0,1,2,mhxx-romfs-native-table
15,72,1,2,2,mhxx-romfs-native-table
15,72,2,3,3,mhxx-romfs-native-table
15,72,3,4,3,mhxx-romfs-native-table
15,72,4,5,3,mhxx-romfs-native-table
15,72,5,6,3,mhxx-romfs-native-table
15,73,0,1,0,mhxx-romfs-native-table
15,73,1,2,0,mhxx-romfs-native-table
15,73,2,3,0,mhxx-romfs-native-table
15,73,3,4,0,mhxx-romfs-native-table
15,73,4,5,0,mhxx-romfs-native-table
15,73,5,6,0,mhxx-romfs-native-table
15,73,6,7,0,mhxx-romfs-native-table
15,73,7,8,0,mhxx-romfs-native-table
15,73,8,9,0,mhxx-romfs-native-table
15,73,9,10,0,mhxx-romfs-native-table
15,73,10,11,0,mhxx-romfs-native-table
15,73,11,12,0,mhxx-romfs-native-table
15,73,12,13,0,mhxx-romfs-native-table
15,73,13,14,0,mhxx-romfs-native-table
15,73,14,15,0,mhxx-romfs-native-table
15,74,0,1,0,mhxx-romfs-native-table
15,74,1,2,0,mhxx-romfs-native-table
15,74,2,3,0,mhxx-romfs-native-table
15,74,3,4,0,mhxx-romfs-native-table
15,74,4,5,0,mhxx-romfs-native-table
15,74,5,6,0,mhxx-romfs-native-table
15,74,6,7,0,mhxx-romfs-native-table
15,74,7,8,0,mhxx-romfs-native-table
15,74,8,9,0,mhxx-romfs-native-table
15,74,9,10,0,mhxx-romfs-native-table
15,74,10,11,0,mhxx-romfs-native-table
15,74,11,12,0,mhxx-romfs-native-table
15,74,12,13,0,mhxx-romfs-native-table
15,74,13,14,0,mhxx-romfs-native-table
15,74,14,15,0,mhxx-romfs-native-table
15,75,0,1,0,mhxx-romfs-native-table
15,75,1,2,0,mhxx-romfs-native-table
15,75,2,3,0,mhxx-romfs-native-table
15,75,3,4,0,mhxx-romfs-native-table
15,75,4,5,0,mhxx-romfs-native-table
15,75,5,6,0,mhxx-romfs-native-table
15,75,6,7,0,mhxx-romfs-native-table
15,75,7,8,0,mhxx-romfs-native-table
15,75,8,9,0,mhxx-romfs-native-table
15,75,9,10,0,mhxx-romfs-native-table
15,75,10,11,0,mhxx-romfs-native-table
15,75,11,12,0,mhxx-romfs-native-table
15,75,12,13,0,mhxx-romfs-native-table
15,75,13,14,0,mhxx-romfs-native-table
15,75,14,15,0,mhxx-romfs-native-table
15,76,0,1,0,mhxx-romfs-native-table
15,76,1,2,0,mhxx-romfs-native-table
15,76,2,3,0,mhxx-romfs-native-table
15,76,3,4,0,mhxx-romfs-native-table
15,76,4,5,0,mhxx-romfs-native-table
15,76,5,6,0,mhxx-romfs-native-table
15,76,6,7,0,mhxx-romfs-native-table
15,76,7,8,0,mhxx-romfs-native-table
15,76,8,9,0,mhxx-romfs-native-table
15,76,9,10,0,mhxx-romfs-native-table
15,76,10,11,0,mhxx-romfs-native-table
15,76,11,12,0,mhxx-romfs-native-table
15,76,12,13,0,mhxx-romfs-native-table
15,76,13,14,0,mhxx-romfs-native-table
15,76,14,15,0,mhxx-romfs-native-table
15,77,0,1,0,mhxx-romfs-native-table
15,77,1,2,0,mhxx-romfs-native-table
15,77,2,3,0,mhxx-romfs-native-table
15,77,3,4,0,mhxx-romfs-native-table
15,77,4,5,0,mhxx-romfs-native-table
15,77,5,6,0,mhxx-romfs-native-table
15,77,6,7,0,mhxx-romfs-native-table
15,77,7,8,0,mhxx-romfs-native-table
15,77,8,9,0,mhxx-romfs-native-table
15,77,9,10,0,mhxx-romfs-native-table
15,77,10,11,0,mhxx-romfs-native-table
15,77,11,12,0,mhxx-romfs-native-table
15,77,12,13,0,mhxx-romfs-native-table
15,77,13,14,0,mhxx-romfs-native-table
15,77,14,15,0,mhxx-romfs-native-table
15,78,0,1,0,mhxx-romfs-native-table
15,78,1,2,0,mhxx-romfs-native-table
15,78,2,3,0,mhxx-romfs-native-table
15,78,3,4,0,mhxx-romfs-native-table
15,78,4,5,0,mhxx-romfs-native-table
15,78,5,6,0,mhxx-romfs-native-table
15,78,6,7,0,mhxx-romfs-native-table
15,78,7,8,0,mhxx-romfs-native-table
15,78,8,9,0,mhxx-romfs-native-table
15,78,9,10,0,mhxx-romfs-native-table
15,78,10,11,0,mhxx-romfs-native-table
15,78,11,12,0,mhxx-romfs-native-table
15,78,12,13,0,mhxx-romfs-native-table
15,78,13,14,0,mhxx-romfs-native-table
15,78,14,15,0,mhxx-romfs-native-table
15,79,0,1,0,mhxx-romfs-native-table
15,79,1,2,0,mhxx-romfs-native-table
15,79,2,3,0,mhxx-romfs-native-table
15,79,3,4,0,mhxx-romfs-native-table
15,79,4,5,0,mhxx-romfs-native-table
15,79,5,6,0,mhxx-romfs-native-table
15,79,6,7,0,mhxx-romfs-native-table
15,79,7,8,0,mhxx-romfs-native-table
15,79,8,9,0,mhxx-romfs-native-table
15,79,9,10,0,mhxx-romfs-native-table
15,79,10,11,0,mhxx-romfs-native-table
15,79,11,12,0,mhxx-romfs-native-table
15,79,12,13,0,mhxx-romfs-native-table
15,79,13,14,0,mhxx-romfs-native-table
15,79,14,15,0,mhxx-romfs-native-table
15,80,0,1,0,mhxx-romfs-native-table
15,80,1,2,0,mhxx-romfs-native-table
15,80,2,3,0,mhxx-romfs-native-table
15,80,3,4,0,mhxx-romfs-native-table
15,80,4,5,0,mhxx-romfs-native-table
15,80,5,6,0,mhxx-romfs-native-table
15,80,6,7,0,mhxx-romfs-native-table
15,80,7,8,0,mhxx-romfs-native-table
15,80,8,9,0,mhxx-romfs-native-table
15,80,9,10,0,mhxx-romfs-native-table
15,80,10,11,0,mhxx-romfs-native-table
15,80,11,12,0,mhxx-romfs-native-table
15,80,12,13,0,mhxx-romfs-native-table
15,80,13,14,0,mhxx-romfs-native-table
15,80,14,15,0,mhxx-romfs-native-table
15,81,0,1,0,mhxx-romfs-native-table
15,81,1,2,0,mhxx-romfs-native-table
15,81,2,3,0,mhxx-romfs-native-table
15,81,3,4,0,mhxx-romfs-native-table
15,81,4,5,0,mhxx-romfs-native-table
15,81,5,6,0,mhxx-romfs-native-table
15,81,6,7,0,mhxx-romfs-native-table
15,81,7,8,0,mhxx-romfs-native-table
15,81,8,9,0,mhxx-romfs-native-table
15,81,9,10,0,mhxx-romfs-native-table
15,81,10,11,0,mhxx-romfs-native-table
15,81,11,12,0,mhxx-romfs-native-table
15,81,12,13,0,mhxx-romfs-native-table
15,81,13,14,0,mhxx-romfs-native-table
15,81,14,15,0,mhxx-romfs-native-table
15,82,0,1,0,mhxx-romfs-native-table
15,82,1,2,0,mhxx-romfs-native-table
15,82,2,3,0,mhxx-romfs-native-table
15,82,3,4,0,mhxx-romfs-native-table
15,82,4,5,0,mhxx-romfs-native-table
15,82,5,6,0,mhxx-romfs-native-table
15,82,6,7,0,mhxx-romfs-native-table
15,82,7,8,0,mhxx-romfs-native-table
15,82,8,9,0,mhxx-romfs-native-table
15,82,9,10,0,mhxx-romfs-native-table
15,82,10,11,0,mhxx-romfs-native-table
15,82,11,12,0,mhxx-romfs-native-table
15,82,12,13,0,mhxx-romfs-native-table
15,82,13,14,0,mhxx-romfs-native-table
15,82,14,15,0,mhxx-romfs-native-table
15,83,0,1,0,mhxx-romfs-native-table
15,83,1,2,0,mhxx-romfs-native-table
15,83,2,3,0,mhxx-romfs-native-table
15,83,3,4,0,mhxx-romfs-native-table
15,83,4,5,0,mhxx-romfs-native-table
15,83,5,6,0,mhxx-romfs-native-table
15,83,6,7,0,mhxx-romfs-native-table
15,83,7,8,0,mhxx-romfs-native-table
15,83,8,9,0,mhxx-romfs-native-table
15,83,9,10,0,mhxx-romfs-native-table
15,83,10,11,0,mhxx-romfs-native-table
15,83,11,12,0,mhxx-romfs-native-table
15,83,12,13,0,mhxx-romfs-native-table
15,83,13,14,0,mhxx-romfs-native-table
15,83,14,15,0,mhxx-romfs-native-table
15,84,0,1,3,mhxx-romfs-native-table
15,84,1,2,3,mhxx-romfs-native-table
15,84,2,3,3,mhxx-romfs-native-table
15,84,3,4,3,mhxx-romfs-native-table
15,84,4,5,3,mhxx-romfs-native-table
15,85,0,1,1,mhxx-romfs-native-table
15,85,1,2,1,mhxx-romfs-native-table
15,85,2,3,1,mhxx-romfs-native-table
15,85,3,4,1,mhxx-romfs-native-table
15,85,4,5,1,mhxx-romfs-native-table
15,86,0,1,3,mhxx-romfs-native-table
15,86,1,2,3,mhxx-romfs-native-table
15,86,2,3,3,mhxx-romfs-native-table
15,86,3,4,3,mhxx-romfs-native-table
15,86,4,5,3,mhxx-romfs-native-table
15,87,0,1,3,mhxx-romfs-native-table
15,87,1,2,3,mhxx-romfs-native-table
15,87,2,3,3,mhxx-romfs-native-table
15,88,0,1,1,mhxx-romfs-native-table
15,88,1,2,1,mhxx-romfs-native-table
15,88,2,3,2,mhxx-romfs-native-table
15,88,3,4,2,mhxx-romfs-native-table
15,88,4,5,2,mhxx-romfs-native-table
15,88,5,6,2,mhxx-romfs-native-table
15,89,0,1,0,mhxx-romfs-native-table
15,89,1,2,0,mhxx-romfs-native-table
15,89,2,3,0,mhxx-romfs-native-table
15,89,3,4,0,mhxx-romfs-native-table
15,89,4,5,0,mhxx-romfs-native-table
15,90,0,1,0,mhxx-romfs-native-table
15,90,1,2,0,mhxx-romfs-native-table
15,90,2,3,0,mhxx-romfs-native-table
15,90,3,4,0,mhxx-romfs-native-table
15,90,4,5,0,mhxx-romfs-native-table
15,91,0,1,0,mhxx-romfs-native-table
15,91,1,2,0,mhxx-romfs-native-table
15,91,2,3,0,mhxx-romfs-native-table
15,91,3,4,0,mhxx-romfs-native-table
15,91,4,5,0,mhxx-romfs-native-table
15,92,0,1,0,mhxx-romfs-native-table
15,92,1,2,0,mhxx-romfs-native-table
15,92,2,3,0,mhxx-romfs-native-table
15,92,3,4,0,mhxx-romfs-native-table
15,92,4,5,0,mhxx-romfs-native-table
15,93,0,1,0,mhxx-romfs-native-table
15,93,1,2,0,mhxx-romfs-native-table
15,93,2,3,0,mhxx-romfs-native-table
15,93,3,4,0,mhxx-romfs-native-table
15,93,4,5,0,mhxx-romfs-native-table
15,94,0,1,0,mhxx-romfs-native-table
15,94,1,2,0,mhxx-romfs-native-table
15,94,2,3,0,mhxx-romfs-native-table
15,95,0,1,3,mhxx-romfs-native-table
15,95,1,2,3,mhxx-romfs-native-table
15,95,2,3,3,mhxx-romfs-native-table
15,96,0,1,0,mhxx-romfs-native-table
15,96,1,2,0,mhxx-romfs-native-table
15,96,2,3,0,mhxx-romfs-native-table
15,97,0,1,2,mhxx-romfs-native-table
15,97,1,2,2,mhxx-romfs-native-table
15,97,2,3,2,mhxx-romfs-native-table
15,98,0,1,0,mhxx-romfs-native-table
15,98,1,2,0,mhxx-romfs-native-table
15,98,2,3,0,mhxx-romfs-native-table
15,99,0,1,0,mhxx-romfs-native-table
15,99,1,2,0,mhxx-romfs-native-table
15,99,2,3,0,mhxx-romfs-native-table
15,99,3,4,0,mhxx-romfs-native-table
15,99,4,5,0,mhxx-romfs-native-table
15,100,0,1,1,mhxx-romfs-native-table
15,100,1,2,1,mhxx-romfs-native-table
15,100,2,3,1,mhxx-romfs-native-table
15,100,3,4,1,mhxx-romfs-native-table
15,100,4,5,1,mhxx-romfs-native-table
15,100,5,6,1,mhxx-romfs-native-table
15,101,0,1,0,mhxx-romfs-native-table
15,101,1,2,1,mhxx-romfs-native-table
15,101,2,3,2,mhxx-romfs-native-table
15,101,3,4,2,mhxx-romfs-native-table
15,102,0,1,1,mhxx-romfs-native-table
15,102,1,2,1,mhxx-romfs-native-table
15,102,2,3,1,mhxx-romfs-native-table
15,103,0,1,0,mhxx-romfs-native-table
15,103,1,2,0,mhxx-romfs-native-table
15,103,2,3,0,mhxx-romfs-native-table
15,103,3,4,1,mhxx-romfs-native-table
15,103,4,5,1,mhxx-romfs-native-table
15,103,5,6,1,mhxx-romfs-native-table
15,104,0,1,2,mhxx-romfs-native-table
15,104,1,2,2,mhxx-romfs-native-table
15,104,2,3,2,mhxx-romfs-native-table
15,104,3,4,2,mhxx-romfs-native-table
15,104,4,5,2,mhxx-romfs-native-table
15,104,5,6,3,mhxx-romfs-native-table
15,105,0,1,1,mhxx-romfs-native-table
15,105,1,2,1,mhxx-romfs-native-table
15,105,2,3,1,mhxx-romfs-native-table
15,105,3,4,2,mhxx-romfs-native-table
15,105,4,5,3,mhxx-romfs-native-table
15,106,0,1,0,mhxx-romfs-native-table
15,106,1,2,0,mhxx-romfs-native-table
15,106,2,3,0,mhxx-romfs-native-table
15,107,0,1,1,mhxx-romfs-native-table
15,107,1,2,1,mhxx-romfs-native-table
15,107,2,3,1,mhxx-romfs-native-table
15,108,0,1,0,mhxx-romfs-native-table
15,108,1,2,0,mhxx-romfs-native-table
15,108,2,3,0,mhxx-romfs-native-table
15,109,0,1,0,mhxx-romfs-native-table
15,109,1,2,0,mhxx-romfs-native-table
15,109,2,3,0,mhxx-romfs-native-table
15,109,3,4,0,mhxx-romfs-native-table
16,0,0,1,0,mhxx-romfs-native-table
16,1,0,1,0,mhxx-romfs-native-table
16,1,1,2,0,mhxx-romfs-native-table
16,1,2,3,0,mhxx-romfs-native-table
16,1,3,4,0,mhxx-romfs-native-table
16,1,4,5,0,mhxx-romfs-native-table
16,1,5,6,1,mhxx-romfs-native-table
16,1,6,7,1,mhxx-romfs-native-table
16,1,7,8,1,mhxx-romfs-native-table
16,1,8,9,2,mhxx-romfs-native-table
16,1,9,10,2,mhxx-romfs-native-table
16,1,10,11,3,mhxx-romfs-native-table
16,2,0,1,0,mhxx-romfs-native-table
16,2,1,2,0,mhxx-romfs-native-table
16,2,2,3,0,mhxx-romfs-native-table
16,2,3,4,0,mhxx-romfs-native-table
16,2,4,5,0,mhxx-romfs-native-table
16,2,5,6,0,mhxx-romfs-native-table
16,2,6,7,1,mhxx-romfs-native-table
16,2,7,8,2,mhxx-romfs-native-table
16,3,0,1,1,mhxx-romfs-native-table
16,3,1,2,1,mhxx-romfs-native-table
16,3,2,3,1,mhxx-romfs-native-table
16,3,3,4,2,mhxx-romfs-native-table
16,3,4,5,2,mhxx-romfs-native-table
16,3,5,6,2,mhxx-romfs-native-table
16,3,6,7,2,mhxx-romfs-native-table
16,3,7,8,2,mhxx-romfs-native-table
16,3,8,9,3,mhxx-romfs-native-table
16,4,0,1,0,mhxx-romfs-native-table
16,4,1,2,0,mhxx-romfs-native-table
16,4,2,3,0,mhxx-romfs-native-table
16,4,3,4,0,mhxx-romfs-native-table
16,4,4,5,0,mhxx-romfs-native-table
16,4,5,6,0,mhxx-romfs-native-table
16,4,6,7,0,mhxx-romfs-native-table
16,4,7,8,0,mhxx-romfs-native-table
16,5,0,1,1,mhxx-romfs-native-table
16,5,1,2,1,mhxx-romfs-native-table
16,5,2,3,1,mhxx-romfs-native-table
16,5,3,4,1,mhxx-romfs-native-table
16,5,4,5,1,mhxx-romfs-native-table
16,5,5,6,1,mhxx-romfs-native-table
16,5,6,7,1,mhxx-romfs-native-table
16,6,0,1,0,mhxx-romfs-native-table
16,6,1,2,0,mhxx-romfs-native-table
16,6,2,3,0,mhxx-romfs-native-table
16,6,3,4,0,mhxx-romfs-native-table
16,6,4,5,1,mhxx-romfs-native-table
16,6,5,6,1,mhxx-romfs-native-table
16,6,6,7,1,mhxx-romfs-native-table
16,6,7,8,1,mhxx-romfs-native-table
16,7,0,1,2,mhxx-romfs-native-table
16,7,1,2,3,mhxx-romfs-native-table
16,7,2,3,3,mhxx-romfs-native-table
16,7,3,4,3,mhxx-romfs-native-table
16,7,4,5,3,mhxx-romfs-native-table
16,8,0,1,0,mhxx-romfs-native-table
16,8,1,2,0,mhxx-romfs-native-table
16,8,2,3,0,mhxx-romfs-native-table
16,8,3,4,1,mhxx-romfs-native-table
16,8,4,5,1,mhxx-romfs-native-table
16,8,5,6,1,mhxx-romfs-native-table
16,9,0,1,2,mhxx-romfs-native-table
16,9,1,2,2,mhxx-romfs-native-table
16,9,2,3,2,mhxx-romfs-native-table
16,9,3,4,2,mhxx-romfs-native-table
16,9,4,5,2,mhxx-romfs-native-table
16,10,0,1,0,mhxx-romfs-native-table
16,10,1,2,0,mhxx-romfs-native-table
16,10,2,3,0,mhxx-romfs-native-table
16,10,3,4,0,mhxx-romfs-native-table
16,10,4,5,0,mhxx-romfs-native-table
16,10,5,6,0,mhxx-romfs-native-table
16,10,6,7,1,mhxx-romfs-native-table
16,10,7,8,1,mhxx-romfs-native-table
16,11,0,1,2,mhxx-romfs-native-table
16,11,1,2,2,mhxx-romfs-native-table
16,11,2,3,2,mhxx-romfs-native-table
16,11,3,4,3,mhxx-romfs-native-table
16,11,4,5,3,mhxx-romfs-native-table
16,11,5,6,3,mhxx-romfs-native-table
16,12,0,1,0,mhxx-romfs-native-table
16,12,1,2,0,mhxx-romfs-native-table
16,12,2,3,0,mhxx-romfs-native-table
16,12,3,4,0,mhxx-romfs-native-table
16,12,4,5,0,mhxx-romfs-native-table
16,13,0,1,0,mhxx-romfs-native-table
16,13,1,2,0,mhxx-romfs-native-table
16,13,2,3,0,mhxx-romfs-native-table
16,13,3,4,0,mhxx-romfs-native-table
16,13,4,5,0,mhxx-romfs-native-table
16,13,5,6,0,mhxx-romfs-native-table
16,13,6,7,0,mhxx-romfs-native-table
16,13,7,8,0,mhxx-romfs-native-table
16,13,8,9,0,mhxx-romfs-native-table
16,13,9,10,0,mhxx-romfs-native-table
16,13,10,11,0,mhxx-romfs-native-table
16,14,0,1,0,mhxx-romfs-native-table
16,14,1,2,0,mhxx-romfs-native-table
16,14,2,3,0,mhxx-romfs-native-table
16,14,3,4,0,mhxx-romfs-native-table
16,14,4,5,0,mhxx-romfs-native-table
16,14,5,6,0,mhxx-romfs-native-table
16,15,0,1,0,mhxx-romfs-native-table
16,15,1,2,0,mhxx-romfs-native-table
16,15,2,3,0,mhxx-romfs-native-table
16,15,3,4,0,mhxx-romfs-native-table
16,15,4,5,0,mhxx-romfs-native-table
16,16,0,1,1,mhxx-romfs-native-table
16,16,1,2,1,mhxx-romfs-native-table
16,16,2,3,1,mhxx-romfs-native-table
16,16,3,4,1,mhxx-romfs-native-table
16,16,4,5,1,mhxx-romfs-native-table
16,16,5,6,1,mhxx-romfs-native-table
16,16,6,7,1,mhxx-romfs-native-table
16,17,0,1,2,mhxx-romfs-native-table
16,17,1,2,2,mhxx-romfs-native-table
16,17,2,3,2,mhxx-romfs-native-table
16,17,3,4,2,mhxx-romfs-native-table
16,17,4,5,2,mhxx-romfs-native-table
16,17,5,6,2,mhxx-romfs-native-table
16,18,0,1,1,mhxx-romfs-native-table
16,18,1,2,1,mhxx-romfs-native-table
16,18,2,3,1,mhxx-romfs-native-table
16,18,3,4,1,mhxx-romfs-native-table
16,18,4,5,1,mhxx-romfs-native-table
16,18,5,6,1,mhxx-romfs-native-table
16,18,6,7,1,mhxx-romfs-native-table
16,18,7,8,1,mhxx-romfs-native-table
16,19,0,1,2,mhxx-romfs-native-table
16,19,1,2,2,mhxx-romfs-native-table
16,19,2,3,2,mhxx-romfs-native-table
16,19,3,4,2,mhxx-romfs-native-table
16,19,4,5,2,mhxx-romfs-native-table
16,19,5,6,2,mhxx-romfs-native-table
16,19,6,7,2,mhxx-romfs-native-table
16,20,0,1,1,mhxx-romfs-native-table
16,20,1,2,1,mhxx-romfs-native-table
16,20,2,3,1,mhxx-romfs-native-table
16,20,3,4,1,mhxx-romfs-native-table
16,20,4,5,1,mhxx-romfs-native-table
16,20,5,6,2,mhxx-romfs-native-table
16,20,6,7,2,mhxx-romfs-native-table
16,20,7,8,2,mhxx-romfs-native-table
16,21,0,1,2,mhxx-romfs-native-table
16,21,1,2,2,mhxx-romfs-native-table
16,21,2,3,2,mhxx-romfs-native-table
16,21,3,4,2,mhxx-romfs-native-table
16,21,4,5,2,mhxx-romfs-native-table
16,22,0,1,0,mhxx-romfs-native-table
16,22,1,2,0,mhxx-romfs-native-table
16,22,2,3,0,mhxx-romfs-native-table
16,22,3,4,0,mhxx-romfs-native-table
16,22,4,5,0,mhxx-romfs-native-table
16,22,5,6,0,mhxx-romfs-native-table
16,22,6,7,0,mhxx-romfs-native-table
16,22,7,8,0,mhxx-romfs-native-table
16,23,0,1,0,mhxx-romfs-native-table
16,23,1,2,0,mhxx-romfs-native-table
16,23,2,3,0,mhxx-romfs-native-table
16,23,3,4,0,mhxx-romfs-native-table
16,23,4,5,0,mhxx-romfs-native-table
16,23,5,6,0,mhxx-romfs-native-table
16,23,6,7,0,mhxx-romfs-native-table
16,24,0,1,1,mhxx-romfs-native-table
16,24,1,2,1,mhxx-romfs-native-table
16,24,2,3,1,mhxx-romfs-native-table
16,24,3,4,1,mhxx-romfs-native-table
16,24,4,5,1,mhxx-romfs-native-table
16,24,5,6,1,mhxx-romfs-native-table
16,25,0,1,2,mhxx-romfs-native-table
16,25,1,2,2,mhxx-romfs-native-table
16,25,2,3,3,mhxx-romfs-native-table
16,25,3,4,3,mhxx-romfs-native-table
16,25,4,5,3,mhxx-romfs-native-table
16,25,5,6,3,mhxx-romfs-native-table
16,25,6,7,3,mhxx-romfs-native-table
16,26,0,1,0,mhxx-romfs-native-table
16,26,1,2,0,mhxx-romfs-native-table
16,26,2,3,0,mhxx-romfs-native-table
16,26,3,4,0,mhxx-romfs-native-table
16,26,4,5,0,mhxx-romfs-native-table
16,26,5,6,0,mhxx-romfs-native-table
16,26,6,7,0,mhxx-romfs-native-table
16,26,7,8,0,mhxx-romfs-native-table
16,27,0,1,1,mhxx-romfs-native-table
16,27,1,2,1,mhxx-romfs-native-table
16,27,2,3,1,mhxx-romfs-native-table
16,27,3,4,1,mhxx-romfs-native-table
16,27,4,5,2,mhxx-romfs-native-table
16,27,5,6,2,mhxx-romfs-native-table
16,27,6,7,2,mhxx-romfs-native-table
16,27,7,8,2,mhxx-romfs-native-table
16,27,8,9,2,mhxx-romfs-native-table
16,27,9,10,2,mhxx-romfs-native-table
16,28,0,1,1,mhxx-romfs-native-table
16,28,1,2,1,mhxx-romfs-native-table
16,28,2,3,1,mhxx-romfs-native-table
16,28,3,4,1,mhxx-romfs-native-table
16,28,4,5,1,mhxx-romfs-native-table
16,28,5,6,1,mhxx-romfs-native-table
16,28,6,7,1,mhxx-romfs-native-table
16,29,0,1,1,mhxx-romfs-native-table
16,29,1,2,1,mhxx-romfs-native-table
16,29,2,3,2,mhxx-romfs-native-table
16,29,3,4,2,mhxx-romfs-native-table
16,29,4,5,2,mhxx-romfs-native-table
16,29,5,6,2,mhxx-romfs-native-table
16,29,6,7,2,mhxx-romfs-native-table
16,29,7,8,2,mhxx-romfs-native-table
16,29,8,9,2,mhxx-romfs-native-table
16,30,0,1,0,mhxx-romfs-native-table
16,30,1,2,0,mhxx-romfs-native-table
16,30,2,3,0,mhxx-romfs-native-table
16,30,3,4,0,mhxx-romfs-native-table
16,30,4,5,0,mhxx-romfs-native-table
16,30,5,6,0,mhxx-romfs-native-table
16,30,6,7,0,mhxx-romfs-native-table
16,30,7,8,0,mhxx-romfs-native-table
16,30,8,9,0,mhxx-romfs-native-table
16,30,9,10,0,mhxx-romfs-native-table
16,30,10,11,0,mhxx-romfs-native-table
16,31,0,1,0,mhxx-romfs-native-table
16,31,1,2,0,mhxx-romfs-native-table
16,31,2,3,0,mhxx-romfs-native-table
16,31,3,4,0,mhxx-romfs-native-table
16,31,4,5,0,mhxx-romfs-native-table
16,31,5,6,0,mhxx-romfs-native-table
16,32,0,1,1,mhxx-romfs-native-table
16,32,1,2,1,mhxx-romfs-native-table
16,32,2,3,1,mhxx-romfs-native-table
16,32,3,4,1,mhxx-romfs-native-table
16,32,4,5,1,mhxx-romfs-native-table
16,33,0,1,0,mhxx-romfs-native-table
16,33,1,2,0,mhxx-romfs-native-table
16,33,2,3,1,mhxx-romfs-native-table
16,33,3,4,1,mhxx-romfs-native-table
16,33,4,5,1,mhxx-romfs-native-table
16,33,5,6,1,mhxx-romfs-native-table
16,33,6,7,1,mhxx-romfs-native-table
16,34,0,1,1,mhxx-romfs-native-table
16,34,1,2,1,mhxx-romfs-native-table
16,34,2,3,1,mhxx-romfs-native-table
16,34,3,4,1,mhxx-romfs-native-table
16,34,4,5,1,mhxx-romfs-native-table
16,34,5,6,2,mhxx-romfs-native-table
16,34,6,7,2,mhxx-romfs-native-table
16,34,7,8,2,mhxx-romfs-native-table
16,35,0,1,0,mhxx-romfs-native-table
16,35,1,2,0,mhxx-romfs-native-table
16,35,2,3,0,mhxx-romfs-native-table
16,35,3,4,1,mhxx-romfs-native-table
16,35,4,5,1,mhxx-romfs-native-table
16,36,0,1,1,mhxx-romfs-native-table
16,36,1,2,1,mhxx-romfs-native-table
16,36,2,3,1,mhxx-romfs-native-table
16,36,3,4,1,mhxx-romfs-native-table
16,36,4,5,1,mhxx-romfs-native-table
16,36,5,6,1,mhxx-romfs-native-table
16,36,6,7,2,mhxx-romfs-native-table
16,37,0,1,1,mhxx-romfs-native-table
16,37,1,2,1,mhxx-romfs-native-table
16,37,2,3,1,mhxx-romfs-native-table
16,37,3,4,2,mhxx-romfs-native-table
16,37,4,5,2,mhxx-romfs-native-table
16,37,5,6,2,mhxx-romfs-native-table
16,37,6,7,2,mhxx-romfs-native-table
16,38,0,1,0,mhxx-romfs-native-table
16,38,1,2,0,mhxx-romfs-native-table
16,38,2,3,0,mhxx-romfs-native-table
16,38,3,4,0,mhxx-romfs-native-table
16,38,4,5,0,mhxx-romfs-native-table
16,38,5,6,0,mhxx-romfs-native-table
16,38,6,7,0,mhxx-romfs-native-table
16,38,7,8,0,mhxx-romfs-native-table
16,39,0,1,0,mhxx-romfs-native-table
16,39,1,2,0,mhxx-romfs-native-table
16,39,2,3,0,mhxx-romfs-native-table
16,39,3,4,0,mhxx-romfs-native-table
16,39,4,5,0,mhxx-romfs-native-table
16,39,5,6,0,mhxx-romfs-native-table
16,39,6,7,0,mhxx-romfs-native-table
16,39,7,8,0,mhxx-romfs-native-table
16,40,0,1,1,mhxx-romfs-native-table
16,40,1,2,1,mhxx-romfs-native-table
16,40,2,3,1,mhxx-romfs-native-table
16,40,3,4,2,mhxx-romfs-native-table
16,40,4,5,2,mhxx-romfs-native-table
16,40,5,6,2,mhxx-romfs-native-table
16,40,6,7,2,mhxx-romfs-native-table
16,41,0,1,0,mhxx-romfs-native-table
16,41,1,2,0,mhxx-romfs-native-table
16,41,2,3,0,mhxx-romfs-native-table
16,41,3,4,0,mhxx-romfs-native-table
16,41,4,5,0,mhxx-romfs-native-table
16,42,0,1,1,mhxx-romfs-native-table
16,42,1,2,1,mhxx-romfs-native-table
16,42,2,3,2,mhxx-romfs-native-table
16,42,3,4,2,mhxx-romfs-native-table
16,42,4,5,2,mhxx-romfs-native-table
16,42,5,6,2,mhxx-romfs-native-table
16,42,6,7,2,mhxx-romfs-native-table
16,42,7,8,2,mhxx-romfs-native-table
16,43,0,1,0,mhxx-romfs-native-table
16,43,1,2,1,mhxx-romfs-native-table
16,43,2,3,2,mhxx-romfs-native-table
16,43,3,4,2,mhxx-romfs-native-table
16,43,4,5,2,mhxx-romfs-native-table
16,43,5,6,2,mhxx-romfs-native-table
16,43,6,7,2,mhxx-romfs-native-table
16,43,7,8,2,mhxx-romfs-native-table
16,44,0,1,0,mhxx-romfs-native-table
16,44,1,2,0,mhxx-romfs-native-table
16,44,2,3,1,mhxx-romfs-native-table
16,44,3,4,1,mhxx-romfs-native-table
16,44,4,5,2,mhxx-romfs-native-table
16,44,5,6,2,mhxx-romfs-native-table
16,44,6,7,2,mhxx-romfs-native-table
16,44,7,8,2,mhxx-romfs-native-table
16,44,8,9,2,mhxx-romfs-native-table
16,45,0,1,0,mhxx-romfs-native-table
16,45,1,2,0,mhxx-romfs-native-table
16,45,2,3,1,mhxx-romfs-native-table
16,45,3,4,1,mhxx-romfs-native-table
16,45,4,5,1,mhxx-romfs-native-table
16,45,5,6,1,mhxx-romfs-native-table
16,45,6,7,1,mhxx-romfs-native-table
16,45,7,8,1,mhxx-romfs-native-table
16,46,0,1,0,mhxx-romfs-native-table
16,46,1,2,1,mhxx-romfs-native-table
16,46,2,3,2,mhxx-romfs-native-table
16,46,3,4,3,mhxx-romfs-native-table
16,46,4,5,3,mhxx-romfs-native-table
16,46,5,6,3,mhxx-romfs-native-table
16,46,6,7,3,mhxx-romfs-native-table
16,46,7,8,3,mhxx-romfs-native-table
16,47,0,1,2,mhxx-romfs-native-table
16,47,1,2,2,mhxx-romfs-native-table
16,47,2,3,3,mhxx-romfs-native-table
16,47,3,4,3,mhxx-romfs-native-table
16,47,4,5,3,mhxx-romfs-native-table
16,47,5,6,3,mhxx-romfs-native-table
16,48,0,1,2,mhxx-romfs-native-table
16,48,1,2,2,mhxx-romfs-native-table
16,48,2,3,2,mhxx-romfs-native-table
16,48,3,4,2,mhxx-romfs-native-table
16,48,4,5,2,mhxx-romfs-native-table
16,48,5,6,2,mhxx-romfs-native-table
16,49,0,1,1,mhxx-romfs-native-table
16,49,1,2,1,mhxx-romfs-native-table
16,49,2,3,1,mhxx-romfs-native-table
16,49,3,4,1,mhxx-romfs-native-table
16,49,4,5,1,mhxx-romfs-native-table
16,49,5,6,1,mhxx-romfs-native-table
16,49,6,7,1,mhxx-romfs-native-table
16,49,7,8,1,mhxx-romfs-native-table
16,49,8,9,1,mhxx-romfs-native-table
16,50,0,1,1,mhxx-romfs-native-table
16,50,1,2,1,mhxx-romfs-native-table
16,50,2,3,1,mhxx-romfs-native-table
16,50,3,4,1,mhxx-romfs-native-table
16,50,4,5,1,mhxx-romfs-native-table
16,50,5,6,1,mhxx-romfs-native-table
16,50,6,7,1,mhxx-romfs-native-table
16,50,7,8,1,mhxx-romfs-native-table
16,50,8,9,1,mhxx-romfs-native-table
16,51,0,1,1,mhxx-romfs-native-table
16,51,1,2,1,mhxx-romfs-native-table
16,51,2,3,1,mhxx-romfs-native-table
16,51,3,4,1,mhxx-romfs-native-table
16,51,4,5,1,mhxx-romfs-native-table
16,51,5,6,1,mhxx-romfs-native-table
16,51,6,7,1,mhxx-romfs-native-table
16,51,7,8,1,mhxx-romfs-native-table
16,51,8,9,1,mhxx-romfs-native-table
16,52,0,1,1,mhxx-romfs-native-table
16,52,1,2,1,mhxx-romfs-native-table
16,52,2,3,1,mhxx-romfs-native-table
16,52,3,4,1,mhxx-romfs-native-table
16,52,4,5,1,mhxx-romfs-native-table
16,52,5,6,1,mhxx-romfs-native-table
16,52,6,7,1,mhxx-romfs-native-table
16,52,7,8,1,mhxx-romfs-native-table
16,52,8,9,1,mhxx-romfs-native-table
16,53,0,1,1,mhxx-romfs-native-table
16,53,1,2,1,mhxx-romfs-native-table
16,53,2,3,1,mhxx-romfs-native-table
16,53,3,4,1,mhxx-romfs-native-table
16,53,4,5,1,mhxx-romfs-native-table
16,53,5,6,1,mhxx-romfs-native-table
16,53,6,7,1,mhxx-romfs-native-table
16,54,0,1,1,mhxx-romfs-native-table
16,54,1,2,1,mhxx-romfs-native-table
16,54,2,3,1,mhxx-romfs-native-table
16,54,3,4,1,mhxx-romfs-native-table
16,54,4,5,1,mhxx-romfs-native-table
16,54,5,6,1,mhxx-romfs-native-table
16,54,6,7,1,mhxx-romfs-native-table
16,54,7,8,1,mhxx-romfs-native-table
16,55,0,1,1,mhxx-romfs-native-table
16,55,1,2,1,mhxx-romfs-native-table
16,55,2,3,1,mhxx-romfs-native-table
16,55,3,4,1,mhxx-romfs-native-table
16,55,4,5,1,mhxx-romfs-native-table
16,55,5,6,1,mhxx-romfs-native-table
16,56,0,1,1,mhxx-romfs-native-table
16,56,1,2,1,mhxx-romfs-native-table
16,56,2,3,1,mhxx-romfs-native-table
16,56,3,4,1,mhxx-romfs-native-table
16,56,4,5,1,mhxx-romfs-native-table
16,57,0,1,2,mhxx-romfs-native-table
16,57,1,2,2,mhxx-romfs-native-table
16,57,2,3,2,mhxx-romfs-native-table
16,57,3,4,2,mhxx-romfs-native-table
16,57,4,5,2,mhxx-romfs-native-table
16,58,0,1,1,mhxx-romfs-native-table
16,58,1,2,1,mhxx-romfs-native-table
16,58,2,3,1,mhxx-romfs-native-table
16,58,3,4,1,mhxx-romfs-native-table
16,58,4,5,1,mhxx-romfs-native-table
16,58,5,6,1,mhxx-romfs-native-table
16,58,6,7,1,mhxx-romfs-native-table
16,59,0,1,2,mhxx-romfs-native-table
16,59,1,2,2,mhxx-romfs-native-table
16,59,2,3,2,mhxx-romfs-native-table
16,59,3,4,2,mhxx-romfs-native-table
16,59,4,5,2,mhxx-romfs-native-table
16,60,0,1,0,mhxx-romfs-native-table
16,60,1,2,0,mhxx-romfs-native-table
16,60,2,3,0,mhxx-romfs-native-table
16,60,3,4,0,mhxx-romfs-native-table
16,60,4,5,0,mhxx-romfs-native-table
16,61,0,1,0,mhxx-romfs-native-table
16,61,1,2,0,mhxx-romfs-native-table
16,61,2,3,0,mhxx-romfs-native-table
16,61,3,4,0,mhxx-romfs-native-table
16,61,4,5,0,mhxx-romfs-native-table
16,62,0,1,0,mhxx-romfs-native-table
16,62,1,2,0,mhxx-romfs-native-table
16,62,2,3,0,mhxx-romfs-native-table
16,62,3,4,0,mhxx-romfs-native-table
16,62,4,5,0,mhxx-romfs-native-table
16,63,0,1,0,mhxx-romfs-native-table
16,63,1,2,0,mhxx-romfs-native-table
16,63,2,3,0,mhxx-romfs-native-table
16,63,3,4,0,mhxx-romfs-native-table
16,63,4,5,0,mhxx-romfs-native-table
16,63,5,6,0,mhxx-romfs-native-table
16,63,6,7,0,mhxx-romfs-native-table
16,64,0,1,2,mhxx-romfs-native-table
16,64,1,2,2,mhxx-romfs-native-table
16,64,2,3,3,mhxx-romfs-native-table
16,64,3,4,3,mhxx-romfs-native-table
16,64,4,5,3,mhxx-romfs-native-table
16,65,0,1,2,mhxx-romfs-native-table
16,65,1,2,2,mhxx-romfs-native-table
16,65,2,3,2,mhxx-romfs-native-table
16,65,3,4,2,mhxx-romfs-native-table
16,65,4,5,2,mhxx-romfs-native-table
16,66,0,1,0,mhxx-romfs-native-table
16,66,1,2,0,mhxx-romfs-native-table
16,66,2,3,0,mhxx-romfs-native-table
16,66,3,4,0,mhxx-romfs-native-table
16,66,4,5,0,mhxx-romfs-native-table
16,66,5,6,2,mhxx-romfs-native-table
16,66,6,7,2,mhxx-romfs-native-table
16,67,0,1,0,mhxx-romfs-native-table
16,67,1,2,0,mhxx-romfs-native-table
16,67,2,3,0,mhxx-romfs-native-table
16,67,3,4,0,mhxx-romfs-native-table
16,67,4,5,0,mhxx-romfs-native-table
16,67,5,6,1,mhxx-romfs-native-table
16,67,6,7,1,mhxx-romfs-native-table
16,67,7,8,2,mhxx-romfs-native-table
16,68,0,1,0,mhxx-romfs-native-table
16,68,1,2,0,mhxx-romfs-native-table
16,68,2,3,0,mhxx-romfs-native-table
16,68,3,4,0,mhxx-romfs-native-table
16,68,4,5,0,mhxx-romfs-native-table
16,68,5,6,0,mhxx-romfs-native-table
16,69,0,1,1,mhxx-romfs-native-table
16,69,1,2,1,mhxx-romfs-native-table
16,69,2,3,1,mhxx-romfs-native-table
16,69,3,4,1,mhxx-romfs-native-table
16,69,4,5,1,mhxx-romfs-native-table
16,69,5,6,2,mhxx-romfs-native-table
16,69,6,7,3,mhxx-romfs-native-table
16,70,0,1,0,mhxx-romfs-native-table
16,70,1,2,0,mhxx-romfs-native-table
16,70,2,3,0,mhxx-romfs-native-table
16,70,3,4,0,mhxx-romfs-native-table
16,70,4,5,1,mhxx-romfs-native-table
16,70,5,6,1,mhxx-romfs-native-table
16,71,0,1,1,mhxx-romfs-native-table
16,71,1,2,1,mhxx-romfs-native-table
16,71,2,3,1,mhxx-romfs-native-table
16,71,3,4,1,mhxx-romfs-native-table
16,71,4,5,1,mhxx-romfs-native-table
16,71,5,6,1,mhxx-romfs-native-table
16,72,0,1,2,mhxx-romfs-native-table
16,72,1,2,2,mhxx-romfs-native-table
16,72,2,3,2,mhxx-romfs-native-table
16,72,3,4,2,mhxx-romfs-native-table
16,72,4,5,2,mhxx-romfs-native-table
16,72,5,6,2,mhxx-romfs-native-table
16,73,0,1,3,mhxx-romfs-native-table
16,73,1,2,3,mhxx-romfs-native-table
16,73,2,3,3,mhxx-romfs-native-table
16,73,3,4,3,mhxx-romfs-native-table
16,73,4,5,3,mhxx-romfs-native-table
16,74,0,1,3,mhxx-romfs-native-table
16,74,1,2,3,mhxx-romfs-native-table
16,74,2,3,3,mhxx-romfs-native-table
16,74,3,4,3,mhxx-romfs-native-table
16,74,4,5,3,mhxx-romfs-native-table
16,74,5,6,3,mhxx-romfs-native-table
16,75,0,1,1,mhxx-romfs-native-table
16,75,1,2,1,mhxx-romfs-native-table
16,75,2,3,1,mhxx-romfs-native-table
16,75,3,4,1,mhxx-romfs-native-table
16,75,4,5,2,mhxx-romfs-native-table
16,75,5,6,2,mhxx-romfs-native-table
16,76,0,1,0,mhxx-romfs-native-table
16,76,1,2,0,mhxx-romfs-native-table
16,76,2,3,0,mhxx-romfs-native-table
16,76,3,4,0,mhxx-romfs-native-table
16,76,4,5,0,mhxx-romfs-native-table
16,76,5,6,0,mhxx-romfs-native-table
16,77,0,1,0,mhxx-romfs-native-table
16,77,1,2,0,mhxx-romfs-native-table
16,77,2,3,0,mhxx-romfs-native-table
16,77,3,4,0,mhxx-romfs-native-table
16,77,4,5,0,mhxx-romfs-native-table
16,77,5,6,0,mhxx-romfs-native-table
16,77,6,7,0,mhxx-romfs-native-table
16,77,7,8,0,mhxx-romfs-native-table
16,77,8,9,0,mhxx-romfs-native-table
16,77,9,10,0,mhxx-romfs-native-table
16,77,10,11,0,mhxx-romfs-native-table
16,77,11,12,0,mhxx-romfs-native-table
16,77,12,13,0,mhxx-romfs-native-table
16,77,13,14,0,mhxx-romfs-native-table
16,77,14,15,0,mhxx-romfs-native-table
16,78,0,1,0,mhxx-romfs-native-table
16,78,1,2,0,mhxx-romfs-native-table
16,78,2,3,0,mhxx-romfs-native-table
16,78,3,4,0,mhxx-romfs-native-table
16,78,4,5,0,mhxx-romfs-native-table
16,78,5,6,0,mhxx-romfs-native-table
16,78,6,7,0,mhxx-romfs-native-table
16,78,7,8,0,mhxx-romfs-native-table
16,78,8,9,0,mhxx-romfs-native-table
16,78,9,10,0,mhxx-romfs-native-table
16,78,10,11,0,mhxx-romfs-native-table
16,78,11,12,0,mhxx-romfs-native-table
16,78,12,13,0,mhxx-romfs-native-table
16,78,13,14,0,mhxx-romfs-native-table
16,78,14,15,0,mhxx-romfs-native-table
16,79,0,1,0,mhxx-romfs-native-table
16,79,1,2,0,mhxx-romfs-native-table
16,79,2,3,0,mhxx-romfs-native-table
16,79,3,4,0,mhxx-romfs-native-table
16,79,4,5,0,mhxx-romfs-native-table
16,79,5,6,0,mhxx-romfs-native-table
16,79,6,7,0,mhxx-romfs-native-table
16,79,7,8,0,mhxx-romfs-native-table
16,79,8,9,0,mhxx-romfs-native-table
16,79,9,10,0,mhxx-romfs-native-table
16,79,10,11,0,mhxx-romfs-native-table
16,79,11,12,0,mhxx-romfs-native-table
16,79,12,13,0,mhxx-romfs-native-table
16,79,13,14,0,mhxx-romfs-native-table
16,79,14,15,0,mhxx-romfs-native-table
16,80,0,1,0,mhxx-romfs-native-table
16,80,1,2,0,mhxx-romfs-native-table
16,80,2,3,0,mhxx-romfs-native-table
16,80,3,4,0,mhxx-romfs-native-table
16,80,4,5,0,mhxx-romfs-native-table
16,80,5,6,0,mhxx-romfs-native-table
16,80,6,7,0,mhxx-romfs-native-table
16,80,7,8,0,mhxx-romfs-native-table
16,80,8,9,0,mhxx-romfs-native-table
16,80,9,10,0,mhxx-romfs-native-table
16,80,10,11,0,mhxx-romfs-native-table
16,80,11,12,0,mhxx-romfs-native-table
16,80,12,13,0,mhxx-romfs-native-table
16,80,13,14,0,mhxx-romfs-native-table
16,80,14,15,0,mhxx-romfs-native-table
16,81,0,1,0,mhxx-romfs-native-table
16,81,1,2,0,mhxx-romfs-native-table
16,81,2,3,0,mhxx-romfs-native-table
16,81,3,4,0,mhxx-romfs-native-table
16,81,4,5,0,mhxx-romfs-native-table
16,81,5,6,0,mhxx-romfs-native-table
16,81,6,7,0,mhxx-romfs-native-table
16,81,7,8,0,mhxx-romfs-native-table
16,81,8,9,0,mhxx-romfs-native-table
16,81,9,10,0,mhxx-romfs-native-table
16,81,10,11,0,mhxx-romfs-native-table
16,81,11,12,0,mhxx-romfs-native-table
16,81,12,13,0,mhxx-romfs-native-table
16,81,13,14,0,mhxx-romfs-native-table
16,81,14,15,0,mhxx-romfs-native-table
16,82,0,1,0,mhxx-romfs-native-table
16,82,1,2,0,mhxx-romfs-native-table
16,82,2,3,0,mhxx-romfs-native-table
16,82,3,4,0,mhxx-romfs-native-table
16,82,4,5,0,mhxx-romfs-native-table
16,82,5,6,0,mhxx-romfs-native-table
16,82,6,7,0,mhxx-romfs-native-table
16,82,7,8,0,mhxx-romfs-native-table
16,82,8,9,0,mhxx-romfs-native-table
16,82,9,10,0,mhxx-romfs-native-table
16,82,10,11,0,mhxx-romfs-native-table
16,82,11,12,0,mhxx-romfs-native-table
16,82,12,13,0,mhxx-romfs-native-table
16,82,13,14,0,mhxx-romfs-native-table
16,82,14,15,0,mhxx-romfs-native-table
16,83,0,1,0,mhxx-romfs-native-table
16,83,1,2,0,mhxx-romfs-native-table
16,83,2,3,0,mhxx-romfs-native-table
16,83,3,4,0,mhxx-romfs-native-table
16,83,4,5,0,mhxx-romfs-native-table
16,83,5,6,0,mhxx-romfs-native-table
16,83,6,7,0,mhxx-romfs-native-table
16,83,7,8,0,mhxx-romfs-native-table
16,83,8,9,0,mhxx-romfs-native-table
16,83,9,10,0,mhxx-romfs-native-table
16,83,10,11,0,mhxx-romfs-native-table
16,83,11,12,0,mhxx-romfs-native-table
16,83,12,13,0,mhxx-romfs-native-table
16,83,13,14,0,mhxx-romfs-native-table
16,83,14,15,0,mhxx-romfs-native-table
16,84,0,1,0,mhxx-romfs-native-table
16,84,1,2,0,mhxx-romfs-native-table
16,84,2,3,0,mhxx-romfs-native-table
16,84,3,4,0,mhxx-romfs-native-table
16,84,4,5,0,mhxx-romfs-native-table
16,84,5,6,0,mhxx-romfs-native-table
16,84,6,7,0,mhxx-romfs-native-table
16,84,7,8,0,mhxx-romfs-native-table
16,84,8,9,0,mhxx-romfs-native-table
16,84,9,10,0,mhxx-romfs-native-table
16,84,10,11,0,mhxx-romfs-native-table
16,84,11,12,0,mhxx-romfs-native-table
16,84,12,13,0,mhxx-romfs-native-table
16,84,13,14,0,mhxx-romfs-native-table
16,84,14,15,0,mhxx-romfs-native-table
16,85,0,1,0,mhxx-romfs-native-table
16,85,1,2,0,mhxx-romfs-native-table
16,85,2,3,0,mhxx-romfs-native-table
16,85,3,4,0,mhxx-romfs-native-table
16,85,4,5,0,mhxx-romfs-native-table
16,85,5,6,0,mhxx-romfs-native-table
16,85,6,7,0,mhxx-romfs-native-table
16,85,7,8,0,mhxx-romfs-native-table
16,85,8,9,0,mhxx-romfs-native-table
16,85,9,10,0,mhxx-romfs-native-table
16,85,10,11,0,mhxx-romfs-native-table
16,85,11,12,0,mhxx-romfs-native-table
16,85,12,13,0,mhxx-romfs-native-table
16,85,13,14,0,mhxx-romfs-native-table
16,85,14,15,0,mhxx-romfs-native-table
16,86,0,1,0,mhxx-romfs-native-table
16,86,1,2,0,mhxx-romfs-native-table
16,86,2,3,0,mhxx-romfs-native-table
16,86,3,4,0,mhxx-romfs-native-table
16,86,4,5,0,mhxx-romfs-native-table
16,86,5,6,0,mhxx-romfs-native-table
16,86,6,7,0,mhxx-romfs-native-table
16,86,7,8,0,mhxx-romfs-native-table
16,86,8,9,0,mhxx-romfs-native-table
16,86,9,10,0,mhxx-romfs-native-table
16,86,10,11,0,mhxx-romfs-native-table
16,86,11,12,0,mhxx-romfs-native-table
16,86,12,13,0,mhxx-romfs-native-table
16,86,13,14,0,mhxx-romfs-native-table
16,86,14,15,0,mhxx-romfs-native-table
16,87,0,1,0,mhxx-romfs-native-table
16,87,1,2,0,mhxx-romfs-native-table
16,87,2,3,0,mhxx-romfs-native-table
16,87,3,4,0,mhxx-romfs-native-table
16,87,4,5,0,mhxx-romfs-native-table
16,87,5,6,0,mhxx-romfs-native-table
16,87,6,7,0,mhxx-romfs-native-table
16,87,7,8,0,mhxx-romfs-native-table
16,87,8,9,0,mhxx-romfs-native-table
16,87,9,10,0,mhxx-romfs-native-table
16,87,10,11,0,mhxx-romfs-native-table
16,87,11,12,0,mhxx-romfs-native-table
16,87,12,13,0,mhxx-romfs-native-table
16,87,13,14,0,mhxx-romfs-native-table
16,87,14,15,0,mhxx-romfs-native-table
16,88,0,1,0,mhxx-romfs-native-table
16,88,1,2,0,mhxx-romfs-native-table
16,88,2,3,0,mhxx-romfs-native-table
16,88,3,4,0,mhxx-romfs-native-table
16,88,4,5,0,mhxx-romfs-native-table
16,89,0,1,0,mhxx-romfs-native-table
16,89,1,2,0,mhxx-romfs-native-table
16,89,2,3,0,mhxx-romfs-native-table
16,89,3,4,0,mhxx-romfs-native-table
16,89,4,5,0,mhxx-romfs-native-table
16,90,0,1,2,mhxx-romfs-native-table
16,90,1,2,2,mhxx-romfs-native-table
16,90,2,3,2,mhxx-romfs-native-table
16,90,3,4,2,mhxx-romfs-native-table
16,90,4,5,2,mhxx-romfs-native-table
16,91,0,1,3,mhxx-romfs-native-table
16,91,1,2,3,mhxx-romfs-native-table
16,91,2,3,3,mhxx-romfs-native-table
16,92,0,1,1,mhxx-romfs-native-table
16,92,1,2,1,mhxx-romfs-native-table
16,92,2,3,2,mhxx-romfs-native-table
16,92,3,4,2,mhxx-romfs-native-table
16,92,4,5,2,mhxx-romfs-native-table
16,92,5,6,2,mhxx-romfs-native-table
16,93,0,1,0,mhxx-romfs-native-table
16,93,1,2,0,mhxx-romfs-native-table
16,93,2,3,0,mhxx-romfs-native-table
16,93,3,4,0,mhxx-romfs-native-table
16,93,4,5,0,mhxx-romfs-native-table
16,94,0,1,0,mhxx-romfs-native-table
16,94,1,2,0,mhxx-romfs-native-table
16,94,2,3,0,mhxx-romfs-native-table
16,94,3,4,0,mhxx-romfs-native-table
16,94,4,5,0,mhxx-romfs-native-table
16,95,0,1,0,mhxx-romfs-native-table
16,95,1,2,0,mhxx-romfs-native-table
16,95,2,3,0,mhxx-romfs-native-table
16,95,3,4,0,mhxx-romfs-native-table
16,95,4,5,0,mhxx-romfs-native-table
16,96,0,1,0,mhxx-romfs-native-table
16,96,1,2,0,mhxx-romfs-native-table
16,96,2,3,0,mhxx-romfs-native-table
16,96,3,4,0,mhxx-romfs-native-table
16,96,4,5,0,mhxx-romfs-native-table
16,97,0,1,0,mhxx-romfs-native-table
16,97,1,2,0,mhxx-romfs-native-table
16,97,2,3,0,mhxx-romfs-native-table
16,97,3,4,0,mhxx-romfs-native-table
16,97,4,5,0,mhxx-romfs-native-table
16,98,0,1,3,mhxx-romfs-native-table
16,98,1,2,3,mhxx-romfs-native-table
16,98,2,3,3,mhxx-romfs-native-table
16,99,0,1,3,mhxx-romfs-native-table
16,99,1,2,3,mhxx-romfs-native-table
16,99,2,3,3,mhxx-romfs-native-table
16,100,0,1,2,mhxx-romfs-native-table
16,100,1,2,2,mhxx-romfs-native-table
16,100,2,3,2,mhxx-romfs-native-table
16,101,0,1,2,mhxx-romfs-native-table
16,101,1,2,2,mhxx-romfs-native-table
16,101,2,3,2,mhxx-romfs-native-table
16,102,0,1,0,mhxx-romfs-native-table
16,102,1,2,0,mhxx-romfs-native-table
16,102,2,3,0,mhxx-romfs-native-table
16,102,3,4,0,mhxx-romfs-native-table
16,102,4,5,0,mhxx-romfs-native-table
16,103,0,1,1,mhxx-romfs-native-table
16,103,1,2,1,mhxx-romfs-native-table
16,103,2,3,1,mhxx-romfs-native-table
16,103,3,4,1,mhxx-romfs-native-table
16,103,4,5,1,mhxx-romfs-native-table
16,104,0,1,2,mhxx-romfs-native-table
16,104,1,2,2,mhxx-romfs-native-table
16,104,2,3,2,mhxx-romfs-native-table
16,104,3,4,2,mhxx-romfs-native-table
16,104,4,5,2,mhxx-romfs-native-table
16,104,5,6,2,mhxx-romfs-native-table
16,105,0,1,1,mhxx-romfs-native-table
16,105,1,2,1,mhxx-romfs-native-table
16,105,2,3,1,mhxx-romfs-native-table
16,105,3,4,1,mhxx-romfs-native-table
16,105,4,5,1,mhxx-romfs-native-table
16,106,0,1,2,mhxx-romfs-native-table
16,106,1,2,2,mhxx-romfs-native-table
16,106,2,3,2,mhxx-romfs-native-table
16,107,0,1,1,mhxx-romfs-native-table
16,107,1,2,1,mhxx-romfs-native-table
16,107,2,3,1,mhxx-romfs-native-table
16,107,3,4,1,mhxx-romfs-native-table
16,107,4,5,1,mhxx-romfs-native-table
16,107,5,6,1,mhxx-romfs-native-table
16,108,0,1,2,mhxx-romfs-native-table
16,108,1,2,2,mhxx-romfs-native-table
16,108,2,3,2,mhxx-romfs-native-table
16,109,0,1,2,mhxx-romfs-native-table
16,109,1,2,2,mhxx-romfs-native-table
16,109,2,3,2,mhxx-romfs-native-table
16,109,3,4,2,mhxx-romfs-native-table
16,109,4,5,2,mhxx-romfs-native-table
16,110,0,1,2,mhxx-romfs-native-table
16,110,1,2,2,mhxx-romfs-native-table
16,110,2,3,2,mhxx-romfs-native-table
16,111,0,1,1,mhxx-romfs-native-table
16,111,1,2,1,mhxx-romfs-native-table
16,111,2,3,1,mhxx-romfs-native-table
16,112,0,1,1,mhxx-romfs-native-table
16,112,1,2,1,mhxx-romfs-native-table
16,112,2,3,2,mhxx-romfs-native-table
16,112,3,4,2,mhxx-romfs-native-table
16,112,4,5,3,mhxx-romfs-native-table
16,113,0,1,3,mhxx-romfs-native-table
16,113,1,2,3,mhxx-romfs-native-table
16,113,2,3,3,mhxx-romfs-native-table
16,114,0,1,0,mhxx-romfs-native-table
16,114,1,2,0,mhxx-romfs-native-table
16,114,2,3,0,mhxx-romfs-native-table
17,0,0,1,0,mhxx-romfs-native-table
17,1,0,1,0,mhxx-romfs-native-table
17,1,1,2,0,mhxx-romfs-native-table
17,1,2,3,0,mhxx-romfs-native-table
17,1,3,4,0,mhxx-romfs-native-table
17,1,4,5,0,mhxx-romfs-native-table
17,1,5,6,0,mhxx-romfs-native-table
17,1,6,7,0,mhxx-romfs-native-table
17,1,7,8,0,mhxx-romfs-native-table
17,1,8,9,3,mhxx-romfs-native-table
17,1,9,10,3,mhxx-romfs-native-table
17,1,10,11,3,mhxx-romfs-native-table
17,2,0,1,0,mhxx-romfs-native-table
17,2,1,2,1,mhxx-romfs-native-table
17,2,2,3,1,mhxx-romfs-native-table
17,2,3,4,1,mhxx-romfs-native-table
17,2,4,5,1,mhxx-romfs-native-table
17,2,5,6,2,mhxx-romfs-native-table
17,2,6,7,2,mhxx-romfs-native-table
17,3,0,1,0,mhxx-romfs-native-table
17,3,1,2,0,mhxx-romfs-native-table
17,3,2,3,0,mhxx-romfs-native-table
17,3,3,4,0,mhxx-romfs-native-table
17,3,4,5,1,mhxx-romfs-native-table
17,3,5,6,1,mhxx-romfs-native-table
17,3,6,7,1,mhxx-romfs-native-table
17,4,0,1,0,mhxx-romfs-native-table
17,4,1,2,0,mhxx-romfs-native-table
17,4,2,3,0,mhxx-romfs-native-table
17,4,3,4,0,mhxx-romfs-native-table
17,4,4,5,0,mhxx-romfs-native-table
17,4,5,6,2,mhxx-romfs-native-table
17,4,6,7,3,mhxx-romfs-native-table
17,4,7,8,3,mhxx-romfs-native-table
17,5,0,1,0,mhxx-romfs-native-table
17,5,1,2,0,mhxx-romfs-native-table
17,5,2,3,0,mhxx-romfs-native-table
17,5,3,4,0,mhxx-romfs-native-table
17,5,4,5,0,mhxx-romfs-native-table
17,5,5,6,2,mhxx-romfs-native-table
17,5,6,7,3,mhxx-romfs-native-table
17,5,7,8,3,mhxx-romfs-native-table
17,6,0,1,1,mhxx-romfs-native-table
17,6,1,2,1,mhxx-romfs-native-table
17,6,2,3,1,mhxx-romfs-native-table
17,6,3,4,2,mhxx-romfs-native-table
17,6,4,5,2,mhxx-romfs-native-table
17,6,5,6,2,mhxx-romfs-native-table
17,6,6,7,2,mhxx-romfs-native-table
17,6,7,8,2,mhxx-romfs-native-table
17,7,0,1,0,mhxx-romfs-native-table
17,7,1,2,0,mhxx-romfs-native-table
17,7,2,3,0,mhxx-romfs-native-table
17,7,3,4,0,mhxx-romfs-native-table
17,7,4,5,0,mhxx-romfs-native-table
17,8,0,1,0,mhxx-romfs-native-table
17,8,1,2,0,mhxx-romfs-native-table
17,8,2,3,0,mhxx-romfs-native-table
17,8,3,4,0,mhxx-romfs-native-table
17,8,4,5,1,mhxx-romfs-native-table
17,8,5,6,1,mhxx-romfs-native-table
17,8,6,7,1,mhxx-romfs-native-table
17,9,0,1,0,mhxx-romfs-native-table
17,9,1,2,0,mhxx-romfs-native-table
17,9,2,3,0,mhxx-romfs-native-table
17,9,3,4,1,mhxx-romfs-native-table
17,9,4,5,1,mhxx-romfs-native-table
17,9,5,6,1,mhxx-romfs-native-table
17,9,6,7,2,mhxx-romfs-native-table
17,9,7,8,2,mhxx-romfs-native-table
17,9,8,9,3,mhxx-romfs-native-table
17,10,0,1,0,mhxx-romfs-native-table
17,10,1,2,0,mhxx-romfs-native-table
17,10,2,3,0,mhxx-romfs-native-table
17,10,3,4,0,mhxx-romfs-native-table
17,10,4,5,2,mhxx-romfs-native-table
17,10,5,6,2,mhxx-romfs-native-table
17,10,6,7,2,mhxx-romfs-native-table
17,11,0,1,0,mhxx-romfs-native-table
17,11,1,2,0,mhxx-romfs-native-table
17,11,2,3,0,mhxx-romfs-native-table
17,11,3,4,0,mhxx-romfs-native-table
17,11,4,5,0,mhxx-romfs-native-table
17,11,5,6,1,mhxx-romfs-native-table
17,11,6,7,1,mhxx-romfs-native-table
17,11,7,8,1,mhxx-romfs-native-table
17,12,0,1,0,mhxx-romfs-native-table
17,12,1,2,0,mhxx-romfs-native-table
17,12,2,3,0,mhxx-romfs-native-table
17,12,3,4,0,mhxx-romfs-native-table
17,12,4,5,1,mhxx-romfs-native-table
17,12,5,6,1,mhxx-romfs-native-table
17,13,0,1,0,mhxx-romfs-native-table
17,13,1,2,0,mhxx-romfs-native-table
17,13,2,3,0,mhxx-romfs-native-table
17,13,3,4,0,mhxx-romfs-native-table
17,13,4,5,0,mhxx-romfs-native-table
17,13,5,6,0,mhxx-romfs-native-table
17,13,6,7,0,mhxx-romfs-native-table
17,13,7,8,0,mhxx-romfs-native-table
17,13,8,9,2,mhxx-romfs-native-table
17,13,9,10,2,mhxx-romfs-native-table
17,13,10,11,2,mhxx-romfs-native-table
17,14,0,1,0,mhxx-romfs-native-table
17,14,1,2,0,mhxx-romfs-native-table
17,14,2,3,0,mhxx-romfs-native-table
17,14,3,4,0,mhxx-romfs-native-table
17,14,4,5,0,mhxx-romfs-native-table
17,14,5,6,0,mhxx-romfs-native-table
17,15,0,1,0,mhxx-romfs-native-table
17,15,1,2,0,mhxx-romfs-native-table
17,15,2,3,0,mhxx-romfs-native-table
17,15,3,4,1,mhxx-romfs-native-table
17,15,4,5,1,mhxx-romfs-native-table
17,15,5,6,1,mhxx-romfs-native-table
17,16,0,1,1,mhxx-romfs-native-table
17,16,1,2,2,mhxx-romfs-native-table
17,16,2,3,2,mhxx-romfs-native-table
17,16,3,4,2,mhxx-romfs-native-table
17,16,4,5,2,mhxx-romfs-native-table
17,16,5,6,2,mhxx-romfs-native-table
17,16,6,7,2,mhxx-romfs-native-table
17,17,0,1,1,mhxx-romfs-native-table
17,17,1,2,1,mhxx-romfs-native-table
17,17,2,3,2,mhxx-romfs-native-table
17,17,3,4,2,mhxx-romfs-native-table
17,17,4,5,2,mhxx-romfs-native-table
17,17,5,6,2,mhxx-romfs-native-table
17,17,6,7,2,mhxx-romfs-native-table
17,18,0,1,0,mhxx-romfs-native-table
17,18,1,2,0,mhxx-romfs-native-table
17,18,2,3,0,mhxx-romfs-native-table
17,18,3,4,0,mhxx-romfs-native-table
17,18,4,5,0,mhxx-romfs-native-table
17,18,5,6,2,mhxx-romfs-native-table
17,18,6,7,3,mhxx-romfs-native-table
17,18,7,8,3,mhxx-romfs-native-table
17,19,0,1,0,mhxx-romfs-native-table
17,19,1,2,0,mhxx-romfs-native-table
17,19,2,3,0,mhxx-romfs-native-table
17,19,3,4,1,mhxx-romfs-native-table
17,19,4,5,1,mhxx-romfs-native-table
17,19,5,6,1,mhxx-romfs-native-table
17,20,0,1,0,mhxx-romfs-native-table
17,20,1,2,0,mhxx-romfs-native-table
17,20,2,3,0,mhxx-romfs-native-table
17,20,3,4,0,mhxx-romfs-native-table
17,20,4,5,2,mhxx-romfs-native-table
17,20,5,6,2,mhxx-romfs-native-table
17,21,0,1,0,mhxx-romfs-native-table
17,21,1,2,0,mhxx-romfs-native-table
17,21,2,3,0,mhxx-romfs-native-table
17,21,3,4,1,mhxx-romfs-native-table
17,21,4,5,1,mhxx-romfs-native-table
17,21,5,6,1,mhxx-romfs-native-table
17,22,0,1,3,mhxx-romfs-native-table
17,22,1,2,3,mhxx-romfs-native-table
17,22,2,3,3,mhxx-romfs-native-table
17,22,3,4,3,mhxx-romfs-native-table
17,22,4,5,3,mhxx-romfs-native-table
17,22,5,6,3,mhxx-romfs-native-table
17,22,6,7,3,mhxx-romfs-native-table
17,23,0,1,0,mhxx-romfs-native-table
17,23,1,2,0,mhxx-romfs-native-table
17,23,2,3,0,mhxx-romfs-native-table
17,23,3,4,0,mhxx-romfs-native-table
17,23,4,5,0,mhxx-romfs-native-table
17,24,0,1,0,mhxx-romfs-native-table
17,24,1,2,0,mhxx-romfs-native-table
17,24,2,3,0,mhxx-romfs-native-table
17,24,3,4,0,mhxx-romfs-native-table
17,24,4,5,0,mhxx-romfs-native-table
17,24,5,6,0,mhxx-romfs-native-table
17,25,0,1,0,mhxx-romfs-native-table
17,25,1,2,0,mhxx-romfs-native-table
17,25,2,3,0,mhxx-romfs-native-table
17,25,3,4,0,mhxx-romfs-native-table
17,25,4,5,0,mhxx-romfs-native-table
17,25,5,6,0,mhxx-romfs-native-table
17,25,6,7,0,mhxx-romfs-native-table
17,25,7,8,0,mhxx-romfs-native-table
17,26,0,1,0,mhxx-romfs-native-table
17,26,1,2,0,mhxx-romfs-native-table
17,26,2,3,0,mhxx-romfs-native-table
17,26,3,4,1,mhxx-romfs-native-table
17,26,4,5,1,mhxx-romfs-native-table
17,27,0,1,0,mhxx-romfs-native-table
17,27,1,2,0,mhxx-romfs-native-table
17,27,2,3,0,mhxx-romfs-native-table
17,27,3,4,0,mhxx-romfs-native-table
17,27,4,5,0,mhxx-romfs-native-table
17,28,0,1,0,mhxx-romfs-native-table
17,28,1,2,0,mhxx-romfs-native-table
17,28,2,3,0,mhxx-romfs-native-table
17,28,3,4,0,mhxx-romfs-native-table
17,28,4,5,0,mhxx-romfs-native-table
17,28,5,6,0,mhxx-romfs-native-table
17,28,6,7,0,mhxx-romfs-native-table
17,29,0,1,2,mhxx-romfs-native-table
17,29,1,2,2,mhxx-romfs-native-table
17,29,2,3,2,mhxx-romfs-native-table
17,29,3,4,2,mhxx-romfs-native-table
17,29,4,5,2,mhxx-romfs-native-table
17,29,5,6,3,mhxx-romfs-native-table
17,29,6,7,3,mhxx-romfs-native-table
17,29,7,8,3,mhxx-romfs-native-table
17,29,8,9,3,mhxx-romfs-native-table
17,29,9,10,3,mhxx-romfs-native-table
17,29,10,11,3,mhxx-romfs-native-table
17,30,0,1,2,mhxx-romfs-native-table
17,30,1,2,2,mhxx-romfs-native-table
17,30,2,3,2,mhxx-romfs-native-table
17,30,3,4,2,mhxx-romfs-native-table
17,30,4,5,2,mhxx-romfs-native-table
17,30,5,6,2,mhxx-romfs-native-table
17,31,0,1,0,mhxx-romfs-native-table
17,31,1,2,0,mhxx-romfs-native-table
17,31,2,3,0,mhxx-romfs-native-table
17,31,3,4,0,mhxx-romfs-native-table
17,31,4,5,0,mhxx-romfs-native-table
17,31,5,6,0,mhxx-romfs-native-table
17,31,6,7,0,mhxx-romfs-native-table
17,31,7,8,0,mhxx-romfs-native-table
17,32,0,1,0,mhxx-romfs-native-table
17,32,1,2,0,mhxx-romfs-native-table
17,32,2,3,0,mhxx-romfs-native-table
17,32,3,4,1,mhxx-romfs-native-table
17,32,4,5,1,mhxx-romfs-native-table
17,33,0,1,1,mhxx-romfs-native-table
17,33,1,2,1,mhxx-romfs-native-table
17,33,2,3,2,mhxx-romfs-native-table
17,33,3,4,2,mhxx-romfs-native-table
17,33,4,5,2,mhxx-romfs-native-table
17,34,0,1,1,mhxx-romfs-native-table
17,34,1,2,1,mhxx-romfs-native-table
17,34,2,3,1,mhxx-romfs-native-table
17,34,3,4,2,mhxx-romfs-native-table
17,34,4,5,2,mhxx-romfs-native-table
17,34,5,6,2,mhxx-romfs-native-table
17,34,6,7,2,mhxx-romfs-native-table
17,35,0,1,2,mhxx-romfs-native-table
17,35,1,2,2,mhxx-romfs-native-table
17,35,2,3,2,mhxx-romfs-native-table
17,35,3,4,2,mhxx-romfs-native-table
17,35,4,5,3,mhxx-romfs-native-table
17,35,5,6,3,mhxx-romfs-native-table
17,35,6,7,3,mhxx-romfs-native-table
17,36,0,1,0,mhxx-romfs-native-table
17,36,1,2,0,mhxx-romfs-native-table
17,36,2,3,0,mhxx-romfs-native-table
17,36,3,4,0,mhxx-romfs-native-table
17,36,4,5,0,mhxx-romfs-native-table
17,36,5,6,2,mhxx-romfs-native-table
17,36,6,7,2,mhxx-romfs-native-table
17,36,7,8,2,mhxx-romfs-native-table
17,37,0,1,1,mhxx-romfs-native-table
17,37,1,2,1,mhxx-romfs-native-table
17,37,2,3,1,mhxx-romfs-native-table
17,37,3,4,1,mhxx-romfs-native-table
17,37,4,5,1,mhxx-romfs-native-table
17,37,5,6,1,mhxx-romfs-native-table
17,37,6,7,1,mhxx-romfs-native-table
17,38,0,1,0,mhxx-romfs-native-table
17,38,1,2,0,mhxx-romfs-native-table
17,38,2,3,0,mhxx-romfs-native-table
17,38,3,4,0,mhxx-romfs-native-table
17,38,4,5,0,mhxx-romfs-native-table
17,38,5,6,0,mhxx-romfs-native-table
17,38,6,7,0,mhxx-romfs-native-table
17,38,7,8,0,mhxx-romfs-native-table
17,39,0,1,1,mhxx-romfs-native-table
17,39,1,2,1,mhxx-romfs-native-table
17,39,2,3,1,mhxx-romfs-native-table
17,39,3,4,1,mhxx-romfs-native-table
17,39,4,5,1,mhxx-romfs-native-table
17,40,0,1,0,mhxx-romfs-native-table
17,40,1,2,0,mhxx-romfs-native-table
17,40,2,3,0,mhxx-romfs-native-table
17,40,3,4,0,mhxx-romfs-native-table
17,40,4,5,0,mhxx-romfs-native-table
17,41,0,1,1,mhxx-romfs-native-table
17,41,1,2,1,mhxx-romfs-native-table
17,41,2,3,1,mhxx-romfs-native-table
17,41,3,4,1,mhxx-romfs-native-table
17,41,4,5,1,mhxx-romfs-native-table
17,41,5,6,1,mhxx-romfs-native-table
17,41,6,7,1,mhxx-romfs-native-table
17,42,0,1,1,mhxx-romfs-native-table
17,42,1,2,1,mhxx-romfs-native-table
17,42,2,3,1,mhxx-romfs-native-table
17,42,3,4,1,mhxx-romfs-native-table
17,42,4,5,1,mhxx-romfs-native-table
17,42,5,6,1,mhxx-romfs-native-table
17,42,6,7,1,mhxx-romfs-native-table
17,43,0,1,1,mhxx-romfs-native-table
17,43,1,2,1,mhxx-romfs-native-table
17,43,2,3,1,mhxx-romfs-native-table
17,43,3,4,1,mhxx-romfs-native-table
17,43,4,5,1,mhxx-romfs-native-table
17,43,5,6,1,mhxx-romfs-native-table
17,43,6,7,1,mhxx-romfs-native-table
17,44,0,1,1,mhxx-romfs-native-table
17,44,1,2,1,mhxx-romfs-native-table
17,44,2,3,1,mhxx-romfs-native-table
17,44,3,4,1,mhxx-romfs-native-table
17,44,4,5,1,mhxx-romfs-native-table
17,44,5,6,1,mhxx-romfs-native-table
17,44,6,7,1,mhxx-romfs-native-table
17,45,0,1,1,mhxx-romfs-native-table
17,45,1,2,1,mhxx-romfs-native-table
17,45,2,3,1,mhxx-romfs-native-table
17,45,3,4,1,mhxx-romfs-native-table
17,45,4,5,1,mhxx-romfs-native-table
17,45,5,6,1,mhxx-romfs-native-table
17,45,6,7,1,mhxx-romfs-native-table
17,46,0,1,0,mhxx-romfs-native-table
17,46,1,2,0,mhxx-romfs-native-table
17,46,2,3,0,mhxx-romfs-native-table
17,46,3,4,0,mhxx-romfs-native-table
17,46,4,5,0,mhxx-romfs-native-table
17,46,5,6,0,mhxx-romfs-native-table
17,47,0,1,1,mhxx-romfs-native-table
17,47,1,2,1,mhxx-romfs-native-table
17,47,2,3,1,mhxx-romfs-native-table
17,47,3,4,1,mhxx-romfs-native-table
17,47,4,5,1,mhxx-romfs-native-table
17,47,5,6,1,mhxx-romfs-native-table
17,48,0,1,2,mhxx-romfs-native-table
17,48,1,2,2,mhxx-romfs-native-table
17,48,2,3,2,mhxx-romfs-native-table
17,48,3,4,3,mhxx-romfs-native-table
17,48,4,5,3,mhxx-romfs-native-table
17,49,0,1,2,mhxx-romfs-native-table
17,49,1,2,2,mhxx-romfs-native-table
17,49,2,3,2,mhxx-romfs-native-table
17,49,3,4,2,mhxx-romfs-native-table
17,49,4,5,2,mhxx-romfs-native-table
17,49,5,6,2,mhxx-romfs-native-table
17,50,0,1,1,mhxx-romfs-native-table
17,50,1,2,1,mhxx-romfs-native-table
17,50,2,3,1,mhxx-romfs-native-table
17,50,3,4,1,mhxx-romfs-native-table
17,50,4,5,1,mhxx-romfs-native-table
17,50,5,6,1,mhxx-romfs-native-table
17,51,0,1,2,mhxx-romfs-native-table
17,51,1,2,2,mhxx-romfs-native-table
17,51,2,3,2,mhxx-romfs-native-table
17,51,3,4,2,mhxx-romfs-native-table
17,51,4,5,2,mhxx-romfs-native-table
17,52,0,1,0,mhxx-romfs-native-table
17,52,1,2,0,mhxx-romfs-native-table
17,52,2,3,0,mhxx-romfs-native-table
17,52,3,4,0,mhxx-romfs-native-table
17,52,4,5,0,mhxx-romfs-native-table
17,53,0,1,0,mhxx-romfs-native-table
17,53,1,2,0,mhxx-romfs-native-table
17,53,2,3,0,mhxx-romfs-native-table
17,53,3,4,1,mhxx-romfs-native-table
17,53,4,5,1,mhxx-romfs-native-table
17,54,0,1,0,mhxx-romfs-native-table
17,54,1,2,0,mhxx-romfs-native-table
17,54,2,3,0,mhxx-romfs-native-table
17,54,3,4,1,mhxx-romfs-native-table
17,54,4,5,1,mhxx-romfs-native-table
17,55,0,1,0,mhxx-romfs-native-table
17,55,1,2,0,mhxx-romfs-native-table
17,55,2,3,0,mhxx-romfs-native-table
17,55,3,4,2,mhxx-romfs-native-table
17,55,4,5,3,mhxx-romfs-native-table
17,56,0,1,1,mhxx-romfs-native-table
17,56,1,2,1,mhxx-romfs-native-table
17,56,2,3,1,mhxx-romfs-native-table
17,56,3,4,1,mhxx-romfs-native-table
17,56,4,5,1,mhxx-romfs-native-table
17,57,0,1,1,mhxx-romfs-native-table
17,57,1,2,1,mhxx-romfs-native-table
17,57,2,3,1,mhxx-romfs-native-table
17,57,3,4,1,mhxx-romfs-native-table
17,57,4,5,1,mhxx-romfs-native-table
17,58,0,1,0,mhxx-romfs-native-table
17,58,1,2,0,mhxx-romfs-native-table
17,58,2,3,0,mhxx-romfs-native-table
17,58,3,4,0,mhxx-romfs-native-table
17,58,4,5,0,mhxx-romfs-native-table
17,59,0,1,1,mhxx-romfs-native-table
17,59,1,2,1,mhxx-romfs-native-table
17,59,2,3,1,mhxx-romfs-native-table
17,59,3,4,1,mhxx-romfs-native-table
17,59,4,5,1,mhxx-romfs-native-table
17,60,0,1,0,mhxx-romfs-native-table
17,60,1,2,0,mhxx-romfs-native-table
17,60,2,3,0,mhxx-romfs-native-table
17,60,3,4,0,mhxx-romfs-native-table
17,60,4,5,2,mhxx-romfs-native-table
17,60,5,6,2,mhxx-romfs-native-table
17,60,6,7,2,mhxx-romfs-native-table
17,61,0,1,1,mhxx-romfs-native-table
17,61,1,2,1,mhxx-romfs-native-table
17,61,2,3,1,mhxx-romfs-native-table
17,61,3,4,1,mhxx-romfs-native-table
17,61,4,5,1,mhxx-romfs-native-table
17,61,5,6,1,mhxx-romfs-native-table
17,62,0,1,0,mhxx-romfs-native-table
17,62,1,2,0,mhxx-romfs-native-table
17,62,2,3,0,mhxx-romfs-native-table
17,62,3,4,0,mhxx-romfs-native-table
17,62,4,5,0,mhxx-romfs-native-table
17,62,5,6,2,mhxx-romfs-native-table
17,62,6,7,2,mhxx-romfs-native-table
17,62,7,8,2,mhxx-romfs-native-table
17,63,0,1,2,mhxx-romfs-native-table
17,63,1,2,2,mhxx-romfs-native-table
17,63,2,3,2,mhxx-romfs-native-table
17,63,3,4,2,mhxx-romfs-native-table
17,63,4,5,3,mhxx-romfs-native-table
17,63,5,6,3,mhxx-romfs-native-table
17,64,0,1,0,mhxx-romfs-native-table
17,64,1,2,0,mhxx-romfs-native-table
17,64,2,3,0,mhxx-romfs-native-table
17,64,3,4,0,mhxx-romfs-native-table
17,64,4,5,0,mhxx-romfs-native-table
17,64,5,6,1,mhxx-romfs-native-table
17,64,6,7,1,mhxx-romfs-native-table
17,64,7,8,1,mhxx-romfs-native-table
17,65,0,1,0,mhxx-romfs-native-table
17,65,1,2,0,mhxx-romfs-native-table
17,65,2,3,0,mhxx-romfs-native-table
17,65,3,4,0,mhxx-romfs-native-table
17,65,4,5,0,mhxx-romfs-native-table
17,66,0,1,0,mhxx-romfs-native-table
17,66,1,2,0,mhxx-romfs-native-table
17,66,2,3,0,mhxx-romfs-native-table
17,66,3,4,0,mhxx-romfs-native-table
17,66,4,5,0,mhxx-romfs-native-table
17,66,5,6,1,mhxx-romfs-native-table
17,66,6,7,1,mhxx-romfs-native-table
17,66,7,8,1,mhxx-romfs-native-table
17,67,0,1,0,mhxx-romfs-native-table
17,67,1,2,0,mhxx-romfs-native-table
17,67,2,3,0,mhxx-romfs-native-table
17,67,3,4,0,mhxx-romfs-native-table
17,67,4,5,1,mhxx-romfs-native-table
17,67,5,6,1,mhxx-romfs-native-table
17,67,6,7,1,mhxx-romfs-native-table
17,68,0,1,3,mhxx-romfs-native-table
17,68,1,2,3,mhxx-romfs-native-table
17,68,2,3,3,mhxx-romfs-native-table
17,68,3,4,3,mhxx-romfs-native-table
17,68,4,5,3,mhxx-romfs-native-table
17,68,5,6,3,mhxx-romfs-native-table
17,68,6,7,3,mhxx-romfs-native-table
17,68,7,8,3,mhxx-romfs-native-table
17,69,0,1,0,mhxx-romfs-native-table
17,69,1,2,0,mhxx-romfs-native-table
17,69,2,3,0,mhxx-romfs-native-table
17,69,3,4,0,mhxx-romfs-native-table
17,69,4,5,3,mhxx-romfs-native-table
17,69,5,6,3,mhxx-romfs-native-table
17,69,6,7,3,mhxx-romfs-native-table
17,70,0,1,0,mhxx-romfs-native-table
17,70,1,2,0,mhxx-romfs-native-table
17,70,2,3,0,mhxx-romfs-native-table
17,70,3,4,0,mhxx-romfs-native-table
17,70,4,5,0,mhxx-romfs-native-table
17,70,5,6,0,mhxx-romfs-native-table
17,70,6,7,0,mhxx-romfs-native-table
17,70,7,8,0,mhxx-romfs-native-table
17,70,8,9,0,mhxx-romfs-native-table
17,70,9,10,0,mhxx-romfs-native-table
17,70,10,11,0,mhxx-romfs-native-table
17,70,11,12,0,mhxx-romfs-native-table
17,70,12,13,0,mhxx-romfs-native-table
17,70,13,14,0,mhxx-romfs-native-table
17,70,14,15,0,mhxx-romfs-native-table
17,71,0,1,0,mhxx-romfs-native-table
17,71,1,2,0,mhxx-romfs-native-table
17,71,2,3,0,mhxx-romfs-native-table
17,71,3,4,0,mhxx-romfs-native-table
17,71,4,5,0,mhxx-romfs-native-table
17,71,5,6,0,mhxx-romfs-native-table
17,71,6,7,0,mhxx-romfs-native-table
17,71,7,8,0,mhxx-romfs-native-table
17,71,8,9,0,mhxx-romfs-native-table
17,71,9,10,0,mhxx-romfs-native-table
17,71,10,11,0,mhxx-romfs-native-table
17,71,11,12,0,mhxx-romfs-native-table
17,71,12,13,0,mhxx-romfs-native-table
17,71,13,14,0,mhxx-romfs-native-table
17,71,14,15,0,mhxx-romfs-native-table
17,72,0,1,0,mhxx-romfs-native-table
17,72,1,2,0,mhxx-romfs-native-table
17,72,2,3,0,mhxx-romfs-native-table
17,72,3,4,0,mhxx-romfs-native-table
17,72,4,5,0,mhxx-romfs-native-table
17,72,5,6,0,mhxx-romfs-native-table
17,72,6,7,0,mhxx-romfs-native-table
17,72,7,8,0,mhxx-romfs-native-table
17,72,8,9,0,mhxx-romfs-native-table
17,72,9,10,0,mhxx-romfs-native-table
17,72,10,11,0,mhxx-romfs-native-table
17,72,11,12,0,mhxx-romfs-native-table
17,72,12,13,0,mhxx-romfs-native-table
17,72,13,14,0,mhxx-romfs-native-table
17,72,14,15,0,mhxx-romfs-native-table
17,73,0,1,0,mhxx-romfs-native-table
17,73,1,2,0,mhxx-romfs-native-table
17,73,2,3,0,mhxx-romfs-native-table
17,73,3,4,0,mhxx-romfs-native-table
17,73,4,5,0,mhxx-romfs-native-table
17,73,5,6,0,mhxx-romfs-native-table
17,73,6,7,0,mhxx-romfs-native-table
17,73,7,8,0,mhxx-romfs-native-table
17,73,8,9,0,mhxx-romfs-native-table
17,73,9,10,0,mhxx-romfs-native-table
17,73,10,11,0,mhxx-romfs-native-table
17,73,11,12,0,mhxx-romfs-native-table
17,73,12,13,0,mhxx-romfs-native-table
17,73,13,14,0,mhxx-romfs-native-table
17,73,14,15,0,mhxx-romfs-native-table
17,74,0,1,0,mhxx-romfs-native-table
17,74,1,2,0,mhxx-romfs-native-table
17,74,2,3,0,mhxx-romfs-native-table
17,74,3,4,0,mhxx-romfs-native-table
17,74,4,5,0,mhxx-romfs-native-table
17,74,5,6,0,mhxx-romfs-native-table
17,74,6,7,0,mhxx-romfs-native-table
17,74,7,8,0,mhxx-romfs-native-table
17,74,8,9,0,mhxx-romfs-native-table
17,74,9,10,0,mhxx-romfs-native-table
17,74,10,11,0,mhxx-romfs-native-table
17,74,11,12,0,mhxx-romfs-native-table
17,74,12,13,0,mhxx-romfs-native-table
17,74,13,14,0,mhxx-romfs-native-table
17,74,14,15,0,mhxx-romfs-native-table
17,75,0,1,0,mhxx-romfs-native-table
17,75,1,2,0,mhxx-romfs-native-table
17,75,2,3,0,mhxx-romfs-native-table
17,75,3,4,0,mhxx-romfs-native-table
17,75,4,5,0,mhxx-romfs-native-table
17,75,5,6,0,mhxx-romfs-native-table
17,75,6,7,0,mhxx-romfs-native-table
17,75,7,8,0,mhxx-romfs-native-table
17,75,8,9,0,mhxx-romfs-native-table
17,75,9,10,0,mhxx-romfs-native-table
17,75,10,11,0,mhxx-romfs-native-table
17,75,11,12,0,mhxx-romfs-native-table
17,75,12,13,0,mhxx-romfs-native-table
17,75,13,14,0,mhxx-romfs-native-table
17,75,14,15,0,mhxx-romfs-native-table
17,76,0,1,0,mhxx-romfs-native-table
17,76,1,2,0,mhxx-romfs-native-table
17,76,2,3,0,mhxx-romfs-native-table
17,76,3,4,0,mhxx-romfs-native-table
17,76,4,5,0,mhxx-romfs-native-table
17,76,5,6,0,mhxx-romfs-native-table
17,76,6,7,0,mhxx-romfs-native-table
17,76,7,8,0,mhxx-romfs-native-table
17,76,8,9,0,mhxx-romfs-native-table
17,76,9,10,0,mhxx-romfs-native-table
17,76,10,11,0,mhxx-romfs-native-table
17,76,11,12,0,mhxx-romfs-native-table
17,76,12,13,0,mhxx-romfs-native-table
17,76,13,14,0,mhxx-romfs-native-table
17,76,14,15,0,mhxx-romfs-native-table
17,77,0,1,0,mhxx-romfs-native-table
17,77,1,2,0,mhxx-romfs-native-table
17,77,2,3,0,mhxx-romfs-native-table
17,77,3,4,0,mhxx-romfs-native-table
17,77,4,5,0,mhxx-romfs-native-table
17,77,5,6,0,mhxx-romfs-native-table
17,77,6,7,0,mhxx-romfs-native-table
17,77,7,8,0,mhxx-romfs-native-table
17,77,8,9,0,mhxx-romfs-native-table
17,77,9,10,0,mhxx-romfs-native-table
17,77,10,11,0,mhxx-romfs-native-table
17,77,11,12,0,mhxx-romfs-native-table
17,77,12,13,0,mhxx-romfs-native-table
17,77,13,14,0,mhxx-romfs-native-table
17,77,14,15,0,mhxx-romfs-native-table
17,78,0,1,0,mhxx-romfs-native-table
17,78,1,2,0,mhxx-romfs-native-table
17,78,2,3,0,mhxx-romfs-native-table
17,78,3,4,0,mhxx-romfs-native-table
17,78,4,5,0,mhxx-romfs-native-table
17,78,5,6,0,mhxx-romfs-native-table
17,78,6,7,0,mhxx-romfs-native-table
17,78,7,8,0,mhxx-romfs-native-table
17,78,8,9,0,mhxx-romfs-native-table
17,78,9,10,0,mhxx-romfs-native-table
17,78,10,11,0,mhxx-romfs-native-table
17,78,11,12,0,mhxx-romfs-native-table
17,78,12,13,0,mhxx-romfs-native-table
17,78,13,14,0,mhxx-romfs-native-table
17,78,14,15,0,mhxx-romfs-native-table
17,79,0,1,0,mhxx-romfs-native-table
17,79,1,2,0,mhxx-romfs-native-table
17,79,2,3,0,mhxx-romfs-native-table
17,79,3,4,0,mhxx-romfs-native-table
17,79,4,5,0,mhxx-romfs-native-table
17,79,5,6,0,mhxx-romfs-native-table
17,79,6,7,0,mhxx-romfs-native-table
17,79,7,8,0,mhxx-romfs-native-table
17,79,8,9,0,mhxx-romfs-native-table
17,79,9,10,0,mhxx-romfs-native-table
17,79,10,11,0,mhxx-romfs-native-table
17,79,11,12,0,mhxx-romfs-native-table
17,79,12,13,0,mhxx-romfs-native-table
17,79,13,14,0,mhxx-romfs-native-table
17,79,14,15,0,mhxx-romfs-native-table
17,80,0,1,0,mhxx-romfs-native-table
17,80,1,2,0,mhxx-romfs-native-table
17,80,2,3,0,mhxx-romfs-native-table
17,80,3,4,0,mhxx-romfs-native-table
17,80,4,5,0,mhxx-romfs-native-table
17,80,5,6,0,mhxx-romfs-native-table
17,80,6,7,0,mhxx-romfs-native-table
17,80,7,8,0,mhxx-romfs-native-table
17,80,8,9,0,mhxx-romfs-native-table
17,80,9,10,0,mhxx-romfs-native-table
17,80,10,11,0,mhxx-romfs-native-table
17,80,11,12,0,mhxx-romfs-native-table
17,80,12,13,0,mhxx-romfs-native-table
17,80,13,14,0,mhxx-romfs-native-table
17,80,14,15,0,mhxx-romfs-native-table
17,81,0,1,3,mhxx-romfs-native-table
17,81,1,2,3,mhxx-romfs-native-table
17,81,2,3,3,mhxx-romfs-native-table
17,81,3,4,3,mhxx-romfs-native-table
17,81,4,5,3,mhxx-romfs-native-table
17,82,0,1,3,mhxx-romfs-native-table
17,82,1,2,3,mhxx-romfs-native-table
17,82,2,3,3,mhxx-romfs-native-table
17,83,0,1,1,mhxx-romfs-native-table
17,83,1,2,1,mhxx-romfs-native-table
17,83,2,3,2,mhxx-romfs-native-table
17,83,3,4,2,mhxx-romfs-native-table
17,83,4,5,2,mhxx-romfs-native-table
17,83,5,6,2,mhxx-romfs-native-table
17,84,0,1,0,mhxx-romfs-native-table
17,84,1,2,0,mhxx-romfs-native-table
17,84,2,3,0,mhxx-romfs-native-table
17,84,3,4,0,mhxx-romfs-native-table
17,84,4,5,0,mhxx-romfs-native-table
17,85,0,1,0,mhxx-romfs-native-table
17,85,1,2,0,mhxx-romfs-native-table
17,85,2,3,0,mhxx-romfs-native-table
17,85,3,4,0,mhxx-romfs-native-table
17,85,4,5,0,mhxx-romfs-native-table
17,86,0,1,0,mhxx-romfs-native-table
17,86,1,2,0,mhxx-romfs-native-table
17,86,2,3,0,mhxx-romfs-native-table
17,86,3,4,0,mhxx-romfs-native-table
17,86,4,5,0,mhxx-romfs-native-table
17,87,0,1,0,mhxx-romfs-native-table
17,87,1,2,0,mhxx-romfs-native-table
17,87,2,3,0,mhxx-romfs-native-table
17,87,3,4,0,mhxx-romfs-native-table
17,87,4,5,0,mhxx-romfs-native-table
17,88,0,1,0,mhxx-romfs-native-table
17,88,1,2,0,mhxx-romfs-native-table
17,88,2,3,0,mhxx-romfs-native-table
17,88,3,4,0,mhxx-romfs-native-table
17,88,4,5,0,mhxx-romfs-native-table
17,89,0,1,0,mhxx-romfs-native-table
17,89,1,2,0,mhxx-romfs-native-table
17,89,2,3,0,mhxx-romfs-native-table
17,90,0,1,3,mhxx-romfs-native-table
17,90,1,2,3,mhxx-romfs-native-table
17,90,2,3,3,mhxx-romfs-native-table
17,91,0,1,0,mhxx-romfs-native-table
17,91,1,2,0,mhxx-romfs-native-table
17,91,2,3,0,mhxx-romfs-native-table
17,92,0,1,0,mhxx-romfs-native-table
17,92,1,2,0,mhxx-romfs-native-table
17,92,2,3,0,mhxx-romfs-native-table
17,93,0,1,2,mhxx-romfs-native-table
17,93,1,2,2,mhxx-romfs-native-table
17,93,2,3,2,mhxx-romfs-native-table
17,94,0,1,2,mhxx-romfs-native-table
17,94,1,2,2,mhxx-romfs-native-table
17,94,2,3,2,mhxx-romfs-native-table
17,95,0,1,1,mhxx-romfs-native-table
17,95,1,2,1,mhxx-romfs-native-table
17,95,2,3,1,mhxx-romfs-native-table
17,95,3,4,1,mhxx-romfs-native-table
17,95,4,5,1,mhxx-romfs-native-table
17,96,0,1,2,mhxx-romfs-native-table
17,96,1,2,2,mhxx-romfs-native-table
17,96,2,3,2,mhxx-romfs-native-table
17,96,3,4,2,mhxx-romfs-native-table
17,96,4,5,2,mhxx-romfs-native-table
17,96,5,6,2,mhxx-romfs-native-table
17,97,0,1,1,mhxx-romfs-native-table
17,97,1,2,1,mhxx-romfs-native-table
17,97,2,3,1,mhxx-romfs-native-table
17,97,3,4,1,mhxx-romfs-native-table
17,97,4,5,1,mhxx-romfs-native-table
17,98,0,1,2,mhxx-romfs-native-table
17,98,1,2,2,mhxx-romfs-native-table
17,98,2,3,2,mhxx-romfs-native-table
17,98,3,4,2,mhxx-romfs-native-table
17,98,4,5,2,mhxx-romfs-native-table
17,98,5,6,2,mhxx-romfs-native-table
17,99,0,1,1,mhxx-romfs-native-table
17,99,1,2,1,mhxx-romfs-native-table
17,99,2,3,1,mhxx-romfs-native-table
17,100,0,1,3,mhxx-romfs-native-table
17,100,1,2,3,mhxx-romfs-native-table
17,100,2,3,3,mhxx-romfs-native-table
17,100,3,4,3,mhxx-romfs-native-table
17,100,4,5,3,mhxx-romfs-native-table
17,101,0,1,1,mhxx-romfs-native-table
17,101,1,2,1,mhxx-romfs-native-table
17,101,2,3,1,mhxx-romfs-native-table
17,102,0,1,1,mhxx-romfs-native-table
17,102,1,2,1,mhxx-romfs-native-table
17,102,2,3,2,mhxx-romfs-native-table
17,102,3,4,2,mhxx-romfs-native-table
17,102,4,5,3,mhxx-romfs-native-table
17,103,0,1,3,mhxx-romfs-native-table
17,103,1,2,3,mhxx-romfs-native-table
17,103,2,3,3,mhxx-romfs-native-table
17,104,0,1,2,mhxx-romfs-native-table
17,104,1,2,2,mhxx-romfs-native-table
17,104,2,3,2,mhxx-romfs-native-table
17,105,0,1,2,mhxx-romfs-native-table
17,105,1,2,2,mhxx-romfs-native-table
17,105,2,3,2,mhxx-romfs-native-table
17,106,0,1,3,mhxx-romfs-native-table
17,106,1,2,3,mhxx-romfs-native-table
17,106,2,3,3,mhxx-romfs-native-table
17,106,3,4,3,mhxx-romfs-native-table
17,107,0,1,3,mhxx-romfs-native-table
17,107,1,2,3,mhxx-romfs-native-table
17,107,2,3,3,mhxx-romfs-native-table
17,107,3,4,3,mhxx-romfs-native-table
18,0,0,1,0,mhxx-romfs-native-table
18,1,0,1,0,mhxx-romfs-native-table
18,1,1,2,0,mhxx-romfs-native-table
18,1,2,3,0,mhxx-romfs-native-table
18,1,3,4,0,mhxx-romfs-native-table
18,1,4,5,0,mhxx-romfs-native-table
18,1,5,6,1,mhxx-romfs-native-table
18,1,6,7,1,mhxx-romfs-native-table
18,1,7,8,1,mhxx-romfs-native-table
18,1,8,9,2,mhxx-romfs-native-table
18,1,9,10,2,mhxx-romfs-native-table
18,1,10,11,3,mhxx-romfs-native-table
18,2,0,1,0,mhxx-romfs-native-table
18,2,1,2,0,mhxx-romfs-native-table
18,2,2,3,0,mhxx-romfs-native-table
18,2,3,4,0,mhxx-romfs-native-table
18,2,4,5,0,mhxx-romfs-native-table
18,2,5,6,0,mhxx-romfs-native-table
18,2,6,7,1,mhxx-romfs-native-table
18,2,7,8,2,mhxx-romfs-native-table
18,3,0,1,0,mhxx-romfs-native-table
18,3,1,2,0,mhxx-romfs-native-table
18,3,2,3,0,mhxx-romfs-native-table
18,3,3,4,0,mhxx-romfs-native-table
18,3,4,5,0,mhxx-romfs-native-table
18,4,0,1,1,mhxx-romfs-native-table
18,4,1,2,1,mhxx-romfs-native-table
18,4,2,3,1,mhxx-romfs-native-table
18,4,3,4,2,mhxx-romfs-native-table
18,4,4,5,2,mhxx-romfs-native-table
18,4,5,6,2,mhxx-romfs-native-table
18,4,6,7,3,mhxx-romfs-native-table
18,5,0,1,1,mhxx-romfs-native-table
18,5,1,2,1,mhxx-romfs-native-table
18,5,2,3,1,mhxx-romfs-native-table
18,5,3,4,1,mhxx-romfs-native-table
18,5,4,5,1,mhxx-romfs-native-table
18,6,0,1,0,mhxx-romfs-native-table
18,6,1,2,0,mhxx-romfs-native-table
18,6,2,3,0,mhxx-romfs-native-table
18,6,3,4,0,mhxx-romfs-native-table
18,6,4,5,0,mhxx-romfs-native-table
18,6,5,6,0,mhxx-romfs-native-table
18,6,6,7,0,mhxx-romfs-native-table
18,6,7,8,0,mhxx-romfs-native-table
18,7,0,1,0,mhxx-romfs-native-table
18,7,1,2,0,mhxx-romfs-native-table
18,7,2,3,0,mhxx-romfs-native-table
18,7,3,4,0,mhxx-romfs-native-table
18,7,4,5,0,mhxx-romfs-native-table
18,7,5,6,0,mhxx-romfs-native-table
18,7,6,7,0,mhxx-romfs-native-table
18,7,7,8,0,mhxx-romfs-native-table
18,8,0,1,2,mhxx-romfs-native-table
18,8,1,2,2,mhxx-romfs-native-table
18,8,2,3,2,mhxx-romfs-native-table
18,8,3,4,2,mhxx-romfs-native-table
18,8,4,5,3,mhxx-romfs-native-table
18,9,0,1,0,mhxx-romfs-native-table
18,9,1,2,0,mhxx-romfs-native-table
18,9,2,3,0,mhxx-romfs-native-table
18,9,3,4,0,mhxx-romfs-native-table
18,9,4,5,0,mhxx-romfs-native-table
18,9,5,6,0,mhxx-romfs-native-table
18,9,6,7,0,mhxx-romfs-native-table
18,9,7,8,0,mhxx-romfs-native-table
18,9,8,9,0,mhxx-romfs-native-table
18,9,9,10,0,mhxx-romfs-native-table
18,9,10,11,1,mhxx-romfs-native-table
18,10,0,1,2,mhxx-romfs-native-table
18,10,1,2,2,mhxx-romfs-native-table
18,10,2,3,2,mhxx-romfs-native-table
18,10,3,4,2,mhxx-romfs-native-table
18,10,4,5,2,mhxx-romfs-native-table
18,10,5,6,2,mhxx-romfs-native-table
18,10,6,7,2,mhxx-romfs-native-table
18,10,7,8,2,mhxx-romfs-native-table
18,11,0,1,0,mhxx-romfs-native-table
18,11,1,2,0,mhxx-romfs-native-table
18,11,2,3,0,mhxx-romfs-native-table
18,11,3,4,0,mhxx-romfs-native-table
18,11,4,5,1,mhxx-romfs-native-table
18,11,5,6,1,mhxx-romfs-native-table
18,12,0,1,0,mhxx-romfs-native-table
18,12,1,2,0,mhxx-romfs-native-table
18,12,2,3,0,mhxx-romfs-native-table
18,12,3,4,0,mhxx-romfs-native-table
18,12,4,5,0,mhxx-romfs-native-table
18,13,0,1,0,mhxx-romfs-native-table
18,13,1,2,0,mhxx-romfs-native-table
18,13,2,3,0,mhxx-romfs-native-table
18,13,3,4,0,mhxx-romfs-native-table
18,13,4,5,0,mhxx-romfs-native-table
18,13,5,6,0,mhxx-romfs-native-table
18,13,6,7,0,mhxx-romfs-native-table
18,14,0,1,2,mhxx-romfs-native-table
18,14,1,2,2,mhxx-romfs-native-table
18,14,2,3,2,mhxx-romfs-native-table
18,14,3,4,2,mhxx-romfs-native-table
18,14,4,5,2,mhxx-romfs-native-table
18,14,5,6,2,mhxx-romfs-native-table
18,15,0,1,1,mhxx-romfs-native-table
18,15,1,2,1,mhxx-romfs-native-table
18,15,2,3,1,mhxx-romfs-native-table
18,15,3,4,1,mhxx-romfs-native-table
18,15,4,5,1,mhxx-romfs-native-table
18,15,5,6,1,mhxx-romfs-native-table
18,15,6,7,1,mhxx-romfs-native-table
18,16,0,1,2,mhxx-romfs-native-table
18,16,1,2,2,mhxx-romfs-native-table
18,16,2,3,2,mhxx-romfs-native-table
18,16,3,4,2,mhxx-romfs-native-table
18,16,4,5,2,mhxx-romfs-native-table
18,16,5,6,2,mhxx-romfs-native-table
18,17,0,1,0,mhxx-romfs-native-table
18,17,1,2,0,mhxx-romfs-native-table
18,17,2,3,0,mhxx-romfs-native-table
18,17,3,4,0,mhxx-romfs-native-table
18,17,4,5,0,mhxx-romfs-native-table
18,17,5,6,0,mhxx-romfs-native-table
18,17,6,7,0,mhxx-romfs-native-table
18,18,0,1,2,mhxx-romfs-native-table
18,18,1,2,2,mhxx-romfs-native-table
18,18,2,3,3,mhxx-romfs-native-table
18,18,3,4,3,mhxx-romfs-native-table
18,18,4,5,3,mhxx-romfs-native-table
18,19,0,1,0,mhxx-romfs-native-table
18,19,1,2,0,mhxx-romfs-native-table
18,19,2,3,1,mhxx-romfs-native-table
18,19,3,4,1,mhxx-romfs-native-table
18,19,4,5,1,mhxx-romfs-native-table
18,19,5,6,1,mhxx-romfs-native-table
18,19,6,7,1,mhxx-romfs-native-table
18,20,0,1,1,mhxx-romfs-native-table
18,20,1,2,1,mhxx-romfs-native-table
18,20,2,3,1,mhxx-romfs-native-table
18,20,3,4,1,mhxx-romfs-native-table
18,20,4,5,1,mhxx-romfs-native-table
18,20,5,6,1,mhxx-romfs-native-table
18,20,6,7,2,mhxx-romfs-native-table
18,21,0,1,1,mhxx-romfs-native-table
18,21,1,2,1,mhxx-romfs-native-table
18,21,2,3,1,mhxx-romfs-native-table
18,21,3,4,1,mhxx-romfs-native-table
18,21,4,5,1,mhxx-romfs-native-table
18,21,5,6,1,mhxx-romfs-native-table
18,21,6,7,1,mhxx-romfs-native-table
18,22,0,1,1,mhxx-romfs-native-table
18,22,1,2,1,mhxx-romfs-native-table
18,22,2,3,1,mhxx-romfs-native-table
18,22,3,4,2,mhxx-romfs-native-table
18,22,4,5,2,mhxx-romfs-native-table
18,22,5,6,2,mhxx-romfs-native-table
18,22,6,7,2,mhxx-romfs-native-table
18,22,7,8,2,mhxx-romfs-native-table
18,22,8,9,2,mhxx-romfs-native-table
18,23,0,1,0,mhxx-romfs-native-table
18,23,1,2,0,mhxx-romfs-native-table
18,23,2,3,0,mhxx-romfs-native-table
18,23,3,4,1,mhxx-romfs-native-table
18,23,4,5,1,mhxx-romfs-native-table
18,24,0,1,2,mhxx-romfs-native-table
18,24,1,2,2,mhxx-romfs-native-table
18,24,2,3,2,mhxx-romfs-native-table
18,24,3,4,2,mhxx-romfs-native-table
18,24,4,5,2,mhxx-romfs-native-table
18,24,5,6,2,mhxx-romfs-native-table
18,25,0,1,0,mhxx-romfs-native-table
18,25,1,2,0,mhxx-romfs-native-table
18,25,2,3,0,mhxx-romfs-native-table
18,25,3,4,0,mhxx-romfs-native-table
18,25,4,5,0,mhxx-romfs-native-table
18,25,5,6,0,mhxx-romfs-native-table
18,25,6,7,0,mhxx-romfs-native-table
18,25,7,8,0,mhxx-romfs-native-table
18,26,0,1,0,mhxx-romfs-native-table
18,26,1,2,0,mhxx-romfs-native-table
18,26,2,3,0,mhxx-romfs-native-table
18,26,3,4,0,mhxx-romfs-native-table
18,26,4,5,0,mhxx-romfs-native-table
18,26,5,6,0,mhxx-romfs-native-table
18,26,6,7,0,mhxx-romfs-native-table
18,26,7,8,0,mhxx-romfs-native-table
18,26,8,9,0,mhxx-romfs-native-table
18,26,9,10,0,mhxx-romfs-native-table
18,26,10,11,0,mhxx-romfs-native-table
18,27,0,1,0,mhxx-romfs-native-table
18,27,1,2,0,mhxx-romfs-native-table
18,27,2,3,0,mhxx-romfs-native-table
18,27,3,4,0,mhxx-romfs-native-table
18,27,4,5,0,mhxx-romfs-native-table
18,27,5,6,0,mhxx-romfs-native-table
18,27,6,7,0,mhxx-romfs-native-table
18,27,7,8,0,mhxx-romfs-native-table
18,28,0,1,1,mhxx-romfs-native-table
18,28,1,2,1,mhxx-romfs-native-table
18,28,2,3,1,mhxx-romfs-native-table
18,28,3,4,1,mhxx-romfs-native-table
18,28,4,5,1,mhxx-romfs-native-table
18,29,0,1,0,mhxx-romfs-native-table
18,29,1,2,0,mhxx-romfs-native-table
18,29,2,3,0,mhxx-romfs-native-table
18,29,3,4,0,mhxx-romfs-native-table
18,29,4,5,0,mhxx-romfs-native-table
18,29,5,6,0,mhxx-romfs-native-table
18,29,6,7,1,mhxx-romfs-native-table
18,29,7,8,1,mhxx-romfs-native-table
18,29,8,9,1,mhxx-romfs-native-table
18,30,0,1,0,mhxx-romfs-native-table
18,30,1,2,0,mhxx-romfs-native-table
18,30,2,3,0,mhxx-romfs-native-table
18,30,3,4,0,mhxx-romfs-native-table
18,30,4,5,0,mhxx-romfs-native-table
18,30,5,6,0,mhxx-romfs-native-table
18,31,0,1,0,mhxx-romfs-native-table
18,31,1,2,0,mhxx-romfs-native-table
18,31,2,3,0,mhxx-romfs-native-table
18,31,3,4,1,mhxx-romfs-native-table
18,31,4,5,1,mhxx-romfs-native-table
18,31,5,6,1,mhxx-romfs-native-table
18,32,0,1,2,mhxx-romfs-native-table
18,32,1,2,2,mhxx-romfs-native-table
18,32,2,3,2,mhxx-romfs-native-table
18,32,3,4,2,mhxx-romfs-native-table
18,32,4,5,2,mhxx-romfs-native-table
18,32,5,6,2,mhxx-romfs-native-table
18,32,6,7,2,mhxx-romfs-native-table
18,33,0,1,0,mhxx-romfs-native-table
18,33,1,2,0,mhxx-romfs-native-table
18,33,2,3,0,mhxx-romfs-native-table
18,33,3,4,0,mhxx-romfs-native-table
18,33,4,5,0,mhxx-romfs-native-table
18,34,0,1,1,mhxx-romfs-native-table
18,34,1,2,1,mhxx-romfs-native-table
18,34,2,3,2,mhxx-romfs-native-table
18,34,3,4,2,mhxx-romfs-native-table
18,34,4,5,2,mhxx-romfs-native-table
18,34,5,6,2,mhxx-romfs-native-table
18,34,6,7,2,mhxx-romfs-native-table
18,34,7,8,2,mhxx-romfs-native-table
18,35,0,1,0,mhxx-romfs-native-table
18,35,1,2,0,mhxx-romfs-native-table
18,35,2,3,0,mhxx-romfs-native-table
18,35,3,4,0,mhxx-romfs-native-table
18,35,4,5,0,mhxx-romfs-native-table
18,35,5,6,0,mhxx-romfs-native-table
18,35,6,7,0,mhxx-romfs-native-table
18,35,7,8,0,mhxx-romfs-native-table
18,36,0,1,1,mhxx-romfs-native-table
18,36,1,2,1,mhxx-romfs-native-table
18,36,2,3,2,mhxx-romfs-native-table
18,36,3,4,2,mhxx-romfs-native-table
18,36,4,5,2,mhxx-romfs-native-table
18,36,5,6,2,mhxx-romfs-native-table
18,36,6,7,2,mhxx-romfs-native-table
18,36,7,8,2,mhxx-romfs-native-table
18,37,0,1,0,mhxx-romfs-native-table
18,37,1,2,0,mhxx-romfs-native-table
18,37,2,3,0,mhxx-romfs-native-table
18,37,3,4,0,mhxx-romfs-native-table
18,37,4,5,0,mhxx-romfs-native-table
18,37,5,6,0,mhxx-romfs-native-table
18,37,6,7,0,mhxx-romfs-native-table
18,37,7,8,0,mhxx-romfs-native-table
18,38,0,1,0,mhxx-romfs-native-table
18,38,1,2,0,mhxx-romfs-native-table
18,38,2,3,0,mhxx-romfs-native-table
18,38,3,4,0,mhxx-romfs-native-table
18,38,4,5,0,mhxx-romfs-native-table
18,38,5,6,0,mhxx-romfs-native-table
18,38,6,7,0,mhxx-romfs-native-table
18,38,7,8,0,mhxx-romfs-native-table
18,39,0,1,1,mhxx-romfs-native-table
18,39,1,2,1,mhxx-romfs-native-table
18,39,2,3,2,mhxx-romfs-native-table
18,39,3,4,2,mhxx-romfs-native-table
18,39,4,5,2,mhxx-romfs-native-table
18,39,5,6,2,mhxx-romfs-native-table
18,39,6,7,2,mhxx-romfs-native-table
18,39,7,8,2,mhxx-romfs-native-table
18,40,0,1,0,mhxx-romfs-native-table
18,40,1,2,0,mhxx-romfs-native-table
18,40,2,3,0,mhxx-romfs-native-table
18,40,3,4,0,mhxx-romfs-native-table
18,40,4,5,0,mhxx-romfs-native-table
18,40,5,6,0,mhxx-romfs-native-table
18,40,6,7,0,mhxx-romfs-native-table
18,40,7,8,0,mhxx-romfs-native-table
18,41,0,1,0,mhxx-romfs-native-table
18,41,1,2,0,mhxx-romfs-native-table
18,41,2,3,0,mhxx-romfs-native-table
18,41,3,4,1,mhxx-romfs-native-table
18,41,4,5,1,mhxx-romfs-native-table
18,41,5,6,1,mhxx-romfs-native-table
18,41,6,7,1,mhxx-romfs-native-table
18,41,7,8,1,mhxx-romfs-native-table
18,42,0,1,2,mhxx-romfs-native-table
18,42,1,2,2,mhxx-romfs-native-table
18,42,2,3,2,mhxx-romfs-native-table
18,42,3,4,3,mhxx-romfs-native-table
18,42,4,5,3,mhxx-romfs-native-table
18,43,0,1,1,mhxx-romfs-native-table
18,43,1,2,1,mhxx-romfs-native-table
18,43,2,3,1,mhxx-romfs-native-table
18,43,3,4,1,mhxx-romfs-native-table
18,43,4,5,1,mhxx-romfs-native-table
18,43,5,6,1,mhxx-romfs-native-table
18,43,6,7,1,mhxx-romfs-native-table
18,43,7,8,1,mhxx-romfs-native-table
18,43,8,9,1,mhxx-romfs-native-table
18,44,0,1,2,mhxx-romfs-native-table
18,44,1,2,2,mhxx-romfs-native-table
18,44,2,3,2,mhxx-romfs-native-table
18,44,3,4,3,mhxx-romfs-native-table
18,44,4,5,3,mhxx-romfs-native-table
18,44,5,6,3,mhxx-romfs-native-table
18,44,6,7,3,mhxx-romfs-native-table
18,45,0,1,0,mhxx-romfs-native-table
18,45,1,2,0,mhxx-romfs-native-table
18,45,2,3,1,mhxx-romfs-native-table
18,45,3,4,1,mhxx-romfs-native-table
18,45,4,5,1,mhxx-romfs-native-table
18,45,5,6,1,mhxx-romfs-native-table
18,45,6,7,1,mhxx-romfs-native-table
18,45,7,8,1,mhxx-romfs-native-table
18,46,0,1,1,mhxx-romfs-native-table
18,46,1,2,1,mhxx-romfs-native-table
18,46,2,3,1,mhxx-romfs-native-table
18,46,3,4,1,mhxx-romfs-native-table
18,46,4,5,1,mhxx-romfs-native-table
18,46,5,6,1,mhxx-romfs-native-table
18,47,0,1,2,mhxx-romfs-native-table
18,47,1,2,2,mhxx-romfs-native-table
18,47,2,3,2,mhxx-romfs-native-table
18,47,3,4,2,mhxx-romfs-native-table
18,47,4,5,2,mhxx-romfs-native-table
18,47,5,6,2,mhxx-romfs-native-table
18,48,0,1,1,mhxx-romfs-native-table
18,48,1,2,1,mhxx-romfs-native-table
18,48,2,3,1,mhxx-romfs-native-table
18,48,3,4,2,mhxx-romfs-native-table
18,48,4,5,2,mhxx-romfs-native-table
18,48,5,6,2,mhxx-romfs-native-table
18,48,6,7,2,mhxx-romfs-native-table
18,48,7,8,2,mhxx-romfs-native-table
18,48,8,9,2,mhxx-romfs-native-table
18,49,0,1,1,mhxx-romfs-native-table
18,49,1,2,1,mhxx-romfs-native-table
18,49,2,3,1,mhxx-romfs-native-table
18,49,3,4,1,mhxx-romfs-native-table
18,49,4,5,1,mhxx-romfs-native-table
18,49,5,6,1,mhxx-romfs-native-table
18,49,6,7,1,mhxx-romfs-native-table
18,50,0,1,3,mhxx-romfs-native-table
18,50,1,2,3,mhxx-romfs-native-table
18,50,2,3,3,mhxx-romfs-native-table
18,50,3,4,3,mhxx-romfs-native-table
18,50,4,5,3,mhxx-romfs-native-table
18,51,0,1,1,mhxx-romfs-native-table
18,51,1,2,1,mhxx-romfs-native-table
18,51,2,3,1,mhxx-romfs-native-table
18,51,3,4,1,mhxx-romfs-native-table
18,51,4,5,1,mhxx-romfs-native-table
18,51,5,6,1,mhxx-romfs-native-table
18,51,6,7,1,mhxx-romfs-native-table
18,51,7,8,1,mhxx-romfs-native-table
18,51,8,9,1,mhxx-romfs-native-table
18,52,0,1,1,mhxx-romfs-native-table
18,52,1,2,1,mhxx-romfs-native-table
18,52,2,3,1,mhxx-romfs-native-table
18,52,3,4,1,mhxx-romfs-native-table
18,52,4,5,1,mhxx-romfs-native-table
18,52,5,6,1,mhxx-romfs-native-table
18,52,6,7,1,mhxx-romfs-native-table
18,52,7,8,1,mhxx-romfs-native-table
18,52,8,9,1,mhxx-romfs-native-table
18,53,0,1,1,mhxx-romfs-native-table
18,53,1,2,1,mhxx-romfs-native-table
18,53,2,3,1,mhxx-romfs-native-table
18,53,3,4,1,mhxx-romfs-native-table
18,53,4,5,1,mhxx-romfs-native-table
18,53,5,6,1,mhxx-romfs-native-table
18,53,6,7,1,mhxx-romfs-native-table
18,53,7,8,1,mhxx-romfs-native-table
18,53,8,9,1,mhxx-romfs-native-table
18,54,0,1,1,mhxx-romfs-native-table
18,54,1,2,1,mhxx-romfs-native-table
18,54,2,3,1,mhxx-romfs-native-table
18,54,3,4,1,mhxx-romfs-native-table
18,54,4,5,1,mhxx-romfs-native-table
18,54,5,6,1,mhxx-romfs-native-table
18,54,6,7,1,mhxx-romfs-native-table
18,54,7,8,1,mhxx-romfs-native-table
18,54,8,9,1,mhxx-romfs-native-table
18,55,0,1,1,mhxx-romfs-native-table
18,55,1,2,1,mhxx-romfs-native-table
18,55,2,3,1,mhxx-romfs-native-table
18,55,3,4,1,mhxx-romfs-native-table
18,55,4,5,1,mhxx-romfs-native-table
18,55,5,6,1,mhxx-romfs-native-table
18,55,6,7,1,mhxx-romfs-native-table
18,56,0,1,1,mhxx-romfs-native-table
18,56,1,2,1,mhxx-romfs-native-table
18,56,2,3,1,mhxx-romfs-native-table
18,56,3,4,1,mhxx-romfs-native-table
18,56,4,5,1,mhxx-romfs-native-table
18,56,5,6,1,mhxx-romfs-native-table
18,56,6,7,1,mhxx-romfs-native-table
18,56,7,8,1,mhxx-romfs-native-table
18,57,0,1,0,mhxx-romfs-native-table
18,57,1,2,0,mhxx-romfs-native-table
18,57,2,3,0,mhxx-romfs-native-table
18,57,3,4,0,mhxx-romfs-native-table
18,57,4,5,0,mhxx-romfs-native-table
18,57,5,6,0,mhxx-romfs-native-table
18,58,0,1,1,mhxx-romfs-native-table
18,58,1,2,1,mhxx-romfs-native-table
18,58,2,3,1,mhxx-romfs-native-table
18,58,3,4,1,mhxx-romfs-native-table
18,58,4,5,1,mhxx-romfs-native-table
18,58,5,6,1,mhxx-romfs-native-table
18,58,6,7,1,mhxx-romfs-native-table
18,59,0,1,0,mhxx-romfs-native-table
18,59,1,2,0,mhxx-romfs-native-table
18,59,2,3,0,mhxx-romfs-native-table
18,59,3,4,0,mhxx-romfs-native-table
18,59,4,5,0,mhxx-romfs-native-table
18,60,0,1,1,mhxx-romfs-native-table
18,60,1,2,1,mhxx-romfs-native-table
18,60,2,3,1,mhxx-romfs-native-table
18,60,3,4,1,mhxx-romfs-native-table
18,60,4,5,1,mhxx-romfs-native-table
18,61,0,1,1,mhxx-romfs-native-table
18,61,1,2,1,mhxx-romfs-native-table
18,61,2,3,1,mhxx-romfs-native-table
18,61,3,4,1,mhxx-romfs-native-table
18,61,4,5,1,mhxx-romfs-native-table
18,61,5,6,1,mhxx-romfs-native-table
18,61,6,7,1,mhxx-romfs-native-table
18,62,0,1,2,mhxx-romfs-native-table
18,62,1,2,2,mhxx-romfs-native-table
18,62,2,3,2,mhxx-romfs-native-table
18,62,3,4,2,mhxx-romfs-native-table
18,62,4,5,2,mhxx-romfs-native-table
18,63,0,1,0,mhxx-romfs-native-table
18,63,1,2,0,mhxx-romfs-native-table
18,63,2,3,0,mhxx-romfs-native-table
18,63,3,4,0,mhxx-romfs-native-table
18,63,4,5,0,mhxx-romfs-native-table
18,64,0,1,0,mhxx-romfs-native-table
18,64,1,2,0,mhxx-romfs-native-table
18,64,2,3,0,mhxx-romfs-native-table
18,64,3,4,0,mhxx-romfs-native-table
18,64,4,5,0,mhxx-romfs-native-table
18,65,0,1,0,mhxx-romfs-native-table
18,65,1,2,0,mhxx-romfs-native-table
18,65,2,3,0,mhxx-romfs-native-table
18,65,3,4,0,mhxx-romfs-native-table
18,65,4,5,0,mhxx-romfs-native-table
18,66,0,1,0,mhxx-romfs-native-table
18,66,1,2,0,mhxx-romfs-native-table
18,66,2,3,0,mhxx-romfs-native-table
18,66,3,4,0,mhxx-romfs-native-table
18,66,4,5,0,mhxx-romfs-native-table
18,66,5,6,0,mhxx-romfs-native-table
18,66,6,7,0,mhxx-romfs-native-table
18,67,0,1,2,mhxx-romfs-native-table
18,67,1,2,2,mhxx-romfs-native-table
18,67,2,3,2,mhxx-romfs-native-table
18,67,3,4,2,mhxx-romfs-native-table
18,67,4,5,2,mhxx-romfs-native-table
18,68,0,1,1,mhxx-romfs-native-table
18,68,1,2,2,mhxx-romfs-native-table
18,68,2,3,3,mhxx-romfs-native-table
18,68,3,4,3,mhxx-romfs-native-table
18,68,4,5,3,mhxx-romfs-native-table
18,69,0,1,0,mhxx-romfs-native-table
18,69,1,2,0,mhxx-romfs-native-table
18,69,2,3,0,mhxx-romfs-native-table
18,69,3,4,0,mhxx-romfs-native-table
18,69,4,5,0,mhxx-romfs-native-table
18,69,5,6,1,mhxx-romfs-native-table
18,69,6,7,1,mhxx-romfs-native-table
18,70,0,1,0,mhxx-romfs-native-table
18,70,1,2,0,mhxx-romfs-native-table
18,70,2,3,0,mhxx-romfs-native-table
18,70,3,4,0,mhxx-romfs-native-table
18,70,4,5,0,mhxx-romfs-native-table
18,70,5,6,1,mhxx-romfs-native-table
18,70,6,7,1,mhxx-romfs-native-table
18,70,7,8,2,mhxx-romfs-native-table
18,71,0,1,0,mhxx-romfs-native-table
18,71,1,2,0,mhxx-romfs-native-table
18,71,2,3,0,mhxx-romfs-native-table
18,71,3,4,0,mhxx-romfs-native-table
18,71,4,5,0,mhxx-romfs-native-table
18,71,5,6,0,mhxx-romfs-native-table
18,72,0,1,0,mhxx-romfs-native-table
18,72,1,2,0,mhxx-romfs-native-table
18,72,2,3,0,mhxx-romfs-native-table
18,72,3,4,0,mhxx-romfs-native-table
18,72,4,5,0,mhxx-romfs-native-table
18,72,5,6,0,mhxx-romfs-native-table
18,73,0,1,1,mhxx-romfs-native-table
18,73,1,2,1,mhxx-romfs-native-table
18,73,2,3,1,mhxx-romfs-native-table
18,73,3,4,1,mhxx-romfs-native-table
18,73,4,5,1,mhxx-romfs-native-table
18,73,5,6,1,mhxx-romfs-native-table
18,73,6,7,1,mhxx-romfs-native-table
18,74,0,1,2,mhxx-romfs-native-table
18,74,1,2,2,mhxx-romfs-native-table
18,74,2,3,2,mhxx-romfs-native-table
18,74,3,4,2,mhxx-romfs-native-table
18,74,4,5,2,mhxx-romfs-native-table
18,74,5,6,3,mhxx-romfs-native-table
18,75,0,1,3,mhxx-romfs-native-table
18,75,1,2,3,mhxx-romfs-native-table
18,75,2,3,3,mhxx-romfs-native-table
18,75,3,4,3,mhxx-romfs-native-table
18,75,4,5,3,mhxx-romfs-native-table
18,75,5,6,3,mhxx-romfs-native-table
18,76,0,1,0,mhxx-romfs-native-table
18,76,1,2,0,mhxx-romfs-native-table
18,76,2,3,0,mhxx-romfs-native-table
18,76,3,4,0,mhxx-romfs-native-table
18,76,4,5,1,mhxx-romfs-native-table
18,76,5,6,1,mhxx-romfs-native-table
18,77,0,1,2,mhxx-romfs-native-table
18,77,1,2,2,mhxx-romfs-native-table
18,77,2,3,3,mhxx-romfs-native-table
18,77,3,4,3,mhxx-romfs-native-table
18,77,4,5,3,mhxx-romfs-native-table
18,77,5,6,3,mhxx-romfs-native-table
18,78,0,1,2,mhxx-romfs-native-table
18,78,1,2,2,mhxx-romfs-native-table
18,78,2,3,3,mhxx-romfs-native-table
18,78,3,4,3,mhxx-romfs-native-table
18,78,4,5,3,mhxx-romfs-native-table
18,79,0,1,2,mhxx-romfs-native-table
18,79,1,2,2,mhxx-romfs-native-table
18,79,2,3,3,mhxx-romfs-native-table
18,79,3,4,3,mhxx-romfs-native-table
18,79,4,5,3,mhxx-romfs-native-table
18,80,0,1,2,mhxx-romfs-native-table
18,80,1,2,2,mhxx-romfs-native-table
18,80,2,3,2,mhxx-romfs-native-table
18,80,3,4,2,mhxx-romfs-native-table
18,80,4,5,2,mhxx-romfs-native-table
18,80,5,6,2,mhxx-romfs-native-table
18,81,0,1,3,mhxx-romfs-native-table
18,81,1,2,3,mhxx-romfs-native-table
18,81,2,3,3,mhxx-romfs-native-table
18,81,3,4,3,mhxx-romfs-native-table
18,81,4,5,3,mhxx-romfs-native-table
18,82,0,1,0,mhxx-romfs-native-table
18,82,1,2,0,mhxx-romfs-native-table
18,82,2,3,0,mhxx-romfs-native-table
18,82,3,4,0,mhxx-romfs-native-table
18,82,4,5,0,mhxx-romfs-native-table
18,82,5,6,0,mhxx-romfs-native-table
18,82,6,7,0,mhxx-romfs-native-table
18,83,0,1,0,mhxx-romfs-native-table
18,83,1,2,0,mhxx-romfs-native-table
18,83,2,3,0,mhxx-romfs-native-table
18,83,3,4,0,mhxx-romfs-native-table
18,83,4,5,0,mhxx-romfs-native-table
18,84,0,1,3,mhxx-romfs-native-table
18,84,1,2,3,mhxx-romfs-native-table
18,84,2,3,3,mhxx-romfs-native-table
18,84,3,4,3,mhxx-romfs-native-table
18,84,4,5,3,mhxx-romfs-native-table
18,85,0,1,0,mhxx-romfs-native-table
18,85,1,2,0,mhxx-romfs-native-table
18,85,2,3,0,mhxx-romfs-native-table
18,85,3,4,0,mhxx-romfs-native-table
18,85,4,5,0,mhxx-romfs-native-table
18,86,0,1,0,mhxx-romfs-native-table
18,86,1,2,0,mhxx-romfs-native-table
18,86,2,3,0,mhxx-romfs-native-table
18,86,3,4,0,mhxx-romfs-native-table
18,86,4,5,0,mhxx-romfs-native-table
18,86,5,6,0,mhxx-romfs-native-table
18,86,6,7,0,mhxx-romfs-native-table
18,87,0,1,0,mhxx-romfs-native-table
18,87,1,2,0,mhxx-romfs-native-table
18,87,2,3,0,mhxx-romfs-native-table
18,87,3,4,0,mhxx-romfs-native-table
18,87,4,5,0,mhxx-romfs-native-table
18,87,5,6,0,mhxx-romfs-native-table
18,87,6,7,0,mhxx-romfs-native-table
18,87,7,8,0,mhxx-romfs-native-table
18,87,8,9,0,mhxx-romfs-native-table
18,87,9,10,0,mhxx-romfs-native-table
18,87,10,11,0,mhxx-romfs-native-table
18,87,11,12,0,mhxx-romfs-native-table
18,87,12,13,0,mhxx-romfs-native-table
18,87,13,14,0,mhxx-romfs-native-table
18,87,14,15,0,mhxx-romfs-native-table
18,88,0,1,0,mhxx-romfs-native-table
18,88,1,2,0,mhxx-romfs-native-table
18,88,2,3,0,mhxx-romfs-native-table
18,88,3,4,0,mhxx-romfs-native-table
18,88,4,5,0,mhxx-romfs-native-table
18,88,5,6,0,mhxx-romfs-native-table
18,88,6,7,0,mhxx-romfs-native-table
18,88,7,8,0,mhxx-romfs-native-table
18,88,8,9,0,mhxx-romfs-native-table
18,88,9,10,0,mhxx-romfs-native-table
18,88,10,11,0,mhxx-romfs-native-table
18,88,11,12,0,mhxx-romfs-native-table
18,88,12,13,0,mhxx-romfs-native-table
18,88,13,14,0,mhxx-romfs-native-table
18,88,14,15,0,mhxx-romfs-native-table
18,89,0,1,0,mhxx-romfs-native-table
18,89,1,2,0,mhxx-romfs-native-table
18,89,2,3,0,mhxx-romfs-native-table
18,89,3,4,0,mhxx-romfs-native-table
18,89,4,5,0,mhxx-romfs-native-table
18,89,5,6,0,mhxx-romfs-native-table
18,89,6,7,0,mhxx-romfs-native-table
18,89,7,8,0,mhxx-romfs-native-table
18,89,8,9,0,mhxx-romfs-native-table
18,89,9,10,0,mhxx-romfs-native-table
18,89,10,11,0,mhxx-romfs-native-table
18,89,11,12,0,mhxx-romfs-native-table
18,89,12,13,0,mhxx-romfs-native-table
18,89,13,14,0,mhxx-romfs-native-table
18,89,14,15,0,mhxx-romfs-native-table
18,90,0,1,0,mhxx-romfs-native-table
18,90,1,2,0,mhxx-romfs-native-table
18,90,2,3,0,mhxx-romfs-native-table
18,90,3,4,0,mhxx-romfs-native-table
18,90,4,5,0,mhxx-romfs-native-table
18,90,5,6,0,mhxx-romfs-native-table
18,90,6,7,0,mhxx-romfs-native-table
18,90,7,8,0,mhxx-romfs-native-table
18,90,8,9,0,mhxx-romfs-native-table
18,90,9,10,0,mhxx-romfs-native-table
18,90,10,11,0,mhxx-romfs-native-table
18,90,11,12,0,mhxx-romfs-native-table
18,90,12,13,0,mhxx-romfs-native-table
18,90,13,14,0,mhxx-romfs-native-table
18,90,14,15,0,mhxx-romfs-native-table
18,91,0,1,0,mhxx-romfs-native-table
18,91,1,2,0,mhxx-romfs-native-table
18,91,2,3,0,mhxx-romfs-native-table
18,91,3,4,0,mhxx-romfs-native-table
18,91,4,5,0,mhxx-romfs-native-table
18,91,5,6,0,mhxx-romfs-native-table
18,91,6,7,0,mhxx-romfs-native-table
18,91,7,8,0,mhxx-romfs-native-table
18,91,8,9,0,mhxx-romfs-native-table
18,91,9,10,0,mhxx-romfs-native-table
18,91,10,11,0,mhxx-romfs-native-table
18,91,11,12,0,mhxx-romfs-native-table
18,91,12,13,0,mhxx-romfs-native-table
18,91,13,14,0,mhxx-romfs-native-table
18,91,14,15,0,mhxx-romfs-native-table
18,92,0,1,0,mhxx-romfs-native-table
18,92,1,2,0,mhxx-romfs-native-table
18,92,2,3,0,mhxx-romfs-native-table
18,92,3,4,0,mhxx-romfs-native-table
18,92,4,5,0,mhxx-romfs-native-table
18,92,5,6,0,mhxx-romfs-native-table
18,92,6,7,0,mhxx-romfs-native-table
18,92,7,8,0,mhxx-romfs-native-table
18,92,8,9,0,mhxx-romfs-native-table
18,92,9,10,0,mhxx-romfs-native-table
18,92,10,11,0,mhxx-romfs-native-table
18,92,11,12,0,mhxx-romfs-native-table
18,92,12,13,0,mhxx-romfs-native-table
18,92,13,14,0,mhxx-romfs-native-table
18,92,14,15,0,mhxx-romfs-native-table
18,93,0,1,0,mhxx-romfs-native-table
18,93,1,2,0,mhxx-romfs-native-table
18,93,2,3,0,mhxx-romfs-native-table
18,93,3,4,0,mhxx-romfs-native-table
18,93,4,5,0,mhxx-romfs-native-table
18,93,5,6,0,mhxx-romfs-native-table
18,93,6,7,0,mhxx-romfs-native-table
18,93,7,8,0,mhxx-romfs-native-table
18,93,8,9,0,mhxx-romfs-native-table
18,93,9,10,0,mhxx-romfs-native-table
18,93,10,11,0,mhxx-romfs-native-table
18,93,11,12,0,mhxx-romfs-native-table
18,93,12,13,0,mhxx-romfs-native-table
18,93,13,14,0,mhxx-romfs-native-table
18,93,14,15,0,mhxx-romfs-native-table
18,94,0,1,0,mhxx-romfs-native-table
18,94,1,2,0,mhxx-romfs-native-table
18,94,2,3,0,mhxx-romfs-native-table
18,94,3,4,0,mhxx-romfs-native-table
18,94,4,5,0,mhxx-romfs-native-table
18,94,5,6,0,mhxx-romfs-native-table
18,94,6,7,0,mhxx-romfs-native-table
18,94,7,8,0,mhxx-romfs-native-table
18,94,8,9,0,mhxx-romfs-native-table
18,94,9,10,0,mhxx-romfs-native-table
18,94,10,11,0,mhxx-romfs-native-table
18,94,11,12,0,mhxx-romfs-native-table
18,94,12,13,0,mhxx-romfs-native-table
18,94,13,14,0,mhxx-romfs-native-table
18,94,14,15,0,mhxx-romfs-native-table
18,95,0,1,0,mhxx-romfs-native-table
18,95,1,2,0,mhxx-romfs-native-table
18,95,2,3,0,mhxx-romfs-native-table
18,95,3,4,0,mhxx-romfs-native-table
18,95,4,5,0,mhxx-romfs-native-table
18,95,5,6,0,mhxx-romfs-native-table
18,95,6,7,0,mhxx-romfs-native-table
18,95,7,8,0,mhxx-romfs-native-table
18,95,8,9,0,mhxx-romfs-native-table
18,95,9,10,0,mhxx-romfs-native-table
18,95,10,11,0,mhxx-romfs-native-table
18,95,11,12,0,mhxx-romfs-native-table
18,95,12,13,0,mhxx-romfs-native-table
18,95,13,14,0,mhxx-romfs-native-table
18,95,14,15,0,mhxx-romfs-native-table
18,96,0,1,1,mhxx-romfs-native-table
18,96,1,2,1,mhxx-romfs-native-table
18,96,2,3,1,mhxx-romfs-native-table
18,96,3,4,1,mhxx-romfs-native-table
18,96,4,5,1,mhxx-romfs-native-table
18,97,0,1,0,mhxx-romfs-native-table
18,97,1,2,0,mhxx-romfs-native-table
18,97,2,3,0,mhxx-romfs-native-table
18,97,3,4,0,mhxx-romfs-native-table
18,97,4,5,0,mhxx-romfs-native-table
18,98,0,1,0,mhxx-romfs-native-table
18,98,1,2,0,mhxx-romfs-native-table
18,98,2,3,0,mhxx-romfs-native-table
18,98,3,4,0,mhxx-romfs-native-table
18,98,4,5,0,mhxx-romfs-native-table
18,99,0,1,3,mhxx-romfs-native-table
18,99,1,2,3,mhxx-romfs-native-table
18,99,2,3,3,mhxx-romfs-native-table
18,99,3,4,3,mhxx-romfs-native-table
18,99,4,5,3,mhxx-romfs-native-table
18,100,0,1,3,mhxx-romfs-native-table
18,100,1,2,3,mhxx-romfs-native-table
18,100,2,3,3,mhxx-romfs-native-table
18,100,3,4,3,mhxx-romfs-native-table
18,100,4,5,3,mhxx-romfs-native-table
18,101,0,1,3,mhxx-romfs-native-table
18,101,1,2,3,mhxx-romfs-native-table
18,101,2,3,3,mhxx-romfs-native-table
18,102,0,1,1,mhxx-romfs-native-table
18,102,1,2,1,mhxx-romfs-native-table
18,102,2,3,2,mhxx-romfs-native-table
18,102,3,4,2,mhxx-romfs-native-table
18,102,4,5,2,mhxx-romfs-native-table
18,102,5,6,2,mhxx-romfs-native-table
18,103,0,1,0,mhxx-romfs-native-table
18,103,1,2,0,mhxx-romfs-native-table
18,103,2,3,0,mhxx-romfs-native-table
18,103,3,4,0,mhxx-romfs-native-table
18,103,4,5,0,mhxx-romfs-native-table
18,104,0,1,0,mhxx-romfs-native-table
18,104,1,2,0,mhxx-romfs-native-table
18,104,2,3,0,mhxx-romfs-native-table
18,104,3,4,0,mhxx-romfs-native-table
18,104,4,5,0,mhxx-romfs-native-table
18,105,0,1,0,mhxx-romfs-native-table
18,105,1,2,0,mhxx-romfs-native-table
18,105,2,3,0,mhxx-romfs-native-table
18,105,3,4,0,mhxx-romfs-native-table
18,105,4,5,0,mhxx-romfs-native-table
18,106,0,1,0,mhxx-romfs-native-table
18,106,1,2,0,mhxx-romfs-native-table
18,106,2,3,0,mhxx-romfs-native-table
18,106,3,4,0,mhxx-romfs-native-table
18,106,4,5,0,mhxx-romfs-native-table
18,107,0,1,0,mhxx-romfs-native-table
18,107,1,2,0,mhxx-romfs-native-table
18,107,2,3,0,mhxx-romfs-native-table
18,107,3,4,0,mhxx-romfs-native-table
18,107,4,5,0,mhxx-romfs-native-table
18,108,0,1,0,mhxx-romfs-native-table
18,108,1,2,0,mhxx-romfs-native-table
18,108,2,3,0,mhxx-romfs-native-table
18,109,0,1,3,mhxx-romfs-native-table
18,109,1,2,3,mhxx-romfs-native-table
18,109,2,3,3,mhxx-romfs-native-table
18,110,0,1,0,mhxx-romfs-native-table
18,110,1,2,0,mhxx-romfs-native-table
18,110,2,3,0,mhxx-romfs-native-table
18,111,0,1,1,mhxx-romfs-native-table
18,111,1,2,1,mhxx-romfs-native-table
18,111,2,3,1,mhxx-romfs-native-table
18,112,0,1,2,mhxx-romfs-native-table
18,112,1,2,2,mhxx-romfs-native-table
18,112,2,3,2,mhxx-romfs-native-table
18,113,0,1,0,mhxx-romfs-native-table
18,113,1,2,0,mhxx-romfs-native-table
18,113,2,3,0,mhxx-romfs-native-table
18,113,3,4,0,mhxx-romfs-native-table
18,113,4,5,0,mhxx-romfs-native-table
18,114,0,1,2,mhxx-romfs-native-table
18,114,1,2,2,mhxx-romfs-native-table
18,114,2,3,2,mhxx-romfs-native-table
18,114,3,4,2,mhxx-romfs-native-table
18,114,4,5,2,mhxx-romfs-native-table
18,114,5,6,2,mhxx-romfs-native-table
18,115,0,1,2,mhxx-romfs-native-table
18,115,1,2,2,mhxx-romfs-native-table
18,115,2,3,2,mhxx-romfs-native-table
18,115,3,4,2,mhxx-romfs-native-table
18,115,4,5,2,mhxx-romfs-native-table
18,115,5,6,2,mhxx-romfs-native-table
18,116,0,1,1,mhxx-romfs-native-table
18,116,1,2,1,mhxx-romfs-native-table
18,116,2,3,2,mhxx-romfs-native-table
18,116,3,4,2,mhxx-romfs-native-table
18,116,4,5,2,mhxx-romfs-native-table
18,117,0,1,0,mhxx-romfs-native-table
18,117,1,2,0,mhxx-romfs-native-table
18,117,2,3,0,mhxx-romfs-native-table
18,118,0,1,1,mhxx-romfs-native-table
18,118,1,2,1,mhxx-romfs-native-table
18,118,2,3,1,mhxx-romfs-native-table
18,119,0,1,1,mhxx-romfs-native-table
18,119,1,2,1,mhxx-romfs-native-table
18,119,2,3,2,mhxx-romfs-native-table
18,119,3,4,2,mhxx-romfs-native-table
18,119,4,5,3,mhxx-romfs-native-table
18,120,0,1,0,mhxx-romfs-native-table
18,120,1,2,0,mhxx-romfs-native-table
18,120,2,3,0,mhxx-romfs-native-table
18,121,0,1,3,mhxx-romfs-native-table
18,121,1,2,3,mhxx-romfs-native-table
18,121,2,3,3,mhxx-romfs-native-table
18,122,0,1,1,mhxx-romfs-native-table
18,122,1,2,1,mhxx-romfs-native-table
18,122,2,3,1,mhxx-romfs-native-table
18,123,0,1,0,mhxx-romfs-native-table
18,123,1,2,0,mhxx-romfs-native-table
18,123,2,3,0,mhxx-romfs-native-table
18,124,0,1,1,mhxx-romfs-native-table
18,124,1,2,1,mhxx-romfs-native-table
18,124,2,3,1,mhxx-romfs-native-table
18,125,0,1,2,mhxx-romfs-native-table
18,125,1,2,2,mhxx-romfs-native-table
18,125,2,3,2,mhxx-romfs-native-table
18,125,3,4,2,mhxx-romfs-native-table
19,0,0,1,0,mhxx-romfs-native-table
19,1,0,1,0,mhxx-romfs-native-table
19,1,1,2,0,mhxx-romfs-native-table
19,1,2,3,0,mhxx-romfs-native-table
19,1,3,4,0,mhxx-romfs-native-table
19,1,4,5,0,mhxx-romfs-native-table
19,1,5,6,1,mhxx-romfs-native-table
19,1,6,7,1,mhxx-romfs-native-table
19,1,7,8,1,mhxx-romfs-native-table
19,1,8,9,2,mhxx-romfs-native-table
19,1,9,10,2,mhxx-romfs-native-table
19,1,10,11,3,mhxx-romfs-native-table
19,2,0,1,0,mhxx-romfs-native-table
19,2,1,2,0,mhxx-romfs-native-table
19,2,2,3,0,mhxx-romfs-native-table
19,2,3,4,0,mhxx-romfs-native-table
19,2,4,5,0,mhxx-romfs-native-table
19,2,5,6,0,mhxx-romfs-native-table
19,2,6,7,1,mhxx-romfs-native-table
19,2,7,8,2,mhxx-romfs-native-table
19,3,0,1,1,mhxx-romfs-native-table
19,3,1,2,1,mhxx-romfs-native-table
19,3,2,3,1,mhxx-romfs-native-table
19,3,3,4,1,mhxx-romfs-native-table
19,3,4,5,1,mhxx-romfs-native-table
19,3,5,6,1,mhxx-romfs-native-table
19,3,6,7,1,mhxx-romfs-native-table
19,4,0,1,2,mhxx-romfs-native-table
19,4,1,2,2,mhxx-romfs-native-table
19,4,2,3,2,mhxx-romfs-native-table
19,4,3,4,2,mhxx-romfs-native-table
19,4,4,5,2,mhxx-romfs-native-table
19,4,5,6,2,mhxx-romfs-native-table
19,5,0,1,1,mhxx-romfs-native-table
19,5,1,2,1,mhxx-romfs-native-table
19,5,2,3,2,mhxx-romfs-native-table
19,5,3,4,2,mhxx-romfs-native-table
19,5,4,5,2,mhxx-romfs-native-table
19,5,5,6,2,mhxx-romfs-native-table
19,5,6,7,2,mhxx-romfs-native-table
19,5,7,8,2,mhxx-romfs-native-table
19,5,8,9,2,mhxx-romfs-native-table
19,6,0,1,1,mhxx-romfs-native-table
19,6,1,2,1,mhxx-romfs-native-table
19,6,2,3,2,mhxx-romfs-native-table
19,6,3,4,2,mhxx-romfs-native-table
19,6,4,5,2,mhxx-romfs-native-table
19,6,5,6,2,mhxx-romfs-native-table
19,6,6,7,2,mhxx-romfs-native-table
19,6,7,8,2,mhxx-romfs-native-table
19,6,8,9,2,mhxx-romfs-native-table
19,7,0,1,1,mhxx-romfs-native-table
19,7,1,2,1,mhxx-romfs-native-table
19,7,2,3,1,mhxx-romfs-native-table
19,7,3,4,1,mhxx-romfs-native-table
19,7,4,5,1,mhxx-romfs-native-table
19,7,5,6,1,mhxx-romfs-native-table
19,7,6,7,1,mhxx-romfs-native-table
19,7,7,8,1,mhxx-romfs-native-table
19,7,8,9,2,mhxx-romfs-native-table
19,8,0,1,2,mhxx-romfs-native-table
19,8,1,2,2,mhxx-romfs-native-table
19,8,2,3,2,mhxx-romfs-native-table
19,8,3,4,3,mhxx-romfs-native-table
19,8,4,5,3,mhxx-romfs-native-table
19,8,5,6,3,mhxx-romfs-native-table
19,8,6,7,3,mhxx-romfs-native-table
19,9,0,1,0,mhxx-romfs-native-table
19,9,1,2,0,mhxx-romfs-native-table
19,9,2,3,0,mhxx-romfs-native-table
19,9,3,4,0,mhxx-romfs-native-table
19,9,4,5,0,mhxx-romfs-native-table
19,9,5,6,0,mhxx-romfs-native-table
19,9,6,7,0,mhxx-romfs-native-table
19,9,7,8,0,mhxx-romfs-native-table
19,9,8,9,1,mhxx-romfs-native-table
19,9,9,10,1,mhxx-romfs-native-table
19,9,10,11,2,mhxx-romfs-native-table
19,10,0,1,0,mhxx-romfs-native-table
19,10,1,2,0,mhxx-romfs-native-table
19,10,2,3,0,mhxx-romfs-native-table
19,10,3,4,1,mhxx-romfs-native-table
19,10,4,5,1,mhxx-romfs-native-table
19,10,5,6,1,mhxx-romfs-native-table
19,11,0,1,0,mhxx-romfs-native-table
19,11,1,2,0,mhxx-romfs-native-table
19,11,2,3,1,mhxx-romfs-native-table
19,11,3,4,1,mhxx-romfs-native-table
19,11,4,5,1,mhxx-romfs-native-table
19,11,5,6,1,mhxx-romfs-native-table
19,11,6,7,2,mhxx-romfs-native-table
19,11,7,8,2,mhxx-romfs-native-table
19,12,0,1,1,mhxx-romfs-native-table
19,12,1,2,1,mhxx-romfs-native-table
19,12,2,3,1,mhxx-romfs-native-table
19,12,3,4,1,mhxx-romfs-native-table
19,12,4,5,1,mhxx-romfs-native-table
19,13,0,1,1,mhxx-romfs-native-table
19,13,1,2,1,mhxx-romfs-native-table
19,13,2,3,1,mhxx-romfs-native-table
19,13,3,4,1,mhxx-romfs-native-table
19,13,4,5,1,mhxx-romfs-native-table
19,13,5,6,1,mhxx-romfs-native-table
19,13,6,7,1,mhxx-romfs-native-table
19,13,7,8,2,mhxx-romfs-native-table
19,13,8,9,2,mhxx-romfs-native-table
19,14,0,1,1,mhxx-romfs-native-table
19,14,1,2,1,mhxx-romfs-native-table
19,14,2,3,1,mhxx-romfs-native-table
19,14,3,4,1,mhxx-romfs-native-table
19,14,4,5,1,mhxx-romfs-native-table
19,14,5,6,1,mhxx-romfs-native-table
19,14,6,7,1,mhxx-romfs-native-table
19,15,0,1,0,mhxx-romfs-native-table
19,15,1,2,0,mhxx-romfs-native-table
19,15,2,3,0,mhxx-romfs-native-table
19,15,3,4,1,mhxx-romfs-native-table
19,15,4,5,1,mhxx-romfs-native-table
19,15,5,6,1,mhxx-romfs-native-table
19,15,6,7,1,mhxx-romfs-native-table
19,15,7,8,2,mhxx-romfs-native-table
19,16,0,1,0,mhxx-romfs-native-table
19,16,1,2,1,mhxx-romfs-native-table
19,16,2,3,2,mhxx-romfs-native-table
19,16,3,4,2,mhxx-romfs-native-table
19,16,4,5,2,mhxx-romfs-native-table
19,16,5,6,2,mhxx-romfs-native-table
19,16,6,7,2,mhxx-romfs-native-table
19,16,7,8,2,mhxx-romfs-native-table
19,17,0,1,0,mhxx-romfs-native-table
19,17,1,2,0,mhxx-romfs-native-table
19,17,2,3,0,mhxx-romfs-native-table
19,17,3,4,0,mhxx-romfs-native-table
19,17,4,5,0,mhxx-romfs-native-table
19,17,5,6,0,mhxx-romfs-native-table
19,18,0,1,0,mhxx-romfs-native-table
19,18,1,2,0,mhxx-romfs-native-table
19,18,2,3,0,mhxx-romfs-native-table
19,18,3,4,0,mhxx-romfs-native-table
19,18,4,5,0,mhxx-romfs-native-table
19,18,5,6,0,mhxx-romfs-native-table
19,18,6,7,0,mhxx-romfs-native-table
19,18,7,8,0,mhxx-romfs-native-table
19,19,0,1,0,mhxx-romfs-native-table
19,19,1,2,0,mhxx-romfs-native-table
19,19,2,3,0,mhxx-romfs-native-table
19,19,3,4,1,mhxx-romfs-native-table
19,19,4,5,1,mhxx-romfs-native-table
19,19,5,6,1,mhxx-romfs-native-table
19,19,6,7,1,mhxx-romfs-native-table
19,20,0,1,0,mhxx-romfs-native-table
19,20,1,2,0,mhxx-romfs-native-table
19,20,2,3,0,mhxx-romfs-native-table
19,20,3,4,0,mhxx-romfs-native-table
19,20,4,5,0,mhxx-romfs-native-table
19,20,5,6,0,mhxx-romfs-native-table
19,20,6,7,0,mhxx-romfs-native-table
19,20,7,8,0,mhxx-romfs-native-table
19,20,8,9,1,mhxx-romfs-native-table
19,20,9,10,2,mhxx-romfs-native-table
19,20,10,11,2,mhxx-romfs-native-table
19,21,0,1,1,mhxx-romfs-native-table
19,21,1,2,1,mhxx-romfs-native-table
19,21,2,3,2,mhxx-romfs-native-table
19,21,3,4,2,mhxx-romfs-native-table
19,21,4,5,2,mhxx-romfs-native-table
19,21,5,6,2,mhxx-romfs-native-table
19,21,6,7,2,mhxx-romfs-native-table
19,22,0,1,0,mhxx-romfs-native-table
19,22,1,2,0,mhxx-romfs-native-table
19,22,2,3,0,mhxx-romfs-native-table
19,22,3,4,0,mhxx-romfs-native-table
19,22,4,5,0,mhxx-romfs-native-table
19,22,5,6,0,mhxx-romfs-native-table
19,22,6,7,0,mhxx-romfs-native-table
19,23,0,1,1,mhxx-romfs-native-table
19,23,1,2,1,mhxx-romfs-native-table
19,23,2,3,1,mhxx-romfs-native-table
19,23,3,4,1,mhxx-romfs-native-table
19,23,4,5,1,mhxx-romfs-native-table
19,23,5,6,1,mhxx-romfs-native-table
19,24,0,1,1,mhxx-romfs-native-table
19,24,1,2,1,mhxx-romfs-native-table
19,24,2,3,1,mhxx-romfs-native-table
19,24,3,4,1,mhxx-romfs-native-table
19,24,4,5,1,mhxx-romfs-native-table
19,24,5,6,1,mhxx-romfs-native-table
19,24,6,7,1,mhxx-romfs-native-table
19,25,0,1,2,mhxx-romfs-native-table
19,25,1,2,2,mhxx-romfs-native-table
19,25,2,3,2,mhxx-romfs-native-table
19,25,3,4,2,mhxx-romfs-native-table
19,25,4,5,2,mhxx-romfs-native-table
19,25,5,6,2,mhxx-romfs-native-table
19,26,0,1,1,mhxx-romfs-native-table
19,26,1,2,1,mhxx-romfs-native-table
19,26,2,3,2,mhxx-romfs-native-table
19,26,3,4,2,mhxx-romfs-native-table
19,26,4,5,3,mhxx-romfs-native-table
19,26,5,6,3,mhxx-romfs-native-table
19,26,6,7,3,mhxx-romfs-native-table
19,26,7,8,3,mhxx-romfs-native-table
19,27,0,1,3,mhxx-romfs-native-table
19,27,1,2,3,mhxx-romfs-native-table
19,27,2,3,3,mhxx-romfs-native-table
19,27,3,4,3,mhxx-romfs-native-table
19,27,4,5,3,mhxx-romfs-native-table
19,27,5,6,3,mhxx-romfs-native-table
19,28,0,1,0,mhxx-romfs-native-table
19,28,1,2,1,mhxx-romfs-native-table
19,28,2,3,2,mhxx-romfs-native-table
19,28,3,4,2,mhxx-romfs-native-table
19,28,4,5,2,mhxx-romfs-native-table
19,28,5,6,3,mhxx-romfs-native-table
19,28,6,7,3,mhxx-romfs-native-table
19,28,7,8,3,mhxx-romfs-native-table
19,29,0,1,1,mhxx-romfs-native-table
19,29,1,2,1,mhxx-romfs-native-table
19,29,2,3,2,mhxx-romfs-native-table
19,29,3,4,2,mhxx-romfs-native-table
19,29,4,5,2,mhxx-romfs-native-table
19,29,5,6,2,mhxx-romfs-native-table
19,29,6,7,3,mhxx-romfs-native-table
19,30,0,1,0,mhxx-romfs-native-table
19,30,1,2,0,mhxx-romfs-native-table
19,30,2,3,0,mhxx-romfs-native-table
19,30,3,4,1,mhxx-romfs-native-table
19,30,4,5,1,mhxx-romfs-native-table
19,30,5,6,2,mhxx-romfs-native-table
19,30,6,7,2,mhxx-romfs-native-table
19,30,7,8,2,mhxx-romfs-native-table
19,31,0,1,0,mhxx-romfs-native-table
19,31,1,2,0,mhxx-romfs-native-table
19,31,2,3,0,mhxx-romfs-native-table
19,31,3,4,0,mhxx-romfs-native-table
19,31,4,5,0,mhxx-romfs-native-table
19,31,5,6,0,mhxx-romfs-native-table
19,31,6,7,1,mhxx-romfs-native-table
19,31,7,8,1,mhxx-romfs-native-table
19,32,0,1,0,mhxx-romfs-native-table
19,32,1,2,0,mhxx-romfs-native-table
19,32,2,3,1,mhxx-romfs-native-table
19,32,3,4,1,mhxx-romfs-native-table
19,32,4,5,1,mhxx-romfs-native-table
19,32,5,6,1,mhxx-romfs-native-table
19,33,0,1,2,mhxx-romfs-native-table
19,33,1,2,2,mhxx-romfs-native-table
19,33,2,3,3,mhxx-romfs-native-table
19,33,3,4,3,mhxx-romfs-native-table
19,33,4,5,3,mhxx-romfs-native-table
19,33,5,6,3,mhxx-romfs-native-table
19,34,0,1,0,mhxx-romfs-native-table
19,34,1,2,0,mhxx-romfs-native-table
19,34,2,3,1,mhxx-romfs-native-table
19,34,3,4,1,mhxx-romfs-native-table
19,34,4,5,1,mhxx-romfs-native-table
19,34,5,6,1,mhxx-romfs-native-table
19,34,6,7,1,mhxx-romfs-native-table
19,35,0,1,0,mhxx-romfs-native-table
19,35,1,2,0,mhxx-romfs-native-table
19,35,2,3,0,mhxx-romfs-native-table
19,35,3,4,0,mhxx-romfs-native-table
19,35,4,5,0,mhxx-romfs-native-table
19,35,5,6,1,mhxx-romfs-native-table
19,35,6,7,1,mhxx-romfs-native-table
19,35,7,8,2,mhxx-romfs-native-table
19,36,0,1,0,mhxx-romfs-native-table
19,36,1,2,0,mhxx-romfs-native-table
19,36,2,3,0,mhxx-romfs-native-table
19,36,3,4,0,mhxx-romfs-native-table
19,36,4,5,0,mhxx-romfs-native-table
19,36,5,6,0,mhxx-romfs-native-table
19,36,6,7,2,mhxx-romfs-native-table
19,36,7,8,2,mhxx-romfs-native-table
19,36,8,9,2,mhxx-romfs-native-table
19,37,0,1,1,mhxx-romfs-native-table
19,37,1,2,1,mhxx-romfs-native-table
19,37,2,3,1,mhxx-romfs-native-table
19,37,3,4,1,mhxx-romfs-native-table
19,37,4,5,1,mhxx-romfs-native-table
19,38,0,1,0,mhxx-romfs-native-table
19,38,1,2,0,mhxx-romfs-native-table
19,38,2,3,0,mhxx-romfs-native-table
19,38,3,4,0,mhxx-romfs-native-table
19,38,4,5,0,mhxx-romfs-native-table
19,38,5,6,0,mhxx-romfs-native-table
19,38,6,7,0,mhxx-romfs-native-table
19,38,7,8,0,mhxx-romfs-native-table
19,39,0,1,0,mhxx-romfs-native-table
19,39,1,2,0,mhxx-romfs-native-table
19,39,2,3,1,mhxx-romfs-native-table
19,39,3,4,1,mhxx-romfs-native-table
19,39,4,5,2,mhxx-romfs-native-table
19,39,5,6,2,mhxx-romfs-native-table
19,39,6,7,2,mhxx-romfs-native-table
19,39,7,8,2,mhxx-romfs-native-table
19,39,8,9,2,mhxx-romfs-native-table
19,40,0,1,0,mhxx-romfs-native-table
19,40,1,2,0,mhxx-romfs-native-table
19,40,2,3,1,mhxx-romfs-native-table
19,40,3,4,1,mhxx-romfs-native-table
19,40,4,5,1,mhxx-romfs-native-table
19,40,5,6,1,mhxx-romfs-native-table
19,40,6,7,1,mhxx-romfs-native-table
19,40,7,8,1,mhxx-romfs-native-table
19,41,0,1,0,mhxx-romfs-native-table
19,41,1,2,1,mhxx-romfs-native-table
19,41,2,3,2,mhxx-romfs-native-table
19,41,3,4,3,mhxx-romfs-native-table
19,41,4,5,3,mhxx-romfs-native-table
19,41,5,6,3,mhxx-romfs-native-table
19,41,6,7,3,mhxx-romfs-native-table
19,41,7,8,3,mhxx-romfs-native-table
19,42,0,1,0,mhxx-romfs-native-table
19,42,1,2,1,mhxx-romfs-native-table
19,42,2,3,2,mhxx-romfs-native-table
19,42,3,4,3,mhxx-romfs-native-table
19,42,4,5,3,mhxx-romfs-native-table
19,42,5,6,3,mhxx-romfs-native-table
19,42,6,7,3,mhxx-romfs-native-table
19,42,7,8,3,mhxx-romfs-native-table
19,43,0,1,1,mhxx-romfs-native-table
19,43,1,2,1,mhxx-romfs-native-table
19,43,2,3,1,mhxx-romfs-native-table
19,43,3,4,1,mhxx-romfs-native-table
19,43,4,5,1,mhxx-romfs-native-table
19,43,5,6,1,mhxx-romfs-native-table
19,43,6,7,1,mhxx-romfs-native-table
19,44,0,1,0,mhxx-romfs-native-table
19,44,1,2,1,mhxx-romfs-native-table
19,44,2,3,1,mhxx-romfs-native-table
19,44,3,4,1,mhxx-romfs-native-table
19,44,4,5,1,mhxx-romfs-native-table
19,44,5,6,1,mhxx-romfs-native-table
19,44,6,7,1,mhxx-romfs-native-table
19,44,7,8,1,mhxx-romfs-native-table
19,44,8,9,1,mhxx-romfs-native-table
19,45,0,1,1,mhxx-romfs-native-table
19,45,1,2,1,mhxx-romfs-native-table
19,45,2,3,1,mhxx-romfs-native-table
19,45,3,4,1,mhxx-romfs-native-table
19,45,4,5,1,mhxx-romfs-native-table
19,46,0,1,0,mhxx-romfs-native-table
19,46,1,2,0,mhxx-romfs-native-table
19,46,2,3,0,mhxx-romfs-native-table
19,46,3,4,0,mhxx-romfs-native-table
19,46,4,5,0,mhxx-romfs-native-table
19,46,5,6,0,mhxx-romfs-native-table
19,46,6,7,1,mhxx-romfs-native-table
19,47,0,1,0,mhxx-romfs-native-table
19,47,1,2,0,mhxx-romfs-native-table
19,47,2,3,0,mhxx-romfs-native-table
19,47,3,4,0,mhxx-romfs-native-table
19,47,4,5,0,mhxx-romfs-native-table
19,48,0,1,1,mhxx-romfs-native-table
19,48,1,2,1,mhxx-romfs-native-table
19,48,2,3,1,mhxx-romfs-native-table
19,48,3,4,2,mhxx-romfs-native-table
19,48,4,5,2,mhxx-romfs-native-table
19,48,5,6,2,mhxx-romfs-native-table
19,48,6,7,2,mhxx-romfs-native-table
19,49,0,1,1,mhxx-romfs-native-table
19,49,1,2,1,mhxx-romfs-native-table
19,49,2,3,1,mhxx-romfs-native-table
19,49,3,4,1,mhxx-romfs-native-table
19,49,4,5,1,mhxx-romfs-native-table
19,49,5,6,1,mhxx-romfs-native-table
19,49,6,7,1,mhxx-romfs-native-table
19,49,7,8,1,mhxx-romfs-native-table
19,49,8,9,1,mhxx-romfs-native-table
19,50,0,1,1,mhxx-romfs-native-table
19,50,1,2,1,mhxx-romfs-native-table
19,50,2,3,1,mhxx-romfs-native-table
19,50,3,4,1,mhxx-romfs-native-table
19,50,4,5,1,mhxx-romfs-native-table
19,50,5,6,1,mhxx-romfs-native-table
19,50,6,7,1,mhxx-romfs-native-table
19,50,7,8,1,mhxx-romfs-native-table
19,50,8,9,1,mhxx-romfs-native-table
19,51,0,1,1,mhxx-romfs-native-table
19,51,1,2,1,mhxx-romfs-native-table
19,51,2,3,1,mhxx-romfs-native-table
19,51,3,4,1,mhxx-romfs-native-table
19,51,4,5,1,mhxx-romfs-native-table
19,51,5,6,1,mhxx-romfs-native-table
19,51,6,7,1,mhxx-romfs-native-table
19,51,7,8,1,mhxx-romfs-native-table
19,51,8,9,1,mhxx-romfs-native-table
19,52,0,1,1,mhxx-romfs-native-table
19,52,1,2,1,mhxx-romfs-native-table
19,52,2,3,1,mhxx-romfs-native-table
19,52,3,4,1,mhxx-romfs-native-table
19,52,4,5,1,mhxx-romfs-native-table
19,52,5,6,1,mhxx-romfs-native-table
19,52,6,7,1,mhxx-romfs-native-table
19,52,7,8,1,mhxx-romfs-native-table
19,52,8,9,1,mhxx-romfs-native-table
19,53,0,1,1,mhxx-romfs-native-table
19,53,1,2,1,mhxx-romfs-native-table
19,53,2,3,1,mhxx-romfs-native-table
19,53,3,4,1,mhxx-romfs-native-table
19,53,4,5,1,mhxx-romfs-native-table
19,53,5,6,1,mhxx-romfs-native-table
19,53,6,7,1,mhxx-romfs-native-table
19,54,0,1,1,mhxx-romfs-native-table
19,54,1,2,1,mhxx-romfs-native-table
19,54,2,3,1,mhxx-romfs-native-table
19,54,3,4,1,mhxx-romfs-native-table
19,54,4,5,1,mhxx-romfs-native-table
19,54,5,6,1,mhxx-romfs-native-table
19,54,6,7,1,mhxx-romfs-native-table
19,54,7,8,1,mhxx-romfs-native-table
19,55,0,1,0,mhxx-romfs-native-table
19,55,1,2,1,mhxx-romfs-native-table
19,55,2,3,2,mhxx-romfs-native-table
19,55,3,4,2,mhxx-romfs-native-table
19,55,4,5,2,mhxx-romfs-native-table
19,55,5,6,2,mhxx-romfs-native-table
19,56,0,1,1,mhxx-romfs-native-table
19,56,1,2,1,mhxx-romfs-native-table
19,56,2,3,1,mhxx-romfs-native-table
19,56,3,4,1,mhxx-romfs-native-table
19,56,4,5,1,mhxx-romfs-native-table
19,56,5,6,1,mhxx-romfs-native-table
19,57,0,1,1,mhxx-romfs-native-table
19,57,1,2,1,mhxx-romfs-native-table
19,57,2,3,2,mhxx-romfs-native-table
19,57,3,4,2,mhxx-romfs-native-table
19,57,4,5,2,mhxx-romfs-native-table
19,57,5,6,2,mhxx-romfs-native-table
19,58,0,1,1,mhxx-romfs-native-table
19,58,1,2,1,mhxx-romfs-native-table
19,58,2,3,1,mhxx-romfs-native-table
19,58,3,4,1,mhxx-romfs-native-table
19,58,4,5,1,mhxx-romfs-native-table
19,58,5,6,1,mhxx-romfs-native-table
19,58,6,7,1,mhxx-romfs-native-table
19,59,0,1,2,mhxx-romfs-native-table
19,59,1,2,2,mhxx-romfs-native-table
19,59,2,3,2,mhxx-romfs-native-table
19,59,3,4,2,mhxx-romfs-native-table
19,59,4,5,2,mhxx-romfs-native-table
19,60,0,1,0,mhxx-romfs-native-table
19,60,1,2,0,mhxx-romfs-native-table
19,60,2,3,0,mhxx-romfs-native-table
19,60,3,4,0,mhxx-romfs-native-table
19,60,4,5,0,mhxx-romfs-native-table
19,61,0,1,0,mhxx-romfs-native-table
19,61,1,2,0,mhxx-romfs-native-table
19,61,2,3,0,mhxx-romfs-native-table
19,61,3,4,0,mhxx-romfs-native-table
19,61,4,5,0,mhxx-romfs-native-table
19,62,0,1,0,mhxx-romfs-native-table
19,62,1,2,0,mhxx-romfs-native-table
19,62,2,3,0,mhxx-romfs-native-table
19,62,3,4,0,mhxx-romfs-native-table
19,62,4,5,0,mhxx-romfs-native-table
19,63,0,1,0,mhxx-romfs-native-table
19,63,1,2,0,mhxx-romfs-native-table
19,63,2,3,0,mhxx-romfs-native-table
19,63,3,4,0,mhxx-romfs-native-table
19,63,4,5,0,mhxx-romfs-native-table
19,63,5,6,0,mhxx-romfs-native-table
19,63,6,7,0,mhxx-romfs-native-table
19,64,0,1,0,mhxx-romfs-native-table
19,64,1,2,0,mhxx-romfs-native-table
19,64,2,3,0,mhxx-romfs-native-table
19,64,3,4,0,mhxx-romfs-native-table
19,64,4,5,0,mhxx-romfs-native-table
19,65,0,1,1,mhxx-romfs-native-table
19,65,1,2,1,mhxx-romfs-native-table
19,65,2,3,1,mhxx-romfs-native-table
19,65,3,4,1,mhxx-romfs-native-table
19,65,4,5,1,mhxx-romfs-native-table
19,66,0,1,0,mhxx-romfs-native-table
19,66,1,2,0,mhxx-romfs-native-table
19,66,2,3,0,mhxx-romfs-native-table
19,66,3,4,0,mhxx-romfs-native-table
19,66,4,5,0,mhxx-romfs-native-table
19,66,5,6,3,mhxx-romfs-native-table
19,66,6,7,3,mhxx-romfs-native-table
19,67,0,1,0,mhxx-romfs-native-table
19,67,1,2,0,mhxx-romfs-native-table
19,67,2,3,0,mhxx-romfs-native-table
19,67,3,4,0,mhxx-romfs-native-table
19,67,4,5,0,mhxx-romfs-native-table
19,67,5,6,1,mhxx-romfs-native-table
19,67,6,7,2,mhxx-romfs-native-table
19,67,7,8,3,mhxx-romfs-native-table
19,68,0,1,0,mhxx-romfs-native-table
19,68,1,2,0,mhxx-romfs-native-table
19,68,2,3,0,mhxx-romfs-native-table
19,68,3,4,0,mhxx-romfs-native-table
19,68,4,5,1,mhxx-romfs-native-table
19,68,5,6,1,mhxx-romfs-native-table
19,69,0,1,2,mhxx-romfs-native-table
19,69,1,2,2,mhxx-romfs-native-table
19,69,2,3,3,mhxx-romfs-native-table
19,69,3,4,3,mhxx-romfs-native-table
19,69,4,5,3,mhxx-romfs-native-table
19,69,5,6,3,mhxx-romfs-native-table
19,70,0,1,0,mhxx-romfs-native-table
19,70,1,2,0,mhxx-romfs-native-table
19,70,2,3,0,mhxx-romfs-native-table
19,70,3,4,0,mhxx-romfs-native-table
19,70,4,5,0,mhxx-romfs-native-table
19,70,5,6,0,mhxx-romfs-native-table
19,71,0,1,2,mhxx-romfs-native-table
19,71,1,2,2,mhxx-romfs-native-table
19,71,2,3,2,mhxx-romfs-native-table
19,71,3,4,2,mhxx-romfs-native-table
19,71,4,5,2,mhxx-romfs-native-table
19,71,5,6,3,mhxx-romfs-native-table
19,72,0,1,0,mhxx-romfs-native-table
19,72,1,2,0,mhxx-romfs-native-table
19,72,2,3,0,mhxx-romfs-native-table
19,72,3,4,0,mhxx-romfs-native-table
19,72,4,5,0,mhxx-romfs-native-table
19,72,5,6,0,mhxx-romfs-native-table
19,73,0,1,2,mhxx-romfs-native-table
19,73,1,2,3,mhxx-romfs-native-table
19,73,2,3,3,mhxx-romfs-native-table
19,73,3,4,3,mhxx-romfs-native-table
19,73,4,5,3,mhxx-romfs-native-table
19,73,5,6,3,mhxx-romfs-native-table
19,74,0,1,2,mhxx-romfs-native-table
19,74,1,2,2,mhxx-romfs-native-table
19,74,2,3,2,mhxx-romfs-native-table
19,74,3,4,2,mhxx-romfs-native-table
19,74,4,5,2,mhxx-romfs-native-table
19,74,5,6,2,mhxx-romfs-native-table
19,75,0,1,0,mhxx-romfs-native-table
19,75,1,2,0,mhxx-romfs-native-table
19,75,2,3,0,mhxx-romfs-native-table
19,75,3,4,0,mhxx-romfs-native-table
19,75,4,5,0,mhxx-romfs-native-table
19,75,5,6,0,mhxx-romfs-native-table
19,75,6,7,0,mhxx-romfs-native-table
19,76,0,1,0,mhxx-romfs-native-table
19,76,1,2,0,mhxx-romfs-native-table
19,76,2,3,0,mhxx-romfs-native-table
19,76,3,4,0,mhxx-romfs-native-table
19,76,4,5,0,mhxx-romfs-native-table
19,76,5,6,0,mhxx-romfs-native-table
19,76,6,7,0,mhxx-romfs-native-table
19,77,0,1,0,mhxx-romfs-native-table
19,77,1,2,0,mhxx-romfs-native-table
19,77,2,3,0,mhxx-romfs-native-table
19,77,3,4,0,mhxx-romfs-native-table
19,77,4,5,0,mhxx-romfs-native-table
19,77,5,6,0,mhxx-romfs-native-table
19,77,6,7,0,mhxx-romfs-native-table
19,77,7,8,0,mhxx-romfs-native-table
19,77,8,9,0,mhxx-romfs-native-table
19,77,9,10,0,mhxx-romfs-native-table
19,77,10,11,0,mhxx-romfs-native-table
19,77,11,12,0,mhxx-romfs-native-table
19,77,12,13,0,mhxx-romfs-native-table
19,77,13,14,0,mhxx-romfs-native-table
19,77,14,15,0,mhxx-romfs-native-table
19,78,0,1,0,mhxx-romfs-native-table
19,78,1,2,0,mhxx-romfs-native-table
19,78,2,3,0,mhxx-romfs-native-table
19,78,3,4,0,mhxx-romfs-native-table
19,78,4,5,0,mhxx-romfs-native-table
19,78,5,6,0,mhxx-romfs-native-table
19,78,6,7,0,mhxx-romfs-native-table
19,78,7,8,0,mhxx-romfs-native-table
19,78,8,9,0,mhxx-romfs-native-table
19,78,9,10,0,mhxx-romfs-native-table
19,78,10,11,0,mhxx-romfs-native-table
19,78,11,12,0,mhxx-romfs-native-table
19,78,12,13,0,mhxx-romfs-native-table
19,78,13,14,0,mhxx-romfs-native-table
19,78,14,15,0,mhxx-romfs-native-table
19,79,0,1,0,mhxx-romfs-native-table
19,79,1,2,0,mhxx-romfs-native-table
19,79,2,3,0,mhxx-romfs-native-table
19,79,3,4,0,mhxx-romfs-native-table
19,79,4,5,0,mhxx-romfs-native-table
19,79,5,6,0,mhxx-romfs-native-table
19,79,6,7,0,mhxx-romfs-native-table
19,79,7,8,0,mhxx-romfs-native-table
19,79,8,9,0,mhxx-romfs-native-table
19,79,9,10,0,mhxx-romfs-native-table
19,79,10,11,0,mhxx-romfs-native-table
19,79,11,12,0,mhxx-romfs-native-table
19,79,12,13,0,mhxx-romfs-native-table
19,79,13,14,0,mhxx-romfs-native-table
19,79,14,15,0,mhxx-romfs-native-table
19,80,0,1,0,mhxx-romfs-native-table
19,80,1,2,0,mhxx-romfs-native-table
19,80,2,3,0,mhxx-romfs-native-table
19,80,3,4,0,mhxx-romfs-native-table
19,80,4,5,0,mhxx-romfs-native-table
19,80,5,6,0,mhxx-romfs-native-table
19,80,6,7,0,mhxx-romfs-native-table
19,80,7,8,0,mhxx-romfs-native-table
19,80,8,9,0,mhxx-romfs-native-table
19,80,9,10,0,mhxx-romfs-native-table
19,80,10,11,0,mhxx-romfs-native-table
19,80,11,12,0,mhxx-romfs-native-table
19,80,12,13,0,mhxx-romfs-native-table
19,80,13,14,0,mhxx-romfs-native-table
19,80,14,15,0,mhxx-romfs-native-table
19,81,0,1,0,mhxx-romfs-native-table
19,81,1,2,0,mhxx-romfs-native-table
19,81,2,3,0,mhxx-romfs-native-table
19,81,3,4,0,mhxx-romfs-native-table
19,81,4,5,0,mhxx-romfs-native-table
19,81,5,6,0,mhxx-romfs-native-table
19,81,6,7,0,mhxx-romfs-native-table
19,81,7,8,0,mhxx-romfs-native-table
19,81,8,9,0,mhxx-romfs-native-table
19,81,9,10,0,mhxx-romfs-native-table
19,81,10,11,0,mhxx-romfs-native-table
19,81,11,12,0,mhxx-romfs-native-table
19,81,12,13,0,mhxx-romfs-native-table
19,81,13,14,0,mhxx-romfs-native-table
19,81,14,15,0,mhxx-romfs-native-table
19,82,0,1,0,mhxx-romfs-native-table
19,82,1,2,0,mhxx-romfs-native-table
19,82,2,3,0,mhxx-romfs-native-table
19,82,3,4,0,mhxx-romfs-native-table
19,82,4,5,0,mhxx-romfs-native-table
19,82,5,6,0,mhxx-romfs-native-table
19,82,6,7,0,mhxx-romfs-native-table
19,82,7,8,0,mhxx-romfs-native-table
19,82,8,9,0,mhxx-romfs-native-table
19,82,9,10,0,mhxx-romfs-native-table
19,82,10,11,0,mhxx-romfs-native-table
19,82,11,12,0,mhxx-romfs-native-table
19,82,12,13,0,mhxx-romfs-native-table
19,82,13,14,0,mhxx-romfs-native-table
19,82,14,15,0,mhxx-romfs-native-table
19,83,0,1,0,mhxx-romfs-native-table
19,83,1,2,0,mhxx-romfs-native-table
19,83,2,3,0,mhxx-romfs-native-table
19,83,3,4,0,mhxx-romfs-native-table
19,83,4,5,0,mhxx-romfs-native-table
19,83,5,6,0,mhxx-romfs-native-table
19,83,6,7,0,mhxx-romfs-native-table
19,83,7,8,0,mhxx-romfs-native-table
19,83,8,9,0,mhxx-romfs-native-table
19,83,9,10,0,mhxx-romfs-native-table
19,83,10,11,0,mhxx-romfs-native-table
19,83,11,12,0,mhxx-romfs-native-table
19,83,12,13,0,mhxx-romfs-native-table
19,83,13,14,0,mhxx-romfs-native-table
19,83,14,15,0,mhxx-romfs-native-table
19,84,0,1,0,mhxx-romfs-native-table
19,84,1,2,0,mhxx-romfs-native-table
19,84,2,3,0,mhxx-romfs-native-table
19,84,3,4,0,mhxx-romfs-native-table
19,84,4,5,0,mhxx-romfs-native-table
19,84,5,6,0,mhxx-romfs-native-table
19,84,6,7,0,mhxx-romfs-native-table
19,84,7,8,0,mhxx-romfs-native-table
19,84,8,9,0,mhxx-romfs-native-table
19,84,9,10,0,mhxx-romfs-native-table
19,84,10,11,0,mhxx-romfs-native-table
19,84,11,12,0,mhxx-romfs-native-table
19,84,12,13,0,mhxx-romfs-native-table
19,84,13,14,0,mhxx-romfs-native-table
19,84,14,15,0,mhxx-romfs-native-table
19,85,0,1,0,mhxx-romfs-native-table
19,85,1,2,0,mhxx-romfs-native-table
19,85,2,3,0,mhxx-romfs-native-table
19,85,3,4,0,mhxx-romfs-native-table
19,85,4,5,0,mhxx-romfs-native-table
19,85,5,6,0,mhxx-romfs-native-table
19,85,6,7,0,mhxx-romfs-native-table
19,85,7,8,0,mhxx-romfs-native-table
19,85,8,9,0,mhxx-romfs-native-table
19,85,9,10,0,mhxx-romfs-native-table
19,85,10,11,0,mhxx-romfs-native-table
19,85,11,12,0,mhxx-romfs-native-table
19,85,12,13,0,mhxx-romfs-native-table
19,85,13,14,0,mhxx-romfs-native-table
19,85,14,15,0,mhxx-romfs-native-table
19,86,0,1,0,mhxx-romfs-native-table
19,86,1,2,0,mhxx-romfs-native-table
19,86,2,3,0,mhxx-romfs-native-table
19,86,3,4,0,mhxx-romfs-native-table
19,86,4,5,0,mhxx-romfs-native-table
19,86,5,6,0,mhxx-romfs-native-table
19,86,6,7,0,mhxx-romfs-native-table
19,86,7,8,0,mhxx-romfs-native-table
19,86,8,9,0,mhxx-romfs-native-table
19,86,9,10,0,mhxx-romfs-native-table
19,86,10,11,0,mhxx-romfs-native-table
19,86,11,12,0,mhxx-romfs-native-table
19,86,12,13,0,mhxx-romfs-native-table
19,86,13,14,0,mhxx-romfs-native-table
19,86,14,15,0,mhxx-romfs-native-table
19,87,0,1,1,mhxx-romfs-native-table
19,87,1,2,1,mhxx-romfs-native-table
19,87,2,3,1,mhxx-romfs-native-table
19,87,3,4,1,mhxx-romfs-native-table
19,87,4,5,1,mhxx-romfs-native-table
19,88,0,1,2,mhxx-romfs-native-table
19,88,1,2,2,mhxx-romfs-native-table
19,88,2,3,2,mhxx-romfs-native-table
19,88,3,4,2,mhxx-romfs-native-table
19,88,4,5,2,mhxx-romfs-native-table
19,89,0,1,2,mhxx-romfs-native-table
19,89,1,2,2,mhxx-romfs-native-table
19,89,2,3,2,mhxx-romfs-native-table
19,89,3,4,2,mhxx-romfs-native-table
19,89,4,5,2,mhxx-romfs-native-table
19,90,0,1,3,mhxx-romfs-native-table
19,90,1,2,3,mhxx-romfs-native-table
19,90,2,3,3,mhxx-romfs-native-table
19,91,0,1,1,mhxx-romfs-native-table
19,91,1,2,1,mhxx-romfs-native-table
19,91,2,3,2,mhxx-romfs-native-table
19,91,3,4,2,mhxx-romfs-native-table
19,91,4,5,2,mhxx-romfs-native-table
19,91,5,6,2,mhxx-romfs-native-table
19,92,0,1,0,mhxx-romfs-native-table
19,92,1,2,0,mhxx-romfs-native-table
19,92,2,3,0,mhxx-romfs-native-table
19,92,3,4,0,mhxx-romfs-native-table
19,92,4,5,0,mhxx-romfs-native-table
19,93,0,1,0,mhxx-romfs-native-table
19,93,1,2,0,mhxx-romfs-native-table
19,93,2,3,0,mhxx-romfs-native-table
19,93,3,4,0,mhxx-romfs-native-table
19,93,4,5,0,mhxx-romfs-native-table
19,94,0,1,0,mhxx-romfs-native-table
19,94,1,2,0,mhxx-romfs-native-table
19,94,2,3,0,mhxx-romfs-native-table
19,94,3,4,0,mhxx-romfs-native-table
19,94,4,5,0,mhxx-romfs-native-table
19,95,0,1,0,mhxx-romfs-native-table
19,95,1,2,0,mhxx-romfs-native-table
19,95,2,3,0,mhxx-romfs-native-table
19,95,3,4,0,mhxx-romfs-native-table
19,95,4,5,0,mhxx-romfs-native-table
19,96,0,1,0,mhxx-romfs-native-table
19,96,1,2,0,mhxx-romfs-native-table
19,96,2,3,0,mhxx-romfs-native-table
19,96,3,4,0,mhxx-romfs-native-table
19,96,4,5,0,mhxx-romfs-native-table
19,97,0,1,3,mhxx-romfs-native-table
19,97,1,2,3,mhxx-romfs-native-table
19,97,2,3,3,mhxx-romfs-native-table
19,98,0,1,0,mhxx-romfs-native-table
19,98,1,2,0,mhxx-romfs-native-table
19,98,2,3,0,mhxx-romfs-native-table
19,99,0,1,1,mhxx-romfs-native-table
19,99,1,2,1,mhxx-romfs-native-table
19,99,2,3,2,mhxx-romfs-native-table
19,100,0,1,2,mhxx-romfs-native-table
19,100,1,2,2,mhxx-romfs-native-table
19,100,2,3,2,mhxx-romfs-native-table
19,101,0,1,0,mhxx-romfs-native-table
19,101,1,2,0,mhxx-romfs-native-table
19,101,2,3,0,mhxx-romfs-native-table
19,101,3,4,0,mhxx-romfs-native-table
19,101,4,5,0,mhxx-romfs-native-table
19,102,0,1,2,mhxx-romfs-native-table
19,102,1,2,2,mhxx-romfs-native-table
19,102,2,3,2,mhxx-romfs-native-table
19,103,0,1,2,mhxx-romfs-native-table
19,103,1,2,2,mhxx-romfs-native-table
19,103,2,3,2,mhxx-romfs-native-table
19,103,3,4,2,mhxx-romfs-native-table
19,103,4,5,2,mhxx-romfs-native-table
19,103,5,6,2,mhxx-romfs-native-table
19,104,0,1,0,mhxx-romfs-native-table
19,104,1,2,0,mhxx-romfs-native-table
19,104,2,3,0,mhxx-romfs-native-table
19,104,3,4,0,mhxx-romfs-native-table
19,104,4,5,0,mhxx-romfs-native-table
19,105,0,1,1,mhxx-romfs-native-table
19,105,1,2,1,mhxx-romfs-native-table
19,105,2,3,1,mhxx-romfs-native-table
19,105,3,4,2,mhxx-romfs-native-table
19,105,4,5,2,mhxx-romfs-native-table
19,106,0,1,1,mhxx-romfs-native-table
19,106,1,2,1,mhxx-romfs-native-table
19,106,2,3,1,mhxx-romfs-native-table
19,107,0,1,1,mhxx-romfs-native-table
19,107,1,2,1,mhxx-romfs-native-table
19,107,2,3,1,mhxx-romfs-native-table
19,107,3,4,1,mhxx-romfs-native-table
19,107,4,5,1,mhxx-romfs-native-table
19,108,0,1,0,mhxx-romfs-native-table
19,108,1,2,0,mhxx-romfs-native-table
19,108,2,3,0,mhxx-romfs-native-table
19,109,0,1,1,mhxx-romfs-native-table
19,109,1,2,1,mhxx-romfs-native-table
19,109,2,3,1,mhxx-romfs-native-table
19,110,0,1,1,mhxx-romfs-native-table
19,110,1,2,1,mhxx-romfs-native-table
19,110,2,3,2,mhxx-romfs-native-table
19,110,3,4,2,mhxx-romfs-native-table
19,110,4,5,3,mhxx-romfs-native-table
19,111,0,1,0,mhxx-romfs-native-table
19,111,1,2,0,mhxx-romfs-native-table
19,111,2,3,0,mhxx-romfs-native-table
20,0,0,1,0,mhxx-romfs-native-table
20,1,0,1,0,mhxx-romfs-native-table
20,1,1,2,0,mhxx-romfs-native-table
20,1,2,3,0,mhxx-romfs-native-table
20,1,3,4,0,mhxx-romfs-native-table
20,1,4,5,0,mhxx-romfs-native-table
20,1,5,6,1,mhxx-romfs-native-table
20,1,6,7,1,mhxx-romfs-native-table
20,1,7,8,1,mhxx-romfs-native-table
20,1,8,9,2,mhxx-romfs-native-table
20,1,9,10,2,mhxx-romfs-native-table
20,1,10,11,3,mhxx-romfs-native-table
20,2,0,1,0,mhxx-romfs-native-table
20,2,1,2,0,mhxx-romfs-native-table
20,2,2,3,0,mhxx-romfs-native-table
20,2,3,4,0,mhxx-romfs-native-table
20,2,4,5,0,mhxx-romfs-native-table
20,2,5,6,0,mhxx-romfs-native-table
20,2,6,7,1,mhxx-romfs-native-table
20,2,7,8,2,mhxx-romfs-native-table
20,3,0,1,1,mhxx-romfs-native-table
20,3,1,2,1,mhxx-romfs-native-table
20,3,2,3,1,mhxx-romfs-native-table
20,3,3,4,2,mhxx-romfs-native-table
20,3,4,5,2,mhxx-romfs-native-table
20,3,5,6,2,mhxx-romfs-native-table
20,3,6,7,2,mhxx-romfs-native-table
20,3,7,8,2,mhxx-romfs-native-table
20,3,8,9,3,mhxx-romfs-native-table
20,4,0,1,1,mhxx-romfs-native-table
20,4,1,2,1,mhxx-romfs-native-table
20,4,2,3,1,mhxx-romfs-native-table
20,4,3,4,1,mhxx-romfs-native-table
20,4,4,5,1,mhxx-romfs-native-table
20,4,5,6,2,mhxx-romfs-native-table
20,4,6,7,2,mhxx-romfs-native-table
20,4,7,8,2,mhxx-romfs-native-table
20,5,0,1,1,mhxx-romfs-native-table
20,5,1,2,1,mhxx-romfs-native-table
20,5,2,3,1,mhxx-romfs-native-table
20,5,3,4,1,mhxx-romfs-native-table
20,5,4,5,2,mhxx-romfs-native-table
20,5,5,6,2,mhxx-romfs-native-table
20,5,6,7,2,mhxx-romfs-native-table
20,5,7,8,2,mhxx-romfs-native-table
20,5,8,9,2,mhxx-romfs-native-table
20,6,0,1,1,mhxx-romfs-native-table
20,6,1,2,1,mhxx-romfs-native-table
20,6,2,3,1,mhxx-romfs-native-table
20,6,3,4,1,mhxx-romfs-native-table
20,6,4,5,1,mhxx-romfs-native-table
20,6,5,6,1,mhxx-romfs-native-table
20,6,6,7,1,mhxx-romfs-native-table
20,7,0,1,2,mhxx-romfs-native-table
20,7,1,2,2,mhxx-romfs-native-table
20,7,2,3,2,mhxx-romfs-native-table
20,7,3,4,2,mhxx-romfs-native-table
20,7,4,5,2,mhxx-romfs-native-table
20,7,5,6,2,mhxx-romfs-native-table
20,8,0,1,0,mhxx-romfs-native-table
20,8,1,2,1,mhxx-romfs-native-table
20,8,2,3,2,mhxx-romfs-native-table
20,8,3,4,2,mhxx-romfs-native-table
20,8,4,5,2,mhxx-romfs-native-table
20,8,5,6,2,mhxx-romfs-native-table
20,8,6,7,2,mhxx-romfs-native-table
20,8,7,8,2,mhxx-romfs-native-table
20,9,0,1,0,mhxx-romfs-native-table
20,9,1,2,0,mhxx-romfs-native-table
20,9,2,3,0,mhxx-romfs-native-table
20,9,3,4,0,mhxx-romfs-native-table
20,9,4,5,0,mhxx-romfs-native-table
20,9,5,6,0,mhxx-romfs-native-table
20,9,6,7,0,mhxx-romfs-native-table
20,9,7,8,0,mhxx-romfs-native-table
20,9,8,9,0,mhxx-romfs-native-table
20,10,0,1,0,mhxx-romfs-native-table
20,10,1,2,0,mhxx-romfs-native-table
20,10,2,3,0,mhxx-romfs-native-table
20,10,3,4,0,mhxx-romfs-native-table
20,10,4,5,0,mhxx-romfs-native-table
20,10,5,6,0,mhxx-romfs-native-table
20,10,6,7,0,mhxx-romfs-native-table
20,10,7,8,0,mhxx-romfs-native-table
20,10,8,9,1,mhxx-romfs-native-table
20,10,9,10,1,mhxx-romfs-native-table
20,10,10,11,2,mhxx-romfs-native-table
20,11,0,1,1,mhxx-romfs-native-table
20,11,1,2,1,mhxx-romfs-native-table
20,11,2,3,2,mhxx-romfs-native-table
20,11,3,4,2,mhxx-romfs-native-table
20,11,4,5,3,mhxx-romfs-native-table
20,11,5,6,3,mhxx-romfs-native-table
20,11,6,7,3,mhxx-romfs-native-table
20,11,7,8,3,mhxx-romfs-native-table
20,11,8,9,3,mhxx-romfs-native-table
20,12,0,1,2,mhxx-romfs-native-table
20,12,1,2,2,mhxx-romfs-native-table
20,12,2,3,2,mhxx-romfs-native-table
20,12,3,4,3,mhxx-romfs-native-table
20,12,4,5,3,mhxx-romfs-native-table
20,12,5,6,3,mhxx-romfs-native-table
20,12,6,7,3,mhxx-romfs-native-table
20,12,7,8,3,mhxx-romfs-native-table
20,13,0,1,0,mhxx-romfs-native-table
20,13,1,2,0,mhxx-romfs-native-table
20,13,2,3,1,mhxx-romfs-native-table
20,13,3,4,1,mhxx-romfs-native-table
20,13,4,5,1,mhxx-romfs-native-table
20,14,0,1,1,mhxx-romfs-native-table
20,14,1,2,1,mhxx-romfs-native-table
20,14,2,3,1,mhxx-romfs-native-table
20,14,3,4,1,mhxx-romfs-native-table
20,14,4,5,1,mhxx-romfs-native-table
20,14,5,6,1,mhxx-romfs-native-table
20,14,6,7,1,mhxx-romfs-native-table
20,14,7,8,2,mhxx-romfs-native-table
20,15,0,1,0,mhxx-romfs-native-table
20,15,1,2,0,mhxx-romfs-native-table
20,15,2,3,0,mhxx-romfs-native-table
20,15,3,4,0,mhxx-romfs-native-table
20,15,4,5,0,mhxx-romfs-native-table
20,15,5,6,1,mhxx-romfs-native-table
20,15,6,7,1,mhxx-romfs-native-table
20,15,7,8,1,mhxx-romfs-native-table
20,16,0,1,0,mhxx-romfs-native-table
20,16,1,2,0,mhxx-romfs-native-table
20,16,2,3,0,mhxx-romfs-native-table
20,16,3,4,1,mhxx-romfs-native-table
20,16,4,5,1,mhxx-romfs-native-table
20,17,0,1,2,mhxx-romfs-native-table
20,17,1,2,2,mhxx-romfs-native-table
20,17,2,3,2,mhxx-romfs-native-table
20,17,3,4,2,mhxx-romfs-native-table
20,17,4,5,2,mhxx-romfs-native-table
20,17,5,6,2,mhxx-romfs-native-table
20,17,6,7,2,mhxx-romfs-native-table
20,18,0,1,0,mhxx-romfs-native-table
20,18,1,2,0,mhxx-romfs-native-table
20,18,2,3,0,mhxx-romfs-native-table
20,18,3,4,0,mhxx-romfs-native-table
20,18,4,5,0,mhxx-romfs-native-table
20,18,5,6,1,mhxx-romfs-native-table
20,18,6,7,2,mhxx-romfs-native-table
20,18,7,8,2,mhxx-romfs-native-table
20,18,8,9,2,mhxx-romfs-native-table
20,18,9,10,2,mhxx-romfs-native-table
20,18,10,11,2,mhxx-romfs-native-table
20,19,0,1,3,mhxx-romfs-native-table
20,19,1,2,3,mhxx-romfs-native-table
20,19,2,3,3,mhxx-romfs-native-table
20,19,3,4,3,mhxx-romfs-native-table
20,19,4,5,3,mhxx-romfs-native-table
20,20,0,1,2,mhxx-romfs-native-table
20,20,1,2,2,mhxx-romfs-native-table
20,20,2,3,2,mhxx-romfs-native-table
20,20,3,4,2,mhxx-romfs-native-table
20,20,4,5,2,mhxx-romfs-native-table
20,20,5,6,2,mhxx-romfs-native-table
20,20,6,7,3,mhxx-romfs-native-table
20,21,0,1,1,mhxx-romfs-native-table
20,21,1,2,1,mhxx-romfs-native-table
20,21,2,3,2,mhxx-romfs-native-table
20,21,3,4,2,mhxx-romfs-native-table
20,21,4,5,2,mhxx-romfs-native-table
20,21,5,6,2,mhxx-romfs-native-table
20,21,6,7,2,mhxx-romfs-native-table
20,22,0,1,0,mhxx-romfs-native-table
20,22,1,2,0,mhxx-romfs-native-table
20,22,2,3,0,mhxx-romfs-native-table
20,22,3,4,1,mhxx-romfs-native-table
20,22,4,5,1,mhxx-romfs-native-table
20,22,5,6,1,mhxx-romfs-native-table
20,23,0,1,1,mhxx-romfs-native-table
20,23,1,2,1,mhxx-romfs-native-table
20,23,2,3,2,mhxx-romfs-native-table
20,23,3,4,2,mhxx-romfs-native-table
20,23,4,5,2,mhxx-romfs-native-table
20,23,5,6,2,mhxx-romfs-native-table
20,24,0,1,1,mhxx-romfs-native-table
20,24,1,2,1,mhxx-romfs-native-table
20,24,2,3,1,mhxx-romfs-native-table
20,24,3,4,1,mhxx-romfs-native-table
20,24,4,5,1,mhxx-romfs-native-table
20,24,5,6,1,mhxx-romfs-native-table
20,24,6,7,1,mhxx-romfs-native-table
20,25,0,1,2,mhxx-romfs-native-table
20,25,1,2,2,mhxx-romfs-native-table
20,25,2,3,2,mhxx-romfs-native-table
20,25,3,4,2,mhxx-romfs-native-table
20,25,4,5,2,mhxx-romfs-native-table
20,25,5,6,2,mhxx-romfs-native-table
20,26,0,1,1,mhxx-romfs-native-table
20,26,1,2,1,mhxx-romfs-native-table
20,26,2,3,1,mhxx-romfs-native-table
20,26,3,4,1,mhxx-romfs-native-table
20,26,4,5,1,mhxx-romfs-native-table
20,26,5,6,1,mhxx-romfs-native-table
20,26,6,7,1,mhxx-romfs-native-table
20,26,7,8,1,mhxx-romfs-native-table
20,27,0,1,0,mhxx-romfs-native-table
20,27,1,2,0,mhxx-romfs-native-table
20,27,2,3,0,mhxx-romfs-native-table
20,27,3,4,1,mhxx-romfs-native-table
20,27,4,5,1,mhxx-romfs-native-table
20,27,5,6,1,mhxx-romfs-native-table
20,27,6,7,2,mhxx-romfs-native-table
20,27,7,8,2,mhxx-romfs-native-table
20,28,0,1,0,mhxx-romfs-native-table
20,28,1,2,0,mhxx-romfs-native-table
20,28,2,3,0,mhxx-romfs-native-table
20,28,3,4,0,mhxx-romfs-native-table
20,28,4,5,0,mhxx-romfs-native-table
20,28,5,6,0,mhxx-romfs-native-table
20,28,6,7,0,mhxx-romfs-native-table
20,29,0,1,1,mhxx-romfs-native-table
20,29,1,2,1,mhxx-romfs-native-table
20,29,2,3,2,mhxx-romfs-native-table
20,29,3,4,2,mhxx-romfs-native-table
20,29,4,5,2,mhxx-romfs-native-table
20,29,5,6,2,mhxx-romfs-native-table
20,29,6,7,2,mhxx-romfs-native-table
20,29,7,8,2,mhxx-romfs-native-table
20,30,0,1,0,mhxx-romfs-native-table
20,30,1,2,1,mhxx-romfs-native-table
20,30,2,3,1,mhxx-romfs-native-table
20,30,3,4,2,mhxx-romfs-native-table
20,30,4,5,2,mhxx-romfs-native-table
20,30,5,6,3,mhxx-romfs-native-table
20,30,6,7,3,mhxx-romfs-native-table
20,30,7,8,3,mhxx-romfs-native-table
20,31,0,1,0,mhxx-romfs-native-table
20,31,1,2,0,mhxx-romfs-native-table
20,31,2,3,0,mhxx-romfs-native-table
20,31,3,4,0,mhxx-romfs-native-table
20,31,4,5,0,mhxx-romfs-native-table
20,31,5,6,0,mhxx-romfs-native-table
20,32,0,1,0,mhxx-romfs-native-table
20,32,1,2,0,mhxx-romfs-native-table
20,32,2,3,0,mhxx-romfs-native-table
20,32,3,4,0,mhxx-romfs-native-table
20,32,4,5,0,mhxx-romfs-native-table
20,33,0,1,1,mhxx-romfs-native-table
20,33,1,2,1,mhxx-romfs-native-table
20,33,2,3,1,mhxx-romfs-native-table
20,33,3,4,1,mhxx-romfs-native-table
20,33,4,5,1,mhxx-romfs-native-table
20,33,5,6,1,mhxx-romfs-native-table
20,33,6,7,1,mhxx-romfs-native-table
20,33,7,8,1,mhxx-romfs-native-table
20,33,8,9,1,mhxx-romfs-native-table
20,34,0,1,1,mhxx-romfs-native-table
20,34,1,2,1,mhxx-romfs-native-table
20,34,2,3,1,mhxx-romfs-native-table
20,34,3,4,1,mhxx-romfs-native-table
20,34,4,5,1,mhxx-romfs-native-table
20,34,5,6,1,mhxx-romfs-native-table
20,34,6,7,1,mhxx-romfs-native-table
20,34,7,8,1,mhxx-romfs-native-table
20,34,8,9,1,mhxx-romfs-native-table
20,35,0,1,1,mhxx-romfs-native-table
20,35,1,2,1,mhxx-romfs-native-table
20,35,2,3,1,mhxx-romfs-native-table
20,35,3,4,1,mhxx-romfs-native-table
20,35,4,5,1,mhxx-romfs-native-table
20,35,5,6,1,mhxx-romfs-native-table
20,35,6,7,1,mhxx-romfs-native-table
20,35,7,8,1,mhxx-romfs-native-table
20,35,8,9,1,mhxx-romfs-native-table
20,36,0,1,1,mhxx-romfs-native-table
20,36,1,2,1,mhxx-romfs-native-table
20,36,2,3,1,mhxx-romfs-native-table
20,36,3,4,1,mhxx-romfs-native-table
20,36,4,5,1,mhxx-romfs-native-table
20,36,5,6,1,mhxx-romfs-native-table
20,36,6,7,1,mhxx-romfs-native-table
20,36,7,8,1,mhxx-romfs-native-table
20,36,8,9,1,mhxx-romfs-native-table
20,37,0,1,1,mhxx-romfs-native-table
20,37,1,2,1,mhxx-romfs-native-table
20,37,2,3,1,mhxx-romfs-native-table
20,37,3,4,1,mhxx-romfs-native-table
20,37,4,5,1,mhxx-romfs-native-table
20,37,5,6,1,mhxx-romfs-native-table
20,37,6,7,1,mhxx-romfs-native-table
20,38,0,1,2,mhxx-romfs-native-table
20,38,1,2,2,mhxx-romfs-native-table
20,38,2,3,2,mhxx-romfs-native-table
20,38,3,4,2,mhxx-romfs-native-table
20,38,4,5,2,mhxx-romfs-native-table
20,38,5,6,2,mhxx-romfs-native-table
20,38,6,7,2,mhxx-romfs-native-table
20,38,7,8,2,mhxx-romfs-native-table
20,39,0,1,1,mhxx-romfs-native-table
20,39,1,2,1,mhxx-romfs-native-table
20,39,2,3,1,mhxx-romfs-native-table
20,39,3,4,1,mhxx-romfs-native-table
20,39,4,5,1,mhxx-romfs-native-table
20,39,5,6,1,mhxx-romfs-native-table
20,40,0,1,2,mhxx-romfs-native-table
20,40,1,2,2,mhxx-romfs-native-table
20,40,2,3,2,mhxx-romfs-native-table
20,40,3,4,2,mhxx-romfs-native-table
20,40,4,5,2,mhxx-romfs-native-table
20,40,5,6,2,mhxx-romfs-native-table
20,41,0,1,1,mhxx-romfs-native-table
20,41,1,2,1,mhxx-romfs-native-table
20,41,2,3,2,mhxx-romfs-native-table
20,41,3,4,2,mhxx-romfs-native-table
20,41,4,5,2,mhxx-romfs-native-table
20,41,5,6,2,mhxx-romfs-native-table
20,41,6,7,2,mhxx-romfs-native-table
20,42,0,1,0,mhxx-romfs-native-table
20,42,1,2,0,mhxx-romfs-native-table
20,42,2,3,0,mhxx-romfs-native-table
20,42,3,4,0,mhxx-romfs-native-table
20,42,4,5,0,mhxx-romfs-native-table
20,42,5,6,0,mhxx-romfs-native-table
20,43,0,1,0,mhxx-romfs-native-table
20,43,1,2,0,mhxx-romfs-native-table
20,43,2,3,0,mhxx-romfs-native-table
20,43,3,4,0,mhxx-romfs-native-table
20,43,4,5,0,mhxx-romfs-native-table
20,44,0,1,1,mhxx-romfs-native-table
20,44,1,2,1,mhxx-romfs-native-table
20,44,2,3,1,mhxx-romfs-native-table
20,44,3,4,1,mhxx-romfs-native-table
20,44,4,5,1,mhxx-romfs-native-table
20,44,5,6,1,mhxx-romfs-native-table
20,44,6,7,1,mhxx-romfs-native-table
20,45,0,1,2,mhxx-romfs-native-table
20,45,1,2,2,mhxx-romfs-native-table
20,45,2,3,2,mhxx-romfs-native-table
20,45,3,4,2,mhxx-romfs-native-table
20,45,4,5,2,mhxx-romfs-native-table
20,46,0,1,0,mhxx-romfs-native-table
20,46,1,2,0,mhxx-romfs-native-table
20,46,2,3,0,mhxx-romfs-native-table
20,46,3,4,0,mhxx-romfs-native-table
20,46,4,5,0,mhxx-romfs-native-table
20,47,0,1,1,mhxx-romfs-native-table
20,47,1,2,1,mhxx-romfs-native-table
20,47,2,3,2,mhxx-romfs-native-table
20,47,3,4,2,mhxx-romfs-native-table
20,47,4,5,2,mhxx-romfs-native-table
20,48,0,1,0,mhxx-romfs-native-table
20,48,1,2,0,mhxx-romfs-native-table
20,48,2,3,0,mhxx-romfs-native-table
20,48,3,4,0,mhxx-romfs-native-table
20,48,4,5,0,mhxx-romfs-native-table
20,48,5,6,0,mhxx-romfs-native-table
20,48,6,7,0,mhxx-romfs-native-table
20,49,0,1,2,mhxx-romfs-native-table
20,49,1,2,2,mhxx-romfs-native-table
20,49,2,3,3,mhxx-romfs-native-table
20,49,3,4,3,mhxx-romfs-native-table
20,49,4,5,3,mhxx-romfs-native-table
20,49,5,6,3,mhxx-romfs-native-table
20,50,0,1,1,mhxx-romfs-native-table
20,50,1,2,1,mhxx-romfs-native-table
20,50,2,3,1,mhxx-romfs-native-table
20,50,3,4,1,mhxx-romfs-native-table
20,50,4,5,2,mhxx-romfs-native-table
20,50,5,6,2,mhxx-romfs-native-table
20,50,6,7,3,mhxx-romfs-native-table
20,51,0,1,3,mhxx-romfs-native-table
20,51,1,2,3,mhxx-romfs-native-table
20,51,2,3,3,mhxx-romfs-native-table
20,51,3,4,3,mhxx-romfs-native-table
20,51,4,5,3,mhxx-romfs-native-table
20,52,0,1,1,mhxx-romfs-native-table
20,52,1,2,1,mhxx-romfs-native-table
20,52,2,3,1,mhxx-romfs-native-table
20,52,3,4,1,mhxx-romfs-native-table
20,52,4,5,1,mhxx-romfs-native-table
20,52,5,6,1,mhxx-romfs-native-table
20,53,0,1,1,mhxx-romfs-native-table
20,53,1,2,1,mhxx-romfs-native-table
20,53,2,3,1,mhxx-romfs-native-table
20,53,3,4,1,mhxx-romfs-native-table
20,53,4,5,2,mhxx-romfs-native-table
20,53,5,6,2,mhxx-romfs-native-table
20,53,6,7,2,mhxx-romfs-native-table
20,54,0,1,0,mhxx-romfs-native-table
20,54,1,2,0,mhxx-romfs-native-table
20,54,2,3,0,mhxx-romfs-native-table
20,54,3,4,0,mhxx-romfs-native-table
20,54,4,5,0,mhxx-romfs-native-table
20,54,5,6,0,mhxx-romfs-native-table
20,54,6,7,0,mhxx-romfs-native-table
20,54,7,8,0,mhxx-romfs-native-table
20,54,8,9,0,mhxx-romfs-native-table
20,54,9,10,0,mhxx-romfs-native-table
20,54,10,11,0,mhxx-romfs-native-table
20,54,11,12,0,mhxx-romfs-native-table
20,54,12,13,0,mhxx-romfs-native-table
20,54,13,14,0,mhxx-romfs-native-table
20,54,14,15,0,mhxx-romfs-native-table
20,55,0,1,0,mhxx-romfs-native-table
20,55,1,2,0,mhxx-romfs-native-table
20,55,2,3,0,mhxx-romfs-native-table
20,55,3,4,0,mhxx-romfs-native-table
20,55,4,5,0,mhxx-romfs-native-table
20,55,5,6,0,mhxx-romfs-native-table
20,55,6,7,0,mhxx-romfs-native-table
20,55,7,8,0,mhxx-romfs-native-table
20,55,8,9,0,mhxx-romfs-native-table
20,55,9,10,0,mhxx-romfs-native-table
20,55,10,11,0,mhxx-romfs-native-table
20,55,11,12,0,mhxx-romfs-native-table
20,55,12,13,0,mhxx-romfs-native-table
20,55,13,14,0,mhxx-romfs-native-table
20,55,14,15,0,mhxx-romfs-native-table
20,56,0,1,0,mhxx-romfs-native-table
20,56,1,2,0,mhxx-romfs-native-table
20,56,2,3,0,mhxx-romfs-native-table
20,56,3,4,0,mhxx-romfs-native-table
20,56,4,5,0,mhxx-romfs-native-table
20,56,5,6,0,mhxx-romfs-native-table
20,56,6,7,0,mhxx-romfs-native-table
20,56,7,8,0,mhxx-romfs-native-table
20,56,8,9,0,mhxx-romfs-native-table
20,56,9,10,0,mhxx-romfs-native-table
20,56,10,11,0,mhxx-romfs-native-table
20,56,11,12,0,mhxx-romfs-native-table
20,56,12,13,0,mhxx-romfs-native-table
20,56,13,14,0,mhxx-romfs-native-table
20,56,14,15,0,mhxx-romfs-native-table
20,57,0,1,0,mhxx-romfs-native-table
20,57,1,2,0,mhxx-romfs-native-table
20,57,2,3,0,mhxx-romfs-native-table
20,57,3,4,0,mhxx-romfs-native-table
20,57,4,5,0,mhxx-romfs-native-table
20,57,5,6,0,mhxx-romfs-native-table
20,57,6,7,0,mhxx-romfs-native-table
20,57,7,8,0,mhxx-romfs-native-table
20,57,8,9,0,mhxx-romfs-native-table
20,57,9,10,0,mhxx-romfs-native-table
20,57,10,11,0,mhxx-romfs-native-table
20,57,11,12,0,mhxx-romfs-native-table
20,57,12,13,0,mhxx-romfs-native-table
20,57,13,14,0,mhxx-romfs-native-table
20,57,14,15,0,mhxx-romfs-native-table
20,58,0,1,2,mhxx-romfs-native-table
20,58,1,2,2,mhxx-romfs-native-table
20,58,2,3,2,mhxx-romfs-native-table
20,58,3,4,2,mhxx-romfs-native-table
20,58,4,5,2,mhxx-romfs-native-table
20,59,0,1,3,mhxx-romfs-native-table
20,59,1,2,3,mhxx-romfs-native-table
20,59,2,3,3,mhxx-romfs-native-table
20,59,3,4,3,mhxx-romfs-native-table
20,59,4,5,3,mhxx-romfs-native-table
20,60,0,1,0,mhxx-romfs-native-table
20,60,1,2,0,mhxx-romfs-native-table
20,60,2,3,0,mhxx-romfs-native-table
20,60,3,4,0,mhxx-romfs-native-table
20,60,4,5,0,mhxx-romfs-native-table
20,61,0,1,3,mhxx-romfs-native-table
20,61,1,2,3,mhxx-romfs-native-table
20,61,2,3,3,mhxx-romfs-native-table
20,62,0,1,1,mhxx-romfs-native-table
20,62,1,2,1,mhxx-romfs-native-table
20,62,2,3,2,mhxx-romfs-native-table
20,62,3,4,2,mhxx-romfs-native-table
20,62,4,5,2,mhxx-romfs-native-table
20,62,5,6,2,mhxx-romfs-native-table
20,63,0,1,0,mhxx-romfs-native-table
20,63,1,2,0,mhxx-romfs-native-table
20,63,2,3,0,mhxx-romfs-native-table
20,63,3,4,0,mhxx-romfs-native-table
20,63,4,5,0,mhxx-romfs-native-table
20,64,0,1,0,mhxx-romfs-native-table
20,64,1,2,0,mhxx-romfs-native-table
20,64,2,3,0,mhxx-romfs-native-table
20,64,3,4,0,mhxx-romfs-native-table
20,64,4,5,0,mhxx-romfs-native-table
20,65,0,1,0,mhxx-romfs-native-table
20,65,1,2,0,mhxx-romfs-native-table
20,65,2,3,0,mhxx-romfs-native-table
20,65,3,4,0,mhxx-romfs-native-table
20,65,4,5,0,mhxx-romfs-native-table
20,66,0,1,0,mhxx-romfs-native-table
20,66,1,2,0,mhxx-romfs-native-table
20,66,2,3,0,mhxx-romfs-native-table
20,66,3,4,0,mhxx-romfs-native-table
20,66,4,5,0,mhxx-romfs-native-table
20,67,0,1,0,mhxx-romfs-native-table
20,67,1,2,0,mhxx-romfs-native-table
20,67,2,3,0,mhxx-romfs-native-table
20,67,3,4,0,mhxx-romfs-native-table
20,67,4,5,0,mhxx-romfs-native-table
20,68,0,1,2,mhxx-romfs-native-table
20,68,1,2,2,mhxx-romfs-native-table
20,68,2,3,3,mhxx-romfs-native-table
20,69,0,1,3,mhxx-romfs-native-table
20,69,1,2,3,mhxx-romfs-native-table
20,69,2,3,3,mhxx-romfs-native-table
20,70,0,1,0,mhxx-romfs-native-table
20,70,1,2,0,mhxx-romfs-native-table
20,70,2,3,0,mhxx-romfs-native-table
20,71,0,1,1,mhxx-romfs-native-table
20,71,1,2,1,mhxx-romfs-native-table
20,71,2,3,1,mhxx-romfs-native-table
20,72,0,1,0,mhxx-romfs-native-table
20,72,1,2,0,mhxx-romfs-native-table
20,72,2,3,0,mhxx-romfs-native-table
20,73,0,1,0,mhxx-romfs-native-table
20,73,1,2,0,mhxx-romfs-native-table
20,73,2,3,1,mhxx-romfs-native-table
20,73,3,4,1,mhxx-romfs-native-table
20,73,4,5,2,mhxx-romfs-native-table
20,74,0,1,0,mhxx-romfs-native-table
20,74,1,2,0,mhxx-romfs-native-table
20,74,2,3,0,mhxx-romfs-native-table
20,74,3,4,0,mhxx-romfs-native-table
20,74,4,5,0,mhxx-romfs-native-table
20,75,0,1,1,mhxx-romfs-native-table
20,75,1,2,1,mhxx-romfs-native-table
20,75,2,3,1,mhxx-romfs-native-table
20,75,3,4,1,mhxx-romfs-native-table
20,75,4,5,1,mhxx-romfs-native-table
20,75,5,6,1,mhxx-romfs-native-table
20,76,0,1,2,mhxx-romfs-native-table
20,76,1,2,2,mhxx-romfs-native-table
20,76,2,3,2,mhxx-romfs-native-table
20,77,0,1,0,mhxx-romfs-native-table
20,77,1,2,0,mhxx-romfs-native-table
20,77,2,3,0,mhxx-romfs-native-table
20,78,0,1,0,mhxx-romfs-native-table
20,78,1,2,0,mhxx-romfs-native-table
20,78,2,3,0,mhxx-romfs-native-table
20,79,0,1,2,mhxx-romfs-native-table
20,79,1,2,2,mhxx-romfs-native-table
20,79,2,3,2,mhxx-romfs-native-table
20,80,0,1,1,mhxx-romfs-native-table
20,80,1,2,1,mhxx-romfs-native-table
20,80,2,3,2,mhxx-romfs-native-table
20,80,3,4,2,mhxx-romfs-native-table
20,80,4,5,3,mhxx-romfs-native-table
20,81,0,1,1,mhxx-romfs-native-table
20,81,1,2,2,mhxx-romfs-native-table
20,81,2,3,2,mhxx-romfs-native-table
20,81,3,4,2,mhxx-romfs-native-table
20,81,4,5,2,mhxx-romfs-native-table
20,82,0,1,0,mhxx-romfs-native-table
20,82,1,2,0,mhxx-romfs-native-table
20,82,2,3,0,mhxx-romfs-native-table
21,0,0,1,0,mhxx-romfs-native-table
21,1,0,1,0,mhxx-romfs-native-table
21,1,1,2,0,mhxx-romfs-native-table
21,1,2,3,0,mhxx-romfs-native-table
21,1,3,4,0,mhxx-romfs-native-table
21,1,4,5,0,mhxx-romfs-native-table
21,1,5,6,1,mhxx-romfs-native-table
21,1,6,7,1,mhxx-romfs-native-table
21,1,7,8,1,mhxx-romfs-native-table
21,1,8,9,2,mhxx-romfs-native-table
21,1,9,10,2,mhxx-romfs-native-table
21,1,10,11,3,mhxx-romfs-native-table
21,2,0,1,0,mhxx-romfs-native-table
21,2,1,2,0,mhxx-romfs-native-table
21,2,2,3,0,mhxx-romfs-native-table
21,2,3,4,0,mhxx-romfs-native-table
21,2,4,5,0,mhxx-romfs-native-table
21,2,5,6,0,mhxx-romfs-native-table
21,2,6,7,0,mhxx-romfs-native-table
21,2,7,8,0,mhxx-romfs-native-table
21,3,0,1,1,mhxx-romfs-native-table
21,3,1,2,1,mhxx-romfs-native-table
21,3,2,3,1,mhxx-romfs-native-table
21,3,3,4,2,mhxx-romfs-native-table
21,3,4,5,2,mhxx-romfs-native-table
21,4,0,1,1,mhxx-romfs-native-table
21,4,1,2,1,mhxx-romfs-native-table
21,4,2,3,1,mhxx-romfs-native-table
21,4,3,4,1,mhxx-romfs-native-table
21,4,4,5,1,mhxx-romfs-native-table
21,4,5,6,1,mhxx-romfs-native-table
21,4,6,7,1,mhxx-romfs-native-table
21,5,0,1,2,mhxx-romfs-native-table
21,5,1,2,2,mhxx-romfs-native-table
21,5,2,3,2,mhxx-romfs-native-table
21,5,3,4,2,mhxx-romfs-native-table
21,5,4,5,2,mhxx-romfs-native-table
21,5,5,6,2,mhxx-romfs-native-table
21,6,0,1,0,mhxx-romfs-native-table
21,6,1,2,0,mhxx-romfs-native-table
21,6,2,3,0,mhxx-romfs-native-table
21,6,3,4,0,mhxx-romfs-native-table
21,6,4,5,0,mhxx-romfs-native-table
21,6,5,6,0,mhxx-romfs-native-table
21,6,6,7,0,mhxx-romfs-native-table
21,6,7,8,0,mhxx-romfs-native-table
21,7,0,1,0,mhxx-romfs-native-table
21,7,1,2,0,mhxx-romfs-native-table
21,7,2,3,1,mhxx-romfs-native-table
21,7,3,4,1,mhxx-romfs-native-table
21,7,4,5,1,mhxx-romfs-native-table
21,7,5,6,2,mhxx-romfs-native-table
21,7,6,7,2,mhxx-romfs-native-table
21,7,7,8,2,mhxx-romfs-native-table
21,7,8,9,2,mhxx-romfs-native-table
21,8,0,1,0,mhxx-romfs-native-table
21,8,1,2,0,mhxx-romfs-native-table
21,8,2,3,0,mhxx-romfs-native-table
21,8,3,4,0,mhxx-romfs-native-table
21,8,4,5,0,mhxx-romfs-native-table
21,8,5,6,0,mhxx-romfs-native-table
21,8,6,7,0,mhxx-romfs-native-table
21,8,7,8,0,mhxx-romfs-native-table
21,8,8,9,1,mhxx-romfs-native-table
21,8,9,10,1,mhxx-romfs-native-table
21,8,10,11,1,mhxx-romfs-native-table
21,9,0,1,1,mhxx-romfs-native-table
21,9,1,2,1,mhxx-romfs-native-table
21,9,2,3,1,mhxx-romfs-native-table
21,9,3,4,1,mhxx-romfs-native-table
21,9,4,5,1,mhxx-romfs-native-table
21,9,5,6,1,mhxx-romfs-native-table
21,10,0,1,2,mhxx-romfs-native-table
21,10,1,2,2,mhxx-romfs-native-table
21,10,2,3,2,mhxx-romfs-native-table
21,10,3,4,3,mhxx-romfs-native-table
21,10,4,5,3,mhxx-romfs-native-table
21,11,0,1,1,mhxx-romfs-native-table
21,11,1,2,1,mhxx-romfs-native-table
21,11,2,3,1,mhxx-romfs-native-table
21,11,3,4,2,mhxx-romfs-native-table
21,11,4,5,2,mhxx-romfs-native-table
21,11,5,6,3,mhxx-romfs-native-table
21,11,6,7,3,mhxx-romfs-native-table
21,11,7,8,3,mhxx-romfs-native-table
21,12,0,1,1,mhxx-romfs-native-table
21,12,1,2,1,mhxx-romfs-native-table
21,12,2,3,1,mhxx-romfs-native-table
21,12,3,4,1,mhxx-romfs-native-table
21,12,4,5,1,mhxx-romfs-native-table
21,12,5,6,1,mhxx-romfs-native-table
21,13,0,1,2,mhxx-romfs-native-table
21,13,1,2,2,mhxx-romfs-native-table
21,13,2,3,2,mhxx-romfs-native-table
21,13,3,4,2,mhxx-romfs-native-table
21,13,4,5,3,mhxx-romfs-native-table
21,14,0,1,0,mhxx-romfs-native-table
21,14,1,2,0,mhxx-romfs-native-table
21,14,2,3,1,mhxx-romfs-native-table
21,14,3,4,1,mhxx-romfs-native-table
21,14,4,5,1,mhxx-romfs-native-table
21,14,5,6,1,mhxx-romfs-native-table
21,14,6,7,1,mhxx-romfs-native-table
21,15,0,1,0,mhxx-romfs-native-table
21,15,1,2,1,mhxx-romfs-native-table
21,15,2,3,1,mhxx-romfs-native-table
21,15,3,4,1,mhxx-romfs-native-table
21,15,4,5,1,mhxx-romfs-native-table
21,15,5,6,1,mhxx-romfs-native-table
21,15,6,7,1,mhxx-romfs-native-table
21,15,7,8,1,mhxx-romfs-native-table
21,16,0,1,2,mhxx-romfs-native-table
21,16,1,2,2,mhxx-romfs-native-table
21,16,2,3,2,mhxx-romfs-native-table
21,16,3,4,2,mhxx-romfs-native-table
21,16,4,5,3,mhxx-romfs-native-table
21,17,0,1,1,mhxx-romfs-native-table
21,17,1,2,1,mhxx-romfs-native-table
21,17,2,3,2,mhxx-romfs-native-table
21,17,3,4,2,mhxx-romfs-native-table
21,17,4,5,2,mhxx-romfs-native-table
21,17,5,6,2,mhxx-romfs-native-table
21,17,6,7,2,mhxx-romfs-native-table
21,17,7,8,2,mhxx-romfs-native-table
21,17,8,9,2,mhxx-romfs-native-table
21,17,9,10,2,mhxx-romfs-native-table
21,18,0,1,0,mhxx-romfs-native-table
21,18,1,2,1,mhxx-romfs-native-table
21,18,2,3,1,mhxx-romfs-native-table
21,18,3,4,1,mhxx-romfs-native-table
21,18,4,5,1,mhxx-romfs-native-table
21,18,5,6,1,mhxx-romfs-native-table
21,18,6,7,1,mhxx-romfs-native-table
21,18,7,8,1,mhxx-romfs-native-table
21,18,8,9,1,mhxx-romfs-native-table
21,19,0,1,0,mhxx-romfs-native-table
21,19,1,2,0,mhxx-romfs-native-table
21,19,2,3,0,mhxx-romfs-native-table
21,19,3,4,0,mhxx-romfs-native-table
21,19,4,5,0,mhxx-romfs-native-table
21,19,5,6,0,mhxx-romfs-native-table
21,19,6,7,0,mhxx-romfs-native-table
21,19,7,8,0,mhxx-romfs-native-table
21,20,0,1,0,mhxx-romfs-native-table
21,20,1,2,0,mhxx-romfs-native-table
21,20,2,3,0,mhxx-romfs-native-table
21,20,3,4,0,mhxx-romfs-native-table
21,20,4,5,0,mhxx-romfs-native-table
21,20,5,6,0,mhxx-romfs-native-table
21,20,6,7,0,mhxx-romfs-native-table
21,20,7,8,0,mhxx-romfs-native-table
21,20,8,9,1,mhxx-romfs-native-table
21,20,9,10,1,mhxx-romfs-native-table
21,20,10,11,2,mhxx-romfs-native-table
21,21,0,1,0,mhxx-romfs-native-table
21,21,1,2,0,mhxx-romfs-native-table
21,21,2,3,0,mhxx-romfs-native-table
21,21,3,4,0,mhxx-romfs-native-table
21,21,4,5,0,mhxx-romfs-native-table
21,21,5,6,0,mhxx-romfs-native-table
21,21,6,7,0,mhxx-romfs-native-table
21,22,0,1,0,mhxx-romfs-native-table
21,22,1,2,0,mhxx-romfs-native-table
21,22,2,3,0,mhxx-romfs-native-table
21,22,3,4,0,mhxx-romfs-native-table
21,22,4,5,0,mhxx-romfs-native-table
21,22,5,6,0,mhxx-romfs-native-table
21,22,6,7,0,mhxx-romfs-native-table
21,22,7,8,0,mhxx-romfs-native-table
21,23,0,1,0,mhxx-romfs-native-table
21,23,1,2,0,mhxx-romfs-native-table
21,23,2,3,0,mhxx-romfs-native-table
21,23,3,4,1,mhxx-romfs-native-table
21,23,4,5,2,mhxx-romfs-native-table
21,24,0,1,0,mhxx-romfs-native-table
21,24,1,2,0,mhxx-romfs-native-table
21,24,2,3,0,mhxx-romfs-native-table
21,24,3,4,0,mhxx-romfs-native-table
21,24,4,5,0,mhxx-romfs-native-table
21,24,5,6,0,mhxx-romfs-native-table
21,24,6,7,0,mhxx-romfs-native-table
21,24,7,8,0,mhxx-romfs-native-table
21,25,0,1,0,mhxx-romfs-native-table
21,25,1,2,0,mhxx-romfs-native-table
21,25,2,3,0,mhxx-romfs-native-table
21,25,3,4,1,mhxx-romfs-native-table
21,25,4,5,1,mhxx-romfs-native-table
21,25,5,6,1,mhxx-romfs-native-table
21,25,6,7,1,mhxx-romfs-native-table
21,25,7,8,1,mhxx-romfs-native-table
21,26,0,1,0,mhxx-romfs-native-table
21,26,1,2,0,mhxx-romfs-native-table
21,26,2,3,0,mhxx-romfs-native-table
21,26,3,4,0,mhxx-romfs-native-table
21,26,4,5,0,mhxx-romfs-native-table
21,26,5,6,1,mhxx-romfs-native-table
21,26,6,7,1,mhxx-romfs-native-table
21,27,0,1,1,mhxx-romfs-native-table
21,27,1,2,1,mhxx-romfs-native-table
21,27,2,3,1,mhxx-romfs-native-table
21,27,3,4,2,mhxx-romfs-native-table
21,27,4,5,2,mhxx-romfs-native-table
21,28,0,1,0,mhxx-romfs-native-table
21,28,1,2,0,mhxx-romfs-native-table
21,28,2,3,0,mhxx-romfs-native-table
21,28,3,4,0,mhxx-romfs-native-table
21,28,4,5,0,mhxx-romfs-native-table
21,28,5,6,0,mhxx-romfs-native-table
21,28,6,7,1,mhxx-romfs-native-table
21,28,7,8,1,mhxx-romfs-native-table
21,28,8,9,1,mhxx-romfs-native-table
21,29,0,1,1,mhxx-romfs-native-table
21,29,1,2,1,mhxx-romfs-native-table
21,29,2,3,1,mhxx-romfs-native-table
21,29,3,4,1,mhxx-romfs-native-table
21,29,4,5,1,mhxx-romfs-native-table
21,29,5,6,1,mhxx-romfs-native-table
21,29,6,7,1,mhxx-romfs-native-table
21,30,0,1,2,mhxx-romfs-native-table
21,30,1,2,2,mhxx-romfs-native-table
21,30,2,3,2,mhxx-romfs-native-table
21,30,3,4,2,mhxx-romfs-native-table
21,30,4,5,2,mhxx-romfs-native-table
21,30,5,6,2,mhxx-romfs-native-table
21,31,0,1,1,mhxx-romfs-native-table
21,31,1,2,1,mhxx-romfs-native-table
21,31,2,3,1,mhxx-romfs-native-table
21,31,3,4,1,mhxx-romfs-native-table
21,31,4,5,1,mhxx-romfs-native-table
21,31,5,6,1,mhxx-romfs-native-table
21,31,6,7,1,mhxx-romfs-native-table
21,31,7,8,1,mhxx-romfs-native-table
21,31,8,9,1,mhxx-romfs-native-table
21,32,0,1,1,mhxx-romfs-native-table
21,32,1,2,1,mhxx-romfs-native-table
21,32,2,3,1,mhxx-romfs-native-table
21,32,3,4,1,mhxx-romfs-native-table
21,32,4,5,1,mhxx-romfs-native-table
21,32,5,6,1,mhxx-romfs-native-table
21,32,6,7,1,mhxx-romfs-native-table
21,32,7,8,1,mhxx-romfs-native-table
21,32,8,9,1,mhxx-romfs-native-table
21,33,0,1,1,mhxx-romfs-native-table
21,33,1,2,1,mhxx-romfs-native-table
21,33,2,3,1,mhxx-romfs-native-table
21,33,3,4,1,mhxx-romfs-native-table
21,33,4,5,1,mhxx-romfs-native-table
21,33,5,6,1,mhxx-romfs-native-table
21,33,6,7,1,mhxx-romfs-native-table
21,33,7,8,1,mhxx-romfs-native-table
21,33,8,9,1,mhxx-romfs-native-table
21,34,0,1,1,mhxx-romfs-native-table
21,34,1,2,1,mhxx-romfs-native-table
21,34,2,3,1,mhxx-romfs-native-table
21,34,3,4,1,mhxx-romfs-native-table
21,34,4,5,1,mhxx-romfs-native-table
21,34,5,6,1,mhxx-romfs-native-table
21,34,6,7,1,mhxx-romfs-native-table
21,34,7,8,1,mhxx-romfs-native-table
21,34,8,9,1,mhxx-romfs-native-table
21,35,0,1,1,mhxx-romfs-native-table
21,35,1,2,1,mhxx-romfs-native-table
21,35,2,3,1,mhxx-romfs-native-table
21,35,3,4,1,mhxx-romfs-native-table
21,35,4,5,1,mhxx-romfs-native-table
21,35,5,6,1,mhxx-romfs-native-table
21,35,6,7,1,mhxx-romfs-native-table
21,36,0,1,0,mhxx-romfs-native-table
21,36,1,2,0,mhxx-romfs-native-table
21,36,2,3,0,mhxx-romfs-native-table
21,36,3,4,0,mhxx-romfs-native-table
21,36,4,5,0,mhxx-romfs-native-table
21,36,5,6,0,mhxx-romfs-native-table
21,36,6,7,0,mhxx-romfs-native-table
21,36,7,8,0,mhxx-romfs-native-table
21,37,0,1,1,mhxx-romfs-native-table
21,37,1,2,1,mhxx-romfs-native-table
21,37,2,3,2,mhxx-romfs-native-table
21,37,3,4,2,mhxx-romfs-native-table
21,37,4,5,2,mhxx-romfs-native-table
21,37,5,6,2,mhxx-romfs-native-table
21,38,0,1,0,mhxx-romfs-native-table
21,38,1,2,0,mhxx-romfs-native-table
21,38,2,3,0,mhxx-romfs-native-table
21,38,3,4,0,mhxx-romfs-native-table
21,38,4,5,0,mhxx-romfs-native-table
21,38,5,6,0,mhxx-romfs-native-table
21,38,6,7,0,mhxx-romfs-native-table
21,39,0,1,1,mhxx-romfs-native-table
21,39,1,2,1,mhxx-romfs-native-table
21,39,2,3,1,mhxx-romfs-native-table
21,39,3,4,1,mhxx-romfs-native-table
21,39,4,5,1,mhxx-romfs-native-table
21,39,5,6,1,mhxx-romfs-native-table
21,39,6,7,1,mhxx-romfs-native-table
21,40,0,1,2,mhxx-romfs-native-table
21,40,1,2,2,mhxx-romfs-native-table
21,40,2,3,2,mhxx-romfs-native-table
21,40,3,4,2,mhxx-romfs-native-table
21,40,4,5,2,mhxx-romfs-native-table
21,41,0,1,0,mhxx-romfs-native-table
21,41,1,2,0,mhxx-romfs-native-table
21,41,2,3,0,mhxx-romfs-native-table
21,41,3,4,0,mhxx-romfs-native-table
21,41,4,5,0,mhxx-romfs-native-table
21,42,0,1,0,mhxx-romfs-native-table
21,42,1,2,0,mhxx-romfs-native-table
21,42,2,3,0,mhxx-romfs-native-table
21,42,3,4,0,mhxx-romfs-native-table
21,42,4,5,0,mhxx-romfs-native-table
21,43,0,1,0,mhxx-romfs-native-table
21,43,1,2,0,mhxx-romfs-native-table
21,43,2,3,0,mhxx-romfs-native-table
21,43,3,4,0,mhxx-romfs-native-table
21,43,4,5,0,mhxx-romfs-native-table
21,43,5,6,0,mhxx-romfs-native-table
21,43,6,7,0,mhxx-romfs-native-table
21,44,0,1,2,mhxx-romfs-native-table
21,44,1,2,2,mhxx-romfs-native-table
21,44,2,3,2,mhxx-romfs-native-table
21,44,3,4,2,mhxx-romfs-native-table
21,44,4,5,2,mhxx-romfs-native-table
21,45,0,1,0,mhxx-romfs-native-table
21,45,1,2,0,mhxx-romfs-native-table
21,45,2,3,0,mhxx-romfs-native-table
21,45,3,4,1,mhxx-romfs-native-table
21,45,4,5,1,mhxx-romfs-native-table
21,46,0,1,0,mhxx-romfs-native-table
21,46,1,2,0,mhxx-romfs-native-table
21,46,2,3,0,mhxx-romfs-native-table
21,46,3,4,0,mhxx-romfs-native-table
21,46,4,5,0,mhxx-romfs-native-table
21,46,5,6,3,mhxx-romfs-native-table
21,46,6,7,3,mhxx-romfs-native-table
21,47,0,1,1,mhxx-romfs-native-table
21,47,1,2,1,mhxx-romfs-native-table
21,47,2,3,2,mhxx-romfs-native-table
21,47,3,4,2,mhxx-romfs-native-table
21,47,4,5,2,mhxx-romfs-native-table
21,47,5,6,2,mhxx-romfs-native-table
21,47,6,7,2,mhxx-romfs-native-table
21,48,0,1,1,mhxx-romfs-native-table
21,48,1,2,1,mhxx-romfs-native-table
21,48,2,3,1,mhxx-romfs-native-table
21,48,3,4,1,mhxx-romfs-native-table
21,48,4,5,1,mhxx-romfs-native-table
21,48,5,6,1,mhxx-romfs-native-table
21,49,0,1,3,mhxx-romfs-native-table
21,49,1,2,3,mhxx-romfs-native-table
21,49,2,3,3,mhxx-romfs-native-table
21,49,3,4,3,mhxx-romfs-native-table
21,49,4,5,3,mhxx-romfs-native-table
21,49,5,6,3,mhxx-romfs-native-table
21,50,0,1,0,mhxx-romfs-native-table
21,50,1,2,0,mhxx-romfs-native-table
21,50,2,3,0,mhxx-romfs-native-table
21,50,3,4,0,mhxx-romfs-native-table
21,50,4,5,1,mhxx-romfs-native-table
21,50,5,6,1,mhxx-romfs-native-table
21,51,0,1,1,mhxx-romfs-native-table
21,51,1,2,1,mhxx-romfs-native-table
21,51,2,3,2,mhxx-romfs-native-table
21,51,3,4,2,mhxx-romfs-native-table
21,51,4,5,2,mhxx-romfs-native-table
21,51,5,6,2,mhxx-romfs-native-table
21,52,0,1,0,mhxx-romfs-native-table
21,52,1,2,0,mhxx-romfs-native-table
21,52,2,3,0,mhxx-romfs-native-table
21,52,3,4,0,mhxx-romfs-native-table
21,52,4,5,0,mhxx-romfs-native-table
21,52,5,6,0,mhxx-romfs-native-table
21,53,0,1,0,mhxx-romfs-native-table
21,53,1,2,0,mhxx-romfs-native-table
21,53,2,3,0,mhxx-romfs-native-table
21,53,3,4,0,mhxx-romfs-native-table
21,53,4,5,0,mhxx-romfs-native-table
21,53,5,6,0,mhxx-romfs-native-table
21,53,6,7,0,mhxx-romfs-native-table
21,53,7,8,0,mhxx-romfs-native-table
21,53,8,9,0,mhxx-romfs-native-table
21,53,9,10,0,mhxx-romfs-native-table
21,53,10,11,0,mhxx-romfs-native-table
21,53,11,12,0,mhxx-romfs-native-table
21,53,12,13,0,mhxx-romfs-native-table
21,53,13,14,0,mhxx-romfs-native-table
21,53,14,15,0,mhxx-romfs-native-table
21,54,0,1,0,mhxx-romfs-native-table
21,54,1,2,0,mhxx-romfs-native-table
21,54,2,3,0,mhxx-romfs-native-table
21,54,3,4,0,mhxx-romfs-native-table
21,54,4,5,0,mhxx-romfs-native-table
21,54,5,6,0,mhxx-romfs-native-table
21,54,6,7,0,mhxx-romfs-native-table
21,54,7,8,0,mhxx-romfs-native-table
21,54,8,9,0,mhxx-romfs-native-table
21,54,9,10,0,mhxx-romfs-native-table
21,54,10,11,0,mhxx-romfs-native-table
21,54,11,12,0,mhxx-romfs-native-table
21,54,12,13,0,mhxx-romfs-native-table
21,54,13,14,0,mhxx-romfs-native-table
21,54,14,15,0,mhxx-romfs-native-table
21,55,0,1,0,mhxx-romfs-native-table
21,55,1,2,0,mhxx-romfs-native-table
21,55,2,3,0,mhxx-romfs-native-table
21,55,3,4,0,mhxx-romfs-native-table
21,55,4,5,0,mhxx-romfs-native-table
21,55,5,6,0,mhxx-romfs-native-table
21,55,6,7,0,mhxx-romfs-native-table
21,55,7,8,0,mhxx-romfs-native-table
21,55,8,9,0,mhxx-romfs-native-table
21,55,9,10,0,mhxx-romfs-native-table
21,55,10,11,0,mhxx-romfs-native-table
21,55,11,12,0,mhxx-romfs-native-table
21,55,12,13,0,mhxx-romfs-native-table
21,55,13,14,0,mhxx-romfs-native-table
21,55,14,15,0,mhxx-romfs-native-table
21,56,0,1,0,mhxx-romfs-native-table
21,56,1,2,0,mhxx-romfs-native-table
21,56,2,3,0,mhxx-romfs-native-table
21,56,3,4,0,mhxx-romfs-native-table
21,56,4,5,0,mhxx-romfs-native-table
21,56,5,6,0,mhxx-romfs-native-table
21,56,6,7,0,mhxx-romfs-native-table
21,56,7,8,0,mhxx-romfs-native-table
21,56,8,9,0,mhxx-romfs-native-table
21,56,9,10,0,mhxx-romfs-native-table
21,56,10,11,0,mhxx-romfs-native-table
21,56,11,12,0,mhxx-romfs-native-table
21,56,12,13,0,mhxx-romfs-native-table
21,56,13,14,0,mhxx-romfs-native-table
21,56,14,15,0,mhxx-romfs-native-table
21,57,0,1,3,mhxx-romfs-native-table
21,57,1,2,3,mhxx-romfs-native-table
21,57,2,3,3,mhxx-romfs-native-table
21,57,3,4,3,mhxx-romfs-native-table
21,57,4,5,3,mhxx-romfs-native-table
21,58,0,1,2,mhxx-romfs-native-table
21,58,1,2,2,mhxx-romfs-native-table
21,58,2,3,2,mhxx-romfs-native-table
21,58,3,4,2,mhxx-romfs-native-table
21,58,4,5,2,mhxx-romfs-native-table
21,59,0,1,0,mhxx-romfs-native-table
21,59,1,2,0,mhxx-romfs-native-table
21,59,2,3,0,mhxx-romfs-native-table
21,59,3,4,0,mhxx-romfs-native-table
21,59,4,5,0,mhxx-romfs-native-table
21,60,0,1,3,mhxx-romfs-native-table
21,60,1,2,3,mhxx-romfs-native-table
21,60,2,3,3,mhxx-romfs-native-table
21,61,0,1,1,mhxx-romfs-native-table
21,61,1,2,1,mhxx-romfs-native-table
21,61,2,3,2,mhxx-romfs-native-table
21,61,3,4,2,mhxx-romfs-native-table
21,61,4,5,2,mhxx-romfs-native-table
21,61,5,6,2,mhxx-romfs-native-table
21,62,0,1,0,mhxx-romfs-native-table
21,62,1,2,0,mhxx-romfs-native-table
21,62,2,3,0,mhxx-romfs-native-table
21,62,3,4,0,mhxx-romfs-native-table
21,62,4,5,0,mhxx-romfs-native-table
21,63,0,1,0,mhxx-romfs-native-table
21,63,1,2,0,mhxx-romfs-native-table
21,63,2,3,0,mhxx-romfs-native-table
21,63,3,4,0,mhxx-romfs-native-table
21,63,4,5,0,mhxx-romfs-native-table
21,64,0,1,0,mhxx-romfs-native-table
21,64,1,2,0,mhxx-romfs-native-table
21,64,2,3,0,mhxx-romfs-native-table
21,64,3,4,0,mhxx-romfs-native-table
21,64,4,5,0,mhxx-romfs-native-table
21,65,0,1,0,mhxx-romfs-native-table
21,65,1,2,0,mhxx-romfs-native-table
21,65,2,3,0,mhxx-romfs-native-table
21,65,3,4,0,mhxx-romfs-native-table
21,65,4,5,0,mhxx-romfs-native-table
21,66,0,1,0,mhxx-romfs-native-table
21,66,1,2,0,mhxx-romfs-native-table
21,66,2,3,0,mhxx-romfs-native-table
21,66,3,4,0,mhxx-romfs-native-table
21,66,4,5,0,mhxx-romfs-native-table
21,67,0,1,0,mhxx-romfs-native-table
21,67,1,2,0,mhxx-romfs-native-table
21,67,2,3,0,mhxx-romfs-native-table
21,67,3,4,0,mhxx-romfs-native-table
21,67,4,5,0,mhxx-romfs-native-table
21,68,0,1,0,mhxx-romfs-native-table
21,68,1,2,0,mhxx-romfs-native-table
21,68,2,3,0,mhxx-romfs-native-table
21,69,0,1,3,mhxx-romfs-native-table
21,69,1,2,3,mhxx-romfs-native-table
21,69,2,3,3,mhxx-romfs-native-table
21,70,0,1,0,mhxx-romfs-native-table
21,70,1,2,0,mhxx-romfs-native-table
21,70,2,3,0,mhxx-romfs-native-table
21,71,0,1,2,mhxx-romfs-native-table
21,71,1,2,2,mhxx-romfs-native-table
21,71,2,3,2,mhxx-romfs-native-table
21,72,0,1,1,mhxx-romfs-native-table
21,72,1,2,1,mhxx-romfs-native-table
21,72,2,3,1,mhxx-romfs-native-table
21,73,0,1,1,mhxx-romfs-native-table
21,73,1,2,1,mhxx-romfs-native-table
21,73,2,3,1,mhxx-romfs-native-table
21,73,3,4,1,mhxx-romfs-native-table
21,73,4,5,1,mhxx-romfs-native-table
21,74,0,1,1,mhxx-romfs-native-table
21,74,1,2,1,mhxx-romfs-native-table
21,74,2,3,1,mhxx-romfs-native-table
21,74,3,4,2,mhxx-romfs-native-table
21,74,4,5,2,mhxx-romfs-native-table
21,74,5,6,2,mhxx-romfs-native-table
21,75,0,1,1,mhxx-romfs-native-table
21,75,1,2,1,mhxx-romfs-native-table
21,75,2,3,1,mhxx-romfs-native-table
21,75,3,4,1,mhxx-romfs-native-table
21,75,4,5,1,mhxx-romfs-native-table
21,75,5,6,1,mhxx-romfs-native-table
21,76,0,1,2,mhxx-romfs-native-table
21,76,1,2,2,mhxx-romfs-native-table
21,76,2,3,2,mhxx-romfs-native-table
21,77,0,1,0,mhxx-romfs-native-table
21,77,1,2,0,mhxx-romfs-native-table
21,77,2,3,0,mhxx-romfs-native-table
21,78,0,1,1,mhxx-romfs-native-table
21,78,1,2,1,mhxx-romfs-native-table
21,78,2,3,1,mhxx-romfs-native-table
21,78,3,4,2,mhxx-romfs-native-table
21,78,4,5,3,mhxx-romfs-native-table
21,79,0,1,1,mhxx-romfs-native-table
21,79,1,2,1,mhxx-romfs-native-table
21,79,2,3,1,mhxx-romfs-native-table
21,80,0,1,0,mhxx-romfs-native-table
21,80,1,2,0,mhxx-romfs-native-table
21,80,2,3,0,mhxx-romfs-native-table
